2025-05-18 22:48:00 notice: Since 5.1.0: Cache config `_cake_core_` is deprecated. Use `_cake_translations_` instead
C:\Apache24\htdocs\chestcounter\vendor\cakephp\cakephp\src\I18n\I18n.php, line: 152
You can disable all deprecation warnings by setting `Error.errorLevel` to `E_ALL & ~E_USER_DEPRECATED`. Adding `vendor/cakephp/cakephp/src/I18n/I18n.php` to `Error.ignoredDeprecationPaths` in your `config/app.php` config will mute deprecations from that file only.
Request URL: /users/
Client IP: 127.0.0.1
Trace:
Cake\Error\ErrorTrap->handleError() [internal], line ??
C:\Apache24\htdocs\chestcounter\vendor\cakephp\cakephp\src\Core\functions.php C:\Apache24\htdocs\chestcounter\vendor\cakephp\cakephp\src\Core\functions.php, line 384
C:\Apache24\htdocs\chestcounter\vendor\cakephp\cakephp\src\I18n\I18n.php C:\Apache24\htdocs\chestcounter\vendor\cakephp\cakephp\src\I18n\I18n.php, line 80
Cake\I18n\I18n::translators() C:\Apache24\htdocs\chestcounter\vendor\cakephp\cakephp\src\I18n\I18n.php, line 152
Cake\I18n\I18n::getTranslator() C:\Apache24\htdocs\chestcounter\vendor\cakephp\cakephp\src\I18n\functions.php, line 87
C:\Apache24\htdocs\chestcounter\vendor\cakephp\authentication\src\Authenticator\UnauthenticatedException.php C:\Apache24\htdocs\chestcounter\vendor\cakephp\authentication\src\Authenticator\UnauthenticatedException.php, line 42
Authentication\Authenticator\UnauthenticatedException->__construct() C:\Apache24\htdocs\chestcounter\vendor\cakephp\authentication\src\Controller\Component\AuthenticationComponent.php, line 189
Authentication\Controller\Component\AuthenticationComponent->doIdentityCheck() C:\Apache24\htdocs\chestcounter\vendor\cakephp\authentication\src\Controller\Component\AuthenticationComponent.php, line 132
Authentication\Controller\Component\AuthenticationComponent->startup() C:\Apache24\htdocs\chestcounter\vendor\cakephp\cakephp\src\Event\EventManager.php, line 334
Cake\Event\EventManager->_callListener() C:\Apache24\htdocs\chestcounter\vendor\cakephp\cakephp\src\Event\EventManager.php, line 312
Cake\Event\EventManager->dispatch() C:\Apache24\htdocs\chestcounter\vendor\cakephp\cakephp\src\Event\EventDispatcherTrait.php, line 88
Cake\Controller\Controller->dispatchEvent() C:\Apache24\htdocs\chestcounter\vendor\cakephp\cakephp\src\Controller\Controller.php, line 609
Cake\Controller\Controller->startupProcess() C:\Apache24\htdocs\chestcounter\vendor\cakephp\cakephp\src\Controller\ControllerFactory.php, line 156
Cake\Controller\ControllerFactory->handle() C:\Apache24\htdocs\chestcounter\vendor\cakephp\cakephp\src\Controller\ControllerFactory.php, line 141
Cake\Controller\ControllerFactory->invoke() C:\Apache24\htdocs\chestcounter\vendor\cakephp\cakephp\src\Http\BaseApplication.php, line 362
Cake\Http\BaseApplication->handle() C:\Apache24\htdocs\chestcounter\vendor\cakephp\cakephp\src\Http\Runner.php, line 86
Cake\Http\Runner->handle() C:\Apache24\htdocs\chestcounter\vendor\cakephp\cakephp\src\Http\Middleware\CsrfProtectionMiddleware.php, line 169
Cake\Http\Middleware\CsrfProtectionMiddleware->process() C:\Apache24\htdocs\chestcounter\vendor\cakephp\cakephp\src\Http\Runner.php, line 82
Cake\Http\Runner->handle() C:\Apache24\htdocs\chestcounter\vendor\cakephp\cakephp\src\Http\Middleware\BodyParserMiddleware.php, line 157
Cake\Http\Middleware\BodyParserMiddleware->process() C:\Apache24\htdocs\chestcounter\vendor\cakephp\cakephp\src\Http\Runner.php, line 82
Cake\Http\Runner->handle() C:\Apache24\htdocs\chestcounter\vendor\cakephp\authentication\src\Middleware\AuthenticationMiddleware.php, line 106
Authentication\Middleware\AuthenticationMiddleware->process() C:\Apache24\htdocs\chestcounter\vendor\cakephp\cakephp\src\Http\Runner.php, line 82
Cake\Http\Runner->handle() C:\Apache24\htdocs\chestcounter\vendor\cakephp\cakephp\src\Routing\Middleware\RoutingMiddleware.php, line 118
Cake\Routing\Middleware\RoutingMiddleware->process() C:\Apache24\htdocs\chestcounter\vendor\cakephp\cakephp\src\Http\Runner.php, line 82
Cake\Http\Runner->handle() C:\Apache24\htdocs\chestcounter\vendor\cakephp\cakephp\src\Routing\Middleware\AssetMiddleware.php, line 69
Cake\Routing\Middleware\AssetMiddleware->process() C:\Apache24\htdocs\chestcounter\vendor\cakephp\cakephp\src\Http\Runner.php, line 82
Cake\Http\Runner->handle() C:\Apache24\htdocs\chestcounter\vendor\cakephp\cakephp\src\Error\Middleware\ErrorHandlerMiddleware.php, line 115
Cake\Error\Middleware\ErrorHandlerMiddleware->process() C:\Apache24\htdocs\chestcounter\vendor\cakephp\cakephp\src\Http\Runner.php, line 82
Cake\Http\Runner->handle() C:\Apache24\htdocs\chestcounter\vendor\cakephp\cakephp\src\Http\Runner.php, line 60
Cake\Http\Runner->run() C:\Apache24\htdocs\chestcounter\vendor\cakephp\cakephp\src\Http\Server.php, line 104
Cake\Http\Server->run() C:\Apache24\htdocs\chestcounter\webroot\index.php, line 37
[main]

2025-05-27 02:34:38 notice: Undefined property `CollectedChestsController::$Authorization` in `C:\Apache24\htdocs\chestcounter\src\Controller\CollectedChestsController.php` on line 229
Request URL: /collectedChests/merge-players
Client IP: 127.0.0.1
Trace:
Cake\Error\ErrorTrap->handleError() [internal], line ??
C:\Apache24\htdocs\chestcounter\vendor\cakephp\cakephp\src\Controller\Controller.php C:\Apache24\htdocs\chestcounter\vendor\cakephp\cakephp\src\Controller\Controller.php, line 313
Cake\Controller\Controller->__get() C:\Apache24\htdocs\chestcounter\src\Controller\CollectedChestsController.php, line 229
App\Controller\CollectedChestsController->mergePlayers() C:\Apache24\htdocs\chestcounter\vendor\cakephp\cakephp\src\Controller\Controller.php, line 505
Cake\Controller\Controller->invokeAction() C:\Apache24\htdocs\chestcounter\vendor\cakephp\cakephp\src\Controller\ControllerFactory.php, line 166
Cake\Controller\ControllerFactory->handle() C:\Apache24\htdocs\chestcounter\vendor\cakephp\cakephp\src\Controller\ControllerFactory.php, line 141
Cake\Controller\ControllerFactory->invoke() C:\Apache24\htdocs\chestcounter\vendor\cakephp\cakephp\src\Http\BaseApplication.php, line 362
Cake\Http\BaseApplication->handle() C:\Apache24\htdocs\chestcounter\vendor\cakephp\cakephp\src\Http\Runner.php, line 86
Cake\Http\Runner->handle() C:\Apache24\htdocs\chestcounter\vendor\cakephp\cakephp\src\Http\Middleware\CsrfProtectionMiddleware.php, line 169
Cake\Http\Middleware\CsrfProtectionMiddleware->process() C:\Apache24\htdocs\chestcounter\vendor\cakephp\cakephp\src\Http\Runner.php, line 82
Cake\Http\Runner->handle() C:\Apache24\htdocs\chestcounter\vendor\cakephp\authentication\src\Middleware\AuthenticationMiddleware.php, line 106
Authentication\Middleware\AuthenticationMiddleware->process() C:\Apache24\htdocs\chestcounter\vendor\cakephp\cakephp\src\Http\Runner.php, line 82
Cake\Http\Runner->handle() C:\Apache24\htdocs\chestcounter\vendor\cakephp\cakephp\src\Http\Middleware\BodyParserMiddleware.php, line 157
Cake\Http\Middleware\BodyParserMiddleware->process() C:\Apache24\htdocs\chestcounter\vendor\cakephp\cakephp\src\Http\Runner.php, line 82
Cake\Http\Runner->handle() C:\Apache24\htdocs\chestcounter\vendor\cakephp\cakephp\src\Routing\Middleware\RoutingMiddleware.php, line 118
Cake\Routing\Middleware\RoutingMiddleware->process() C:\Apache24\htdocs\chestcounter\vendor\cakephp\cakephp\src\Http\Runner.php, line 82
Cake\Http\Runner->handle() C:\Apache24\htdocs\chestcounter\vendor\cakephp\cakephp\src\Routing\Middleware\AssetMiddleware.php, line 69
Cake\Routing\Middleware\AssetMiddleware->process() C:\Apache24\htdocs\chestcounter\vendor\cakephp\cakephp\src\Http\Runner.php, line 82
Cake\Http\Runner->handle() C:\Apache24\htdocs\chestcounter\vendor\cakephp\cakephp\src\Error\Middleware\ErrorHandlerMiddleware.php, line 115
Cake\Error\Middleware\ErrorHandlerMiddleware->process() C:\Apache24\htdocs\chestcounter\vendor\cakephp\cakephp\src\Http\Runner.php, line 82
Cake\Http\Runner->handle() C:\Apache24\htdocs\chestcounter\vendor\cakephp\cakephp\src\Http\Runner.php, line 60
Cake\Http\Runner->run() C:\Apache24\htdocs\chestcounter\vendor\cakephp\cakephp\src\Http\Server.php, line 104
Cake\Http\Server->run() C:\Apache24\htdocs\chestcounter\webroot\index.php, line 37
[main]

2025-05-31 23:52:37 notice: Undefined property `CollectedChestsController::$Authorization` in `C:\Apache24\htdocs\chestcounter\src\Controller\CollectedChestsController.php` on line 117
Request URL: /
Client IP: 127.0.0.1
Trace:
Cake\Error\ErrorTrap->handleError() [internal], line ??
C:\Apache24\htdocs\chestcounter\vendor\cakephp\cakephp\src\Controller\Controller.php C:\Apache24\htdocs\chestcounter\vendor\cakephp\cakephp\src\Controller\Controller.php, line 313
Cake\Controller\Controller->__get() C:\Apache24\htdocs\chestcounter\src\Controller\CollectedChestsController.php, line 117
App\Controller\CollectedChestsController->score() C:\Apache24\htdocs\chestcounter\vendor\cakephp\cakephp\src\Controller\Controller.php, line 505
Cake\Controller\Controller->invokeAction() C:\Apache24\htdocs\chestcounter\vendor\cakephp\cakephp\src\Controller\ControllerFactory.php, line 166
Cake\Controller\ControllerFactory->handle() C:\Apache24\htdocs\chestcounter\vendor\cakephp\cakephp\src\Controller\ControllerFactory.php, line 141
Cake\Controller\ControllerFactory->invoke() C:\Apache24\htdocs\chestcounter\vendor\cakephp\cakephp\src\Http\BaseApplication.php, line 362
Cake\Http\BaseApplication->handle() C:\Apache24\htdocs\chestcounter\vendor\cakephp\cakephp\src\Http\Runner.php, line 86
Cake\Http\Runner->handle() C:\Apache24\htdocs\chestcounter\vendor\cakephp\cakephp\src\Http\Middleware\CsrfProtectionMiddleware.php, line 169
Cake\Http\Middleware\CsrfProtectionMiddleware->process() C:\Apache24\htdocs\chestcounter\vendor\cakephp\cakephp\src\Http\Runner.php, line 82
Cake\Http\Runner->handle() C:\Apache24\htdocs\chestcounter\vendor\cakephp\authentication\src\Middleware\AuthenticationMiddleware.php, line 106
Authentication\Middleware\AuthenticationMiddleware->process() C:\Apache24\htdocs\chestcounter\vendor\cakephp\cakephp\src\Http\Runner.php, line 82
Cake\Http\Runner->handle() C:\Apache24\htdocs\chestcounter\vendor\cakephp\cakephp\src\Http\Middleware\BodyParserMiddleware.php, line 157
Cake\Http\Middleware\BodyParserMiddleware->process() C:\Apache24\htdocs\chestcounter\vendor\cakephp\cakephp\src\Http\Runner.php, line 82
Cake\Http\Runner->handle() C:\Apache24\htdocs\chestcounter\vendor\cakephp\cakephp\src\Routing\Middleware\RoutingMiddleware.php, line 118
Cake\Routing\Middleware\RoutingMiddleware->process() C:\Apache24\htdocs\chestcounter\vendor\cakephp\cakephp\src\Http\Runner.php, line 82
Cake\Http\Runner->handle() C:\Apache24\htdocs\chestcounter\vendor\cakephp\cakephp\src\Routing\Middleware\AssetMiddleware.php, line 69
Cake\Routing\Middleware\AssetMiddleware->process() C:\Apache24\htdocs\chestcounter\vendor\cakephp\cakephp\src\Http\Runner.php, line 82
Cake\Http\Runner->handle() C:\Apache24\htdocs\chestcounter\vendor\cakephp\cakephp\src\Error\Middleware\ErrorHandlerMiddleware.php, line 115
Cake\Error\Middleware\ErrorHandlerMiddleware->process() C:\Apache24\htdocs\chestcounter\vendor\cakephp\cakephp\src\Http\Runner.php, line 82
Cake\Http\Runner->handle() C:\Apache24\htdocs\chestcounter\vendor\cakephp\cakephp\src\Http\Runner.php, line 60
Cake\Http\Runner->run() C:\Apache24\htdocs\chestcounter\vendor\cakephp\cakephp\src\Http\Server.php, line 104
Cake\Http\Server->run() C:\Apache24\htdocs\chestcounter\webroot\index.php, line 37
[main]

2025-06-01 00:37:26 notice: Since 5.0.0: Calling `findList` finder with options array is deprecated. Use named arguments instead.
C:\Apache24\htdocs\chestcounter\vendor\cakephp\cakephp\src\ORM\Table.php, line: 2627
You can disable all deprecation warnings by setting `Error.errorLevel` to `E_ALL & ~E_USER_DEPRECATED`. Adding `vendor/cakephp/cakephp/src/ORM/Table.php` to `Error.ignoredDeprecationPaths` in your `config/app.php` config will mute deprecations from that file only.
Request URL: /score
Client IP: 127.0.0.1
Trace:
Cake\Error\ErrorTrap->handleError() [internal], line ??
C:\Apache24\htdocs\chestcounter\vendor\cakephp\cakephp\src\Core\functions.php C:\Apache24\htdocs\chestcounter\vendor\cakephp\cakephp\src\Core\functions.php, line 384
C:\Apache24\htdocs\chestcounter\vendor\cakephp\cakephp\src\ORM\Table.php C:\Apache24\htdocs\chestcounter\vendor\cakephp\cakephp\src\ORM\Table.php, line 2695
Cake\ORM\Table->invokeFinder() C:\Apache24\htdocs\chestcounter\vendor\cakephp\cakephp\src\ORM\Table.php, line 2627
Cake\ORM\Table->callFinder() C:\Apache24\htdocs\chestcounter\vendor\cakephp\cakephp\src\ORM\Table.php, line 1274
Cake\ORM\Table->find() C:\Apache24\htdocs\chestcounter\src\Controller\CollectedChestsController.php, line 177
App\Controller\CollectedChestsController->score() C:\Apache24\htdocs\chestcounter\vendor\cakephp\cakephp\src\Controller\Controller.php, line 505
Cake\Controller\Controller->invokeAction() C:\Apache24\htdocs\chestcounter\vendor\cakephp\cakephp\src\Controller\ControllerFactory.php, line 166
Cake\Controller\ControllerFactory->handle() C:\Apache24\htdocs\chestcounter\vendor\cakephp\cakephp\src\Controller\ControllerFactory.php, line 141
Cake\Controller\ControllerFactory->invoke() C:\Apache24\htdocs\chestcounter\vendor\cakephp\cakephp\src\Http\BaseApplication.php, line 362
Cake\Http\BaseApplication->handle() C:\Apache24\htdocs\chestcounter\vendor\cakephp\cakephp\src\Http\Runner.php, line 86
Cake\Http\Runner->handle() C:\Apache24\htdocs\chestcounter\vendor\cakephp\cakephp\src\Http\Middleware\CsrfProtectionMiddleware.php, line 169
Cake\Http\Middleware\CsrfProtectionMiddleware->process() C:\Apache24\htdocs\chestcounter\vendor\cakephp\cakephp\src\Http\Runner.php, line 82
Cake\Http\Runner->handle() C:\Apache24\htdocs\chestcounter\vendor\cakephp\authentication\src\Middleware\AuthenticationMiddleware.php, line 106
Authentication\Middleware\AuthenticationMiddleware->process() C:\Apache24\htdocs\chestcounter\vendor\cakephp\cakephp\src\Http\Runner.php, line 82
Cake\Http\Runner->handle() C:\Apache24\htdocs\chestcounter\vendor\cakephp\cakephp\src\Http\Middleware\BodyParserMiddleware.php, line 157
Cake\Http\Middleware\BodyParserMiddleware->process() C:\Apache24\htdocs\chestcounter\vendor\cakephp\cakephp\src\Http\Runner.php, line 82
Cake\Http\Runner->handle() C:\Apache24\htdocs\chestcounter\vendor\cakephp\cakephp\src\Routing\Middleware\RoutingMiddleware.php, line 118
Cake\Routing\Middleware\RoutingMiddleware->process() C:\Apache24\htdocs\chestcounter\vendor\cakephp\cakephp\src\Http\Runner.php, line 82
Cake\Http\Runner->handle() C:\Apache24\htdocs\chestcounter\vendor\cakephp\cakephp\src\Routing\Middleware\AssetMiddleware.php, line 69
Cake\Routing\Middleware\AssetMiddleware->process() C:\Apache24\htdocs\chestcounter\vendor\cakephp\cakephp\src\Http\Runner.php, line 82
Cake\Http\Runner->handle() C:\Apache24\htdocs\chestcounter\vendor\cakephp\cakephp\src\Error\Middleware\ErrorHandlerMiddleware.php, line 115
Cake\Error\Middleware\ErrorHandlerMiddleware->process() C:\Apache24\htdocs\chestcounter\vendor\cakephp\cakephp\src\Http\Runner.php, line 82
Cake\Http\Runner->handle() C:\Apache24\htdocs\chestcounter\vendor\cakephp\cakephp\src\Http\Runner.php, line 60
Cake\Http\Runner->run() C:\Apache24\htdocs\chestcounter\vendor\cakephp\cakephp\src\Http\Server.php, line 104
Cake\Http\Server->run() C:\Apache24\htdocs\chestcounter\webroot\index.php, line 37
[main]

2025-08-16 15:12:15 notice: Since 5.0.0: Calling `findList` finder with options array is deprecated. Use named arguments instead.
C:\Apache24\htdocs\chestcounter\vendor\cakephp\cakephp\src\ORM\Table.php, line: 2627
You can disable all deprecation warnings by setting `Error.errorLevel` to `E_ALL & ~E_USER_DEPRECATED`. Adding `vendor/cakephp/cakephp/src/ORM/Table.php` to `Error.ignoredDeprecationPaths` in your `config/app.php` config will mute deprecations from that file only.
Trace:
Cake\Error\ErrorTrap->handleError() [internal], line ??
C:\Apache24\htdocs\chestcounter\vendor\cakephp\cakephp\src\Core\functions.php C:\Apache24\htdocs\chestcounter\vendor\cakephp\cakephp\src\Core\functions.php, line 384
C:\Apache24\htdocs\chestcounter\vendor\cakephp\cakephp\src\ORM\Table.php C:\Apache24\htdocs\chestcounter\vendor\cakephp\cakephp\src\ORM\Table.php, line 2695
Cake\ORM\Table->invokeFinder() C:\Apache24\htdocs\chestcounter\vendor\cakephp\cakephp\src\ORM\Table.php, line 2627
Cake\ORM\Table->callFinder() C:\Apache24\htdocs\chestcounter\vendor\cakephp\cakephp\src\ORM\Table.php, line 1274
Cake\ORM\Table->find() C:\Apache24\htdocs\chestcounter\config\bootstrap.php, line 182
C:\Apache24\htdocs\chestcounter\vendor\cakephp\cakephp\src\Http\BaseApplication.php C:\Apache24\htdocs\chestcounter\vendor\cakephp\cakephp\src\Http\BaseApplication.php, line 186
Cake\Http\BaseApplication->bootstrap() C:\Apache24\htdocs\chestcounter\src\Application.php, line 57
App\Application->bootstrap() C:\Apache24\htdocs\chestcounter\vendor\cakephp\cakephp\src\Http\Server.php, line 123
Cake\Http\Server->bootstrap() C:\Apache24\htdocs\chestcounter\vendor\cakephp\cakephp\src\Http\Server.php, line 85
Cake\Http\Server->run() C:\Apache24\htdocs\chestcounter\webroot\index.php, line 37
[main]

2025-08-16 15:12:15 notice: strip_tags(): Passing null to parameter #1 ($string) of type string is deprecated
Request URL: /config/edit/6
Referer URL: http://127.0.0.1/chestcounter/config/
Client IP: 127.0.0.1
Trace:
Cake\Error\ErrorTrap->handleError() [internal], line ??
C:\Apache24\htdocs\chestcounter\templates\layout\CakeLte\layout\default.php C:\Apache24\htdocs\chestcounter\templates\layout\CakeLte\layout\default.php, line 16
C:\Apache24\htdocs\chestcounter\vendor\cakephp\cakephp\src\View\View.php C:\Apache24\htdocs\chestcounter\vendor\cakephp\cakephp\src\View\View.php, line 1188
Cake\View\View->_evaluate() C:\Apache24\htdocs\chestcounter\vendor\cakephp\cakephp\src\View\View.php, line 1145
Cake\View\View->_render() C:\Apache24\htdocs\chestcounter\vendor\cakephp\cakephp\src\View\View.php, line 837
Cake\View\View->renderLayout() C:\Apache24\htdocs\chestcounter\vendor\cakephp\cakephp\src\View\View.php, line 796
Cake\View\View->render() C:\Apache24\htdocs\chestcounter\vendor\cakephp\cakephp\src\Controller\Controller.php, line 712
Cake\Controller\Controller->render() C:\Apache24\htdocs\chestcounter\vendor\cakephp\cakephp\src\Controller\Controller.php, line 516
Cake\Controller\Controller->invokeAction() C:\Apache24\htdocs\chestcounter\vendor\cakephp\cakephp\src\Controller\ControllerFactory.php, line 166
Cake\Controller\ControllerFactory->handle() C:\Apache24\htdocs\chestcounter\vendor\cakephp\cakephp\src\Controller\ControllerFactory.php, line 141
Cake\Controller\ControllerFactory->invoke() C:\Apache24\htdocs\chestcounter\vendor\cakephp\cakephp\src\Http\BaseApplication.php, line 362
Cake\Http\BaseApplication->handle() C:\Apache24\htdocs\chestcounter\vendor\cakephp\cakephp\src\Http\Runner.php, line 86
Cake\Http\Runner->handle() C:\Apache24\htdocs\chestcounter\vendor\cakephp\cakephp\src\Http\Middleware\CsrfProtectionMiddleware.php, line 169
Cake\Http\Middleware\CsrfProtectionMiddleware->process() C:\Apache24\htdocs\chestcounter\vendor\cakephp\cakephp\src\Http\Runner.php, line 82
Cake\Http\Runner->handle() C:\Apache24\htdocs\chestcounter\vendor\cakephp\authentication\src\Middleware\AuthenticationMiddleware.php, line 106
Authentication\Middleware\AuthenticationMiddleware->process() C:\Apache24\htdocs\chestcounter\vendor\cakephp\cakephp\src\Http\Runner.php, line 82
Cake\Http\Runner->handle() C:\Apache24\htdocs\chestcounter\vendor\cakephp\cakephp\src\Http\Middleware\BodyParserMiddleware.php, line 157
Cake\Http\Middleware\BodyParserMiddleware->process() C:\Apache24\htdocs\chestcounter\vendor\cakephp\cakephp\src\Http\Runner.php, line 82
Cake\Http\Runner->handle() C:\Apache24\htdocs\chestcounter\vendor\cakephp\cakephp\src\Routing\Middleware\RoutingMiddleware.php, line 118
Cake\Routing\Middleware\RoutingMiddleware->process() C:\Apache24\htdocs\chestcounter\vendor\cakephp\cakephp\src\Http\Runner.php, line 82
Cake\Http\Runner->handle() C:\Apache24\htdocs\chestcounter\vendor\cakephp\cakephp\src\Routing\Middleware\AssetMiddleware.php, line 69
Cake\Routing\Middleware\AssetMiddleware->process() C:\Apache24\htdocs\chestcounter\vendor\cakephp\cakephp\src\Http\Runner.php, line 82
Cake\Http\Runner->handle() C:\Apache24\htdocs\chestcounter\vendor\cakephp\cakephp\src\Error\Middleware\ErrorHandlerMiddleware.php, line 115
Cake\Error\Middleware\ErrorHandlerMiddleware->process() C:\Apache24\htdocs\chestcounter\vendor\cakephp\cakephp\src\Http\Runner.php, line 82
Cake\Http\Runner->handle() C:\Apache24\htdocs\chestcounter\vendor\cakephp\cakephp\src\Http\Runner.php, line 60
Cake\Http\Runner->run() C:\Apache24\htdocs\chestcounter\vendor\cakephp\cakephp\src\Http\Server.php, line 104
Cake\Http\Server->run() C:\Apache24\htdocs\chestcounter\webroot\index.php, line 37
[main]

2025-08-16 15:12:25 notice: Since 5.0.0: Calling `findList` finder with options array is deprecated. Use named arguments instead.
C:\Apache24\htdocs\chestcounter\vendor\cakephp\cakephp\src\ORM\Table.php, line: 2627
You can disable all deprecation warnings by setting `Error.errorLevel` to `E_ALL & ~E_USER_DEPRECATED`. Adding `vendor/cakephp/cakephp/src/ORM/Table.php` to `Error.ignoredDeprecationPaths` in your `config/app.php` config will mute deprecations from that file only.
Trace:
Cake\Error\ErrorTrap->handleError() [internal], line ??
C:\Apache24\htdocs\chestcounter\vendor\cakephp\cakephp\src\Core\functions.php C:\Apache24\htdocs\chestcounter\vendor\cakephp\cakephp\src\Core\functions.php, line 384
C:\Apache24\htdocs\chestcounter\vendor\cakephp\cakephp\src\ORM\Table.php C:\Apache24\htdocs\chestcounter\vendor\cakephp\cakephp\src\ORM\Table.php, line 2695
Cake\ORM\Table->invokeFinder() C:\Apache24\htdocs\chestcounter\vendor\cakephp\cakephp\src\ORM\Table.php, line 2627
Cake\ORM\Table->callFinder() C:\Apache24\htdocs\chestcounter\vendor\cakephp\cakephp\src\ORM\Table.php, line 1274
Cake\ORM\Table->find() C:\Apache24\htdocs\chestcounter\config\bootstrap.php, line 182
C:\Apache24\htdocs\chestcounter\vendor\cakephp\cakephp\src\Http\BaseApplication.php C:\Apache24\htdocs\chestcounter\vendor\cakephp\cakephp\src\Http\BaseApplication.php, line 186
Cake\Http\BaseApplication->bootstrap() C:\Apache24\htdocs\chestcounter\src\Application.php, line 57
App\Application->bootstrap() C:\Apache24\htdocs\chestcounter\vendor\cakephp\cakephp\src\Http\Server.php, line 123
Cake\Http\Server->bootstrap() C:\Apache24\htdocs\chestcounter\vendor\cakephp\cakephp\src\Http\Server.php, line 85
Cake\Http\Server->run() C:\Apache24\htdocs\chestcounter\webroot\index.php, line 37
[main]

2025-08-16 15:12:25 notice: strip_tags(): Passing null to parameter #1 ($string) of type string is deprecated
Request URL: /config/edit/5
Referer URL: http://127.0.0.1/chestcounter/config/
Client IP: 127.0.0.1
Trace:
Cake\Error\ErrorTrap->handleError() [internal], line ??
C:\Apache24\htdocs\chestcounter\templates\layout\CakeLte\layout\default.php C:\Apache24\htdocs\chestcounter\templates\layout\CakeLte\layout\default.php, line 16
C:\Apache24\htdocs\chestcounter\vendor\cakephp\cakephp\src\View\View.php C:\Apache24\htdocs\chestcounter\vendor\cakephp\cakephp\src\View\View.php, line 1188
Cake\View\View->_evaluate() C:\Apache24\htdocs\chestcounter\vendor\cakephp\cakephp\src\View\View.php, line 1145
Cake\View\View->_render() C:\Apache24\htdocs\chestcounter\vendor\cakephp\cakephp\src\View\View.php, line 837
Cake\View\View->renderLayout() C:\Apache24\htdocs\chestcounter\vendor\cakephp\cakephp\src\View\View.php, line 796
Cake\View\View->render() C:\Apache24\htdocs\chestcounter\vendor\cakephp\cakephp\src\Controller\Controller.php, line 712
Cake\Controller\Controller->render() C:\Apache24\htdocs\chestcounter\vendor\cakephp\cakephp\src\Controller\Controller.php, line 516
Cake\Controller\Controller->invokeAction() C:\Apache24\htdocs\chestcounter\vendor\cakephp\cakephp\src\Controller\ControllerFactory.php, line 166
Cake\Controller\ControllerFactory->handle() C:\Apache24\htdocs\chestcounter\vendor\cakephp\cakephp\src\Controller\ControllerFactory.php, line 141
Cake\Controller\ControllerFactory->invoke() C:\Apache24\htdocs\chestcounter\vendor\cakephp\cakephp\src\Http\BaseApplication.php, line 362
Cake\Http\BaseApplication->handle() C:\Apache24\htdocs\chestcounter\vendor\cakephp\cakephp\src\Http\Runner.php, line 86
Cake\Http\Runner->handle() C:\Apache24\htdocs\chestcounter\vendor\cakephp\cakephp\src\Http\Middleware\CsrfProtectionMiddleware.php, line 169
Cake\Http\Middleware\CsrfProtectionMiddleware->process() C:\Apache24\htdocs\chestcounter\vendor\cakephp\cakephp\src\Http\Runner.php, line 82
Cake\Http\Runner->handle() C:\Apache24\htdocs\chestcounter\vendor\cakephp\authentication\src\Middleware\AuthenticationMiddleware.php, line 106
Authentication\Middleware\AuthenticationMiddleware->process() C:\Apache24\htdocs\chestcounter\vendor\cakephp\cakephp\src\Http\Runner.php, line 82
Cake\Http\Runner->handle() C:\Apache24\htdocs\chestcounter\vendor\cakephp\cakephp\src\Http\Middleware\BodyParserMiddleware.php, line 157
Cake\Http\Middleware\BodyParserMiddleware->process() C:\Apache24\htdocs\chestcounter\vendor\cakephp\cakephp\src\Http\Runner.php, line 82
Cake\Http\Runner->handle() C:\Apache24\htdocs\chestcounter\vendor\cakephp\cakephp\src\Routing\Middleware\RoutingMiddleware.php, line 118
Cake\Routing\Middleware\RoutingMiddleware->process() C:\Apache24\htdocs\chestcounter\vendor\cakephp\cakephp\src\Http\Runner.php, line 82
Cake\Http\Runner->handle() C:\Apache24\htdocs\chestcounter\vendor\cakephp\cakephp\src\Routing\Middleware\AssetMiddleware.php, line 69
Cake\Routing\Middleware\AssetMiddleware->process() C:\Apache24\htdocs\chestcounter\vendor\cakephp\cakephp\src\Http\Runner.php, line 82
Cake\Http\Runner->handle() C:\Apache24\htdocs\chestcounter\vendor\cakephp\cakephp\src\Error\Middleware\ErrorHandlerMiddleware.php, line 115
Cake\Error\Middleware\ErrorHandlerMiddleware->process() C:\Apache24\htdocs\chestcounter\vendor\cakephp\cakephp\src\Http\Runner.php, line 82
Cake\Http\Runner->handle() C:\Apache24\htdocs\chestcounter\vendor\cakephp\cakephp\src\Http\Runner.php, line 60
Cake\Http\Runner->run() C:\Apache24\htdocs\chestcounter\vendor\cakephp\cakephp\src\Http\Server.php, line 104
Cake\Http\Server->run() C:\Apache24\htdocs\chestcounter\webroot\index.php, line 37
[main]

2025-08-16 15:12:34 notice: Since 5.0.0: Calling `findList` finder with options array is deprecated. Use named arguments instead.
C:\Apache24\htdocs\chestcounter\vendor\cakephp\cakephp\src\ORM\Table.php, line: 2627
You can disable all deprecation warnings by setting `Error.errorLevel` to `E_ALL & ~E_USER_DEPRECATED`. Adding `vendor/cakephp/cakephp/src/ORM/Table.php` to `Error.ignoredDeprecationPaths` in your `config/app.php` config will mute deprecations from that file only.
Trace:
Cake\Error\ErrorTrap->handleError() [internal], line ??
C:\Apache24\htdocs\chestcounter\vendor\cakephp\cakephp\src\Core\functions.php C:\Apache24\htdocs\chestcounter\vendor\cakephp\cakephp\src\Core\functions.php, line 384
C:\Apache24\htdocs\chestcounter\vendor\cakephp\cakephp\src\ORM\Table.php C:\Apache24\htdocs\chestcounter\vendor\cakephp\cakephp\src\ORM\Table.php, line 2695
Cake\ORM\Table->invokeFinder() C:\Apache24\htdocs\chestcounter\vendor\cakephp\cakephp\src\ORM\Table.php, line 2627
Cake\ORM\Table->callFinder() C:\Apache24\htdocs\chestcounter\vendor\cakephp\cakephp\src\ORM\Table.php, line 1274
Cake\ORM\Table->find() C:\Apache24\htdocs\chestcounter\config\bootstrap.php, line 182
C:\Apache24\htdocs\chestcounter\vendor\cakephp\cakephp\src\Http\BaseApplication.php C:\Apache24\htdocs\chestcounter\vendor\cakephp\cakephp\src\Http\BaseApplication.php, line 186
Cake\Http\BaseApplication->bootstrap() C:\Apache24\htdocs\chestcounter\src\Application.php, line 57
App\Application->bootstrap() C:\Apache24\htdocs\chestcounter\vendor\cakephp\cakephp\src\Http\Server.php, line 123
Cake\Http\Server->bootstrap() C:\Apache24\htdocs\chestcounter\vendor\cakephp\cakephp\src\Http\Server.php, line 85
Cake\Http\Server->run() C:\Apache24\htdocs\chestcounter\webroot\index.php, line 37
[main]

2025-08-16 15:12:34 notice: Since 5.0.0: Calling `findList` finder with options array is deprecated. Use named arguments instead.
C:\Apache24\htdocs\chestcounter\vendor\cakephp\cakephp\src\ORM\Table.php, line: 2627
You can disable all deprecation warnings by setting `Error.errorLevel` to `E_ALL & ~E_USER_DEPRECATED`. Adding `vendor/cakephp/cakephp/src/ORM/Table.php` to `Error.ignoredDeprecationPaths` in your `config/app.php` config will mute deprecations from that file only.
Trace:
Cake\Error\ErrorTrap->handleError() [internal], line ??
C:\Apache24\htdocs\chestcounter\vendor\cakephp\cakephp\src\Core\functions.php C:\Apache24\htdocs\chestcounter\vendor\cakephp\cakephp\src\Core\functions.php, line 384
C:\Apache24\htdocs\chestcounter\vendor\cakephp\cakephp\src\ORM\Table.php C:\Apache24\htdocs\chestcounter\vendor\cakephp\cakephp\src\ORM\Table.php, line 2695
Cake\ORM\Table->invokeFinder() C:\Apache24\htdocs\chestcounter\vendor\cakephp\cakephp\src\ORM\Table.php, line 2627
Cake\ORM\Table->callFinder() C:\Apache24\htdocs\chestcounter\vendor\cakephp\cakephp\src\ORM\Table.php, line 1274
Cake\ORM\Table->find() C:\Apache24\htdocs\chestcounter\config\bootstrap.php, line 182
C:\Apache24\htdocs\chestcounter\vendor\cakephp\cakephp\src\Http\BaseApplication.php C:\Apache24\htdocs\chestcounter\vendor\cakephp\cakephp\src\Http\BaseApplication.php, line 186
Cake\Http\BaseApplication->bootstrap() C:\Apache24\htdocs\chestcounter\src\Application.php, line 57
App\Application->bootstrap() C:\Apache24\htdocs\chestcounter\vendor\cakephp\cakephp\src\Http\Server.php, line 123
Cake\Http\Server->bootstrap() C:\Apache24\htdocs\chestcounter\vendor\cakephp\cakephp\src\Http\Server.php, line 85
Cake\Http\Server->run() C:\Apache24\htdocs\chestcounter\webroot\index.php, line 37
[main]

2025-08-16 15:12:34 notice: strip_tags(): Passing null to parameter #1 ($string) of type string is deprecated
Request URL: /config/
Referer URL: http://127.0.0.1/chestcounter/config/edit/5
Client IP: 127.0.0.1
Trace:
Cake\Error\ErrorTrap->handleError() [internal], line ??
C:\Apache24\htdocs\chestcounter\templates\layout\CakeLte\layout\default.php C:\Apache24\htdocs\chestcounter\templates\layout\CakeLte\layout\default.php, line 16
C:\Apache24\htdocs\chestcounter\vendor\cakephp\cakephp\src\View\View.php C:\Apache24\htdocs\chestcounter\vendor\cakephp\cakephp\src\View\View.php, line 1188
Cake\View\View->_evaluate() C:\Apache24\htdocs\chestcounter\vendor\cakephp\cakephp\src\View\View.php, line 1145
Cake\View\View->_render() C:\Apache24\htdocs\chestcounter\vendor\cakephp\cakephp\src\View\View.php, line 837
Cake\View\View->renderLayout() C:\Apache24\htdocs\chestcounter\vendor\cakephp\cakephp\src\View\View.php, line 796
Cake\View\View->render() C:\Apache24\htdocs\chestcounter\vendor\cakephp\cakephp\src\Controller\Controller.php, line 712
Cake\Controller\Controller->render() C:\Apache24\htdocs\chestcounter\vendor\cakephp\cakephp\src\Controller\Controller.php, line 516
Cake\Controller\Controller->invokeAction() C:\Apache24\htdocs\chestcounter\vendor\cakephp\cakephp\src\Controller\ControllerFactory.php, line 166
Cake\Controller\ControllerFactory->handle() C:\Apache24\htdocs\chestcounter\vendor\cakephp\cakephp\src\Controller\ControllerFactory.php, line 141
Cake\Controller\ControllerFactory->invoke() C:\Apache24\htdocs\chestcounter\vendor\cakephp\cakephp\src\Http\BaseApplication.php, line 362
Cake\Http\BaseApplication->handle() C:\Apache24\htdocs\chestcounter\vendor\cakephp\cakephp\src\Http\Runner.php, line 86
Cake\Http\Runner->handle() C:\Apache24\htdocs\chestcounter\vendor\cakephp\cakephp\src\Http\Middleware\CsrfProtectionMiddleware.php, line 169
Cake\Http\Middleware\CsrfProtectionMiddleware->process() C:\Apache24\htdocs\chestcounter\vendor\cakephp\cakephp\src\Http\Runner.php, line 82
Cake\Http\Runner->handle() C:\Apache24\htdocs\chestcounter\vendor\cakephp\authentication\src\Middleware\AuthenticationMiddleware.php, line 106
Authentication\Middleware\AuthenticationMiddleware->process() C:\Apache24\htdocs\chestcounter\vendor\cakephp\cakephp\src\Http\Runner.php, line 82
Cake\Http\Runner->handle() C:\Apache24\htdocs\chestcounter\vendor\cakephp\cakephp\src\Http\Middleware\BodyParserMiddleware.php, line 157
Cake\Http\Middleware\BodyParserMiddleware->process() C:\Apache24\htdocs\chestcounter\vendor\cakephp\cakephp\src\Http\Runner.php, line 82
Cake\Http\Runner->handle() C:\Apache24\htdocs\chestcounter\vendor\cakephp\cakephp\src\Routing\Middleware\RoutingMiddleware.php, line 118
Cake\Routing\Middleware\RoutingMiddleware->process() C:\Apache24\htdocs\chestcounter\vendor\cakephp\cakephp\src\Http\Runner.php, line 82
Cake\Http\Runner->handle() C:\Apache24\htdocs\chestcounter\vendor\cakephp\cakephp\src\Routing\Middleware\AssetMiddleware.php, line 69
Cake\Routing\Middleware\AssetMiddleware->process() C:\Apache24\htdocs\chestcounter\vendor\cakephp\cakephp\src\Http\Runner.php, line 82
Cake\Http\Runner->handle() C:\Apache24\htdocs\chestcounter\vendor\cakephp\cakephp\src\Error\Middleware\ErrorHandlerMiddleware.php, line 115
Cake\Error\Middleware\ErrorHandlerMiddleware->process() C:\Apache24\htdocs\chestcounter\vendor\cakephp\cakephp\src\Http\Runner.php, line 82
Cake\Http\Runner->handle() C:\Apache24\htdocs\chestcounter\vendor\cakephp\cakephp\src\Http\Runner.php, line 60
Cake\Http\Runner->run() C:\Apache24\htdocs\chestcounter\vendor\cakephp\cakephp\src\Http\Server.php, line 104
Cake\Http\Server->run() C:\Apache24\htdocs\chestcounter\webroot\index.php, line 37
[main]

2025-08-16 15:43:54 notice: Since 5.0.0: Calling `findList` finder with options array is deprecated. Use named arguments instead.
C:\Apache24\htdocs\chestcounter\vendor\cakephp\cakephp\src\ORM\Table.php, line: 2627
You can disable all deprecation warnings by setting `Error.errorLevel` to `E_ALL & ~E_USER_DEPRECATED`. Adding `vendor/cakephp/cakephp/src/ORM/Table.php` to `Error.ignoredDeprecationPaths` in your `config/app.php` config will mute deprecations from that file only.
Request URL: /score
Referer URL: http://127.0.0.1/chestcounter/standard-chests/weights
Client IP: 127.0.0.1
Trace:
Cake\Error\ErrorTrap->handleError() [internal], line ??
C:\Apache24\htdocs\chestcounter\vendor\cakephp\cakephp\src\Core\functions.php C:\Apache24\htdocs\chestcounter\vendor\cakephp\cakephp\src\Core\functions.php, line 384
C:\Apache24\htdocs\chestcounter\vendor\cakephp\cakephp\src\ORM\Table.php C:\Apache24\htdocs\chestcounter\vendor\cakephp\cakephp\src\ORM\Table.php, line 2695
Cake\ORM\Table->invokeFinder() C:\Apache24\htdocs\chestcounter\vendor\cakephp\cakephp\src\ORM\Table.php, line 2627
Cake\ORM\Table->callFinder() C:\Apache24\htdocs\chestcounter\vendor\cakephp\cakephp\src\ORM\Table.php, line 1274
Cake\ORM\Table->find() C:\Apache24\htdocs\chestcounter\src\Controller\CollectedChestsController.php, line 146
App\Controller\CollectedChestsController->score() C:\Apache24\htdocs\chestcounter\vendor\cakephp\cakephp\src\Controller\Controller.php, line 505
Cake\Controller\Controller->invokeAction() C:\Apache24\htdocs\chestcounter\vendor\cakephp\cakephp\src\Controller\ControllerFactory.php, line 166
Cake\Controller\ControllerFactory->handle() C:\Apache24\htdocs\chestcounter\vendor\cakephp\cakephp\src\Controller\ControllerFactory.php, line 141
Cake\Controller\ControllerFactory->invoke() C:\Apache24\htdocs\chestcounter\vendor\cakephp\cakephp\src\Http\BaseApplication.php, line 362
Cake\Http\BaseApplication->handle() C:\Apache24\htdocs\chestcounter\vendor\cakephp\cakephp\src\Http\Runner.php, line 86
Cake\Http\Runner->handle() C:\Apache24\htdocs\chestcounter\vendor\cakephp\cakephp\src\Http\Middleware\CsrfProtectionMiddleware.php, line 169
Cake\Http\Middleware\CsrfProtectionMiddleware->process() C:\Apache24\htdocs\chestcounter\vendor\cakephp\cakephp\src\Http\Runner.php, line 82
Cake\Http\Runner->handle() C:\Apache24\htdocs\chestcounter\vendor\cakephp\authentication\src\Middleware\AuthenticationMiddleware.php, line 106
Authentication\Middleware\AuthenticationMiddleware->process() C:\Apache24\htdocs\chestcounter\vendor\cakephp\cakephp\src\Http\Runner.php, line 82
Cake\Http\Runner->handle() C:\Apache24\htdocs\chestcounter\vendor\cakephp\cakephp\src\Http\Middleware\BodyParserMiddleware.php, line 157
Cake\Http\Middleware\BodyParserMiddleware->process() C:\Apache24\htdocs\chestcounter\vendor\cakephp\cakephp\src\Http\Runner.php, line 82
Cake\Http\Runner->handle() C:\Apache24\htdocs\chestcounter\vendor\cakephp\cakephp\src\Routing\Middleware\RoutingMiddleware.php, line 118
Cake\Routing\Middleware\RoutingMiddleware->process() C:\Apache24\htdocs\chestcounter\vendor\cakephp\cakephp\src\Http\Runner.php, line 82
Cake\Http\Runner->handle() C:\Apache24\htdocs\chestcounter\vendor\cakephp\cakephp\src\Routing\Middleware\AssetMiddleware.php, line 69
Cake\Routing\Middleware\AssetMiddleware->process() C:\Apache24\htdocs\chestcounter\vendor\cakephp\cakephp\src\Http\Runner.php, line 82
Cake\Http\Runner->handle() C:\Apache24\htdocs\chestcounter\vendor\cakephp\cakephp\src\Error\Middleware\ErrorHandlerMiddleware.php, line 115
Cake\Error\Middleware\ErrorHandlerMiddleware->process() C:\Apache24\htdocs\chestcounter\vendor\cakephp\cakephp\src\Http\Runner.php, line 82
Cake\Http\Runner->handle() C:\Apache24\htdocs\chestcounter\vendor\cakephp\cakephp\src\Http\Runner.php, line 60
Cake\Http\Runner->run() C:\Apache24\htdocs\chestcounter\vendor\cakephp\cakephp\src\Http\Server.php, line 104
Cake\Http\Server->run() C:\Apache24\htdocs\chestcounter\webroot\index.php, line 37
[main]

2025-08-16 15:45:54 notice: Since 5.0.0: Calling `findList` finder with options array is deprecated. Use named arguments instead.
C:\Apache24\htdocs\chestcounter\vendor\cakephp\cakephp\src\ORM\Table.php, line: 2627
You can disable all deprecation warnings by setting `Error.errorLevel` to `E_ALL & ~E_USER_DEPRECATED`. Adding `vendor/cakephp/cakephp/src/ORM/Table.php` to `Error.ignoredDeprecationPaths` in your `config/app.php` config will mute deprecations from that file only.
Request URL: /score
Client IP: 127.0.0.1
Trace:
Cake\Error\ErrorTrap->handleError() [internal], line ??
C:\Apache24\htdocs\chestcounter\vendor\cakephp\cakephp\src\Core\functions.php C:\Apache24\htdocs\chestcounter\vendor\cakephp\cakephp\src\Core\functions.php, line 384
C:\Apache24\htdocs\chestcounter\vendor\cakephp\cakephp\src\ORM\Table.php C:\Apache24\htdocs\chestcounter\vendor\cakephp\cakephp\src\ORM\Table.php, line 2695
Cake\ORM\Table->invokeFinder() C:\Apache24\htdocs\chestcounter\vendor\cakephp\cakephp\src\ORM\Table.php, line 2627
Cake\ORM\Table->callFinder() C:\Apache24\htdocs\chestcounter\vendor\cakephp\cakephp\src\ORM\Table.php, line 1274
Cake\ORM\Table->find() C:\Apache24\htdocs\chestcounter\src\Controller\CollectedChestsController.php, line 146
App\Controller\CollectedChestsController->score() C:\Apache24\htdocs\chestcounter\vendor\cakephp\cakephp\src\Controller\Controller.php, line 505
Cake\Controller\Controller->invokeAction() C:\Apache24\htdocs\chestcounter\vendor\cakephp\cakephp\src\Controller\ControllerFactory.php, line 166
Cake\Controller\ControllerFactory->handle() C:\Apache24\htdocs\chestcounter\vendor\cakephp\cakephp\src\Controller\ControllerFactory.php, line 141
Cake\Controller\ControllerFactory->invoke() C:\Apache24\htdocs\chestcounter\vendor\cakephp\cakephp\src\Http\BaseApplication.php, line 362
Cake\Http\BaseApplication->handle() C:\Apache24\htdocs\chestcounter\vendor\cakephp\cakephp\src\Http\Runner.php, line 86
Cake\Http\Runner->handle() C:\Apache24\htdocs\chestcounter\vendor\cakephp\cakephp\src\Http\Middleware\CsrfProtectionMiddleware.php, line 169
Cake\Http\Middleware\CsrfProtectionMiddleware->process() C:\Apache24\htdocs\chestcounter\vendor\cakephp\cakephp\src\Http\Runner.php, line 82
Cake\Http\Runner->handle() C:\Apache24\htdocs\chestcounter\vendor\cakephp\authentication\src\Middleware\AuthenticationMiddleware.php, line 106
Authentication\Middleware\AuthenticationMiddleware->process() C:\Apache24\htdocs\chestcounter\vendor\cakephp\cakephp\src\Http\Runner.php, line 82
Cake\Http\Runner->handle() C:\Apache24\htdocs\chestcounter\vendor\cakephp\cakephp\src\Http\Middleware\BodyParserMiddleware.php, line 157
Cake\Http\Middleware\BodyParserMiddleware->process() C:\Apache24\htdocs\chestcounter\vendor\cakephp\cakephp\src\Http\Runner.php, line 82
Cake\Http\Runner->handle() C:\Apache24\htdocs\chestcounter\vendor\cakephp\cakephp\src\Routing\Middleware\RoutingMiddleware.php, line 118
Cake\Routing\Middleware\RoutingMiddleware->process() C:\Apache24\htdocs\chestcounter\vendor\cakephp\cakephp\src\Http\Runner.php, line 82
Cake\Http\Runner->handle() C:\Apache24\htdocs\chestcounter\vendor\cakephp\cakephp\src\Routing\Middleware\AssetMiddleware.php, line 69
Cake\Routing\Middleware\AssetMiddleware->process() C:\Apache24\htdocs\chestcounter\vendor\cakephp\cakephp\src\Http\Runner.php, line 82
Cake\Http\Runner->handle() C:\Apache24\htdocs\chestcounter\vendor\cakephp\cakephp\src\Error\Middleware\ErrorHandlerMiddleware.php, line 115
Cake\Error\Middleware\ErrorHandlerMiddleware->process() C:\Apache24\htdocs\chestcounter\vendor\cakephp\cakephp\src\Http\Runner.php, line 82
Cake\Http\Runner->handle() C:\Apache24\htdocs\chestcounter\vendor\cakephp\cakephp\src\Http\Runner.php, line 60
Cake\Http\Runner->run() C:\Apache24\htdocs\chestcounter\vendor\cakephp\cakephp\src\Http\Server.php, line 104
Cake\Http\Server->run() C:\Apache24\htdocs\chestcounter\webroot\index.php, line 37
[main]

2025-08-16 15:47:16 notice: Since 5.0.0: Calling `findList` finder with options array is deprecated. Use named arguments instead.
C:\Apache24\htdocs\chestcounter\vendor\cakephp\cakephp\src\ORM\Table.php, line: 2627
You can disable all deprecation warnings by setting `Error.errorLevel` to `E_ALL & ~E_USER_DEPRECATED`. Adding `vendor/cakephp/cakephp/src/ORM/Table.php` to `Error.ignoredDeprecationPaths` in your `config/app.php` config will mute deprecations from that file only.
Request URL: /score
Client IP: 127.0.0.1
Trace:
Cake\Error\ErrorTrap->handleError() [internal], line ??
C:\Apache24\htdocs\chestcounter\vendor\cakephp\cakephp\src\Core\functions.php C:\Apache24\htdocs\chestcounter\vendor\cakephp\cakephp\src\Core\functions.php, line 384
C:\Apache24\htdocs\chestcounter\vendor\cakephp\cakephp\src\ORM\Table.php C:\Apache24\htdocs\chestcounter\vendor\cakephp\cakephp\src\ORM\Table.php, line 2695
Cake\ORM\Table->invokeFinder() C:\Apache24\htdocs\chestcounter\vendor\cakephp\cakephp\src\ORM\Table.php, line 2627
Cake\ORM\Table->callFinder() C:\Apache24\htdocs\chestcounter\vendor\cakephp\cakephp\src\ORM\Table.php, line 1274
Cake\ORM\Table->find() C:\Apache24\htdocs\chestcounter\src\Controller\CollectedChestsController.php, line 146
App\Controller\CollectedChestsController->score() C:\Apache24\htdocs\chestcounter\vendor\cakephp\cakephp\src\Controller\Controller.php, line 505
Cake\Controller\Controller->invokeAction() C:\Apache24\htdocs\chestcounter\vendor\cakephp\cakephp\src\Controller\ControllerFactory.php, line 166
Cake\Controller\ControllerFactory->handle() C:\Apache24\htdocs\chestcounter\vendor\cakephp\cakephp\src\Controller\ControllerFactory.php, line 141
Cake\Controller\ControllerFactory->invoke() C:\Apache24\htdocs\chestcounter\vendor\cakephp\cakephp\src\Http\BaseApplication.php, line 362
Cake\Http\BaseApplication->handle() C:\Apache24\htdocs\chestcounter\vendor\cakephp\cakephp\src\Http\Runner.php, line 86
Cake\Http\Runner->handle() C:\Apache24\htdocs\chestcounter\vendor\cakephp\cakephp\src\Http\Middleware\CsrfProtectionMiddleware.php, line 169
Cake\Http\Middleware\CsrfProtectionMiddleware->process() C:\Apache24\htdocs\chestcounter\vendor\cakephp\cakephp\src\Http\Runner.php, line 82
Cake\Http\Runner->handle() C:\Apache24\htdocs\chestcounter\vendor\cakephp\authentication\src\Middleware\AuthenticationMiddleware.php, line 106
Authentication\Middleware\AuthenticationMiddleware->process() C:\Apache24\htdocs\chestcounter\vendor\cakephp\cakephp\src\Http\Runner.php, line 82
Cake\Http\Runner->handle() C:\Apache24\htdocs\chestcounter\vendor\cakephp\cakephp\src\Http\Middleware\BodyParserMiddleware.php, line 157
Cake\Http\Middleware\BodyParserMiddleware->process() C:\Apache24\htdocs\chestcounter\vendor\cakephp\cakephp\src\Http\Runner.php, line 82
Cake\Http\Runner->handle() C:\Apache24\htdocs\chestcounter\vendor\cakephp\cakephp\src\Routing\Middleware\RoutingMiddleware.php, line 118
Cake\Routing\Middleware\RoutingMiddleware->process() C:\Apache24\htdocs\chestcounter\vendor\cakephp\cakephp\src\Http\Runner.php, line 82
Cake\Http\Runner->handle() C:\Apache24\htdocs\chestcounter\vendor\cakephp\cakephp\src\Routing\Middleware\AssetMiddleware.php, line 69
Cake\Routing\Middleware\AssetMiddleware->process() C:\Apache24\htdocs\chestcounter\vendor\cakephp\cakephp\src\Http\Runner.php, line 82
Cake\Http\Runner->handle() C:\Apache24\htdocs\chestcounter\vendor\cakephp\cakephp\src\Error\Middleware\ErrorHandlerMiddleware.php, line 115
Cake\Error\Middleware\ErrorHandlerMiddleware->process() C:\Apache24\htdocs\chestcounter\vendor\cakephp\cakephp\src\Http\Runner.php, line 82
Cake\Http\Runner->handle() C:\Apache24\htdocs\chestcounter\vendor\cakephp\cakephp\src\Http\Runner.php, line 60
Cake\Http\Runner->run() C:\Apache24\htdocs\chestcounter\vendor\cakephp\cakephp\src\Http\Server.php, line 104
Cake\Http\Server->run() C:\Apache24\htdocs\chestcounter\webroot\index.php, line 37
[main]

2025-08-16 15:49:46 notice: Since 5.0.0: Calling `findList` finder with options array is deprecated. Use named arguments instead.
C:\Apache24\htdocs\chestcounter\vendor\cakephp\cakephp\src\ORM\Table.php, line: 2627
You can disable all deprecation warnings by setting `Error.errorLevel` to `E_ALL & ~E_USER_DEPRECATED`. Adding `vendor/cakephp/cakephp/src/ORM/Table.php` to `Error.ignoredDeprecationPaths` in your `config/app.php` config will mute deprecations from that file only.
Request URL: /score
Client IP: 127.0.0.1
Trace:
Cake\Error\ErrorTrap->handleError() [internal], line ??
C:\Apache24\htdocs\chestcounter\vendor\cakephp\cakephp\src\Core\functions.php C:\Apache24\htdocs\chestcounter\vendor\cakephp\cakephp\src\Core\functions.php, line 384
C:\Apache24\htdocs\chestcounter\vendor\cakephp\cakephp\src\ORM\Table.php C:\Apache24\htdocs\chestcounter\vendor\cakephp\cakephp\src\ORM\Table.php, line 2695
Cake\ORM\Table->invokeFinder() C:\Apache24\htdocs\chestcounter\vendor\cakephp\cakephp\src\ORM\Table.php, line 2627
Cake\ORM\Table->callFinder() C:\Apache24\htdocs\chestcounter\vendor\cakephp\cakephp\src\ORM\Table.php, line 1274
Cake\ORM\Table->find() C:\Apache24\htdocs\chestcounter\src\Controller\CollectedChestsController.php, line 146
App\Controller\CollectedChestsController->score() C:\Apache24\htdocs\chestcounter\vendor\cakephp\cakephp\src\Controller\Controller.php, line 505
Cake\Controller\Controller->invokeAction() C:\Apache24\htdocs\chestcounter\vendor\cakephp\cakephp\src\Controller\ControllerFactory.php, line 166
Cake\Controller\ControllerFactory->handle() C:\Apache24\htdocs\chestcounter\vendor\cakephp\cakephp\src\Controller\ControllerFactory.php, line 141
Cake\Controller\ControllerFactory->invoke() C:\Apache24\htdocs\chestcounter\vendor\cakephp\cakephp\src\Http\BaseApplication.php, line 362
Cake\Http\BaseApplication->handle() C:\Apache24\htdocs\chestcounter\vendor\cakephp\cakephp\src\Http\Runner.php, line 86
Cake\Http\Runner->handle() C:\Apache24\htdocs\chestcounter\vendor\cakephp\cakephp\src\Http\Middleware\CsrfProtectionMiddleware.php, line 169
Cake\Http\Middleware\CsrfProtectionMiddleware->process() C:\Apache24\htdocs\chestcounter\vendor\cakephp\cakephp\src\Http\Runner.php, line 82
Cake\Http\Runner->handle() C:\Apache24\htdocs\chestcounter\vendor\cakephp\authentication\src\Middleware\AuthenticationMiddleware.php, line 106
Authentication\Middleware\AuthenticationMiddleware->process() C:\Apache24\htdocs\chestcounter\vendor\cakephp\cakephp\src\Http\Runner.php, line 82
Cake\Http\Runner->handle() C:\Apache24\htdocs\chestcounter\vendor\cakephp\cakephp\src\Http\Middleware\BodyParserMiddleware.php, line 157
Cake\Http\Middleware\BodyParserMiddleware->process() C:\Apache24\htdocs\chestcounter\vendor\cakephp\cakephp\src\Http\Runner.php, line 82
Cake\Http\Runner->handle() C:\Apache24\htdocs\chestcounter\vendor\cakephp\cakephp\src\Routing\Middleware\RoutingMiddleware.php, line 118
Cake\Routing\Middleware\RoutingMiddleware->process() C:\Apache24\htdocs\chestcounter\vendor\cakephp\cakephp\src\Http\Runner.php, line 82
Cake\Http\Runner->handle() C:\Apache24\htdocs\chestcounter\vendor\cakephp\cakephp\src\Routing\Middleware\AssetMiddleware.php, line 69
Cake\Routing\Middleware\AssetMiddleware->process() C:\Apache24\htdocs\chestcounter\vendor\cakephp\cakephp\src\Http\Runner.php, line 82
Cake\Http\Runner->handle() C:\Apache24\htdocs\chestcounter\vendor\cakephp\cakephp\src\Error\Middleware\ErrorHandlerMiddleware.php, line 115
Cake\Error\Middleware\ErrorHandlerMiddleware->process() C:\Apache24\htdocs\chestcounter\vendor\cakephp\cakephp\src\Http\Runner.php, line 82
Cake\Http\Runner->handle() C:\Apache24\htdocs\chestcounter\vendor\cakephp\cakephp\src\Http\Runner.php, line 60
Cake\Http\Runner->run() C:\Apache24\htdocs\chestcounter\vendor\cakephp\cakephp\src\Http\Server.php, line 104
Cake\Http\Server->run() C:\Apache24\htdocs\chestcounter\webroot\index.php, line 37
[main]

2025-08-16 15:52:28 notice: Since 5.0.0: Calling `findList` finder with options array is deprecated. Use named arguments instead.
C:\Apache24\htdocs\chestcounter\vendor\cakephp\cakephp\src\ORM\Table.php, line: 2627
You can disable all deprecation warnings by setting `Error.errorLevel` to `E_ALL & ~E_USER_DEPRECATED`. Adding `vendor/cakephp/cakephp/src/ORM/Table.php` to `Error.ignoredDeprecationPaths` in your `config/app.php` config will mute deprecations from that file only.
Request URL: /score
Client IP: 127.0.0.1
Trace:
Cake\Error\ErrorTrap->handleError() [internal], line ??
C:\Apache24\htdocs\chestcounter\vendor\cakephp\cakephp\src\Core\functions.php C:\Apache24\htdocs\chestcounter\vendor\cakephp\cakephp\src\Core\functions.php, line 384
C:\Apache24\htdocs\chestcounter\vendor\cakephp\cakephp\src\ORM\Table.php C:\Apache24\htdocs\chestcounter\vendor\cakephp\cakephp\src\ORM\Table.php, line 2695
Cake\ORM\Table->invokeFinder() C:\Apache24\htdocs\chestcounter\vendor\cakephp\cakephp\src\ORM\Table.php, line 2627
Cake\ORM\Table->callFinder() C:\Apache24\htdocs\chestcounter\vendor\cakephp\cakephp\src\ORM\Table.php, line 1274
Cake\ORM\Table->find() C:\Apache24\htdocs\chestcounter\src\Controller\CollectedChestsController.php, line 157
App\Controller\CollectedChestsController->score() C:\Apache24\htdocs\chestcounter\vendor\cakephp\cakephp\src\Controller\Controller.php, line 505
Cake\Controller\Controller->invokeAction() C:\Apache24\htdocs\chestcounter\vendor\cakephp\cakephp\src\Controller\ControllerFactory.php, line 166
Cake\Controller\ControllerFactory->handle() C:\Apache24\htdocs\chestcounter\vendor\cakephp\cakephp\src\Controller\ControllerFactory.php, line 141
Cake\Controller\ControllerFactory->invoke() C:\Apache24\htdocs\chestcounter\vendor\cakephp\cakephp\src\Http\BaseApplication.php, line 362
Cake\Http\BaseApplication->handle() C:\Apache24\htdocs\chestcounter\vendor\cakephp\cakephp\src\Http\Runner.php, line 86
Cake\Http\Runner->handle() C:\Apache24\htdocs\chestcounter\vendor\cakephp\cakephp\src\Http\Middleware\CsrfProtectionMiddleware.php, line 169
Cake\Http\Middleware\CsrfProtectionMiddleware->process() C:\Apache24\htdocs\chestcounter\vendor\cakephp\cakephp\src\Http\Runner.php, line 82
Cake\Http\Runner->handle() C:\Apache24\htdocs\chestcounter\vendor\cakephp\authentication\src\Middleware\AuthenticationMiddleware.php, line 106
Authentication\Middleware\AuthenticationMiddleware->process() C:\Apache24\htdocs\chestcounter\vendor\cakephp\cakephp\src\Http\Runner.php, line 82
Cake\Http\Runner->handle() C:\Apache24\htdocs\chestcounter\vendor\cakephp\cakephp\src\Http\Middleware\BodyParserMiddleware.php, line 157
Cake\Http\Middleware\BodyParserMiddleware->process() C:\Apache24\htdocs\chestcounter\vendor\cakephp\cakephp\src\Http\Runner.php, line 82
Cake\Http\Runner->handle() C:\Apache24\htdocs\chestcounter\vendor\cakephp\cakephp\src\Routing\Middleware\RoutingMiddleware.php, line 118
Cake\Routing\Middleware\RoutingMiddleware->process() C:\Apache24\htdocs\chestcounter\vendor\cakephp\cakephp\src\Http\Runner.php, line 82
Cake\Http\Runner->handle() C:\Apache24\htdocs\chestcounter\vendor\cakephp\cakephp\src\Routing\Middleware\AssetMiddleware.php, line 69
Cake\Routing\Middleware\AssetMiddleware->process() C:\Apache24\htdocs\chestcounter\vendor\cakephp\cakephp\src\Http\Runner.php, line 82
Cake\Http\Runner->handle() C:\Apache24\htdocs\chestcounter\vendor\cakephp\cakephp\src\Error\Middleware\ErrorHandlerMiddleware.php, line 115
Cake\Error\Middleware\ErrorHandlerMiddleware->process() C:\Apache24\htdocs\chestcounter\vendor\cakephp\cakephp\src\Http\Runner.php, line 82
Cake\Http\Runner->handle() C:\Apache24\htdocs\chestcounter\vendor\cakephp\cakephp\src\Http\Runner.php, line 60
Cake\Http\Runner->run() C:\Apache24\htdocs\chestcounter\vendor\cakephp\cakephp\src\Http\Server.php, line 104
Cake\Http\Server->run() C:\Apache24\htdocs\chestcounter\webroot\index.php, line 37
[main]

2025-08-16 17:16:52 notice: Since 5.0.0: Calling `findList` finder with options array is deprecated. Use named arguments instead.
C:\Apache24\htdocs\chestcounter\vendor\cakephp\cakephp\src\ORM\Table.php, line: 2627
You can disable all deprecation warnings by setting `Error.errorLevel` to `E_ALL & ~E_USER_DEPRECATED`. Adding `vendor/cakephp/cakephp/src/ORM/Table.php` to `Error.ignoredDeprecationPaths` in your `config/app.php` config will mute deprecations from that file only.
Request URL: /score
Client IP: 127.0.0.1
Trace:
Cake\Error\ErrorTrap->handleError() [internal], line ??
C:\Apache24\htdocs\chestcounter\vendor\cakephp\cakephp\src\Core\functions.php C:\Apache24\htdocs\chestcounter\vendor\cakephp\cakephp\src\Core\functions.php, line 384
C:\Apache24\htdocs\chestcounter\vendor\cakephp\cakephp\src\ORM\Table.php C:\Apache24\htdocs\chestcounter\vendor\cakephp\cakephp\src\ORM\Table.php, line 2695
Cake\ORM\Table->invokeFinder() C:\Apache24\htdocs\chestcounter\vendor\cakephp\cakephp\src\ORM\Table.php, line 2627
Cake\ORM\Table->callFinder() C:\Apache24\htdocs\chestcounter\vendor\cakephp\cakephp\src\ORM\Table.php, line 1274
Cake\ORM\Table->find() C:\Apache24\htdocs\chestcounter\src\Controller\CollectedChestsController.php, line 157
App\Controller\CollectedChestsController->score() C:\Apache24\htdocs\chestcounter\vendor\cakephp\cakephp\src\Controller\Controller.php, line 505
Cake\Controller\Controller->invokeAction() C:\Apache24\htdocs\chestcounter\vendor\cakephp\cakephp\src\Controller\ControllerFactory.php, line 166
Cake\Controller\ControllerFactory->handle() C:\Apache24\htdocs\chestcounter\vendor\cakephp\cakephp\src\Controller\ControllerFactory.php, line 141
Cake\Controller\ControllerFactory->invoke() C:\Apache24\htdocs\chestcounter\vendor\cakephp\cakephp\src\Http\BaseApplication.php, line 362
Cake\Http\BaseApplication->handle() C:\Apache24\htdocs\chestcounter\vendor\cakephp\cakephp\src\Http\Runner.php, line 86
Cake\Http\Runner->handle() C:\Apache24\htdocs\chestcounter\vendor\cakephp\cakephp\src\Http\Middleware\CsrfProtectionMiddleware.php, line 169
Cake\Http\Middleware\CsrfProtectionMiddleware->process() C:\Apache24\htdocs\chestcounter\vendor\cakephp\cakephp\src\Http\Runner.php, line 82
Cake\Http\Runner->handle() C:\Apache24\htdocs\chestcounter\vendor\cakephp\authentication\src\Middleware\AuthenticationMiddleware.php, line 106
Authentication\Middleware\AuthenticationMiddleware->process() C:\Apache24\htdocs\chestcounter\vendor\cakephp\cakephp\src\Http\Runner.php, line 82
Cake\Http\Runner->handle() C:\Apache24\htdocs\chestcounter\vendor\cakephp\cakephp\src\Http\Middleware\BodyParserMiddleware.php, line 157
Cake\Http\Middleware\BodyParserMiddleware->process() C:\Apache24\htdocs\chestcounter\vendor\cakephp\cakephp\src\Http\Runner.php, line 82
Cake\Http\Runner->handle() C:\Apache24\htdocs\chestcounter\vendor\cakephp\cakephp\src\Routing\Middleware\RoutingMiddleware.php, line 118
Cake\Routing\Middleware\RoutingMiddleware->process() C:\Apache24\htdocs\chestcounter\vendor\cakephp\cakephp\src\Http\Runner.php, line 82
Cake\Http\Runner->handle() C:\Apache24\htdocs\chestcounter\vendor\cakephp\cakephp\src\Routing\Middleware\AssetMiddleware.php, line 69
Cake\Routing\Middleware\AssetMiddleware->process() C:\Apache24\htdocs\chestcounter\vendor\cakephp\cakephp\src\Http\Runner.php, line 82
Cake\Http\Runner->handle() C:\Apache24\htdocs\chestcounter\vendor\cakephp\cakephp\src\Error\Middleware\ErrorHandlerMiddleware.php, line 115
Cake\Error\Middleware\ErrorHandlerMiddleware->process() C:\Apache24\htdocs\chestcounter\vendor\cakephp\cakephp\src\Http\Runner.php, line 82
Cake\Http\Runner->handle() C:\Apache24\htdocs\chestcounter\vendor\cakephp\cakephp\src\Http\Runner.php, line 60
Cake\Http\Runner->run() C:\Apache24\htdocs\chestcounter\vendor\cakephp\cakephp\src\Http\Server.php, line 104
Cake\Http\Server->run() C:\Apache24\htdocs\chestcounter\webroot\index.php, line 37
[main]

2025-08-16 17:43:12 notice: Since 5.0.0: Calling `findList` finder with options array is deprecated. Use named arguments instead.
C:\Apache24\htdocs\chestcounter\vendor\cakephp\cakephp\src\ORM\Table.php, line: 2627
You can disable all deprecation warnings by setting `Error.errorLevel` to `E_ALL & ~E_USER_DEPRECATED`. Adding `vendor/cakephp/cakephp/src/ORM/Table.php` to `Error.ignoredDeprecationPaths` in your `config/app.php` config will mute deprecations from that file only.
Request URL: /
Referer URL: http://127.0.0.1/chestcounter/config/
Client IP: 127.0.0.1
Trace:
Cake\Error\ErrorTrap->handleError() [internal], line ??
C:\Apache24\htdocs\chestcounter\vendor\cakephp\cakephp\src\Core\functions.php C:\Apache24\htdocs\chestcounter\vendor\cakephp\cakephp\src\Core\functions.php, line 384
C:\Apache24\htdocs\chestcounter\vendor\cakephp\cakephp\src\ORM\Table.php C:\Apache24\htdocs\chestcounter\vendor\cakephp\cakephp\src\ORM\Table.php, line 2695
Cake\ORM\Table->invokeFinder() C:\Apache24\htdocs\chestcounter\vendor\cakephp\cakephp\src\ORM\Table.php, line 2627
Cake\ORM\Table->callFinder() C:\Apache24\htdocs\chestcounter\vendor\cakephp\cakephp\src\ORM\Table.php, line 1274
Cake\ORM\Table->find() C:\Apache24\htdocs\chestcounter\src\Controller\CollectedChestsController.php, line 157
App\Controller\CollectedChestsController->score() C:\Apache24\htdocs\chestcounter\vendor\cakephp\cakephp\src\Controller\Controller.php, line 505
Cake\Controller\Controller->invokeAction() C:\Apache24\htdocs\chestcounter\vendor\cakephp\cakephp\src\Controller\ControllerFactory.php, line 166
Cake\Controller\ControllerFactory->handle() C:\Apache24\htdocs\chestcounter\vendor\cakephp\cakephp\src\Controller\ControllerFactory.php, line 141
Cake\Controller\ControllerFactory->invoke() C:\Apache24\htdocs\chestcounter\vendor\cakephp\cakephp\src\Http\BaseApplication.php, line 362
Cake\Http\BaseApplication->handle() C:\Apache24\htdocs\chestcounter\vendor\cakephp\cakephp\src\Http\Runner.php, line 86
Cake\Http\Runner->handle() C:\Apache24\htdocs\chestcounter\vendor\cakephp\cakephp\src\Http\Middleware\CsrfProtectionMiddleware.php, line 169
Cake\Http\Middleware\CsrfProtectionMiddleware->process() C:\Apache24\htdocs\chestcounter\vendor\cakephp\cakephp\src\Http\Runner.php, line 82
Cake\Http\Runner->handle() C:\Apache24\htdocs\chestcounter\vendor\cakephp\authentication\src\Middleware\AuthenticationMiddleware.php, line 106
Authentication\Middleware\AuthenticationMiddleware->process() C:\Apache24\htdocs\chestcounter\vendor\cakephp\cakephp\src\Http\Runner.php, line 82
Cake\Http\Runner->handle() C:\Apache24\htdocs\chestcounter\vendor\cakephp\cakephp\src\Http\Middleware\BodyParserMiddleware.php, line 157
Cake\Http\Middleware\BodyParserMiddleware->process() C:\Apache24\htdocs\chestcounter\vendor\cakephp\cakephp\src\Http\Runner.php, line 82
Cake\Http\Runner->handle() C:\Apache24\htdocs\chestcounter\vendor\cakephp\cakephp\src\Routing\Middleware\RoutingMiddleware.php, line 118
Cake\Routing\Middleware\RoutingMiddleware->process() C:\Apache24\htdocs\chestcounter\vendor\cakephp\cakephp\src\Http\Runner.php, line 82
Cake\Http\Runner->handle() C:\Apache24\htdocs\chestcounter\vendor\cakephp\cakephp\src\Routing\Middleware\AssetMiddleware.php, line 69
Cake\Routing\Middleware\AssetMiddleware->process() C:\Apache24\htdocs\chestcounter\vendor\cakephp\cakephp\src\Http\Runner.php, line 82
Cake\Http\Runner->handle() C:\Apache24\htdocs\chestcounter\vendor\cakephp\cakephp\src\Error\Middleware\ErrorHandlerMiddleware.php, line 115
Cake\Error\Middleware\ErrorHandlerMiddleware->process() C:\Apache24\htdocs\chestcounter\vendor\cakephp\cakephp\src\Http\Runner.php, line 82
Cake\Http\Runner->handle() C:\Apache24\htdocs\chestcounter\vendor\cakephp\cakephp\src\Http\Runner.php, line 60
Cake\Http\Runner->run() C:\Apache24\htdocs\chestcounter\vendor\cakephp\cakephp\src\Http\Server.php, line 104
Cake\Http\Server->run() C:\Apache24\htdocs\chestcounter\webroot\index.php, line 37
[main]

2025-08-16 17:47:36 notice: Since 5.0.0: Calling `findList` finder with options array is deprecated. Use named arguments instead.
C:\Apache24\htdocs\chestcounter\vendor\cakephp\cakephp\src\ORM\Table.php, line: 2627
You can disable all deprecation warnings by setting `Error.errorLevel` to `E_ALL & ~E_USER_DEPRECATED`. Adding `vendor/cakephp/cakephp/src/ORM/Table.php` to `Error.ignoredDeprecationPaths` in your `config/app.php` config will mute deprecations from that file only.
Request URL: /score
Client IP: 127.0.0.1
Trace:
Cake\Error\ErrorTrap->handleError() [internal], line ??
C:\Apache24\htdocs\chestcounter\vendor\cakephp\cakephp\src\Core\functions.php C:\Apache24\htdocs\chestcounter\vendor\cakephp\cakephp\src\Core\functions.php, line 384
C:\Apache24\htdocs\chestcounter\vendor\cakephp\cakephp\src\ORM\Table.php C:\Apache24\htdocs\chestcounter\vendor\cakephp\cakephp\src\ORM\Table.php, line 2695
Cake\ORM\Table->invokeFinder() C:\Apache24\htdocs\chestcounter\vendor\cakephp\cakephp\src\ORM\Table.php, line 2627
Cake\ORM\Table->callFinder() C:\Apache24\htdocs\chestcounter\vendor\cakephp\cakephp\src\ORM\Table.php, line 1274
Cake\ORM\Table->find() C:\Apache24\htdocs\chestcounter\src\Controller\CollectedChestsController.php, line 157
App\Controller\CollectedChestsController->score() C:\Apache24\htdocs\chestcounter\vendor\cakephp\cakephp\src\Controller\Controller.php, line 505
Cake\Controller\Controller->invokeAction() C:\Apache24\htdocs\chestcounter\vendor\cakephp\cakephp\src\Controller\ControllerFactory.php, line 166
Cake\Controller\ControllerFactory->handle() C:\Apache24\htdocs\chestcounter\vendor\cakephp\cakephp\src\Controller\ControllerFactory.php, line 141
Cake\Controller\ControllerFactory->invoke() C:\Apache24\htdocs\chestcounter\vendor\cakephp\cakephp\src\Http\BaseApplication.php, line 362
Cake\Http\BaseApplication->handle() C:\Apache24\htdocs\chestcounter\vendor\cakephp\cakephp\src\Http\Runner.php, line 86
Cake\Http\Runner->handle() C:\Apache24\htdocs\chestcounter\vendor\cakephp\cakephp\src\Http\Middleware\CsrfProtectionMiddleware.php, line 169
Cake\Http\Middleware\CsrfProtectionMiddleware->process() C:\Apache24\htdocs\chestcounter\vendor\cakephp\cakephp\src\Http\Runner.php, line 82
Cake\Http\Runner->handle() C:\Apache24\htdocs\chestcounter\vendor\cakephp\authentication\src\Middleware\AuthenticationMiddleware.php, line 106
Authentication\Middleware\AuthenticationMiddleware->process() C:\Apache24\htdocs\chestcounter\vendor\cakephp\cakephp\src\Http\Runner.php, line 82
Cake\Http\Runner->handle() C:\Apache24\htdocs\chestcounter\vendor\cakephp\cakephp\src\Http\Middleware\BodyParserMiddleware.php, line 157
Cake\Http\Middleware\BodyParserMiddleware->process() C:\Apache24\htdocs\chestcounter\vendor\cakephp\cakephp\src\Http\Runner.php, line 82
Cake\Http\Runner->handle() C:\Apache24\htdocs\chestcounter\vendor\cakephp\cakephp\src\Routing\Middleware\RoutingMiddleware.php, line 118
Cake\Routing\Middleware\RoutingMiddleware->process() C:\Apache24\htdocs\chestcounter\vendor\cakephp\cakephp\src\Http\Runner.php, line 82
Cake\Http\Runner->handle() C:\Apache24\htdocs\chestcounter\vendor\cakephp\cakephp\src\Routing\Middleware\AssetMiddleware.php, line 69
Cake\Routing\Middleware\AssetMiddleware->process() C:\Apache24\htdocs\chestcounter\vendor\cakephp\cakephp\src\Http\Runner.php, line 82
Cake\Http\Runner->handle() C:\Apache24\htdocs\chestcounter\vendor\cakephp\cakephp\src\Error\Middleware\ErrorHandlerMiddleware.php, line 115
Cake\Error\Middleware\ErrorHandlerMiddleware->process() C:\Apache24\htdocs\chestcounter\vendor\cakephp\cakephp\src\Http\Runner.php, line 82
Cake\Http\Runner->handle() C:\Apache24\htdocs\chestcounter\vendor\cakephp\cakephp\src\Http\Runner.php, line 60
Cake\Http\Runner->run() C:\Apache24\htdocs\chestcounter\vendor\cakephp\cakephp\src\Http\Server.php, line 104
Cake\Http\Server->run() C:\Apache24\htdocs\chestcounter\webroot\index.php, line 37
[main]

2025-08-16 17:47:39 notice: Since 5.0.0: Calling `findList` finder with options array is deprecated. Use named arguments instead.
C:\Apache24\htdocs\chestcounter\vendor\cakephp\cakephp\src\ORM\Table.php, line: 2627
You can disable all deprecation warnings by setting `Error.errorLevel` to `E_ALL & ~E_USER_DEPRECATED`. Adding `vendor/cakephp/cakephp/src/ORM/Table.php` to `Error.ignoredDeprecationPaths` in your `config/app.php` config will mute deprecations from that file only.
Request URL: /score
Client IP: 127.0.0.1
Trace:
Cake\Error\ErrorTrap->handleError() [internal], line ??
C:\Apache24\htdocs\chestcounter\vendor\cakephp\cakephp\src\Core\functions.php C:\Apache24\htdocs\chestcounter\vendor\cakephp\cakephp\src\Core\functions.php, line 384
C:\Apache24\htdocs\chestcounter\vendor\cakephp\cakephp\src\ORM\Table.php C:\Apache24\htdocs\chestcounter\vendor\cakephp\cakephp\src\ORM\Table.php, line 2695
Cake\ORM\Table->invokeFinder() C:\Apache24\htdocs\chestcounter\vendor\cakephp\cakephp\src\ORM\Table.php, line 2627
Cake\ORM\Table->callFinder() C:\Apache24\htdocs\chestcounter\vendor\cakephp\cakephp\src\ORM\Table.php, line 1274
Cake\ORM\Table->find() C:\Apache24\htdocs\chestcounter\src\Controller\CollectedChestsController.php, line 157
App\Controller\CollectedChestsController->score() C:\Apache24\htdocs\chestcounter\vendor\cakephp\cakephp\src\Controller\Controller.php, line 505
Cake\Controller\Controller->invokeAction() C:\Apache24\htdocs\chestcounter\vendor\cakephp\cakephp\src\Controller\ControllerFactory.php, line 166
Cake\Controller\ControllerFactory->handle() C:\Apache24\htdocs\chestcounter\vendor\cakephp\cakephp\src\Controller\ControllerFactory.php, line 141
Cake\Controller\ControllerFactory->invoke() C:\Apache24\htdocs\chestcounter\vendor\cakephp\cakephp\src\Http\BaseApplication.php, line 362
Cake\Http\BaseApplication->handle() C:\Apache24\htdocs\chestcounter\vendor\cakephp\cakephp\src\Http\Runner.php, line 86
Cake\Http\Runner->handle() C:\Apache24\htdocs\chestcounter\vendor\cakephp\cakephp\src\Http\Middleware\CsrfProtectionMiddleware.php, line 169
Cake\Http\Middleware\CsrfProtectionMiddleware->process() C:\Apache24\htdocs\chestcounter\vendor\cakephp\cakephp\src\Http\Runner.php, line 82
Cake\Http\Runner->handle() C:\Apache24\htdocs\chestcounter\vendor\cakephp\authentication\src\Middleware\AuthenticationMiddleware.php, line 106
Authentication\Middleware\AuthenticationMiddleware->process() C:\Apache24\htdocs\chestcounter\vendor\cakephp\cakephp\src\Http\Runner.php, line 82
Cake\Http\Runner->handle() C:\Apache24\htdocs\chestcounter\vendor\cakephp\cakephp\src\Http\Middleware\BodyParserMiddleware.php, line 157
Cake\Http\Middleware\BodyParserMiddleware->process() C:\Apache24\htdocs\chestcounter\vendor\cakephp\cakephp\src\Http\Runner.php, line 82
Cake\Http\Runner->handle() C:\Apache24\htdocs\chestcounter\vendor\cakephp\cakephp\src\Routing\Middleware\RoutingMiddleware.php, line 118
Cake\Routing\Middleware\RoutingMiddleware->process() C:\Apache24\htdocs\chestcounter\vendor\cakephp\cakephp\src\Http\Runner.php, line 82
Cake\Http\Runner->handle() C:\Apache24\htdocs\chestcounter\vendor\cakephp\cakephp\src\Routing\Middleware\AssetMiddleware.php, line 69
Cake\Routing\Middleware\AssetMiddleware->process() C:\Apache24\htdocs\chestcounter\vendor\cakephp\cakephp\src\Http\Runner.php, line 82
Cake\Http\Runner->handle() C:\Apache24\htdocs\chestcounter\vendor\cakephp\cakephp\src\Error\Middleware\ErrorHandlerMiddleware.php, line 115
Cake\Error\Middleware\ErrorHandlerMiddleware->process() C:\Apache24\htdocs\chestcounter\vendor\cakephp\cakephp\src\Http\Runner.php, line 82
Cake\Http\Runner->handle() C:\Apache24\htdocs\chestcounter\vendor\cakephp\cakephp\src\Http\Runner.php, line 60
Cake\Http\Runner->run() C:\Apache24\htdocs\chestcounter\vendor\cakephp\cakephp\src\Http\Server.php, line 104
Cake\Http\Server->run() C:\Apache24\htdocs\chestcounter\webroot\index.php, line 37
[main]

2025-08-16 17:47:41 notice: Since 5.0.0: Calling `findList` finder with options array is deprecated. Use named arguments instead.
C:\Apache24\htdocs\chestcounter\vendor\cakephp\cakephp\src\ORM\Table.php, line: 2627
You can disable all deprecation warnings by setting `Error.errorLevel` to `E_ALL & ~E_USER_DEPRECATED`. Adding `vendor/cakephp/cakephp/src/ORM/Table.php` to `Error.ignoredDeprecationPaths` in your `config/app.php` config will mute deprecations from that file only.
Request URL: /score
Client IP: 127.0.0.1
Trace:
Cake\Error\ErrorTrap->handleError() [internal], line ??
C:\Apache24\htdocs\chestcounter\vendor\cakephp\cakephp\src\Core\functions.php C:\Apache24\htdocs\chestcounter\vendor\cakephp\cakephp\src\Core\functions.php, line 384
C:\Apache24\htdocs\chestcounter\vendor\cakephp\cakephp\src\ORM\Table.php C:\Apache24\htdocs\chestcounter\vendor\cakephp\cakephp\src\ORM\Table.php, line 2695
Cake\ORM\Table->invokeFinder() C:\Apache24\htdocs\chestcounter\vendor\cakephp\cakephp\src\ORM\Table.php, line 2627
Cake\ORM\Table->callFinder() C:\Apache24\htdocs\chestcounter\vendor\cakephp\cakephp\src\ORM\Table.php, line 1274
Cake\ORM\Table->find() C:\Apache24\htdocs\chestcounter\src\Controller\CollectedChestsController.php, line 157
App\Controller\CollectedChestsController->score() C:\Apache24\htdocs\chestcounter\vendor\cakephp\cakephp\src\Controller\Controller.php, line 505
Cake\Controller\Controller->invokeAction() C:\Apache24\htdocs\chestcounter\vendor\cakephp\cakephp\src\Controller\ControllerFactory.php, line 166
Cake\Controller\ControllerFactory->handle() C:\Apache24\htdocs\chestcounter\vendor\cakephp\cakephp\src\Controller\ControllerFactory.php, line 141
Cake\Controller\ControllerFactory->invoke() C:\Apache24\htdocs\chestcounter\vendor\cakephp\cakephp\src\Http\BaseApplication.php, line 362
Cake\Http\BaseApplication->handle() C:\Apache24\htdocs\chestcounter\vendor\cakephp\cakephp\src\Http\Runner.php, line 86
Cake\Http\Runner->handle() C:\Apache24\htdocs\chestcounter\vendor\cakephp\cakephp\src\Http\Middleware\CsrfProtectionMiddleware.php, line 169
Cake\Http\Middleware\CsrfProtectionMiddleware->process() C:\Apache24\htdocs\chestcounter\vendor\cakephp\cakephp\src\Http\Runner.php, line 82
Cake\Http\Runner->handle() C:\Apache24\htdocs\chestcounter\vendor\cakephp\authentication\src\Middleware\AuthenticationMiddleware.php, line 106
Authentication\Middleware\AuthenticationMiddleware->process() C:\Apache24\htdocs\chestcounter\vendor\cakephp\cakephp\src\Http\Runner.php, line 82
Cake\Http\Runner->handle() C:\Apache24\htdocs\chestcounter\vendor\cakephp\cakephp\src\Http\Middleware\BodyParserMiddleware.php, line 157
Cake\Http\Middleware\BodyParserMiddleware->process() C:\Apache24\htdocs\chestcounter\vendor\cakephp\cakephp\src\Http\Runner.php, line 82
Cake\Http\Runner->handle() C:\Apache24\htdocs\chestcounter\vendor\cakephp\cakephp\src\Routing\Middleware\RoutingMiddleware.php, line 118
Cake\Routing\Middleware\RoutingMiddleware->process() C:\Apache24\htdocs\chestcounter\vendor\cakephp\cakephp\src\Http\Runner.php, line 82
Cake\Http\Runner->handle() C:\Apache24\htdocs\chestcounter\vendor\cakephp\cakephp\src\Routing\Middleware\AssetMiddleware.php, line 69
Cake\Routing\Middleware\AssetMiddleware->process() C:\Apache24\htdocs\chestcounter\vendor\cakephp\cakephp\src\Http\Runner.php, line 82
Cake\Http\Runner->handle() C:\Apache24\htdocs\chestcounter\vendor\cakephp\cakephp\src\Error\Middleware\ErrorHandlerMiddleware.php, line 115
Cake\Error\Middleware\ErrorHandlerMiddleware->process() C:\Apache24\htdocs\chestcounter\vendor\cakephp\cakephp\src\Http\Runner.php, line 82
Cake\Http\Runner->handle() C:\Apache24\htdocs\chestcounter\vendor\cakephp\cakephp\src\Http\Runner.php, line 60
Cake\Http\Runner->run() C:\Apache24\htdocs\chestcounter\vendor\cakephp\cakephp\src\Http\Server.php, line 104
Cake\Http\Server->run() C:\Apache24\htdocs\chestcounter\webroot\index.php, line 37
[main]

2025-08-16 17:48:10 notice: Since 5.0.0: Calling `findList` finder with options array is deprecated. Use named arguments instead.
C:\Apache24\htdocs\chestcounter\vendor\cakephp\cakephp\src\ORM\Table.php, line: 2627
You can disable all deprecation warnings by setting `Error.errorLevel` to `E_ALL & ~E_USER_DEPRECATED`. Adding `vendor/cakephp/cakephp/src/ORM/Table.php` to `Error.ignoredDeprecationPaths` in your `config/app.php` config will mute deprecations from that file only.
Request URL: /score
Client IP: 127.0.0.1
Trace:
Cake\Error\ErrorTrap->handleError() [internal], line ??
C:\Apache24\htdocs\chestcounter\vendor\cakephp\cakephp\src\Core\functions.php C:\Apache24\htdocs\chestcounter\vendor\cakephp\cakephp\src\Core\functions.php, line 384
C:\Apache24\htdocs\chestcounter\vendor\cakephp\cakephp\src\ORM\Table.php C:\Apache24\htdocs\chestcounter\vendor\cakephp\cakephp\src\ORM\Table.php, line 2695
Cake\ORM\Table->invokeFinder() C:\Apache24\htdocs\chestcounter\vendor\cakephp\cakephp\src\ORM\Table.php, line 2627
Cake\ORM\Table->callFinder() C:\Apache24\htdocs\chestcounter\vendor\cakephp\cakephp\src\ORM\Table.php, line 1274
Cake\ORM\Table->find() C:\Apache24\htdocs\chestcounter\src\Controller\CollectedChestsController.php, line 157
App\Controller\CollectedChestsController->score() C:\Apache24\htdocs\chestcounter\vendor\cakephp\cakephp\src\Controller\Controller.php, line 505
Cake\Controller\Controller->invokeAction() C:\Apache24\htdocs\chestcounter\vendor\cakephp\cakephp\src\Controller\ControllerFactory.php, line 166
Cake\Controller\ControllerFactory->handle() C:\Apache24\htdocs\chestcounter\vendor\cakephp\cakephp\src\Controller\ControllerFactory.php, line 141
Cake\Controller\ControllerFactory->invoke() C:\Apache24\htdocs\chestcounter\vendor\cakephp\cakephp\src\Http\BaseApplication.php, line 362
Cake\Http\BaseApplication->handle() C:\Apache24\htdocs\chestcounter\vendor\cakephp\cakephp\src\Http\Runner.php, line 86
Cake\Http\Runner->handle() C:\Apache24\htdocs\chestcounter\vendor\cakephp\cakephp\src\Http\Middleware\CsrfProtectionMiddleware.php, line 169
Cake\Http\Middleware\CsrfProtectionMiddleware->process() C:\Apache24\htdocs\chestcounter\vendor\cakephp\cakephp\src\Http\Runner.php, line 82
Cake\Http\Runner->handle() C:\Apache24\htdocs\chestcounter\vendor\cakephp\authentication\src\Middleware\AuthenticationMiddleware.php, line 106
Authentication\Middleware\AuthenticationMiddleware->process() C:\Apache24\htdocs\chestcounter\vendor\cakephp\cakephp\src\Http\Runner.php, line 82
Cake\Http\Runner->handle() C:\Apache24\htdocs\chestcounter\vendor\cakephp\cakephp\src\Http\Middleware\BodyParserMiddleware.php, line 157
Cake\Http\Middleware\BodyParserMiddleware->process() C:\Apache24\htdocs\chestcounter\vendor\cakephp\cakephp\src\Http\Runner.php, line 82
Cake\Http\Runner->handle() C:\Apache24\htdocs\chestcounter\vendor\cakephp\cakephp\src\Routing\Middleware\RoutingMiddleware.php, line 118
Cake\Routing\Middleware\RoutingMiddleware->process() C:\Apache24\htdocs\chestcounter\vendor\cakephp\cakephp\src\Http\Runner.php, line 82
Cake\Http\Runner->handle() C:\Apache24\htdocs\chestcounter\vendor\cakephp\cakephp\src\Routing\Middleware\AssetMiddleware.php, line 69
Cake\Routing\Middleware\AssetMiddleware->process() C:\Apache24\htdocs\chestcounter\vendor\cakephp\cakephp\src\Http\Runner.php, line 82
Cake\Http\Runner->handle() C:\Apache24\htdocs\chestcounter\vendor\cakephp\cakephp\src\Error\Middleware\ErrorHandlerMiddleware.php, line 115
Cake\Error\Middleware\ErrorHandlerMiddleware->process() C:\Apache24\htdocs\chestcounter\vendor\cakephp\cakephp\src\Http\Runner.php, line 82
Cake\Http\Runner->handle() C:\Apache24\htdocs\chestcounter\vendor\cakephp\cakephp\src\Http\Runner.php, line 60
Cake\Http\Runner->run() C:\Apache24\htdocs\chestcounter\vendor\cakephp\cakephp\src\Http\Server.php, line 104
Cake\Http\Server->run() C:\Apache24\htdocs\chestcounter\webroot\index.php, line 37
[main]

2025-08-16 17:50:50 notice: Since 5.0.0: Calling `findList` finder with options array is deprecated. Use named arguments instead.
C:\Apache24\htdocs\chestcounter\vendor\cakephp\cakephp\src\ORM\Table.php, line: 2627
You can disable all deprecation warnings by setting `Error.errorLevel` to `E_ALL & ~E_USER_DEPRECATED`. Adding `vendor/cakephp/cakephp/src/ORM/Table.php` to `Error.ignoredDeprecationPaths` in your `config/app.php` config will mute deprecations from that file only.
Request URL: /
Referer URL: http://127.0.0.1/chestcounter/config/
Client IP: 127.0.0.1
Trace:
Cake\Error\ErrorTrap->handleError() [internal], line ??
C:\Apache24\htdocs\chestcounter\vendor\cakephp\cakephp\src\Core\functions.php C:\Apache24\htdocs\chestcounter\vendor\cakephp\cakephp\src\Core\functions.php, line 384
C:\Apache24\htdocs\chestcounter\vendor\cakephp\cakephp\src\ORM\Table.php C:\Apache24\htdocs\chestcounter\vendor\cakephp\cakephp\src\ORM\Table.php, line 2695
Cake\ORM\Table->invokeFinder() C:\Apache24\htdocs\chestcounter\vendor\cakephp\cakephp\src\ORM\Table.php, line 2627
Cake\ORM\Table->callFinder() C:\Apache24\htdocs\chestcounter\vendor\cakephp\cakephp\src\ORM\Table.php, line 1274
Cake\ORM\Table->find() C:\Apache24\htdocs\chestcounter\src\Controller\CollectedChestsController.php, line 157
App\Controller\CollectedChestsController->score() C:\Apache24\htdocs\chestcounter\vendor\cakephp\cakephp\src\Controller\Controller.php, line 505
Cake\Controller\Controller->invokeAction() C:\Apache24\htdocs\chestcounter\vendor\cakephp\cakephp\src\Controller\ControllerFactory.php, line 166
Cake\Controller\ControllerFactory->handle() C:\Apache24\htdocs\chestcounter\vendor\cakephp\cakephp\src\Controller\ControllerFactory.php, line 141
Cake\Controller\ControllerFactory->invoke() C:\Apache24\htdocs\chestcounter\vendor\cakephp\cakephp\src\Http\BaseApplication.php, line 362
Cake\Http\BaseApplication->handle() C:\Apache24\htdocs\chestcounter\vendor\cakephp\cakephp\src\Http\Runner.php, line 86
Cake\Http\Runner->handle() C:\Apache24\htdocs\chestcounter\vendor\cakephp\cakephp\src\Http\Middleware\CsrfProtectionMiddleware.php, line 169
Cake\Http\Middleware\CsrfProtectionMiddleware->process() C:\Apache24\htdocs\chestcounter\vendor\cakephp\cakephp\src\Http\Runner.php, line 82
Cake\Http\Runner->handle() C:\Apache24\htdocs\chestcounter\vendor\cakephp\authentication\src\Middleware\AuthenticationMiddleware.php, line 106
Authentication\Middleware\AuthenticationMiddleware->process() C:\Apache24\htdocs\chestcounter\vendor\cakephp\cakephp\src\Http\Runner.php, line 82
Cake\Http\Runner->handle() C:\Apache24\htdocs\chestcounter\vendor\cakephp\cakephp\src\Http\Middleware\BodyParserMiddleware.php, line 157
Cake\Http\Middleware\BodyParserMiddleware->process() C:\Apache24\htdocs\chestcounter\vendor\cakephp\cakephp\src\Http\Runner.php, line 82
Cake\Http\Runner->handle() C:\Apache24\htdocs\chestcounter\vendor\cakephp\cakephp\src\Routing\Middleware\RoutingMiddleware.php, line 118
Cake\Routing\Middleware\RoutingMiddleware->process() C:\Apache24\htdocs\chestcounter\vendor\cakephp\cakephp\src\Http\Runner.php, line 82
Cake\Http\Runner->handle() C:\Apache24\htdocs\chestcounter\vendor\cakephp\cakephp\src\Routing\Middleware\AssetMiddleware.php, line 69
Cake\Routing\Middleware\AssetMiddleware->process() C:\Apache24\htdocs\chestcounter\vendor\cakephp\cakephp\src\Http\Runner.php, line 82
Cake\Http\Runner->handle() C:\Apache24\htdocs\chestcounter\vendor\cakephp\cakephp\src\Error\Middleware\ErrorHandlerMiddleware.php, line 115
Cake\Error\Middleware\ErrorHandlerMiddleware->process() C:\Apache24\htdocs\chestcounter\vendor\cakephp\cakephp\src\Http\Runner.php, line 82
Cake\Http\Runner->handle() C:\Apache24\htdocs\chestcounter\vendor\cakephp\cakephp\src\Http\Runner.php, line 60
Cake\Http\Runner->run() C:\Apache24\htdocs\chestcounter\vendor\cakephp\cakephp\src\Http\Server.php, line 104
Cake\Http\Server->run() C:\Apache24\htdocs\chestcounter\webroot\index.php, line 37
[main]

2025-08-16 17:50:52 notice: Since 5.0.0: Calling `findList` finder with options array is deprecated. Use named arguments instead.
C:\Apache24\htdocs\chestcounter\vendor\cakephp\cakephp\src\ORM\Table.php, line: 2627
You can disable all deprecation warnings by setting `Error.errorLevel` to `E_ALL & ~E_USER_DEPRECATED`. Adding `vendor/cakephp/cakephp/src/ORM/Table.php` to `Error.ignoredDeprecationPaths` in your `config/app.php` config will mute deprecations from that file only.
Request URL: /
Referer URL: http://127.0.0.1/chestcounter/config/
Client IP: 127.0.0.1
Trace:
Cake\Error\ErrorTrap->handleError() [internal], line ??
C:\Apache24\htdocs\chestcounter\vendor\cakephp\cakephp\src\Core\functions.php C:\Apache24\htdocs\chestcounter\vendor\cakephp\cakephp\src\Core\functions.php, line 384
C:\Apache24\htdocs\chestcounter\vendor\cakephp\cakephp\src\ORM\Table.php C:\Apache24\htdocs\chestcounter\vendor\cakephp\cakephp\src\ORM\Table.php, line 2695
Cake\ORM\Table->invokeFinder() C:\Apache24\htdocs\chestcounter\vendor\cakephp\cakephp\src\ORM\Table.php, line 2627
Cake\ORM\Table->callFinder() C:\Apache24\htdocs\chestcounter\vendor\cakephp\cakephp\src\ORM\Table.php, line 1274
Cake\ORM\Table->find() C:\Apache24\htdocs\chestcounter\src\Controller\CollectedChestsController.php, line 157
App\Controller\CollectedChestsController->score() C:\Apache24\htdocs\chestcounter\vendor\cakephp\cakephp\src\Controller\Controller.php, line 505
Cake\Controller\Controller->invokeAction() C:\Apache24\htdocs\chestcounter\vendor\cakephp\cakephp\src\Controller\ControllerFactory.php, line 166
Cake\Controller\ControllerFactory->handle() C:\Apache24\htdocs\chestcounter\vendor\cakephp\cakephp\src\Controller\ControllerFactory.php, line 141
Cake\Controller\ControllerFactory->invoke() C:\Apache24\htdocs\chestcounter\vendor\cakephp\cakephp\src\Http\BaseApplication.php, line 362
Cake\Http\BaseApplication->handle() C:\Apache24\htdocs\chestcounter\vendor\cakephp\cakephp\src\Http\Runner.php, line 86
Cake\Http\Runner->handle() C:\Apache24\htdocs\chestcounter\vendor\cakephp\cakephp\src\Http\Middleware\CsrfProtectionMiddleware.php, line 169
Cake\Http\Middleware\CsrfProtectionMiddleware->process() C:\Apache24\htdocs\chestcounter\vendor\cakephp\cakephp\src\Http\Runner.php, line 82
Cake\Http\Runner->handle() C:\Apache24\htdocs\chestcounter\vendor\cakephp\authentication\src\Middleware\AuthenticationMiddleware.php, line 106
Authentication\Middleware\AuthenticationMiddleware->process() C:\Apache24\htdocs\chestcounter\vendor\cakephp\cakephp\src\Http\Runner.php, line 82
Cake\Http\Runner->handle() C:\Apache24\htdocs\chestcounter\vendor\cakephp\cakephp\src\Http\Middleware\BodyParserMiddleware.php, line 157
Cake\Http\Middleware\BodyParserMiddleware->process() C:\Apache24\htdocs\chestcounter\vendor\cakephp\cakephp\src\Http\Runner.php, line 82
Cake\Http\Runner->handle() C:\Apache24\htdocs\chestcounter\vendor\cakephp\cakephp\src\Routing\Middleware\RoutingMiddleware.php, line 118
Cake\Routing\Middleware\RoutingMiddleware->process() C:\Apache24\htdocs\chestcounter\vendor\cakephp\cakephp\src\Http\Runner.php, line 82
Cake\Http\Runner->handle() C:\Apache24\htdocs\chestcounter\vendor\cakephp\cakephp\src\Routing\Middleware\AssetMiddleware.php, line 69
Cake\Routing\Middleware\AssetMiddleware->process() C:\Apache24\htdocs\chestcounter\vendor\cakephp\cakephp\src\Http\Runner.php, line 82
Cake\Http\Runner->handle() C:\Apache24\htdocs\chestcounter\vendor\cakephp\cakephp\src\Error\Middleware\ErrorHandlerMiddleware.php, line 115
Cake\Error\Middleware\ErrorHandlerMiddleware->process() C:\Apache24\htdocs\chestcounter\vendor\cakephp\cakephp\src\Http\Runner.php, line 82
Cake\Http\Runner->handle() C:\Apache24\htdocs\chestcounter\vendor\cakephp\cakephp\src\Http\Runner.php, line 60
Cake\Http\Runner->run() C:\Apache24\htdocs\chestcounter\vendor\cakephp\cakephp\src\Http\Server.php, line 104
Cake\Http\Server->run() C:\Apache24\htdocs\chestcounter\webroot\index.php, line 37
[main]

2025-08-16 17:54:15 notice: Since 5.0.0: Calling `findList` finder with options array is deprecated. Use named arguments instead.
C:\Apache24\htdocs\chestcounter\vendor\cakephp\cakephp\src\ORM\Table.php, line: 2627
You can disable all deprecation warnings by setting `Error.errorLevel` to `E_ALL & ~E_USER_DEPRECATED`. Adding `vendor/cakephp/cakephp/src/ORM/Table.php` to `Error.ignoredDeprecationPaths` in your `config/app.php` config will mute deprecations from that file only.
Request URL: /
Referer URL: http://127.0.0.1/chestcounter/config/
Client IP: 127.0.0.1
Trace:
Cake\Error\ErrorTrap->handleError() [internal], line ??
C:\Apache24\htdocs\chestcounter\vendor\cakephp\cakephp\src\Core\functions.php C:\Apache24\htdocs\chestcounter\vendor\cakephp\cakephp\src\Core\functions.php, line 384
C:\Apache24\htdocs\chestcounter\vendor\cakephp\cakephp\src\ORM\Table.php C:\Apache24\htdocs\chestcounter\vendor\cakephp\cakephp\src\ORM\Table.php, line 2695
Cake\ORM\Table->invokeFinder() C:\Apache24\htdocs\chestcounter\vendor\cakephp\cakephp\src\ORM\Table.php, line 2627
Cake\ORM\Table->callFinder() C:\Apache24\htdocs\chestcounter\vendor\cakephp\cakephp\src\ORM\Table.php, line 1274
Cake\ORM\Table->find() C:\Apache24\htdocs\chestcounter\src\Controller\CollectedChestsController.php, line 157
App\Controller\CollectedChestsController->score() C:\Apache24\htdocs\chestcounter\vendor\cakephp\cakephp\src\Controller\Controller.php, line 505
Cake\Controller\Controller->invokeAction() C:\Apache24\htdocs\chestcounter\vendor\cakephp\cakephp\src\Controller\ControllerFactory.php, line 166
Cake\Controller\ControllerFactory->handle() C:\Apache24\htdocs\chestcounter\vendor\cakephp\cakephp\src\Controller\ControllerFactory.php, line 141
Cake\Controller\ControllerFactory->invoke() C:\Apache24\htdocs\chestcounter\vendor\cakephp\cakephp\src\Http\BaseApplication.php, line 362
Cake\Http\BaseApplication->handle() C:\Apache24\htdocs\chestcounter\vendor\cakephp\cakephp\src\Http\Runner.php, line 86
Cake\Http\Runner->handle() C:\Apache24\htdocs\chestcounter\vendor\cakephp\cakephp\src\Http\Middleware\CsrfProtectionMiddleware.php, line 169
Cake\Http\Middleware\CsrfProtectionMiddleware->process() C:\Apache24\htdocs\chestcounter\vendor\cakephp\cakephp\src\Http\Runner.php, line 82
Cake\Http\Runner->handle() C:\Apache24\htdocs\chestcounter\vendor\cakephp\authentication\src\Middleware\AuthenticationMiddleware.php, line 106
Authentication\Middleware\AuthenticationMiddleware->process() C:\Apache24\htdocs\chestcounter\vendor\cakephp\cakephp\src\Http\Runner.php, line 82
Cake\Http\Runner->handle() C:\Apache24\htdocs\chestcounter\vendor\cakephp\cakephp\src\Http\Middleware\BodyParserMiddleware.php, line 157
Cake\Http\Middleware\BodyParserMiddleware->process() C:\Apache24\htdocs\chestcounter\vendor\cakephp\cakephp\src\Http\Runner.php, line 82
Cake\Http\Runner->handle() C:\Apache24\htdocs\chestcounter\vendor\cakephp\cakephp\src\Routing\Middleware\RoutingMiddleware.php, line 118
Cake\Routing\Middleware\RoutingMiddleware->process() C:\Apache24\htdocs\chestcounter\vendor\cakephp\cakephp\src\Http\Runner.php, line 82
Cake\Http\Runner->handle() C:\Apache24\htdocs\chestcounter\vendor\cakephp\cakephp\src\Routing\Middleware\AssetMiddleware.php, line 69
Cake\Routing\Middleware\AssetMiddleware->process() C:\Apache24\htdocs\chestcounter\vendor\cakephp\cakephp\src\Http\Runner.php, line 82
Cake\Http\Runner->handle() C:\Apache24\htdocs\chestcounter\vendor\cakephp\cakephp\src\Error\Middleware\ErrorHandlerMiddleware.php, line 115
Cake\Error\Middleware\ErrorHandlerMiddleware->process() C:\Apache24\htdocs\chestcounter\vendor\cakephp\cakephp\src\Http\Runner.php, line 82
Cake\Http\Runner->handle() C:\Apache24\htdocs\chestcounter\vendor\cakephp\cakephp\src\Http\Runner.php, line 60
Cake\Http\Runner->run() C:\Apache24\htdocs\chestcounter\vendor\cakephp\cakephp\src\Http\Server.php, line 104
Cake\Http\Server->run() C:\Apache24\htdocs\chestcounter\webroot\index.php, line 37
[main]

2025-08-16 17:55:37 notice: Since 5.0.0: Calling `findList` finder with options array is deprecated. Use named arguments instead.
C:\Apache24\htdocs\chestcounter\vendor\cakephp\cakephp\src\ORM\Table.php, line: 2627
You can disable all deprecation warnings by setting `Error.errorLevel` to `E_ALL & ~E_USER_DEPRECATED`. Adding `vendor/cakephp/cakephp/src/ORM/Table.php` to `Error.ignoredDeprecationPaths` in your `config/app.php` config will mute deprecations from that file only.
Request URL: /
Client IP: 127.0.0.1
Trace:
Cake\Error\ErrorTrap->handleError() [internal], line ??
C:\Apache24\htdocs\chestcounter\vendor\cakephp\cakephp\src\Core\functions.php C:\Apache24\htdocs\chestcounter\vendor\cakephp\cakephp\src\Core\functions.php, line 384
C:\Apache24\htdocs\chestcounter\vendor\cakephp\cakephp\src\ORM\Table.php C:\Apache24\htdocs\chestcounter\vendor\cakephp\cakephp\src\ORM\Table.php, line 2695
Cake\ORM\Table->invokeFinder() C:\Apache24\htdocs\chestcounter\vendor\cakephp\cakephp\src\ORM\Table.php, line 2627
Cake\ORM\Table->callFinder() C:\Apache24\htdocs\chestcounter\vendor\cakephp\cakephp\src\ORM\Table.php, line 1274
Cake\ORM\Table->find() C:\Apache24\htdocs\chestcounter\src\Controller\CollectedChestsController.php, line 157
App\Controller\CollectedChestsController->score() C:\Apache24\htdocs\chestcounter\vendor\cakephp\cakephp\src\Controller\Controller.php, line 505
Cake\Controller\Controller->invokeAction() C:\Apache24\htdocs\chestcounter\vendor\cakephp\cakephp\src\Controller\ControllerFactory.php, line 166
Cake\Controller\ControllerFactory->handle() C:\Apache24\htdocs\chestcounter\vendor\cakephp\cakephp\src\Controller\ControllerFactory.php, line 141
Cake\Controller\ControllerFactory->invoke() C:\Apache24\htdocs\chestcounter\vendor\cakephp\cakephp\src\Http\BaseApplication.php, line 362
Cake\Http\BaseApplication->handle() C:\Apache24\htdocs\chestcounter\vendor\cakephp\cakephp\src\Http\Runner.php, line 86
Cake\Http\Runner->handle() C:\Apache24\htdocs\chestcounter\vendor\cakephp\cakephp\src\Http\Middleware\CsrfProtectionMiddleware.php, line 169
Cake\Http\Middleware\CsrfProtectionMiddleware->process() C:\Apache24\htdocs\chestcounter\vendor\cakephp\cakephp\src\Http\Runner.php, line 82
Cake\Http\Runner->handle() C:\Apache24\htdocs\chestcounter\vendor\cakephp\authentication\src\Middleware\AuthenticationMiddleware.php, line 106
Authentication\Middleware\AuthenticationMiddleware->process() C:\Apache24\htdocs\chestcounter\vendor\cakephp\cakephp\src\Http\Runner.php, line 82
Cake\Http\Runner->handle() C:\Apache24\htdocs\chestcounter\vendor\cakephp\cakephp\src\Http\Middleware\BodyParserMiddleware.php, line 157
Cake\Http\Middleware\BodyParserMiddleware->process() C:\Apache24\htdocs\chestcounter\vendor\cakephp\cakephp\src\Http\Runner.php, line 82
Cake\Http\Runner->handle() C:\Apache24\htdocs\chestcounter\vendor\cakephp\cakephp\src\Routing\Middleware\RoutingMiddleware.php, line 118
Cake\Routing\Middleware\RoutingMiddleware->process() C:\Apache24\htdocs\chestcounter\vendor\cakephp\cakephp\src\Http\Runner.php, line 82
Cake\Http\Runner->handle() C:\Apache24\htdocs\chestcounter\vendor\cakephp\cakephp\src\Routing\Middleware\AssetMiddleware.php, line 69
Cake\Routing\Middleware\AssetMiddleware->process() C:\Apache24\htdocs\chestcounter\vendor\cakephp\cakephp\src\Http\Runner.php, line 82
Cake\Http\Runner->handle() C:\Apache24\htdocs\chestcounter\vendor\cakephp\cakephp\src\Error\Middleware\ErrorHandlerMiddleware.php, line 115
Cake\Error\Middleware\ErrorHandlerMiddleware->process() C:\Apache24\htdocs\chestcounter\vendor\cakephp\cakephp\src\Http\Runner.php, line 82
Cake\Http\Runner->handle() C:\Apache24\htdocs\chestcounter\vendor\cakephp\cakephp\src\Http\Runner.php, line 60
Cake\Http\Runner->run() C:\Apache24\htdocs\chestcounter\vendor\cakephp\cakephp\src\Http\Server.php, line 104
Cake\Http\Server->run() C:\Apache24\htdocs\chestcounter\webroot\index.php, line 37
[main]

2025-08-16 17:55:39 notice: Since 5.0.0: Calling `findList` finder with options array is deprecated. Use named arguments instead.
C:\Apache24\htdocs\chestcounter\vendor\cakephp\cakephp\src\ORM\Table.php, line: 2627
You can disable all deprecation warnings by setting `Error.errorLevel` to `E_ALL & ~E_USER_DEPRECATED`. Adding `vendor/cakephp/cakephp/src/ORM/Table.php` to `Error.ignoredDeprecationPaths` in your `config/app.php` config will mute deprecations from that file only.
Request URL: /
Client IP: 127.0.0.1
Trace:
Cake\Error\ErrorTrap->handleError() [internal], line ??
C:\Apache24\htdocs\chestcounter\vendor\cakephp\cakephp\src\Core\functions.php C:\Apache24\htdocs\chestcounter\vendor\cakephp\cakephp\src\Core\functions.php, line 384
C:\Apache24\htdocs\chestcounter\vendor\cakephp\cakephp\src\ORM\Table.php C:\Apache24\htdocs\chestcounter\vendor\cakephp\cakephp\src\ORM\Table.php, line 2695
Cake\ORM\Table->invokeFinder() C:\Apache24\htdocs\chestcounter\vendor\cakephp\cakephp\src\ORM\Table.php, line 2627
Cake\ORM\Table->callFinder() C:\Apache24\htdocs\chestcounter\vendor\cakephp\cakephp\src\ORM\Table.php, line 1274
Cake\ORM\Table->find() C:\Apache24\htdocs\chestcounter\src\Controller\CollectedChestsController.php, line 157
App\Controller\CollectedChestsController->score() C:\Apache24\htdocs\chestcounter\vendor\cakephp\cakephp\src\Controller\Controller.php, line 505
Cake\Controller\Controller->invokeAction() C:\Apache24\htdocs\chestcounter\vendor\cakephp\cakephp\src\Controller\ControllerFactory.php, line 166
Cake\Controller\ControllerFactory->handle() C:\Apache24\htdocs\chestcounter\vendor\cakephp\cakephp\src\Controller\ControllerFactory.php, line 141
Cake\Controller\ControllerFactory->invoke() C:\Apache24\htdocs\chestcounter\vendor\cakephp\cakephp\src\Http\BaseApplication.php, line 362
Cake\Http\BaseApplication->handle() C:\Apache24\htdocs\chestcounter\vendor\cakephp\cakephp\src\Http\Runner.php, line 86
Cake\Http\Runner->handle() C:\Apache24\htdocs\chestcounter\vendor\cakephp\cakephp\src\Http\Middleware\CsrfProtectionMiddleware.php, line 169
Cake\Http\Middleware\CsrfProtectionMiddleware->process() C:\Apache24\htdocs\chestcounter\vendor\cakephp\cakephp\src\Http\Runner.php, line 82
Cake\Http\Runner->handle() C:\Apache24\htdocs\chestcounter\vendor\cakephp\authentication\src\Middleware\AuthenticationMiddleware.php, line 106
Authentication\Middleware\AuthenticationMiddleware->process() C:\Apache24\htdocs\chestcounter\vendor\cakephp\cakephp\src\Http\Runner.php, line 82
Cake\Http\Runner->handle() C:\Apache24\htdocs\chestcounter\vendor\cakephp\cakephp\src\Http\Middleware\BodyParserMiddleware.php, line 157
Cake\Http\Middleware\BodyParserMiddleware->process() C:\Apache24\htdocs\chestcounter\vendor\cakephp\cakephp\src\Http\Runner.php, line 82
Cake\Http\Runner->handle() C:\Apache24\htdocs\chestcounter\vendor\cakephp\cakephp\src\Routing\Middleware\RoutingMiddleware.php, line 118
Cake\Routing\Middleware\RoutingMiddleware->process() C:\Apache24\htdocs\chestcounter\vendor\cakephp\cakephp\src\Http\Runner.php, line 82
Cake\Http\Runner->handle() C:\Apache24\htdocs\chestcounter\vendor\cakephp\cakephp\src\Routing\Middleware\AssetMiddleware.php, line 69
Cake\Routing\Middleware\AssetMiddleware->process() C:\Apache24\htdocs\chestcounter\vendor\cakephp\cakephp\src\Http\Runner.php, line 82
Cake\Http\Runner->handle() C:\Apache24\htdocs\chestcounter\vendor\cakephp\cakephp\src\Error\Middleware\ErrorHandlerMiddleware.php, line 115
Cake\Error\Middleware\ErrorHandlerMiddleware->process() C:\Apache24\htdocs\chestcounter\vendor\cakephp\cakephp\src\Http\Runner.php, line 82
Cake\Http\Runner->handle() C:\Apache24\htdocs\chestcounter\vendor\cakephp\cakephp\src\Http\Runner.php, line 60
Cake\Http\Runner->run() C:\Apache24\htdocs\chestcounter\vendor\cakephp\cakephp\src\Http\Server.php, line 104
Cake\Http\Server->run() C:\Apache24\htdocs\chestcounter\webroot\index.php, line 37
[main]

2025-08-16 17:55:40 notice: Since 5.0.0: Calling `findList` finder with options array is deprecated. Use named arguments instead.
C:\Apache24\htdocs\chestcounter\vendor\cakephp\cakephp\src\ORM\Table.php, line: 2627
You can disable all deprecation warnings by setting `Error.errorLevel` to `E_ALL & ~E_USER_DEPRECATED`. Adding `vendor/cakephp/cakephp/src/ORM/Table.php` to `Error.ignoredDeprecationPaths` in your `config/app.php` config will mute deprecations from that file only.
Request URL: /
Client IP: 127.0.0.1
Trace:
Cake\Error\ErrorTrap->handleError() [internal], line ??
C:\Apache24\htdocs\chestcounter\vendor\cakephp\cakephp\src\Core\functions.php C:\Apache24\htdocs\chestcounter\vendor\cakephp\cakephp\src\Core\functions.php, line 384
C:\Apache24\htdocs\chestcounter\vendor\cakephp\cakephp\src\ORM\Table.php C:\Apache24\htdocs\chestcounter\vendor\cakephp\cakephp\src\ORM\Table.php, line 2695
Cake\ORM\Table->invokeFinder() C:\Apache24\htdocs\chestcounter\vendor\cakephp\cakephp\src\ORM\Table.php, line 2627
Cake\ORM\Table->callFinder() C:\Apache24\htdocs\chestcounter\vendor\cakephp\cakephp\src\ORM\Table.php, line 1274
Cake\ORM\Table->find() C:\Apache24\htdocs\chestcounter\src\Controller\CollectedChestsController.php, line 157
App\Controller\CollectedChestsController->score() C:\Apache24\htdocs\chestcounter\vendor\cakephp\cakephp\src\Controller\Controller.php, line 505
Cake\Controller\Controller->invokeAction() C:\Apache24\htdocs\chestcounter\vendor\cakephp\cakephp\src\Controller\ControllerFactory.php, line 166
Cake\Controller\ControllerFactory->handle() C:\Apache24\htdocs\chestcounter\vendor\cakephp\cakephp\src\Controller\ControllerFactory.php, line 141
Cake\Controller\ControllerFactory->invoke() C:\Apache24\htdocs\chestcounter\vendor\cakephp\cakephp\src\Http\BaseApplication.php, line 362
Cake\Http\BaseApplication->handle() C:\Apache24\htdocs\chestcounter\vendor\cakephp\cakephp\src\Http\Runner.php, line 86
Cake\Http\Runner->handle() C:\Apache24\htdocs\chestcounter\vendor\cakephp\cakephp\src\Http\Middleware\CsrfProtectionMiddleware.php, line 169
Cake\Http\Middleware\CsrfProtectionMiddleware->process() C:\Apache24\htdocs\chestcounter\vendor\cakephp\cakephp\src\Http\Runner.php, line 82
Cake\Http\Runner->handle() C:\Apache24\htdocs\chestcounter\vendor\cakephp\authentication\src\Middleware\AuthenticationMiddleware.php, line 106
Authentication\Middleware\AuthenticationMiddleware->process() C:\Apache24\htdocs\chestcounter\vendor\cakephp\cakephp\src\Http\Runner.php, line 82
Cake\Http\Runner->handle() C:\Apache24\htdocs\chestcounter\vendor\cakephp\cakephp\src\Http\Middleware\BodyParserMiddleware.php, line 157
Cake\Http\Middleware\BodyParserMiddleware->process() C:\Apache24\htdocs\chestcounter\vendor\cakephp\cakephp\src\Http\Runner.php, line 82
Cake\Http\Runner->handle() C:\Apache24\htdocs\chestcounter\vendor\cakephp\cakephp\src\Routing\Middleware\RoutingMiddleware.php, line 118
Cake\Routing\Middleware\RoutingMiddleware->process() C:\Apache24\htdocs\chestcounter\vendor\cakephp\cakephp\src\Http\Runner.php, line 82
Cake\Http\Runner->handle() C:\Apache24\htdocs\chestcounter\vendor\cakephp\cakephp\src\Routing\Middleware\AssetMiddleware.php, line 69
Cake\Routing\Middleware\AssetMiddleware->process() C:\Apache24\htdocs\chestcounter\vendor\cakephp\cakephp\src\Http\Runner.php, line 82
Cake\Http\Runner->handle() C:\Apache24\htdocs\chestcounter\vendor\cakephp\cakephp\src\Error\Middleware\ErrorHandlerMiddleware.php, line 115
Cake\Error\Middleware\ErrorHandlerMiddleware->process() C:\Apache24\htdocs\chestcounter\vendor\cakephp\cakephp\src\Http\Runner.php, line 82
Cake\Http\Runner->handle() C:\Apache24\htdocs\chestcounter\vendor\cakephp\cakephp\src\Http\Runner.php, line 60
Cake\Http\Runner->run() C:\Apache24\htdocs\chestcounter\vendor\cakephp\cakephp\src\Http\Server.php, line 104
Cake\Http\Server->run() C:\Apache24\htdocs\chestcounter\webroot\index.php, line 37
[main]

2025-08-16 17:55:46 notice: Since 5.0.0: Calling `findList` finder with options array is deprecated. Use named arguments instead.
C:\Apache24\htdocs\chestcounter\vendor\cakephp\cakephp\src\ORM\Table.php, line: 2627
You can disable all deprecation warnings by setting `Error.errorLevel` to `E_ALL & ~E_USER_DEPRECATED`. Adding `vendor/cakephp/cakephp/src/ORM/Table.php` to `Error.ignoredDeprecationPaths` in your `config/app.php` config will mute deprecations from that file only.
Request URL: /
Referer URL: http://127.0.0.1/chestcounter/
Client IP: 127.0.0.1
Trace:
Cake\Error\ErrorTrap->handleError() [internal], line ??
C:\Apache24\htdocs\chestcounter\vendor\cakephp\cakephp\src\Core\functions.php C:\Apache24\htdocs\chestcounter\vendor\cakephp\cakephp\src\Core\functions.php, line 384
C:\Apache24\htdocs\chestcounter\vendor\cakephp\cakephp\src\ORM\Table.php C:\Apache24\htdocs\chestcounter\vendor\cakephp\cakephp\src\ORM\Table.php, line 2695
Cake\ORM\Table->invokeFinder() C:\Apache24\htdocs\chestcounter\vendor\cakephp\cakephp\src\ORM\Table.php, line 2627
Cake\ORM\Table->callFinder() C:\Apache24\htdocs\chestcounter\vendor\cakephp\cakephp\src\ORM\Table.php, line 1274
Cake\ORM\Table->find() C:\Apache24\htdocs\chestcounter\src\Controller\CollectedChestsController.php, line 157
App\Controller\CollectedChestsController->score() C:\Apache24\htdocs\chestcounter\vendor\cakephp\cakephp\src\Controller\Controller.php, line 505
Cake\Controller\Controller->invokeAction() C:\Apache24\htdocs\chestcounter\vendor\cakephp\cakephp\src\Controller\ControllerFactory.php, line 166
Cake\Controller\ControllerFactory->handle() C:\Apache24\htdocs\chestcounter\vendor\cakephp\cakephp\src\Controller\ControllerFactory.php, line 141
Cake\Controller\ControllerFactory->invoke() C:\Apache24\htdocs\chestcounter\vendor\cakephp\cakephp\src\Http\BaseApplication.php, line 362
Cake\Http\BaseApplication->handle() C:\Apache24\htdocs\chestcounter\vendor\cakephp\cakephp\src\Http\Runner.php, line 86
Cake\Http\Runner->handle() C:\Apache24\htdocs\chestcounter\vendor\cakephp\cakephp\src\Http\Middleware\CsrfProtectionMiddleware.php, line 169
Cake\Http\Middleware\CsrfProtectionMiddleware->process() C:\Apache24\htdocs\chestcounter\vendor\cakephp\cakephp\src\Http\Runner.php, line 82
Cake\Http\Runner->handle() C:\Apache24\htdocs\chestcounter\vendor\cakephp\authentication\src\Middleware\AuthenticationMiddleware.php, line 106
Authentication\Middleware\AuthenticationMiddleware->process() C:\Apache24\htdocs\chestcounter\vendor\cakephp\cakephp\src\Http\Runner.php, line 82
Cake\Http\Runner->handle() C:\Apache24\htdocs\chestcounter\vendor\cakephp\cakephp\src\Http\Middleware\BodyParserMiddleware.php, line 157
Cake\Http\Middleware\BodyParserMiddleware->process() C:\Apache24\htdocs\chestcounter\vendor\cakephp\cakephp\src\Http\Runner.php, line 82
Cake\Http\Runner->handle() C:\Apache24\htdocs\chestcounter\vendor\cakephp\cakephp\src\Routing\Middleware\RoutingMiddleware.php, line 118
Cake\Routing\Middleware\RoutingMiddleware->process() C:\Apache24\htdocs\chestcounter\vendor\cakephp\cakephp\src\Http\Runner.php, line 82
Cake\Http\Runner->handle() C:\Apache24\htdocs\chestcounter\vendor\cakephp\cakephp\src\Routing\Middleware\AssetMiddleware.php, line 69
Cake\Routing\Middleware\AssetMiddleware->process() C:\Apache24\htdocs\chestcounter\vendor\cakephp\cakephp\src\Http\Runner.php, line 82
Cake\Http\Runner->handle() C:\Apache24\htdocs\chestcounter\vendor\cakephp\cakephp\src\Error\Middleware\ErrorHandlerMiddleware.php, line 115
Cake\Error\Middleware\ErrorHandlerMiddleware->process() C:\Apache24\htdocs\chestcounter\vendor\cakephp\cakephp\src\Http\Runner.php, line 82
Cake\Http\Runner->handle() C:\Apache24\htdocs\chestcounter\vendor\cakephp\cakephp\src\Http\Runner.php, line 60
Cake\Http\Runner->run() C:\Apache24\htdocs\chestcounter\vendor\cakephp\cakephp\src\Http\Server.php, line 104
Cake\Http\Server->run() C:\Apache24\htdocs\chestcounter\webroot\index.php, line 37
[main]

2025-08-17 21:17:22 notice: Since 5.0.0: Calling `findList` finder with options array is deprecated. Use named arguments instead.
C:\Apache24\htdocs\chestcounter\vendor\cakephp\cakephp\src\ORM\Table.php, line: 2627
You can disable all deprecation warnings by setting `Error.errorLevel` to `E_ALL & ~E_USER_DEPRECATED`. Adding `vendor/cakephp/cakephp/src/ORM/Table.php` to `Error.ignoredDeprecationPaths` in your `config/app.php` config will mute deprecations from that file only.
Request URL: /score
Referer URL: http://127.0.0.1/chestcounter/
Client IP: 127.0.0.1
Trace:
Cake\Error\ErrorTrap->handleError() [internal], line ??
C:\Apache24\htdocs\chestcounter\vendor\cakephp\cakephp\src\Core\functions.php C:\Apache24\htdocs\chestcounter\vendor\cakephp\cakephp\src\Core\functions.php, line 384
C:\Apache24\htdocs\chestcounter\vendor\cakephp\cakephp\src\ORM\Table.php C:\Apache24\htdocs\chestcounter\vendor\cakephp\cakephp\src\ORM\Table.php, line 2695
Cake\ORM\Table->invokeFinder() C:\Apache24\htdocs\chestcounter\vendor\cakephp\cakephp\src\ORM\Table.php, line 2627
Cake\ORM\Table->callFinder() C:\Apache24\htdocs\chestcounter\vendor\cakephp\cakephp\src\ORM\Table.php, line 1274
Cake\ORM\Table->find() C:\Apache24\htdocs\chestcounter\src\Controller\CollectedChestsController.php, line 157
App\Controller\CollectedChestsController->score() C:\Apache24\htdocs\chestcounter\vendor\cakephp\cakephp\src\Controller\Controller.php, line 505
Cake\Controller\Controller->invokeAction() C:\Apache24\htdocs\chestcounter\vendor\cakephp\cakephp\src\Controller\ControllerFactory.php, line 166
Cake\Controller\ControllerFactory->handle() C:\Apache24\htdocs\chestcounter\vendor\cakephp\cakephp\src\Controller\ControllerFactory.php, line 141
Cake\Controller\ControllerFactory->invoke() C:\Apache24\htdocs\chestcounter\vendor\cakephp\cakephp\src\Http\BaseApplication.php, line 362
Cake\Http\BaseApplication->handle() C:\Apache24\htdocs\chestcounter\vendor\cakephp\cakephp\src\Http\Runner.php, line 86
Cake\Http\Runner->handle() C:\Apache24\htdocs\chestcounter\vendor\cakephp\cakephp\src\Http\Middleware\CsrfProtectionMiddleware.php, line 169
Cake\Http\Middleware\CsrfProtectionMiddleware->process() C:\Apache24\htdocs\chestcounter\vendor\cakephp\cakephp\src\Http\Runner.php, line 82
Cake\Http\Runner->handle() C:\Apache24\htdocs\chestcounter\vendor\cakephp\authentication\src\Middleware\AuthenticationMiddleware.php, line 106
Authentication\Middleware\AuthenticationMiddleware->process() C:\Apache24\htdocs\chestcounter\vendor\cakephp\cakephp\src\Http\Runner.php, line 82
Cake\Http\Runner->handle() C:\Apache24\htdocs\chestcounter\vendor\cakephp\cakephp\src\Http\Middleware\BodyParserMiddleware.php, line 157
Cake\Http\Middleware\BodyParserMiddleware->process() C:\Apache24\htdocs\chestcounter\vendor\cakephp\cakephp\src\Http\Runner.php, line 82
Cake\Http\Runner->handle() C:\Apache24\htdocs\chestcounter\vendor\cakephp\cakephp\src\Routing\Middleware\RoutingMiddleware.php, line 118
Cake\Routing\Middleware\RoutingMiddleware->process() C:\Apache24\htdocs\chestcounter\vendor\cakephp\cakephp\src\Http\Runner.php, line 82
Cake\Http\Runner->handle() C:\Apache24\htdocs\chestcounter\vendor\cakephp\cakephp\src\Routing\Middleware\AssetMiddleware.php, line 69
Cake\Routing\Middleware\AssetMiddleware->process() C:\Apache24\htdocs\chestcounter\vendor\cakephp\cakephp\src\Http\Runner.php, line 82
Cake\Http\Runner->handle() C:\Apache24\htdocs\chestcounter\vendor\cakephp\cakephp\src\Error\Middleware\ErrorHandlerMiddleware.php, line 115
Cake\Error\Middleware\ErrorHandlerMiddleware->process() C:\Apache24\htdocs\chestcounter\vendor\cakephp\cakephp\src\Http\Runner.php, line 82
Cake\Http\Runner->handle() C:\Apache24\htdocs\chestcounter\vendor\cakephp\cakephp\src\Http\Runner.php, line 60
Cake\Http\Runner->run() C:\Apache24\htdocs\chestcounter\vendor\cakephp\cakephp\src\Http\Server.php, line 104
Cake\Http\Server->run() C:\Apache24\htdocs\chestcounter\webroot\index.php, line 37
[main]

2025-08-17 21:18:23 notice: Since 5.0.0: Calling `findList` finder with options array is deprecated. Use named arguments instead.
C:\Apache24\htdocs\chestcounter\vendor\cakephp\cakephp\src\ORM\Table.php, line: 2627
You can disable all deprecation warnings by setting `Error.errorLevel` to `E_ALL & ~E_USER_DEPRECATED`. Adding `vendor/cakephp/cakephp/src/ORM/Table.php` to `Error.ignoredDeprecationPaths` in your `config/app.php` config will mute deprecations from that file only.
Request URL: /score
Referer URL: http://127.0.0.1/chestcounter/history
Client IP: 127.0.0.1
Trace:
Cake\Error\ErrorTrap->handleError() [internal], line ??
C:\Apache24\htdocs\chestcounter\vendor\cakephp\cakephp\src\Core\functions.php C:\Apache24\htdocs\chestcounter\vendor\cakephp\cakephp\src\Core\functions.php, line 384
C:\Apache24\htdocs\chestcounter\vendor\cakephp\cakephp\src\ORM\Table.php C:\Apache24\htdocs\chestcounter\vendor\cakephp\cakephp\src\ORM\Table.php, line 2695
Cake\ORM\Table->invokeFinder() C:\Apache24\htdocs\chestcounter\vendor\cakephp\cakephp\src\ORM\Table.php, line 2627
Cake\ORM\Table->callFinder() C:\Apache24\htdocs\chestcounter\vendor\cakephp\cakephp\src\ORM\Table.php, line 1274
Cake\ORM\Table->find() C:\Apache24\htdocs\chestcounter\src\Controller\CollectedChestsController.php, line 157
App\Controller\CollectedChestsController->score() C:\Apache24\htdocs\chestcounter\vendor\cakephp\cakephp\src\Controller\Controller.php, line 505
Cake\Controller\Controller->invokeAction() C:\Apache24\htdocs\chestcounter\vendor\cakephp\cakephp\src\Controller\ControllerFactory.php, line 166
Cake\Controller\ControllerFactory->handle() C:\Apache24\htdocs\chestcounter\vendor\cakephp\cakephp\src\Controller\ControllerFactory.php, line 141
Cake\Controller\ControllerFactory->invoke() C:\Apache24\htdocs\chestcounter\vendor\cakephp\cakephp\src\Http\BaseApplication.php, line 362
Cake\Http\BaseApplication->handle() C:\Apache24\htdocs\chestcounter\vendor\cakephp\cakephp\src\Http\Runner.php, line 86
Cake\Http\Runner->handle() C:\Apache24\htdocs\chestcounter\vendor\cakephp\cakephp\src\Http\Middleware\CsrfProtectionMiddleware.php, line 169
Cake\Http\Middleware\CsrfProtectionMiddleware->process() C:\Apache24\htdocs\chestcounter\vendor\cakephp\cakephp\src\Http\Runner.php, line 82
Cake\Http\Runner->handle() C:\Apache24\htdocs\chestcounter\vendor\cakephp\authentication\src\Middleware\AuthenticationMiddleware.php, line 106
Authentication\Middleware\AuthenticationMiddleware->process() C:\Apache24\htdocs\chestcounter\vendor\cakephp\cakephp\src\Http\Runner.php, line 82
Cake\Http\Runner->handle() C:\Apache24\htdocs\chestcounter\vendor\cakephp\cakephp\src\Http\Middleware\BodyParserMiddleware.php, line 157
Cake\Http\Middleware\BodyParserMiddleware->process() C:\Apache24\htdocs\chestcounter\vendor\cakephp\cakephp\src\Http\Runner.php, line 82
Cake\Http\Runner->handle() C:\Apache24\htdocs\chestcounter\vendor\cakephp\cakephp\src\Routing\Middleware\RoutingMiddleware.php, line 118
Cake\Routing\Middleware\RoutingMiddleware->process() C:\Apache24\htdocs\chestcounter\vendor\cakephp\cakephp\src\Http\Runner.php, line 82
Cake\Http\Runner->handle() C:\Apache24\htdocs\chestcounter\vendor\cakephp\cakephp\src\Routing\Middleware\AssetMiddleware.php, line 69
Cake\Routing\Middleware\AssetMiddleware->process() C:\Apache24\htdocs\chestcounter\vendor\cakephp\cakephp\src\Http\Runner.php, line 82
Cake\Http\Runner->handle() C:\Apache24\htdocs\chestcounter\vendor\cakephp\cakephp\src\Error\Middleware\ErrorHandlerMiddleware.php, line 115
Cake\Error\Middleware\ErrorHandlerMiddleware->process() C:\Apache24\htdocs\chestcounter\vendor\cakephp\cakephp\src\Http\Runner.php, line 82
Cake\Http\Runner->handle() C:\Apache24\htdocs\chestcounter\vendor\cakephp\cakephp\src\Http\Runner.php, line 60
Cake\Http\Runner->run() C:\Apache24\htdocs\chestcounter\vendor\cakephp\cakephp\src\Http\Server.php, line 104
Cake\Http\Server->run() C:\Apache24\htdocs\chestcounter\webroot\index.php, line 37
[main]

2025-08-17 21:18:28 notice: Since 5.0.0: Calling `findList` finder with options array is deprecated. Use named arguments instead.
C:\Apache24\htdocs\chestcounter\vendor\cakephp\cakephp\src\ORM\Table.php, line: 2627
You can disable all deprecation warnings by setting `Error.errorLevel` to `E_ALL & ~E_USER_DEPRECATED`. Adding `vendor/cakephp/cakephp/src/ORM/Table.php` to `Error.ignoredDeprecationPaths` in your `config/app.php` config will mute deprecations from that file only.
Request URL: /score?cycle=1
Referer URL: http://127.0.0.1/chestcounter/score
Client IP: 127.0.0.1
Trace:
Cake\Error\ErrorTrap->handleError() [internal], line ??
C:\Apache24\htdocs\chestcounter\vendor\cakephp\cakephp\src\Core\functions.php C:\Apache24\htdocs\chestcounter\vendor\cakephp\cakephp\src\Core\functions.php, line 384
C:\Apache24\htdocs\chestcounter\vendor\cakephp\cakephp\src\ORM\Table.php C:\Apache24\htdocs\chestcounter\vendor\cakephp\cakephp\src\ORM\Table.php, line 2695
Cake\ORM\Table->invokeFinder() C:\Apache24\htdocs\chestcounter\vendor\cakephp\cakephp\src\ORM\Table.php, line 2627
Cake\ORM\Table->callFinder() C:\Apache24\htdocs\chestcounter\vendor\cakephp\cakephp\src\ORM\Table.php, line 1274
Cake\ORM\Table->find() C:\Apache24\htdocs\chestcounter\src\Controller\CollectedChestsController.php, line 157
App\Controller\CollectedChestsController->score() C:\Apache24\htdocs\chestcounter\vendor\cakephp\cakephp\src\Controller\Controller.php, line 505
Cake\Controller\Controller->invokeAction() C:\Apache24\htdocs\chestcounter\vendor\cakephp\cakephp\src\Controller\ControllerFactory.php, line 166
Cake\Controller\ControllerFactory->handle() C:\Apache24\htdocs\chestcounter\vendor\cakephp\cakephp\src\Controller\ControllerFactory.php, line 141
Cake\Controller\ControllerFactory->invoke() C:\Apache24\htdocs\chestcounter\vendor\cakephp\cakephp\src\Http\BaseApplication.php, line 362
Cake\Http\BaseApplication->handle() C:\Apache24\htdocs\chestcounter\vendor\cakephp\cakephp\src\Http\Runner.php, line 86
Cake\Http\Runner->handle() C:\Apache24\htdocs\chestcounter\vendor\cakephp\cakephp\src\Http\Middleware\CsrfProtectionMiddleware.php, line 169
Cake\Http\Middleware\CsrfProtectionMiddleware->process() C:\Apache24\htdocs\chestcounter\vendor\cakephp\cakephp\src\Http\Runner.php, line 82
Cake\Http\Runner->handle() C:\Apache24\htdocs\chestcounter\vendor\cakephp\authentication\src\Middleware\AuthenticationMiddleware.php, line 106
Authentication\Middleware\AuthenticationMiddleware->process() C:\Apache24\htdocs\chestcounter\vendor\cakephp\cakephp\src\Http\Runner.php, line 82
Cake\Http\Runner->handle() C:\Apache24\htdocs\chestcounter\vendor\cakephp\cakephp\src\Http\Middleware\BodyParserMiddleware.php, line 157
Cake\Http\Middleware\BodyParserMiddleware->process() C:\Apache24\htdocs\chestcounter\vendor\cakephp\cakephp\src\Http\Runner.php, line 82
Cake\Http\Runner->handle() C:\Apache24\htdocs\chestcounter\vendor\cakephp\cakephp\src\Routing\Middleware\RoutingMiddleware.php, line 118
Cake\Routing\Middleware\RoutingMiddleware->process() C:\Apache24\htdocs\chestcounter\vendor\cakephp\cakephp\src\Http\Runner.php, line 82
Cake\Http\Runner->handle() C:\Apache24\htdocs\chestcounter\vendor\cakephp\cakephp\src\Routing\Middleware\AssetMiddleware.php, line 69
Cake\Routing\Middleware\AssetMiddleware->process() C:\Apache24\htdocs\chestcounter\vendor\cakephp\cakephp\src\Http\Runner.php, line 82
Cake\Http\Runner->handle() C:\Apache24\htdocs\chestcounter\vendor\cakephp\cakephp\src\Error\Middleware\ErrorHandlerMiddleware.php, line 115
Cake\Error\Middleware\ErrorHandlerMiddleware->process() C:\Apache24\htdocs\chestcounter\vendor\cakephp\cakephp\src\Http\Runner.php, line 82
Cake\Http\Runner->handle() C:\Apache24\htdocs\chestcounter\vendor\cakephp\cakephp\src\Http\Runner.php, line 60
Cake\Http\Runner->run() C:\Apache24\htdocs\chestcounter\vendor\cakephp\cakephp\src\Http\Server.php, line 104
Cake\Http\Server->run() C:\Apache24\htdocs\chestcounter\webroot\index.php, line 37
[main]

2025-08-17 21:20:48 notice: Since 5.0.0: Calling `findList` finder with options array is deprecated. Use named arguments instead.
C:\Apache24\htdocs\chestcounter\vendor\cakephp\cakephp\src\ORM\Table.php, line: 2627
You can disable all deprecation warnings by setting `Error.errorLevel` to `E_ALL & ~E_USER_DEPRECATED`. Adding `vendor/cakephp/cakephp/src/ORM/Table.php` to `Error.ignoredDeprecationPaths` in your `config/app.php` config will mute deprecations from that file only.
Request URL: /score
Referer URL: http://127.0.0.1/chestcounter/standard-chests/weights
Client IP: 127.0.0.1
Trace:
Cake\Error\ErrorTrap->handleError() [internal], line ??
C:\Apache24\htdocs\chestcounter\vendor\cakephp\cakephp\src\Core\functions.php C:\Apache24\htdocs\chestcounter\vendor\cakephp\cakephp\src\Core\functions.php, line 384
C:\Apache24\htdocs\chestcounter\vendor\cakephp\cakephp\src\ORM\Table.php C:\Apache24\htdocs\chestcounter\vendor\cakephp\cakephp\src\ORM\Table.php, line 2695
Cake\ORM\Table->invokeFinder() C:\Apache24\htdocs\chestcounter\vendor\cakephp\cakephp\src\ORM\Table.php, line 2627
Cake\ORM\Table->callFinder() C:\Apache24\htdocs\chestcounter\vendor\cakephp\cakephp\src\ORM\Table.php, line 1274
Cake\ORM\Table->find() C:\Apache24\htdocs\chestcounter\src\Controller\CollectedChestsController.php, line 157
App\Controller\CollectedChestsController->score() C:\Apache24\htdocs\chestcounter\vendor\cakephp\cakephp\src\Controller\Controller.php, line 505
Cake\Controller\Controller->invokeAction() C:\Apache24\htdocs\chestcounter\vendor\cakephp\cakephp\src\Controller\ControllerFactory.php, line 166
Cake\Controller\ControllerFactory->handle() C:\Apache24\htdocs\chestcounter\vendor\cakephp\cakephp\src\Controller\ControllerFactory.php, line 141
Cake\Controller\ControllerFactory->invoke() C:\Apache24\htdocs\chestcounter\vendor\cakephp\cakephp\src\Http\BaseApplication.php, line 362
Cake\Http\BaseApplication->handle() C:\Apache24\htdocs\chestcounter\vendor\cakephp\cakephp\src\Http\Runner.php, line 86
Cake\Http\Runner->handle() C:\Apache24\htdocs\chestcounter\vendor\cakephp\cakephp\src\Http\Middleware\CsrfProtectionMiddleware.php, line 169
Cake\Http\Middleware\CsrfProtectionMiddleware->process() C:\Apache24\htdocs\chestcounter\vendor\cakephp\cakephp\src\Http\Runner.php, line 82
Cake\Http\Runner->handle() C:\Apache24\htdocs\chestcounter\vendor\cakephp\authentication\src\Middleware\AuthenticationMiddleware.php, line 106
Authentication\Middleware\AuthenticationMiddleware->process() C:\Apache24\htdocs\chestcounter\vendor\cakephp\cakephp\src\Http\Runner.php, line 82
Cake\Http\Runner->handle() C:\Apache24\htdocs\chestcounter\vendor\cakephp\cakephp\src\Http\Middleware\BodyParserMiddleware.php, line 157
Cake\Http\Middleware\BodyParserMiddleware->process() C:\Apache24\htdocs\chestcounter\vendor\cakephp\cakephp\src\Http\Runner.php, line 82
Cake\Http\Runner->handle() C:\Apache24\htdocs\chestcounter\vendor\cakephp\cakephp\src\Routing\Middleware\RoutingMiddleware.php, line 118
Cake\Routing\Middleware\RoutingMiddleware->process() C:\Apache24\htdocs\chestcounter\vendor\cakephp\cakephp\src\Http\Runner.php, line 82
Cake\Http\Runner->handle() C:\Apache24\htdocs\chestcounter\vendor\cakephp\cakephp\src\Routing\Middleware\AssetMiddleware.php, line 69
Cake\Routing\Middleware\AssetMiddleware->process() C:\Apache24\htdocs\chestcounter\vendor\cakephp\cakephp\src\Http\Runner.php, line 82
Cake\Http\Runner->handle() C:\Apache24\htdocs\chestcounter\vendor\cakephp\cakephp\src\Error\Middleware\ErrorHandlerMiddleware.php, line 115
Cake\Error\Middleware\ErrorHandlerMiddleware->process() C:\Apache24\htdocs\chestcounter\vendor\cakephp\cakephp\src\Http\Runner.php, line 82
Cake\Http\Runner->handle() C:\Apache24\htdocs\chestcounter\vendor\cakephp\cakephp\src\Http\Runner.php, line 60
Cake\Http\Runner->run() C:\Apache24\htdocs\chestcounter\vendor\cakephp\cakephp\src\Http\Server.php, line 104
Cake\Http\Server->run() C:\Apache24\htdocs\chestcounter\webroot\index.php, line 37
[main]

2025-08-17 21:20:51 notice: Since 5.0.0: Calling `findList` finder with options array is deprecated. Use named arguments instead.
C:\Apache24\htdocs\chestcounter\vendor\cakephp\cakephp\src\ORM\Table.php, line: 2627
You can disable all deprecation warnings by setting `Error.errorLevel` to `E_ALL & ~E_USER_DEPRECATED`. Adding `vendor/cakephp/cakephp/src/ORM/Table.php` to `Error.ignoredDeprecationPaths` in your `config/app.php` config will mute deprecations from that file only.
Request URL: /score?cycle=1
Referer URL: http://127.0.0.1/chestcounter/score
Client IP: 127.0.0.1
Trace:
Cake\Error\ErrorTrap->handleError() [internal], line ??
C:\Apache24\htdocs\chestcounter\vendor\cakephp\cakephp\src\Core\functions.php C:\Apache24\htdocs\chestcounter\vendor\cakephp\cakephp\src\Core\functions.php, line 384
C:\Apache24\htdocs\chestcounter\vendor\cakephp\cakephp\src\ORM\Table.php C:\Apache24\htdocs\chestcounter\vendor\cakephp\cakephp\src\ORM\Table.php, line 2695
Cake\ORM\Table->invokeFinder() C:\Apache24\htdocs\chestcounter\vendor\cakephp\cakephp\src\ORM\Table.php, line 2627
Cake\ORM\Table->callFinder() C:\Apache24\htdocs\chestcounter\vendor\cakephp\cakephp\src\ORM\Table.php, line 1274
Cake\ORM\Table->find() C:\Apache24\htdocs\chestcounter\src\Controller\CollectedChestsController.php, line 157
App\Controller\CollectedChestsController->score() C:\Apache24\htdocs\chestcounter\vendor\cakephp\cakephp\src\Controller\Controller.php, line 505
Cake\Controller\Controller->invokeAction() C:\Apache24\htdocs\chestcounter\vendor\cakephp\cakephp\src\Controller\ControllerFactory.php, line 166
Cake\Controller\ControllerFactory->handle() C:\Apache24\htdocs\chestcounter\vendor\cakephp\cakephp\src\Controller\ControllerFactory.php, line 141
Cake\Controller\ControllerFactory->invoke() C:\Apache24\htdocs\chestcounter\vendor\cakephp\cakephp\src\Http\BaseApplication.php, line 362
Cake\Http\BaseApplication->handle() C:\Apache24\htdocs\chestcounter\vendor\cakephp\cakephp\src\Http\Runner.php, line 86
Cake\Http\Runner->handle() C:\Apache24\htdocs\chestcounter\vendor\cakephp\cakephp\src\Http\Middleware\CsrfProtectionMiddleware.php, line 169
Cake\Http\Middleware\CsrfProtectionMiddleware->process() C:\Apache24\htdocs\chestcounter\vendor\cakephp\cakephp\src\Http\Runner.php, line 82
Cake\Http\Runner->handle() C:\Apache24\htdocs\chestcounter\vendor\cakephp\authentication\src\Middleware\AuthenticationMiddleware.php, line 106
Authentication\Middleware\AuthenticationMiddleware->process() C:\Apache24\htdocs\chestcounter\vendor\cakephp\cakephp\src\Http\Runner.php, line 82
Cake\Http\Runner->handle() C:\Apache24\htdocs\chestcounter\vendor\cakephp\cakephp\src\Http\Middleware\BodyParserMiddleware.php, line 157
Cake\Http\Middleware\BodyParserMiddleware->process() C:\Apache24\htdocs\chestcounter\vendor\cakephp\cakephp\src\Http\Runner.php, line 82
Cake\Http\Runner->handle() C:\Apache24\htdocs\chestcounter\vendor\cakephp\cakephp\src\Routing\Middleware\RoutingMiddleware.php, line 118
Cake\Routing\Middleware\RoutingMiddleware->process() C:\Apache24\htdocs\chestcounter\vendor\cakephp\cakephp\src\Http\Runner.php, line 82
Cake\Http\Runner->handle() C:\Apache24\htdocs\chestcounter\vendor\cakephp\cakephp\src\Routing\Middleware\AssetMiddleware.php, line 69
Cake\Routing\Middleware\AssetMiddleware->process() C:\Apache24\htdocs\chestcounter\vendor\cakephp\cakephp\src\Http\Runner.php, line 82
Cake\Http\Runner->handle() C:\Apache24\htdocs\chestcounter\vendor\cakephp\cakephp\src\Error\Middleware\ErrorHandlerMiddleware.php, line 115
Cake\Error\Middleware\ErrorHandlerMiddleware->process() C:\Apache24\htdocs\chestcounter\vendor\cakephp\cakephp\src\Http\Runner.php, line 82
Cake\Http\Runner->handle() C:\Apache24\htdocs\chestcounter\vendor\cakephp\cakephp\src\Http\Runner.php, line 60
Cake\Http\Runner->run() C:\Apache24\htdocs\chestcounter\vendor\cakephp\cakephp\src\Http\Server.php, line 104
Cake\Http\Server->run() C:\Apache24\htdocs\chestcounter\webroot\index.php, line 37
[main]

2025-08-17 21:23:27 notice: Since 5.0.0: Calling `findList` finder with options array is deprecated. Use named arguments instead.
C:\Apache24\htdocs\chestcounter\vendor\cakephp\cakephp\src\ORM\Table.php, line: 2627
You can disable all deprecation warnings by setting `Error.errorLevel` to `E_ALL & ~E_USER_DEPRECATED`. Adding `vendor/cakephp/cakephp/src/ORM/Table.php` to `Error.ignoredDeprecationPaths` in your `config/app.php` config will mute deprecations from that file only.
Request URL: /player-cycle-summaries/debug-sources
Client IP: 127.0.0.1
Trace:
Cake\Error\ErrorTrap->handleError() [internal], line ??
C:\Apache24\htdocs\chestcounter\vendor\cakephp\cakephp\src\Core\functions.php C:\Apache24\htdocs\chestcounter\vendor\cakephp\cakephp\src\Core\functions.php, line 384
C:\Apache24\htdocs\chestcounter\vendor\cakephp\cakephp\src\ORM\Table.php C:\Apache24\htdocs\chestcounter\vendor\cakephp\cakephp\src\ORM\Table.php, line 2695
Cake\ORM\Table->invokeFinder() C:\Apache24\htdocs\chestcounter\vendor\cakephp\cakephp\src\ORM\Table.php, line 2627
Cake\ORM\Table->callFinder() C:\Apache24\htdocs\chestcounter\vendor\cakephp\cakephp\src\ORM\Table.php, line 1274
Cake\ORM\Table->find() C:\Apache24\htdocs\chestcounter\src\Controller\PlayerCycleSummariesController.php, line 284
App\Controller\PlayerCycleSummariesController->debugSources() C:\Apache24\htdocs\chestcounter\vendor\cakephp\cakephp\src\Controller\Controller.php, line 505
Cake\Controller\Controller->invokeAction() C:\Apache24\htdocs\chestcounter\vendor\cakephp\cakephp\src\Controller\ControllerFactory.php, line 166
Cake\Controller\ControllerFactory->handle() C:\Apache24\htdocs\chestcounter\vendor\cakephp\cakephp\src\Controller\ControllerFactory.php, line 141
Cake\Controller\ControllerFactory->invoke() C:\Apache24\htdocs\chestcounter\vendor\cakephp\cakephp\src\Http\BaseApplication.php, line 362
Cake\Http\BaseApplication->handle() C:\Apache24\htdocs\chestcounter\vendor\cakephp\cakephp\src\Http\Runner.php, line 86
Cake\Http\Runner->handle() C:\Apache24\htdocs\chestcounter\vendor\cakephp\cakephp\src\Http\Middleware\CsrfProtectionMiddleware.php, line 169
Cake\Http\Middleware\CsrfProtectionMiddleware->process() C:\Apache24\htdocs\chestcounter\vendor\cakephp\cakephp\src\Http\Runner.php, line 82
Cake\Http\Runner->handle() C:\Apache24\htdocs\chestcounter\vendor\cakephp\authentication\src\Middleware\AuthenticationMiddleware.php, line 106
Authentication\Middleware\AuthenticationMiddleware->process() C:\Apache24\htdocs\chestcounter\vendor\cakephp\cakephp\src\Http\Runner.php, line 82
Cake\Http\Runner->handle() C:\Apache24\htdocs\chestcounter\vendor\cakephp\cakephp\src\Http\Middleware\BodyParserMiddleware.php, line 157
Cake\Http\Middleware\BodyParserMiddleware->process() C:\Apache24\htdocs\chestcounter\vendor\cakephp\cakephp\src\Http\Runner.php, line 82
Cake\Http\Runner->handle() C:\Apache24\htdocs\chestcounter\vendor\cakephp\cakephp\src\Routing\Middleware\RoutingMiddleware.php, line 118
Cake\Routing\Middleware\RoutingMiddleware->process() C:\Apache24\htdocs\chestcounter\vendor\cakephp\cakephp\src\Http\Runner.php, line 82
Cake\Http\Runner->handle() C:\Apache24\htdocs\chestcounter\vendor\cakephp\cakephp\src\Routing\Middleware\AssetMiddleware.php, line 69
Cake\Routing\Middleware\AssetMiddleware->process() C:\Apache24\htdocs\chestcounter\vendor\cakephp\cakephp\src\Http\Runner.php, line 82
Cake\Http\Runner->handle() C:\Apache24\htdocs\chestcounter\vendor\cakephp\cakephp\src\Error\Middleware\ErrorHandlerMiddleware.php, line 115
Cake\Error\Middleware\ErrorHandlerMiddleware->process() C:\Apache24\htdocs\chestcounter\vendor\cakephp\cakephp\src\Http\Runner.php, line 82
Cake\Http\Runner->handle() C:\Apache24\htdocs\chestcounter\vendor\cakephp\cakephp\src\Http\Runner.php, line 60
Cake\Http\Runner->run() C:\Apache24\htdocs\chestcounter\vendor\cakephp\cakephp\src\Http\Server.php, line 104
Cake\Http\Server->run() C:\Apache24\htdocs\chestcounter\webroot\index.php, line 37
[main]

2025-08-17 21:26:23 notice: Since 5.0.0: Calling `findList` finder with options array is deprecated. Use named arguments instead.
C:\Apache24\htdocs\chestcounter\vendor\cakephp\cakephp\src\ORM\Table.php, line: 2627
You can disable all deprecation warnings by setting `Error.errorLevel` to `E_ALL & ~E_USER_DEPRECATED`. Adding `vendor/cakephp/cakephp/src/ORM/Table.php` to `Error.ignoredDeprecationPaths` in your `config/app.php` config will mute deprecations from that file only.
Request URL: /score?cycle=1
Client IP: 127.0.0.1
Trace:
Cake\Error\ErrorTrap->handleError() [internal], line ??
C:\Apache24\htdocs\chestcounter\vendor\cakephp\cakephp\src\Core\functions.php C:\Apache24\htdocs\chestcounter\vendor\cakephp\cakephp\src\Core\functions.php, line 384
C:\Apache24\htdocs\chestcounter\vendor\cakephp\cakephp\src\ORM\Table.php C:\Apache24\htdocs\chestcounter\vendor\cakephp\cakephp\src\ORM\Table.php, line 2695
Cake\ORM\Table->invokeFinder() C:\Apache24\htdocs\chestcounter\vendor\cakephp\cakephp\src\ORM\Table.php, line 2627
Cake\ORM\Table->callFinder() C:\Apache24\htdocs\chestcounter\vendor\cakephp\cakephp\src\ORM\Table.php, line 1274
Cake\ORM\Table->find() C:\Apache24\htdocs\chestcounter\src\Controller\CollectedChestsController.php, line 157
App\Controller\CollectedChestsController->score() C:\Apache24\htdocs\chestcounter\vendor\cakephp\cakephp\src\Controller\Controller.php, line 505
Cake\Controller\Controller->invokeAction() C:\Apache24\htdocs\chestcounter\vendor\cakephp\cakephp\src\Controller\ControllerFactory.php, line 166
Cake\Controller\ControllerFactory->handle() C:\Apache24\htdocs\chestcounter\vendor\cakephp\cakephp\src\Controller\ControllerFactory.php, line 141
Cake\Controller\ControllerFactory->invoke() C:\Apache24\htdocs\chestcounter\vendor\cakephp\cakephp\src\Http\BaseApplication.php, line 362
Cake\Http\BaseApplication->handle() C:\Apache24\htdocs\chestcounter\vendor\cakephp\cakephp\src\Http\Runner.php, line 86
Cake\Http\Runner->handle() C:\Apache24\htdocs\chestcounter\vendor\cakephp\cakephp\src\Http\Middleware\CsrfProtectionMiddleware.php, line 169
Cake\Http\Middleware\CsrfProtectionMiddleware->process() C:\Apache24\htdocs\chestcounter\vendor\cakephp\cakephp\src\Http\Runner.php, line 82
Cake\Http\Runner->handle() C:\Apache24\htdocs\chestcounter\vendor\cakephp\authentication\src\Middleware\AuthenticationMiddleware.php, line 106
Authentication\Middleware\AuthenticationMiddleware->process() C:\Apache24\htdocs\chestcounter\vendor\cakephp\cakephp\src\Http\Runner.php, line 82
Cake\Http\Runner->handle() C:\Apache24\htdocs\chestcounter\vendor\cakephp\cakephp\src\Http\Middleware\BodyParserMiddleware.php, line 157
Cake\Http\Middleware\BodyParserMiddleware->process() C:\Apache24\htdocs\chestcounter\vendor\cakephp\cakephp\src\Http\Runner.php, line 82
Cake\Http\Runner->handle() C:\Apache24\htdocs\chestcounter\vendor\cakephp\cakephp\src\Routing\Middleware\RoutingMiddleware.php, line 118
Cake\Routing\Middleware\RoutingMiddleware->process() C:\Apache24\htdocs\chestcounter\vendor\cakephp\cakephp\src\Http\Runner.php, line 82
Cake\Http\Runner->handle() C:\Apache24\htdocs\chestcounter\vendor\cakephp\cakephp\src\Routing\Middleware\AssetMiddleware.php, line 69
Cake\Routing\Middleware\AssetMiddleware->process() C:\Apache24\htdocs\chestcounter\vendor\cakephp\cakephp\src\Http\Runner.php, line 82
Cake\Http\Runner->handle() C:\Apache24\htdocs\chestcounter\vendor\cakephp\cakephp\src\Error\Middleware\ErrorHandlerMiddleware.php, line 115
Cake\Error\Middleware\ErrorHandlerMiddleware->process() C:\Apache24\htdocs\chestcounter\vendor\cakephp\cakephp\src\Http\Runner.php, line 82
Cake\Http\Runner->handle() C:\Apache24\htdocs\chestcounter\vendor\cakephp\cakephp\src\Http\Runner.php, line 60
Cake\Http\Runner->run() C:\Apache24\htdocs\chestcounter\vendor\cakephp\cakephp\src\Http\Server.php, line 104
Cake\Http\Server->run() C:\Apache24\htdocs\chestcounter\webroot\index.php, line 37
[main]

2025-08-17 21:54:09 notice: Since 5.0.0: Calling `findList` finder with options array is deprecated. Use named arguments instead.
C:\Apache24\htdocs\chestcounter\vendor\cakephp\cakephp\src\ORM\Table.php, line: 2627
You can disable all deprecation warnings by setting `Error.errorLevel` to `E_ALL & ~E_USER_DEPRECATED`. Adding `vendor/cakephp/cakephp/src/ORM/Table.php` to `Error.ignoredDeprecationPaths` in your `config/app.php` config will mute deprecations from that file only.
Request URL: /score
Referer URL: http://127.0.0.1/chestcounter/standard-chests/weights
Client IP: 127.0.0.1
Trace:
Cake\Error\ErrorTrap->handleError() [internal], line ??
C:\Apache24\htdocs\chestcounter\vendor\cakephp\cakephp\src\Core\functions.php C:\Apache24\htdocs\chestcounter\vendor\cakephp\cakephp\src\Core\functions.php, line 384
C:\Apache24\htdocs\chestcounter\vendor\cakephp\cakephp\src\ORM\Table.php C:\Apache24\htdocs\chestcounter\vendor\cakephp\cakephp\src\ORM\Table.php, line 2695
Cake\ORM\Table->invokeFinder() C:\Apache24\htdocs\chestcounter\vendor\cakephp\cakephp\src\ORM\Table.php, line 2627
Cake\ORM\Table->callFinder() C:\Apache24\htdocs\chestcounter\vendor\cakephp\cakephp\src\ORM\Table.php, line 1274
Cake\ORM\Table->find() C:\Apache24\htdocs\chestcounter\src\Controller\CollectedChestsController.php, line 157
App\Controller\CollectedChestsController->score() C:\Apache24\htdocs\chestcounter\vendor\cakephp\cakephp\src\Controller\Controller.php, line 505
Cake\Controller\Controller->invokeAction() C:\Apache24\htdocs\chestcounter\vendor\cakephp\cakephp\src\Controller\ControllerFactory.php, line 166
Cake\Controller\ControllerFactory->handle() C:\Apache24\htdocs\chestcounter\vendor\cakephp\cakephp\src\Controller\ControllerFactory.php, line 141
Cake\Controller\ControllerFactory->invoke() C:\Apache24\htdocs\chestcounter\vendor\cakephp\cakephp\src\Http\BaseApplication.php, line 362
Cake\Http\BaseApplication->handle() C:\Apache24\htdocs\chestcounter\vendor\cakephp\cakephp\src\Http\Runner.php, line 86
Cake\Http\Runner->handle() C:\Apache24\htdocs\chestcounter\vendor\cakephp\cakephp\src\Http\Middleware\CsrfProtectionMiddleware.php, line 169
Cake\Http\Middleware\CsrfProtectionMiddleware->process() C:\Apache24\htdocs\chestcounter\vendor\cakephp\cakephp\src\Http\Runner.php, line 82
Cake\Http\Runner->handle() C:\Apache24\htdocs\chestcounter\vendor\cakephp\authentication\src\Middleware\AuthenticationMiddleware.php, line 106
Authentication\Middleware\AuthenticationMiddleware->process() C:\Apache24\htdocs\chestcounter\vendor\cakephp\cakephp\src\Http\Runner.php, line 82
Cake\Http\Runner->handle() C:\Apache24\htdocs\chestcounter\vendor\cakephp\cakephp\src\Http\Middleware\BodyParserMiddleware.php, line 157
Cake\Http\Middleware\BodyParserMiddleware->process() C:\Apache24\htdocs\chestcounter\vendor\cakephp\cakephp\src\Http\Runner.php, line 82
Cake\Http\Runner->handle() C:\Apache24\htdocs\chestcounter\vendor\cakephp\cakephp\src\Routing\Middleware\RoutingMiddleware.php, line 118
Cake\Routing\Middleware\RoutingMiddleware->process() C:\Apache24\htdocs\chestcounter\vendor\cakephp\cakephp\src\Http\Runner.php, line 82
Cake\Http\Runner->handle() C:\Apache24\htdocs\chestcounter\vendor\cakephp\cakephp\src\Routing\Middleware\AssetMiddleware.php, line 69
Cake\Routing\Middleware\AssetMiddleware->process() C:\Apache24\htdocs\chestcounter\vendor\cakephp\cakephp\src\Http\Runner.php, line 82
Cake\Http\Runner->handle() C:\Apache24\htdocs\chestcounter\vendor\cakephp\cakephp\src\Error\Middleware\ErrorHandlerMiddleware.php, line 115
Cake\Error\Middleware\ErrorHandlerMiddleware->process() C:\Apache24\htdocs\chestcounter\vendor\cakephp\cakephp\src\Http\Runner.php, line 82
Cake\Http\Runner->handle() C:\Apache24\htdocs\chestcounter\vendor\cakephp\cakephp\src\Http\Runner.php, line 60
Cake\Http\Runner->run() C:\Apache24\htdocs\chestcounter\vendor\cakephp\cakephp\src\Http\Server.php, line 104
Cake\Http\Server->run() C:\Apache24\htdocs\chestcounter\webroot\index.php, line 37
[main]

2025-08-17 21:54:13 notice: Since 5.0.0: Calling `findList` finder with options array is deprecated. Use named arguments instead.
C:\Apache24\htdocs\chestcounter\vendor\cakephp\cakephp\src\ORM\Table.php, line: 2627
You can disable all deprecation warnings by setting `Error.errorLevel` to `E_ALL & ~E_USER_DEPRECATED`. Adding `vendor/cakephp/cakephp/src/ORM/Table.php` to `Error.ignoredDeprecationPaths` in your `config/app.php` config will mute deprecations from that file only.
Request URL: /score?cycle=1
Referer URL: http://127.0.0.1/chestcounter/score
Client IP: 127.0.0.1
Trace:
Cake\Error\ErrorTrap->handleError() [internal], line ??
C:\Apache24\htdocs\chestcounter\vendor\cakephp\cakephp\src\Core\functions.php C:\Apache24\htdocs\chestcounter\vendor\cakephp\cakephp\src\Core\functions.php, line 384
C:\Apache24\htdocs\chestcounter\vendor\cakephp\cakephp\src\ORM\Table.php C:\Apache24\htdocs\chestcounter\vendor\cakephp\cakephp\src\ORM\Table.php, line 2695
Cake\ORM\Table->invokeFinder() C:\Apache24\htdocs\chestcounter\vendor\cakephp\cakephp\src\ORM\Table.php, line 2627
Cake\ORM\Table->callFinder() C:\Apache24\htdocs\chestcounter\vendor\cakephp\cakephp\src\ORM\Table.php, line 1274
Cake\ORM\Table->find() C:\Apache24\htdocs\chestcounter\src\Controller\CollectedChestsController.php, line 157
App\Controller\CollectedChestsController->score() C:\Apache24\htdocs\chestcounter\vendor\cakephp\cakephp\src\Controller\Controller.php, line 505
Cake\Controller\Controller->invokeAction() C:\Apache24\htdocs\chestcounter\vendor\cakephp\cakephp\src\Controller\ControllerFactory.php, line 166
Cake\Controller\ControllerFactory->handle() C:\Apache24\htdocs\chestcounter\vendor\cakephp\cakephp\src\Controller\ControllerFactory.php, line 141
Cake\Controller\ControllerFactory->invoke() C:\Apache24\htdocs\chestcounter\vendor\cakephp\cakephp\src\Http\BaseApplication.php, line 362
Cake\Http\BaseApplication->handle() C:\Apache24\htdocs\chestcounter\vendor\cakephp\cakephp\src\Http\Runner.php, line 86
Cake\Http\Runner->handle() C:\Apache24\htdocs\chestcounter\vendor\cakephp\cakephp\src\Http\Middleware\CsrfProtectionMiddleware.php, line 169
Cake\Http\Middleware\CsrfProtectionMiddleware->process() C:\Apache24\htdocs\chestcounter\vendor\cakephp\cakephp\src\Http\Runner.php, line 82
Cake\Http\Runner->handle() C:\Apache24\htdocs\chestcounter\vendor\cakephp\authentication\src\Middleware\AuthenticationMiddleware.php, line 106
Authentication\Middleware\AuthenticationMiddleware->process() C:\Apache24\htdocs\chestcounter\vendor\cakephp\cakephp\src\Http\Runner.php, line 82
Cake\Http\Runner->handle() C:\Apache24\htdocs\chestcounter\vendor\cakephp\cakephp\src\Http\Middleware\BodyParserMiddleware.php, line 157
Cake\Http\Middleware\BodyParserMiddleware->process() C:\Apache24\htdocs\chestcounter\vendor\cakephp\cakephp\src\Http\Runner.php, line 82
Cake\Http\Runner->handle() C:\Apache24\htdocs\chestcounter\vendor\cakephp\cakephp\src\Routing\Middleware\RoutingMiddleware.php, line 118
Cake\Routing\Middleware\RoutingMiddleware->process() C:\Apache24\htdocs\chestcounter\vendor\cakephp\cakephp\src\Http\Runner.php, line 82
Cake\Http\Runner->handle() C:\Apache24\htdocs\chestcounter\vendor\cakephp\cakephp\src\Routing\Middleware\AssetMiddleware.php, line 69
Cake\Routing\Middleware\AssetMiddleware->process() C:\Apache24\htdocs\chestcounter\vendor\cakephp\cakephp\src\Http\Runner.php, line 82
Cake\Http\Runner->handle() C:\Apache24\htdocs\chestcounter\vendor\cakephp\cakephp\src\Error\Middleware\ErrorHandlerMiddleware.php, line 115
Cake\Error\Middleware\ErrorHandlerMiddleware->process() C:\Apache24\htdocs\chestcounter\vendor\cakephp\cakephp\src\Http\Runner.php, line 82
Cake\Http\Runner->handle() C:\Apache24\htdocs\chestcounter\vendor\cakephp\cakephp\src\Http\Runner.php, line 60
Cake\Http\Runner->run() C:\Apache24\htdocs\chestcounter\vendor\cakephp\cakephp\src\Http\Server.php, line 104
Cake\Http\Server->run() C:\Apache24\htdocs\chestcounter\webroot\index.php, line 37
[main]

2025-08-17 21:55:16 notice: Since 5.0.0: Calling `findList` finder with options array is deprecated. Use named arguments instead.
C:\Apache24\htdocs\chestcounter\vendor\cakephp\cakephp\src\ORM\Table.php, line: 2627
You can disable all deprecation warnings by setting `Error.errorLevel` to `E_ALL & ~E_USER_DEPRECATED`. Adding `vendor/cakephp/cakephp/src/ORM/Table.php` to `Error.ignoredDeprecationPaths` in your `config/app.php` config will mute deprecations from that file only.
Request URL: /score?cycle=1
Client IP: 127.0.0.1
Trace:
Cake\Error\ErrorTrap->handleError() [internal], line ??
C:\Apache24\htdocs\chestcounter\vendor\cakephp\cakephp\src\Core\functions.php C:\Apache24\htdocs\chestcounter\vendor\cakephp\cakephp\src\Core\functions.php, line 384
C:\Apache24\htdocs\chestcounter\vendor\cakephp\cakephp\src\ORM\Table.php C:\Apache24\htdocs\chestcounter\vendor\cakephp\cakephp\src\ORM\Table.php, line 2695
Cake\ORM\Table->invokeFinder() C:\Apache24\htdocs\chestcounter\vendor\cakephp\cakephp\src\ORM\Table.php, line 2627
Cake\ORM\Table->callFinder() C:\Apache24\htdocs\chestcounter\vendor\cakephp\cakephp\src\ORM\Table.php, line 1274
Cake\ORM\Table->find() C:\Apache24\htdocs\chestcounter\src\Controller\CollectedChestsController.php, line 157
App\Controller\CollectedChestsController->score() C:\Apache24\htdocs\chestcounter\vendor\cakephp\cakephp\src\Controller\Controller.php, line 505
Cake\Controller\Controller->invokeAction() C:\Apache24\htdocs\chestcounter\vendor\cakephp\cakephp\src\Controller\ControllerFactory.php, line 166
Cake\Controller\ControllerFactory->handle() C:\Apache24\htdocs\chestcounter\vendor\cakephp\cakephp\src\Controller\ControllerFactory.php, line 141
Cake\Controller\ControllerFactory->invoke() C:\Apache24\htdocs\chestcounter\vendor\cakephp\cakephp\src\Http\BaseApplication.php, line 362
Cake\Http\BaseApplication->handle() C:\Apache24\htdocs\chestcounter\vendor\cakephp\cakephp\src\Http\Runner.php, line 86
Cake\Http\Runner->handle() C:\Apache24\htdocs\chestcounter\vendor\cakephp\cakephp\src\Http\Middleware\CsrfProtectionMiddleware.php, line 169
Cake\Http\Middleware\CsrfProtectionMiddleware->process() C:\Apache24\htdocs\chestcounter\vendor\cakephp\cakephp\src\Http\Runner.php, line 82
Cake\Http\Runner->handle() C:\Apache24\htdocs\chestcounter\vendor\cakephp\authentication\src\Middleware\AuthenticationMiddleware.php, line 106
Authentication\Middleware\AuthenticationMiddleware->process() C:\Apache24\htdocs\chestcounter\vendor\cakephp\cakephp\src\Http\Runner.php, line 82
Cake\Http\Runner->handle() C:\Apache24\htdocs\chestcounter\vendor\cakephp\cakephp\src\Http\Middleware\BodyParserMiddleware.php, line 157
Cake\Http\Middleware\BodyParserMiddleware->process() C:\Apache24\htdocs\chestcounter\vendor\cakephp\cakephp\src\Http\Runner.php, line 82
Cake\Http\Runner->handle() C:\Apache24\htdocs\chestcounter\vendor\cakephp\cakephp\src\Routing\Middleware\RoutingMiddleware.php, line 118
Cake\Routing\Middleware\RoutingMiddleware->process() C:\Apache24\htdocs\chestcounter\vendor\cakephp\cakephp\src\Http\Runner.php, line 82
Cake\Http\Runner->handle() C:\Apache24\htdocs\chestcounter\vendor\cakephp\cakephp\src\Routing\Middleware\AssetMiddleware.php, line 69
Cake\Routing\Middleware\AssetMiddleware->process() C:\Apache24\htdocs\chestcounter\vendor\cakephp\cakephp\src\Http\Runner.php, line 82
Cake\Http\Runner->handle() C:\Apache24\htdocs\chestcounter\vendor\cakephp\cakephp\src\Error\Middleware\ErrorHandlerMiddleware.php, line 115
Cake\Error\Middleware\ErrorHandlerMiddleware->process() C:\Apache24\htdocs\chestcounter\vendor\cakephp\cakephp\src\Http\Runner.php, line 82
Cake\Http\Runner->handle() C:\Apache24\htdocs\chestcounter\vendor\cakephp\cakephp\src\Http\Runner.php, line 60
Cake\Http\Runner->run() C:\Apache24\htdocs\chestcounter\vendor\cakephp\cakephp\src\Http\Server.php, line 104
Cake\Http\Server->run() C:\Apache24\htdocs\chestcounter\webroot\index.php, line 37
[main]

2025-08-17 21:57:13 notice: Since 5.0.0: Calling `findList` finder with options array is deprecated. Use named arguments instead.
C:\Apache24\htdocs\chestcounter\vendor\cakephp\cakephp\src\ORM\Table.php, line: 2627
You can disable all deprecation warnings by setting `Error.errorLevel` to `E_ALL & ~E_USER_DEPRECATED`. Adding `vendor/cakephp/cakephp/src/ORM/Table.php` to `Error.ignoredDeprecationPaths` in your `config/app.php` config will mute deprecations from that file only.
Request URL: /score?cycle=1
Client IP: 127.0.0.1
Trace:
Cake\Error\ErrorTrap->handleError() [internal], line ??
C:\Apache24\htdocs\chestcounter\vendor\cakephp\cakephp\src\Core\functions.php C:\Apache24\htdocs\chestcounter\vendor\cakephp\cakephp\src\Core\functions.php, line 384
C:\Apache24\htdocs\chestcounter\vendor\cakephp\cakephp\src\ORM\Table.php C:\Apache24\htdocs\chestcounter\vendor\cakephp\cakephp\src\ORM\Table.php, line 2695
Cake\ORM\Table->invokeFinder() C:\Apache24\htdocs\chestcounter\vendor\cakephp\cakephp\src\ORM\Table.php, line 2627
Cake\ORM\Table->callFinder() C:\Apache24\htdocs\chestcounter\vendor\cakephp\cakephp\src\ORM\Table.php, line 1274
Cake\ORM\Table->find() C:\Apache24\htdocs\chestcounter\src\Controller\CollectedChestsController.php, line 157
App\Controller\CollectedChestsController->score() C:\Apache24\htdocs\chestcounter\vendor\cakephp\cakephp\src\Controller\Controller.php, line 505
Cake\Controller\Controller->invokeAction() C:\Apache24\htdocs\chestcounter\vendor\cakephp\cakephp\src\Controller\ControllerFactory.php, line 166
Cake\Controller\ControllerFactory->handle() C:\Apache24\htdocs\chestcounter\vendor\cakephp\cakephp\src\Controller\ControllerFactory.php, line 141
Cake\Controller\ControllerFactory->invoke() C:\Apache24\htdocs\chestcounter\vendor\cakephp\cakephp\src\Http\BaseApplication.php, line 362
Cake\Http\BaseApplication->handle() C:\Apache24\htdocs\chestcounter\vendor\cakephp\cakephp\src\Http\Runner.php, line 86
Cake\Http\Runner->handle() C:\Apache24\htdocs\chestcounter\vendor\cakephp\cakephp\src\Http\Middleware\CsrfProtectionMiddleware.php, line 169
Cake\Http\Middleware\CsrfProtectionMiddleware->process() C:\Apache24\htdocs\chestcounter\vendor\cakephp\cakephp\src\Http\Runner.php, line 82
Cake\Http\Runner->handle() C:\Apache24\htdocs\chestcounter\vendor\cakephp\authentication\src\Middleware\AuthenticationMiddleware.php, line 106
Authentication\Middleware\AuthenticationMiddleware->process() C:\Apache24\htdocs\chestcounter\vendor\cakephp\cakephp\src\Http\Runner.php, line 82
Cake\Http\Runner->handle() C:\Apache24\htdocs\chestcounter\vendor\cakephp\cakephp\src\Http\Middleware\BodyParserMiddleware.php, line 157
Cake\Http\Middleware\BodyParserMiddleware->process() C:\Apache24\htdocs\chestcounter\vendor\cakephp\cakephp\src\Http\Runner.php, line 82
Cake\Http\Runner->handle() C:\Apache24\htdocs\chestcounter\vendor\cakephp\cakephp\src\Routing\Middleware\RoutingMiddleware.php, line 118
Cake\Routing\Middleware\RoutingMiddleware->process() C:\Apache24\htdocs\chestcounter\vendor\cakephp\cakephp\src\Http\Runner.php, line 82
Cake\Http\Runner->handle() C:\Apache24\htdocs\chestcounter\vendor\cakephp\cakephp\src\Routing\Middleware\AssetMiddleware.php, line 69
Cake\Routing\Middleware\AssetMiddleware->process() C:\Apache24\htdocs\chestcounter\vendor\cakephp\cakephp\src\Http\Runner.php, line 82
Cake\Http\Runner->handle() C:\Apache24\htdocs\chestcounter\vendor\cakephp\cakephp\src\Error\Middleware\ErrorHandlerMiddleware.php, line 115
Cake\Error\Middleware\ErrorHandlerMiddleware->process() C:\Apache24\htdocs\chestcounter\vendor\cakephp\cakephp\src\Http\Runner.php, line 82
Cake\Http\Runner->handle() C:\Apache24\htdocs\chestcounter\vendor\cakephp\cakephp\src\Http\Runner.php, line 60
Cake\Http\Runner->run() C:\Apache24\htdocs\chestcounter\vendor\cakephp\cakephp\src\Http\Server.php, line 104
Cake\Http\Server->run() C:\Apache24\htdocs\chestcounter\webroot\index.php, line 37
[main]

2025-08-26 17:16:06 notice: Since 5.0.0: Calling `findList` finder with options array is deprecated. Use named arguments instead.
C:\Apache24\htdocs\chestcounter\vendor\cakephp\cakephp\src\ORM\Table.php, line: 2627
You can disable all deprecation warnings by setting `Error.errorLevel` to `E_ALL & ~E_USER_DEPRECATED`. Adding `vendor/cakephp/cakephp/src/ORM/Table.php` to `Error.ignoredDeprecationPaths` in your `config/app.php` config will mute deprecations from that file only.
Request URL: /score?cycle=1
Referer URL: http://127.0.0.1/chestcounter/score
Client IP: 127.0.0.1
Trace:
Cake\Error\ErrorTrap->handleError() [internal], line ??
C:\Apache24\htdocs\chestcounter\vendor\cakephp\cakephp\src\Core\functions.php C:\Apache24\htdocs\chestcounter\vendor\cakephp\cakephp\src\Core\functions.php, line 384
C:\Apache24\htdocs\chestcounter\vendor\cakephp\cakephp\src\ORM\Table.php C:\Apache24\htdocs\chestcounter\vendor\cakephp\cakephp\src\ORM\Table.php, line 2695
Cake\ORM\Table->invokeFinder() C:\Apache24\htdocs\chestcounter\vendor\cakephp\cakephp\src\ORM\Table.php, line 2627
Cake\ORM\Table->callFinder() C:\Apache24\htdocs\chestcounter\vendor\cakephp\cakephp\src\ORM\Table.php, line 1274
Cake\ORM\Table->find() C:\Apache24\htdocs\chestcounter\src\Controller\CollectedChestsController.php, line 157
App\Controller\CollectedChestsController->score() C:\Apache24\htdocs\chestcounter\vendor\cakephp\cakephp\src\Controller\Controller.php, line 505
Cake\Controller\Controller->invokeAction() C:\Apache24\htdocs\chestcounter\vendor\cakephp\cakephp\src\Controller\ControllerFactory.php, line 166
Cake\Controller\ControllerFactory->handle() C:\Apache24\htdocs\chestcounter\vendor\cakephp\cakephp\src\Controller\ControllerFactory.php, line 141
Cake\Controller\ControllerFactory->invoke() C:\Apache24\htdocs\chestcounter\vendor\cakephp\cakephp\src\Http\BaseApplication.php, line 362
Cake\Http\BaseApplication->handle() C:\Apache24\htdocs\chestcounter\vendor\cakephp\cakephp\src\Http\Runner.php, line 86
Cake\Http\Runner->handle() C:\Apache24\htdocs\chestcounter\vendor\cakephp\cakephp\src\Http\Middleware\CsrfProtectionMiddleware.php, line 169
Cake\Http\Middleware\CsrfProtectionMiddleware->process() C:\Apache24\htdocs\chestcounter\vendor\cakephp\cakephp\src\Http\Runner.php, line 82
Cake\Http\Runner->handle() C:\Apache24\htdocs\chestcounter\vendor\cakephp\authentication\src\Middleware\AuthenticationMiddleware.php, line 106
Authentication\Middleware\AuthenticationMiddleware->process() C:\Apache24\htdocs\chestcounter\vendor\cakephp\cakephp\src\Http\Runner.php, line 82
Cake\Http\Runner->handle() C:\Apache24\htdocs\chestcounter\vendor\cakephp\cakephp\src\Http\Middleware\BodyParserMiddleware.php, line 157
Cake\Http\Middleware\BodyParserMiddleware->process() C:\Apache24\htdocs\chestcounter\vendor\cakephp\cakephp\src\Http\Runner.php, line 82
Cake\Http\Runner->handle() C:\Apache24\htdocs\chestcounter\vendor\cakephp\cakephp\src\Routing\Middleware\RoutingMiddleware.php, line 118
Cake\Routing\Middleware\RoutingMiddleware->process() C:\Apache24\htdocs\chestcounter\vendor\cakephp\cakephp\src\Http\Runner.php, line 82
Cake\Http\Runner->handle() C:\Apache24\htdocs\chestcounter\vendor\cakephp\cakephp\src\Routing\Middleware\AssetMiddleware.php, line 69
Cake\Routing\Middleware\AssetMiddleware->process() C:\Apache24\htdocs\chestcounter\vendor\cakephp\cakephp\src\Http\Runner.php, line 82
Cake\Http\Runner->handle() C:\Apache24\htdocs\chestcounter\vendor\cakephp\cakephp\src\Error\Middleware\ErrorHandlerMiddleware.php, line 115
Cake\Error\Middleware\ErrorHandlerMiddleware->process() C:\Apache24\htdocs\chestcounter\vendor\cakephp\cakephp\src\Http\Runner.php, line 82
Cake\Http\Runner->handle() C:\Apache24\htdocs\chestcounter\vendor\cakephp\cakephp\src\Http\Runner.php, line 60
Cake\Http\Runner->run() C:\Apache24\htdocs\chestcounter\vendor\cakephp\cakephp\src\Http\Server.php, line 104
Cake\Http\Server->run() C:\Apache24\htdocs\chestcounter\webroot\index.php, line 37
[main]

2025-09-12 02:41:55 notice: Since 5.0.0: Calling `findList` finder with options array is deprecated. Use named arguments instead.
C:\Apache24\htdocs\chestcounter\vendor\cakephp\cakephp\src\ORM\Table.php, line: 2627
You can disable all deprecation warnings by setting `Error.errorLevel` to `E_ALL & ~E_USER_DEPRECATED`. Adding `vendor/cakephp/cakephp/src/ORM/Table.php` to `Error.ignoredDeprecationPaths` in your `config/app.php` config will mute deprecations from that file only.
Request URL: /score
Client IP: 127.0.0.1
Trace:
Cake\Error\ErrorTrap->handleError() [internal], line ??
C:\Apache24\htdocs\chestcounter\vendor\cakephp\cakephp\src\Core\functions.php C:\Apache24\htdocs\chestcounter\vendor\cakephp\cakephp\src\Core\functions.php, line 384
C:\Apache24\htdocs\chestcounter\vendor\cakephp\cakephp\src\ORM\Table.php C:\Apache24\htdocs\chestcounter\vendor\cakephp\cakephp\src\ORM\Table.php, line 2695
Cake\ORM\Table->invokeFinder() C:\Apache24\htdocs\chestcounter\vendor\cakephp\cakephp\src\ORM\Table.php, line 2627
Cake\ORM\Table->callFinder() C:\Apache24\htdocs\chestcounter\vendor\cakephp\cakephp\src\ORM\Table.php, line 1274
Cake\ORM\Table->find() C:\Apache24\htdocs\chestcounter\src\Controller\CollectedChestsController.php, line 157
App\Controller\CollectedChestsController->score() C:\Apache24\htdocs\chestcounter\vendor\cakephp\cakephp\src\Controller\Controller.php, line 505
Cake\Controller\Controller->invokeAction() C:\Apache24\htdocs\chestcounter\vendor\cakephp\cakephp\src\Controller\ControllerFactory.php, line 166
Cake\Controller\ControllerFactory->handle() C:\Apache24\htdocs\chestcounter\vendor\cakephp\cakephp\src\Controller\ControllerFactory.php, line 141
Cake\Controller\ControllerFactory->invoke() C:\Apache24\htdocs\chestcounter\vendor\cakephp\cakephp\src\Http\BaseApplication.php, line 362
Cake\Http\BaseApplication->handle() C:\Apache24\htdocs\chestcounter\vendor\cakephp\cakephp\src\Http\Runner.php, line 86
Cake\Http\Runner->handle() C:\Apache24\htdocs\chestcounter\vendor\cakephp\cakephp\src\Http\Middleware\CsrfProtectionMiddleware.php, line 159
Cake\Http\Middleware\CsrfProtectionMiddleware->process() C:\Apache24\htdocs\chestcounter\vendor\cakephp\cakephp\src\Http\Runner.php, line 82
Cake\Http\Runner->handle() C:\Apache24\htdocs\chestcounter\vendor\cakephp\authentication\src\Middleware\AuthenticationMiddleware.php, line 106
Authentication\Middleware\AuthenticationMiddleware->process() C:\Apache24\htdocs\chestcounter\vendor\cakephp\cakephp\src\Http\Runner.php, line 82
Cake\Http\Runner->handle() C:\Apache24\htdocs\chestcounter\vendor\cakephp\cakephp\src\Http\Middleware\BodyParserMiddleware.php, line 157
Cake\Http\Middleware\BodyParserMiddleware->process() C:\Apache24\htdocs\chestcounter\vendor\cakephp\cakephp\src\Http\Runner.php, line 82
Cake\Http\Runner->handle() C:\Apache24\htdocs\chestcounter\vendor\cakephp\cakephp\src\Routing\Middleware\RoutingMiddleware.php, line 118
Cake\Routing\Middleware\RoutingMiddleware->process() C:\Apache24\htdocs\chestcounter\vendor\cakephp\cakephp\src\Http\Runner.php, line 82
Cake\Http\Runner->handle() C:\Apache24\htdocs\chestcounter\vendor\cakephp\cakephp\src\Routing\Middleware\AssetMiddleware.php, line 69
Cake\Routing\Middleware\AssetMiddleware->process() C:\Apache24\htdocs\chestcounter\vendor\cakephp\cakephp\src\Http\Runner.php, line 82
Cake\Http\Runner->handle() C:\Apache24\htdocs\chestcounter\vendor\cakephp\cakephp\src\Error\Middleware\ErrorHandlerMiddleware.php, line 115
Cake\Error\Middleware\ErrorHandlerMiddleware->process() C:\Apache24\htdocs\chestcounter\vendor\cakephp\cakephp\src\Http\Runner.php, line 82
Cake\Http\Runner->handle() C:\Apache24\htdocs\chestcounter\vendor\cakephp\cakephp\src\Http\Runner.php, line 60
Cake\Http\Runner->run() C:\Apache24\htdocs\chestcounter\vendor\cakephp\cakephp\src\Http\Server.php, line 104
Cake\Http\Server->run() C:\Apache24\htdocs\chestcounter\webroot\index.php, line 37
[main]

2025-09-12 02:42:13 notice: Since 5.0.0: Calling `findList` finder with options array is deprecated. Use named arguments instead.
C:\Apache24\htdocs\chestcounter\vendor\cakephp\cakephp\src\ORM\Table.php, line: 2627
You can disable all deprecation warnings by setting `Error.errorLevel` to `E_ALL & ~E_USER_DEPRECATED`. Adding `vendor/cakephp/cakephp/src/ORM/Table.php` to `Error.ignoredDeprecationPaths` in your `config/app.php` config will mute deprecations from that file only.
Request URL: /score
Referer URL: http://127.0.0.1/chestcounter/users/login
Client IP: 127.0.0.1
Trace:
Cake\Error\ErrorTrap->handleError() [internal], line ??
C:\Apache24\htdocs\chestcounter\vendor\cakephp\cakephp\src\Core\functions.php C:\Apache24\htdocs\chestcounter\vendor\cakephp\cakephp\src\Core\functions.php, line 384
C:\Apache24\htdocs\chestcounter\vendor\cakephp\cakephp\src\ORM\Table.php C:\Apache24\htdocs\chestcounter\vendor\cakephp\cakephp\src\ORM\Table.php, line 2695
Cake\ORM\Table->invokeFinder() C:\Apache24\htdocs\chestcounter\vendor\cakephp\cakephp\src\ORM\Table.php, line 2627
Cake\ORM\Table->callFinder() C:\Apache24\htdocs\chestcounter\vendor\cakephp\cakephp\src\ORM\Table.php, line 1274
Cake\ORM\Table->find() C:\Apache24\htdocs\chestcounter\src\Controller\CollectedChestsController.php, line 157
App\Controller\CollectedChestsController->score() C:\Apache24\htdocs\chestcounter\vendor\cakephp\cakephp\src\Controller\Controller.php, line 505
Cake\Controller\Controller->invokeAction() C:\Apache24\htdocs\chestcounter\vendor\cakephp\cakephp\src\Controller\ControllerFactory.php, line 166
Cake\Controller\ControllerFactory->handle() C:\Apache24\htdocs\chestcounter\vendor\cakephp\cakephp\src\Controller\ControllerFactory.php, line 141
Cake\Controller\ControllerFactory->invoke() C:\Apache24\htdocs\chestcounter\vendor\cakephp\cakephp\src\Http\BaseApplication.php, line 362
Cake\Http\BaseApplication->handle() C:\Apache24\htdocs\chestcounter\vendor\cakephp\cakephp\src\Http\Runner.php, line 86
Cake\Http\Runner->handle() C:\Apache24\htdocs\chestcounter\vendor\cakephp\cakephp\src\Http\Middleware\CsrfProtectionMiddleware.php, line 169
Cake\Http\Middleware\CsrfProtectionMiddleware->process() C:\Apache24\htdocs\chestcounter\vendor\cakephp\cakephp\src\Http\Runner.php, line 82
Cake\Http\Runner->handle() C:\Apache24\htdocs\chestcounter\vendor\cakephp\authentication\src\Middleware\AuthenticationMiddleware.php, line 106
Authentication\Middleware\AuthenticationMiddleware->process() C:\Apache24\htdocs\chestcounter\vendor\cakephp\cakephp\src\Http\Runner.php, line 82
Cake\Http\Runner->handle() C:\Apache24\htdocs\chestcounter\vendor\cakephp\cakephp\src\Http\Middleware\BodyParserMiddleware.php, line 157
Cake\Http\Middleware\BodyParserMiddleware->process() C:\Apache24\htdocs\chestcounter\vendor\cakephp\cakephp\src\Http\Runner.php, line 82
Cake\Http\Runner->handle() C:\Apache24\htdocs\chestcounter\vendor\cakephp\cakephp\src\Routing\Middleware\RoutingMiddleware.php, line 118
Cake\Routing\Middleware\RoutingMiddleware->process() C:\Apache24\htdocs\chestcounter\vendor\cakephp\cakephp\src\Http\Runner.php, line 82
Cake\Http\Runner->handle() C:\Apache24\htdocs\chestcounter\vendor\cakephp\cakephp\src\Routing\Middleware\AssetMiddleware.php, line 69
Cake\Routing\Middleware\AssetMiddleware->process() C:\Apache24\htdocs\chestcounter\vendor\cakephp\cakephp\src\Http\Runner.php, line 82
Cake\Http\Runner->handle() C:\Apache24\htdocs\chestcounter\vendor\cakephp\cakephp\src\Error\Middleware\ErrorHandlerMiddleware.php, line 115
Cake\Error\Middleware\ErrorHandlerMiddleware->process() C:\Apache24\htdocs\chestcounter\vendor\cakephp\cakephp\src\Http\Runner.php, line 82
Cake\Http\Runner->handle() C:\Apache24\htdocs\chestcounter\vendor\cakephp\cakephp\src\Http\Runner.php, line 60
Cake\Http\Runner->run() C:\Apache24\htdocs\chestcounter\vendor\cakephp\cakephp\src\Http\Server.php, line 104
Cake\Http\Server->run() C:\Apache24\htdocs\chestcounter\webroot\index.php, line 37
[main]

2025-09-12 02:42:34 notice: Since 5.0.0: Calling `findList` finder with options array is deprecated. Use named arguments instead.
C:\Apache24\htdocs\chestcounter\vendor\cakephp\cakephp\src\ORM\Table.php, line: 2627
You can disable all deprecation warnings by setting `Error.errorLevel` to `E_ALL & ~E_USER_DEPRECATED`. Adding `vendor/cakephp/cakephp/src/ORM/Table.php` to `Error.ignoredDeprecationPaths` in your `config/app.php` config will mute deprecations from that file only.
Request URL: /score
Referer URL: http://127.0.0.1/chestcounter/config/
Client IP: 127.0.0.1
Trace:
Cake\Error\ErrorTrap->handleError() [internal], line ??
C:\Apache24\htdocs\chestcounter\vendor\cakephp\cakephp\src\Core\functions.php C:\Apache24\htdocs\chestcounter\vendor\cakephp\cakephp\src\Core\functions.php, line 384
C:\Apache24\htdocs\chestcounter\vendor\cakephp\cakephp\src\ORM\Table.php C:\Apache24\htdocs\chestcounter\vendor\cakephp\cakephp\src\ORM\Table.php, line 2695
Cake\ORM\Table->invokeFinder() C:\Apache24\htdocs\chestcounter\vendor\cakephp\cakephp\src\ORM\Table.php, line 2627
Cake\ORM\Table->callFinder() C:\Apache24\htdocs\chestcounter\vendor\cakephp\cakephp\src\ORM\Table.php, line 1274
Cake\ORM\Table->find() C:\Apache24\htdocs\chestcounter\src\Controller\CollectedChestsController.php, line 157
App\Controller\CollectedChestsController->score() C:\Apache24\htdocs\chestcounter\vendor\cakephp\cakephp\src\Controller\Controller.php, line 505
Cake\Controller\Controller->invokeAction() C:\Apache24\htdocs\chestcounter\vendor\cakephp\cakephp\src\Controller\ControllerFactory.php, line 166
Cake\Controller\ControllerFactory->handle() C:\Apache24\htdocs\chestcounter\vendor\cakephp\cakephp\src\Controller\ControllerFactory.php, line 141
Cake\Controller\ControllerFactory->invoke() C:\Apache24\htdocs\chestcounter\vendor\cakephp\cakephp\src\Http\BaseApplication.php, line 362
Cake\Http\BaseApplication->handle() C:\Apache24\htdocs\chestcounter\vendor\cakephp\cakephp\src\Http\Runner.php, line 86
Cake\Http\Runner->handle() C:\Apache24\htdocs\chestcounter\vendor\cakephp\cakephp\src\Http\Middleware\CsrfProtectionMiddleware.php, line 169
Cake\Http\Middleware\CsrfProtectionMiddleware->process() C:\Apache24\htdocs\chestcounter\vendor\cakephp\cakephp\src\Http\Runner.php, line 82
Cake\Http\Runner->handle() C:\Apache24\htdocs\chestcounter\vendor\cakephp\authentication\src\Middleware\AuthenticationMiddleware.php, line 106
Authentication\Middleware\AuthenticationMiddleware->process() C:\Apache24\htdocs\chestcounter\vendor\cakephp\cakephp\src\Http\Runner.php, line 82
Cake\Http\Runner->handle() C:\Apache24\htdocs\chestcounter\vendor\cakephp\cakephp\src\Http\Middleware\BodyParserMiddleware.php, line 157
Cake\Http\Middleware\BodyParserMiddleware->process() C:\Apache24\htdocs\chestcounter\vendor\cakephp\cakephp\src\Http\Runner.php, line 82
Cake\Http\Runner->handle() C:\Apache24\htdocs\chestcounter\vendor\cakephp\cakephp\src\Routing\Middleware\RoutingMiddleware.php, line 118
Cake\Routing\Middleware\RoutingMiddleware->process() C:\Apache24\htdocs\chestcounter\vendor\cakephp\cakephp\src\Http\Runner.php, line 82
Cake\Http\Runner->handle() C:\Apache24\htdocs\chestcounter\vendor\cakephp\cakephp\src\Routing\Middleware\AssetMiddleware.php, line 69
Cake\Routing\Middleware\AssetMiddleware->process() C:\Apache24\htdocs\chestcounter\vendor\cakephp\cakephp\src\Http\Runner.php, line 82
Cake\Http\Runner->handle() C:\Apache24\htdocs\chestcounter\vendor\cakephp\cakephp\src\Error\Middleware\ErrorHandlerMiddleware.php, line 115
Cake\Error\Middleware\ErrorHandlerMiddleware->process() C:\Apache24\htdocs\chestcounter\vendor\cakephp\cakephp\src\Http\Runner.php, line 82
Cake\Http\Runner->handle() C:\Apache24\htdocs\chestcounter\vendor\cakephp\cakephp\src\Http\Runner.php, line 60
Cake\Http\Runner->run() C:\Apache24\htdocs\chestcounter\vendor\cakephp\cakephp\src\Http\Server.php, line 104
Cake\Http\Server->run() C:\Apache24\htdocs\chestcounter\webroot\index.php, line 37
[main]

2025-09-12 02:48:31 notice: Since 5.0.0: Calling `findList` finder with options array is deprecated. Use named arguments instead.
C:\Apache24\htdocs\chestcounter\vendor\cakephp\cakephp\src\ORM\Table.php, line: 2627
You can disable all deprecation warnings by setting `Error.errorLevel` to `E_ALL & ~E_USER_DEPRECATED`. Adding `vendor/cakephp/cakephp/src/ORM/Table.php` to `Error.ignoredDeprecationPaths` in your `config/app.php` config will mute deprecations from that file only.
Request URL: /score
Referer URL: http://127.0.0.1/chestcounter/config/
Client IP: 127.0.0.1
Trace:
Cake\Error\ErrorTrap->handleError() [internal], line ??
C:\Apache24\htdocs\chestcounter\vendor\cakephp\cakephp\src\Core\functions.php C:\Apache24\htdocs\chestcounter\vendor\cakephp\cakephp\src\Core\functions.php, line 384
C:\Apache24\htdocs\chestcounter\vendor\cakephp\cakephp\src\ORM\Table.php C:\Apache24\htdocs\chestcounter\vendor\cakephp\cakephp\src\ORM\Table.php, line 2695
Cake\ORM\Table->invokeFinder() C:\Apache24\htdocs\chestcounter\vendor\cakephp\cakephp\src\ORM\Table.php, line 2627
Cake\ORM\Table->callFinder() C:\Apache24\htdocs\chestcounter\vendor\cakephp\cakephp\src\ORM\Table.php, line 1274
Cake\ORM\Table->find() C:\Apache24\htdocs\chestcounter\src\Controller\CollectedChestsController.php, line 157
App\Controller\CollectedChestsController->score() C:\Apache24\htdocs\chestcounter\vendor\cakephp\cakephp\src\Controller\Controller.php, line 505
Cake\Controller\Controller->invokeAction() C:\Apache24\htdocs\chestcounter\vendor\cakephp\cakephp\src\Controller\ControllerFactory.php, line 166
Cake\Controller\ControllerFactory->handle() C:\Apache24\htdocs\chestcounter\vendor\cakephp\cakephp\src\Controller\ControllerFactory.php, line 141
Cake\Controller\ControllerFactory->invoke() C:\Apache24\htdocs\chestcounter\vendor\cakephp\cakephp\src\Http\BaseApplication.php, line 362
Cake\Http\BaseApplication->handle() C:\Apache24\htdocs\chestcounter\vendor\cakephp\cakephp\src\Http\Runner.php, line 86
Cake\Http\Runner->handle() C:\Apache24\htdocs\chestcounter\vendor\cakephp\cakephp\src\Http\Middleware\CsrfProtectionMiddleware.php, line 169
Cake\Http\Middleware\CsrfProtectionMiddleware->process() C:\Apache24\htdocs\chestcounter\vendor\cakephp\cakephp\src\Http\Runner.php, line 82
Cake\Http\Runner->handle() C:\Apache24\htdocs\chestcounter\vendor\cakephp\authentication\src\Middleware\AuthenticationMiddleware.php, line 106
Authentication\Middleware\AuthenticationMiddleware->process() C:\Apache24\htdocs\chestcounter\vendor\cakephp\cakephp\src\Http\Runner.php, line 82
Cake\Http\Runner->handle() C:\Apache24\htdocs\chestcounter\vendor\cakephp\cakephp\src\Http\Middleware\BodyParserMiddleware.php, line 157
Cake\Http\Middleware\BodyParserMiddleware->process() C:\Apache24\htdocs\chestcounter\vendor\cakephp\cakephp\src\Http\Runner.php, line 82
Cake\Http\Runner->handle() C:\Apache24\htdocs\chestcounter\vendor\cakephp\cakephp\src\Routing\Middleware\RoutingMiddleware.php, line 118
Cake\Routing\Middleware\RoutingMiddleware->process() C:\Apache24\htdocs\chestcounter\vendor\cakephp\cakephp\src\Http\Runner.php, line 82
Cake\Http\Runner->handle() C:\Apache24\htdocs\chestcounter\vendor\cakephp\cakephp\src\Routing\Middleware\AssetMiddleware.php, line 69
Cake\Routing\Middleware\AssetMiddleware->process() C:\Apache24\htdocs\chestcounter\vendor\cakephp\cakephp\src\Http\Runner.php, line 82
Cake\Http\Runner->handle() C:\Apache24\htdocs\chestcounter\vendor\cakephp\cakephp\src\Error\Middleware\ErrorHandlerMiddleware.php, line 115
Cake\Error\Middleware\ErrorHandlerMiddleware->process() C:\Apache24\htdocs\chestcounter\vendor\cakephp\cakephp\src\Http\Runner.php, line 82
Cake\Http\Runner->handle() C:\Apache24\htdocs\chestcounter\vendor\cakephp\cakephp\src\Http\Runner.php, line 60
Cake\Http\Runner->run() C:\Apache24\htdocs\chestcounter\vendor\cakephp\cakephp\src\Http\Server.php, line 104
Cake\Http\Server->run() C:\Apache24\htdocs\chestcounter\webroot\index.php, line 37
[main]

2025-09-12 09:57:11 notice: Since 5.0.0: Calling `findList` finder with options array is deprecated. Use named arguments instead.
C:\Apache24\htdocs\chestcounter\vendor\cakephp\cakephp\src\ORM\Table.php, line: 2627
You can disable all deprecation warnings by setting `Error.errorLevel` to `E_ALL & ~E_USER_DEPRECATED`. Adding `vendor/cakephp/cakephp/src/ORM/Table.php` to `Error.ignoredDeprecationPaths` in your `config/app.php` config will mute deprecations from that file only.
Request URL: /score
Referer URL: http://127.0.0.1/chestcounter/config/
Client IP: 127.0.0.1
Trace:
Cake\Error\ErrorTrap->handleError() [internal], line ??
C:\Apache24\htdocs\chestcounter\vendor\cakephp\cakephp\src\Core\functions.php C:\Apache24\htdocs\chestcounter\vendor\cakephp\cakephp\src\Core\functions.php, line 384
C:\Apache24\htdocs\chestcounter\vendor\cakephp\cakephp\src\ORM\Table.php C:\Apache24\htdocs\chestcounter\vendor\cakephp\cakephp\src\ORM\Table.php, line 2695
Cake\ORM\Table->invokeFinder() C:\Apache24\htdocs\chestcounter\vendor\cakephp\cakephp\src\ORM\Table.php, line 2627
Cake\ORM\Table->callFinder() C:\Apache24\htdocs\chestcounter\vendor\cakephp\cakephp\src\ORM\Table.php, line 1274
Cake\ORM\Table->find() C:\Apache24\htdocs\chestcounter\src\Controller\CollectedChestsController.php, line 157
App\Controller\CollectedChestsController->score() C:\Apache24\htdocs\chestcounter\vendor\cakephp\cakephp\src\Controller\Controller.php, line 505
Cake\Controller\Controller->invokeAction() C:\Apache24\htdocs\chestcounter\vendor\cakephp\cakephp\src\Controller\ControllerFactory.php, line 166
Cake\Controller\ControllerFactory->handle() C:\Apache24\htdocs\chestcounter\vendor\cakephp\cakephp\src\Controller\ControllerFactory.php, line 141
Cake\Controller\ControllerFactory->invoke() C:\Apache24\htdocs\chestcounter\vendor\cakephp\cakephp\src\Http\BaseApplication.php, line 362
Cake\Http\BaseApplication->handle() C:\Apache24\htdocs\chestcounter\vendor\cakephp\cakephp\src\Http\Runner.php, line 86
Cake\Http\Runner->handle() C:\Apache24\htdocs\chestcounter\vendor\cakephp\cakephp\src\Http\Middleware\CsrfProtectionMiddleware.php, line 169
Cake\Http\Middleware\CsrfProtectionMiddleware->process() C:\Apache24\htdocs\chestcounter\vendor\cakephp\cakephp\src\Http\Runner.php, line 82
Cake\Http\Runner->handle() C:\Apache24\htdocs\chestcounter\vendor\cakephp\authentication\src\Middleware\AuthenticationMiddleware.php, line 106
Authentication\Middleware\AuthenticationMiddleware->process() C:\Apache24\htdocs\chestcounter\vendor\cakephp\cakephp\src\Http\Runner.php, line 82
Cake\Http\Runner->handle() C:\Apache24\htdocs\chestcounter\vendor\cakephp\cakephp\src\Http\Middleware\BodyParserMiddleware.php, line 157
Cake\Http\Middleware\BodyParserMiddleware->process() C:\Apache24\htdocs\chestcounter\vendor\cakephp\cakephp\src\Http\Runner.php, line 82
Cake\Http\Runner->handle() C:\Apache24\htdocs\chestcounter\vendor\cakephp\cakephp\src\Routing\Middleware\RoutingMiddleware.php, line 118
Cake\Routing\Middleware\RoutingMiddleware->process() C:\Apache24\htdocs\chestcounter\vendor\cakephp\cakephp\src\Http\Runner.php, line 82
Cake\Http\Runner->handle() C:\Apache24\htdocs\chestcounter\vendor\cakephp\cakephp\src\Routing\Middleware\AssetMiddleware.php, line 69
Cake\Routing\Middleware\AssetMiddleware->process() C:\Apache24\htdocs\chestcounter\vendor\cakephp\cakephp\src\Http\Runner.php, line 82
Cake\Http\Runner->handle() C:\Apache24\htdocs\chestcounter\vendor\cakephp\cakephp\src\Error\Middleware\ErrorHandlerMiddleware.php, line 115
Cake\Error\Middleware\ErrorHandlerMiddleware->process() C:\Apache24\htdocs\chestcounter\vendor\cakephp\cakephp\src\Http\Runner.php, line 82
Cake\Http\Runner->handle() C:\Apache24\htdocs\chestcounter\vendor\cakephp\cakephp\src\Http\Runner.php, line 60
Cake\Http\Runner->run() C:\Apache24\htdocs\chestcounter\vendor\cakephp\cakephp\src\Http\Server.php, line 104
Cake\Http\Server->run() C:\Apache24\htdocs\chestcounter\webroot\index.php, line 37
[main]

2025-09-25 00:55:11 notice: Since 5.0.0: Calling `findList` finder with options array is deprecated. Use named arguments instead.
C:\Apache24\htdocs\chestcounter\vendor\cakephp\cakephp\src\ORM\Table.php, line: 2627
You can disable all deprecation warnings by setting `Error.errorLevel` to `E_ALL & ~E_USER_DEPRECATED`. Adding `vendor/cakephp/cakephp/src/ORM/Table.php` to `Error.ignoredDeprecationPaths` in your `config/app.php` config will mute deprecations from that file only.
Request URL: /score
Client IP: 127.0.0.1
Trace:
Cake\Error\ErrorTrap->handleError() [internal], line ??
C:\Apache24\htdocs\chestcounter\vendor\cakephp\cakephp\src\Core\functions.php C:\Apache24\htdocs\chestcounter\vendor\cakephp\cakephp\src\Core\functions.php, line 384
C:\Apache24\htdocs\chestcounter\vendor\cakephp\cakephp\src\ORM\Table.php C:\Apache24\htdocs\chestcounter\vendor\cakephp\cakephp\src\ORM\Table.php, line 2695
Cake\ORM\Table->invokeFinder() C:\Apache24\htdocs\chestcounter\vendor\cakephp\cakephp\src\ORM\Table.php, line 2627
Cake\ORM\Table->callFinder() C:\Apache24\htdocs\chestcounter\vendor\cakephp\cakephp\src\ORM\Table.php, line 1274
Cake\ORM\Table->find() C:\Apache24\htdocs\chestcounter\src\Controller\CollectedChestsController.php, line 157
App\Controller\CollectedChestsController->score() C:\Apache24\htdocs\chestcounter\vendor\cakephp\cakephp\src\Controller\Controller.php, line 505
Cake\Controller\Controller->invokeAction() C:\Apache24\htdocs\chestcounter\vendor\cakephp\cakephp\src\Controller\ControllerFactory.php, line 166
Cake\Controller\ControllerFactory->handle() C:\Apache24\htdocs\chestcounter\vendor\cakephp\cakephp\src\Controller\ControllerFactory.php, line 141
Cake\Controller\ControllerFactory->invoke() C:\Apache24\htdocs\chestcounter\vendor\cakephp\cakephp\src\Http\BaseApplication.php, line 362
Cake\Http\BaseApplication->handle() C:\Apache24\htdocs\chestcounter\vendor\cakephp\cakephp\src\Http\Runner.php, line 86
Cake\Http\Runner->handle() C:\Apache24\htdocs\chestcounter\vendor\cakephp\cakephp\src\Http\Middleware\CsrfProtectionMiddleware.php, line 159
Cake\Http\Middleware\CsrfProtectionMiddleware->process() C:\Apache24\htdocs\chestcounter\vendor\cakephp\cakephp\src\Http\Runner.php, line 82
Cake\Http\Runner->handle() C:\Apache24\htdocs\chestcounter\vendor\cakephp\authentication\src\Middleware\AuthenticationMiddleware.php, line 106
Authentication\Middleware\AuthenticationMiddleware->process() C:\Apache24\htdocs\chestcounter\vendor\cakephp\cakephp\src\Http\Runner.php, line 82
Cake\Http\Runner->handle() C:\Apache24\htdocs\chestcounter\vendor\cakephp\cakephp\src\Http\Middleware\BodyParserMiddleware.php, line 157
Cake\Http\Middleware\BodyParserMiddleware->process() C:\Apache24\htdocs\chestcounter\vendor\cakephp\cakephp\src\Http\Runner.php, line 82
Cake\Http\Runner->handle() C:\Apache24\htdocs\chestcounter\vendor\cakephp\cakephp\src\Routing\Middleware\RoutingMiddleware.php, line 118
Cake\Routing\Middleware\RoutingMiddleware->process() C:\Apache24\htdocs\chestcounter\vendor\cakephp\cakephp\src\Http\Runner.php, line 82
Cake\Http\Runner->handle() C:\Apache24\htdocs\chestcounter\vendor\cakephp\cakephp\src\Routing\Middleware\AssetMiddleware.php, line 69
Cake\Routing\Middleware\AssetMiddleware->process() C:\Apache24\htdocs\chestcounter\vendor\cakephp\cakephp\src\Http\Runner.php, line 82
Cake\Http\Runner->handle() C:\Apache24\htdocs\chestcounter\vendor\cakephp\cakephp\src\Error\Middleware\ErrorHandlerMiddleware.php, line 115
Cake\Error\Middleware\ErrorHandlerMiddleware->process() C:\Apache24\htdocs\chestcounter\vendor\cakephp\cakephp\src\Http\Runner.php, line 82
Cake\Http\Runner->handle() C:\Apache24\htdocs\chestcounter\vendor\cakephp\cakephp\src\Http\Runner.php, line 60
Cake\Http\Runner->run() C:\Apache24\htdocs\chestcounter\vendor\cakephp\cakephp\src\Http\Server.php, line 104
Cake\Http\Server->run() C:\Apache24\htdocs\chestcounter\webroot\index.php, line 37
[main]

2025-09-25 00:55:25 notice: Since 5.0.0: Calling `findList` finder with options array is deprecated. Use named arguments instead.
C:\Apache24\htdocs\chestcounter\vendor\cakephp\cakephp\src\ORM\Table.php, line: 2627
You can disable all deprecation warnings by setting `Error.errorLevel` to `E_ALL & ~E_USER_DEPRECATED`. Adding `vendor/cakephp/cakephp/src/ORM/Table.php` to `Error.ignoredDeprecationPaths` in your `config/app.php` config will mute deprecations from that file only.
Request URL: /score
Referer URL: http://127.0.0.1/chestcounter/users/login
Client IP: 127.0.0.1
Trace:
Cake\Error\ErrorTrap->handleError() [internal], line ??
C:\Apache24\htdocs\chestcounter\vendor\cakephp\cakephp\src\Core\functions.php C:\Apache24\htdocs\chestcounter\vendor\cakephp\cakephp\src\Core\functions.php, line 384
C:\Apache24\htdocs\chestcounter\vendor\cakephp\cakephp\src\ORM\Table.php C:\Apache24\htdocs\chestcounter\vendor\cakephp\cakephp\src\ORM\Table.php, line 2695
Cake\ORM\Table->invokeFinder() C:\Apache24\htdocs\chestcounter\vendor\cakephp\cakephp\src\ORM\Table.php, line 2627
Cake\ORM\Table->callFinder() C:\Apache24\htdocs\chestcounter\vendor\cakephp\cakephp\src\ORM\Table.php, line 1274
Cake\ORM\Table->find() C:\Apache24\htdocs\chestcounter\src\Controller\CollectedChestsController.php, line 157
App\Controller\CollectedChestsController->score() C:\Apache24\htdocs\chestcounter\vendor\cakephp\cakephp\src\Controller\Controller.php, line 505
Cake\Controller\Controller->invokeAction() C:\Apache24\htdocs\chestcounter\vendor\cakephp\cakephp\src\Controller\ControllerFactory.php, line 166
Cake\Controller\ControllerFactory->handle() C:\Apache24\htdocs\chestcounter\vendor\cakephp\cakephp\src\Controller\ControllerFactory.php, line 141
Cake\Controller\ControllerFactory->invoke() C:\Apache24\htdocs\chestcounter\vendor\cakephp\cakephp\src\Http\BaseApplication.php, line 362
Cake\Http\BaseApplication->handle() C:\Apache24\htdocs\chestcounter\vendor\cakephp\cakephp\src\Http\Runner.php, line 86
Cake\Http\Runner->handle() C:\Apache24\htdocs\chestcounter\vendor\cakephp\cakephp\src\Http\Middleware\CsrfProtectionMiddleware.php, line 169
Cake\Http\Middleware\CsrfProtectionMiddleware->process() C:\Apache24\htdocs\chestcounter\vendor\cakephp\cakephp\src\Http\Runner.php, line 82
Cake\Http\Runner->handle() C:\Apache24\htdocs\chestcounter\vendor\cakephp\authentication\src\Middleware\AuthenticationMiddleware.php, line 106
Authentication\Middleware\AuthenticationMiddleware->process() C:\Apache24\htdocs\chestcounter\vendor\cakephp\cakephp\src\Http\Runner.php, line 82
Cake\Http\Runner->handle() C:\Apache24\htdocs\chestcounter\vendor\cakephp\cakephp\src\Http\Middleware\BodyParserMiddleware.php, line 157
Cake\Http\Middleware\BodyParserMiddleware->process() C:\Apache24\htdocs\chestcounter\vendor\cakephp\cakephp\src\Http\Runner.php, line 82
Cake\Http\Runner->handle() C:\Apache24\htdocs\chestcounter\vendor\cakephp\cakephp\src\Routing\Middleware\RoutingMiddleware.php, line 118
Cake\Routing\Middleware\RoutingMiddleware->process() C:\Apache24\htdocs\chestcounter\vendor\cakephp\cakephp\src\Http\Runner.php, line 82
Cake\Http\Runner->handle() C:\Apache24\htdocs\chestcounter\vendor\cakephp\cakephp\src\Routing\Middleware\AssetMiddleware.php, line 69
Cake\Routing\Middleware\AssetMiddleware->process() C:\Apache24\htdocs\chestcounter\vendor\cakephp\cakephp\src\Http\Runner.php, line 82
Cake\Http\Runner->handle() C:\Apache24\htdocs\chestcounter\vendor\cakephp\cakephp\src\Error\Middleware\ErrorHandlerMiddleware.php, line 115
Cake\Error\Middleware\ErrorHandlerMiddleware->process() C:\Apache24\htdocs\chestcounter\vendor\cakephp\cakephp\src\Http\Runner.php, line 82
Cake\Http\Runner->handle() C:\Apache24\htdocs\chestcounter\vendor\cakephp\cakephp\src\Http\Runner.php, line 60
Cake\Http\Runner->run() C:\Apache24\htdocs\chestcounter\vendor\cakephp\cakephp\src\Http\Server.php, line 104
Cake\Http\Server->run() C:\Apache24\htdocs\chestcounter\webroot\index.php, line 37
[main]

2025-09-25 00:55:52 notice: Since 5.0.0: Calling `findList` finder with options array is deprecated. Use named arguments instead.
C:\Apache24\htdocs\chestcounter\vendor\cakephp\cakephp\src\ORM\Table.php, line: 2627
You can disable all deprecation warnings by setting `Error.errorLevel` to `E_ALL & ~E_USER_DEPRECATED`. Adding `vendor/cakephp/cakephp/src/ORM/Table.php` to `Error.ignoredDeprecationPaths` in your `config/app.php` config will mute deprecations from that file only.
Request URL: /users/add
Referer URL: http://127.0.0.1/chestcounter/users
Client IP: 127.0.0.1
Trace:
Cake\Error\ErrorTrap->handleError() [internal], line ??
C:\Apache24\htdocs\chestcounter\vendor\cakephp\cakephp\src\Core\functions.php C:\Apache24\htdocs\chestcounter\vendor\cakephp\cakephp\src\Core\functions.php, line 384
C:\Apache24\htdocs\chestcounter\vendor\cakephp\cakephp\src\ORM\Table.php C:\Apache24\htdocs\chestcounter\vendor\cakephp\cakephp\src\ORM\Table.php, line 2695
Cake\ORM\Table->invokeFinder() C:\Apache24\htdocs\chestcounter\vendor\cakephp\cakephp\src\ORM\Table.php, line 2627
Cake\ORM\Table->callFinder() C:\Apache24\htdocs\chestcounter\vendor\cakephp\cakephp\src\ORM\Table.php, line 1274
Cake\ORM\Table->find() C:\Apache24\htdocs\chestcounter\vendor\cakephp\cakephp\src\ORM\Association.php, line 847
Cake\ORM\Association->find() C:\Apache24\htdocs\chestcounter\src\Controller\UsersController.php, line 65
App\Controller\UsersController->add() C:\Apache24\htdocs\chestcounter\vendor\cakephp\cakephp\src\Controller\Controller.php, line 505
Cake\Controller\Controller->invokeAction() C:\Apache24\htdocs\chestcounter\vendor\cakephp\cakephp\src\Controller\ControllerFactory.php, line 166
Cake\Controller\ControllerFactory->handle() C:\Apache24\htdocs\chestcounter\vendor\cakephp\cakephp\src\Controller\ControllerFactory.php, line 141
Cake\Controller\ControllerFactory->invoke() C:\Apache24\htdocs\chestcounter\vendor\cakephp\cakephp\src\Http\BaseApplication.php, line 362
Cake\Http\BaseApplication->handle() C:\Apache24\htdocs\chestcounter\vendor\cakephp\cakephp\src\Http\Runner.php, line 86
Cake\Http\Runner->handle() C:\Apache24\htdocs\chestcounter\vendor\cakephp\cakephp\src\Http\Middleware\CsrfProtectionMiddleware.php, line 169
Cake\Http\Middleware\CsrfProtectionMiddleware->process() C:\Apache24\htdocs\chestcounter\vendor\cakephp\cakephp\src\Http\Runner.php, line 82
Cake\Http\Runner->handle() C:\Apache24\htdocs\chestcounter\vendor\cakephp\authentication\src\Middleware\AuthenticationMiddleware.php, line 106
Authentication\Middleware\AuthenticationMiddleware->process() C:\Apache24\htdocs\chestcounter\vendor\cakephp\cakephp\src\Http\Runner.php, line 82
Cake\Http\Runner->handle() C:\Apache24\htdocs\chestcounter\vendor\cakephp\cakephp\src\Http\Middleware\BodyParserMiddleware.php, line 157
Cake\Http\Middleware\BodyParserMiddleware->process() C:\Apache24\htdocs\chestcounter\vendor\cakephp\cakephp\src\Http\Runner.php, line 82
Cake\Http\Runner->handle() C:\Apache24\htdocs\chestcounter\vendor\cakephp\cakephp\src\Routing\Middleware\RoutingMiddleware.php, line 118
Cake\Routing\Middleware\RoutingMiddleware->process() C:\Apache24\htdocs\chestcounter\vendor\cakephp\cakephp\src\Http\Runner.php, line 82
Cake\Http\Runner->handle() C:\Apache24\htdocs\chestcounter\vendor\cakephp\cakephp\src\Routing\Middleware\AssetMiddleware.php, line 69
Cake\Routing\Middleware\AssetMiddleware->process() C:\Apache24\htdocs\chestcounter\vendor\cakephp\cakephp\src\Http\Runner.php, line 82
Cake\Http\Runner->handle() C:\Apache24\htdocs\chestcounter\vendor\cakephp\cakephp\src\Error\Middleware\ErrorHandlerMiddleware.php, line 115
Cake\Error\Middleware\ErrorHandlerMiddleware->process() C:\Apache24\htdocs\chestcounter\vendor\cakephp\cakephp\src\Http\Runner.php, line 82
Cake\Http\Runner->handle() C:\Apache24\htdocs\chestcounter\vendor\cakephp\cakephp\src\Http\Runner.php, line 60
Cake\Http\Runner->run() C:\Apache24\htdocs\chestcounter\vendor\cakephp\cakephp\src\Http\Server.php, line 104
Cake\Http\Server->run() C:\Apache24\htdocs\chestcounter\webroot\index.php, line 37
[main]

2025-09-25 01:06:07 notice: Since 5.0.0: Calling `findList` finder with options array is deprecated. Use named arguments instead.
C:\Apache24\htdocs\chestcounter\vendor\cakephp\cakephp\src\ORM\Table.php, line: 2627
You can disable all deprecation warnings by setting `Error.errorLevel` to `E_ALL & ~E_USER_DEPRECATED`. Adding `vendor/cakephp/cakephp/src/ORM/Table.php` to `Error.ignoredDeprecationPaths` in your `config/app.php` config will mute deprecations from that file only.
Request URL: /users/add
Referer URL: http://127.0.0.1/chestcounter/users
Client IP: 127.0.0.1
Trace:
Cake\Error\ErrorTrap->handleError() [internal], line ??
C:\Apache24\htdocs\chestcounter\vendor\cakephp\cakephp\src\Core\functions.php C:\Apache24\htdocs\chestcounter\vendor\cakephp\cakephp\src\Core\functions.php, line 384
C:\Apache24\htdocs\chestcounter\vendor\cakephp\cakephp\src\ORM\Table.php C:\Apache24\htdocs\chestcounter\vendor\cakephp\cakephp\src\ORM\Table.php, line 2695
Cake\ORM\Table->invokeFinder() C:\Apache24\htdocs\chestcounter\vendor\cakephp\cakephp\src\ORM\Table.php, line 2627
Cake\ORM\Table->callFinder() C:\Apache24\htdocs\chestcounter\vendor\cakephp\cakephp\src\ORM\Table.php, line 1274
Cake\ORM\Table->find() C:\Apache24\htdocs\chestcounter\vendor\cakephp\cakephp\src\ORM\Association.php, line 847
Cake\ORM\Association->find() C:\Apache24\htdocs\chestcounter\src\Controller\UsersController.php, line 65
App\Controller\UsersController->add() C:\Apache24\htdocs\chestcounter\vendor\cakephp\cakephp\src\Controller\Controller.php, line 505
Cake\Controller\Controller->invokeAction() C:\Apache24\htdocs\chestcounter\vendor\cakephp\cakephp\src\Controller\ControllerFactory.php, line 166
Cake\Controller\ControllerFactory->handle() C:\Apache24\htdocs\chestcounter\vendor\cakephp\cakephp\src\Controller\ControllerFactory.php, line 141
Cake\Controller\ControllerFactory->invoke() C:\Apache24\htdocs\chestcounter\vendor\cakephp\cakephp\src\Http\BaseApplication.php, line 362
Cake\Http\BaseApplication->handle() C:\Apache24\htdocs\chestcounter\vendor\cakephp\cakephp\src\Http\Runner.php, line 86
Cake\Http\Runner->handle() C:\Apache24\htdocs\chestcounter\vendor\cakephp\cakephp\src\Http\Middleware\CsrfProtectionMiddleware.php, line 169
Cake\Http\Middleware\CsrfProtectionMiddleware->process() C:\Apache24\htdocs\chestcounter\vendor\cakephp\cakephp\src\Http\Runner.php, line 82
Cake\Http\Runner->handle() C:\Apache24\htdocs\chestcounter\vendor\cakephp\authentication\src\Middleware\AuthenticationMiddleware.php, line 106
Authentication\Middleware\AuthenticationMiddleware->process() C:\Apache24\htdocs\chestcounter\vendor\cakephp\cakephp\src\Http\Runner.php, line 82
Cake\Http\Runner->handle() C:\Apache24\htdocs\chestcounter\vendor\cakephp\cakephp\src\Http\Middleware\BodyParserMiddleware.php, line 157
Cake\Http\Middleware\BodyParserMiddleware->process() C:\Apache24\htdocs\chestcounter\vendor\cakephp\cakephp\src\Http\Runner.php, line 82
Cake\Http\Runner->handle() C:\Apache24\htdocs\chestcounter\vendor\cakephp\cakephp\src\Routing\Middleware\RoutingMiddleware.php, line 118
Cake\Routing\Middleware\RoutingMiddleware->process() C:\Apache24\htdocs\chestcounter\vendor\cakephp\cakephp\src\Http\Runner.php, line 82
Cake\Http\Runner->handle() C:\Apache24\htdocs\chestcounter\vendor\cakephp\cakephp\src\Routing\Middleware\AssetMiddleware.php, line 69
Cake\Routing\Middleware\AssetMiddleware->process() C:\Apache24\htdocs\chestcounter\vendor\cakephp\cakephp\src\Http\Runner.php, line 82
Cake\Http\Runner->handle() C:\Apache24\htdocs\chestcounter\vendor\cakephp\cakephp\src\Error\Middleware\ErrorHandlerMiddleware.php, line 115
Cake\Error\Middleware\ErrorHandlerMiddleware->process() C:\Apache24\htdocs\chestcounter\vendor\cakephp\cakephp\src\Http\Runner.php, line 82
Cake\Http\Runner->handle() C:\Apache24\htdocs\chestcounter\vendor\cakephp\cakephp\src\Http\Runner.php, line 60
Cake\Http\Runner->run() C:\Apache24\htdocs\chestcounter\vendor\cakephp\cakephp\src\Http\Server.php, line 104
Cake\Http\Server->run() C:\Apache24\htdocs\chestcounter\webroot\index.php, line 37
[main]

2025-09-25 01:08:50 notice: Since 5.0.0: Calling `findList` finder with options array is deprecated. Use named arguments instead.
C:\Apache24\htdocs\chestcounter\vendor\cakephp\cakephp\src\ORM\Table.php, line: 2627
You can disable all deprecation warnings by setting `Error.errorLevel` to `E_ALL & ~E_USER_DEPRECATED`. Adding `vendor/cakephp/cakephp/src/ORM/Table.php` to `Error.ignoredDeprecationPaths` in your `config/app.php` config will mute deprecations from that file only.
Request URL: /users/add
Referer URL: http://127.0.0.1/chestcounter/users
Client IP: 127.0.0.1
Trace:
Cake\Error\ErrorTrap->handleError() [internal], line ??
C:\Apache24\htdocs\chestcounter\vendor\cakephp\cakephp\src\Core\functions.php C:\Apache24\htdocs\chestcounter\vendor\cakephp\cakephp\src\Core\functions.php, line 384
C:\Apache24\htdocs\chestcounter\vendor\cakephp\cakephp\src\ORM\Table.php C:\Apache24\htdocs\chestcounter\vendor\cakephp\cakephp\src\ORM\Table.php, line 2695
Cake\ORM\Table->invokeFinder() C:\Apache24\htdocs\chestcounter\vendor\cakephp\cakephp\src\ORM\Table.php, line 2627
Cake\ORM\Table->callFinder() C:\Apache24\htdocs\chestcounter\vendor\cakephp\cakephp\src\ORM\Table.php, line 1274
Cake\ORM\Table->find() C:\Apache24\htdocs\chestcounter\vendor\cakephp\cakephp\src\ORM\Association.php, line 847
Cake\ORM\Association->find() C:\Apache24\htdocs\chestcounter\src\Controller\UsersController.php, line 65
App\Controller\UsersController->add() C:\Apache24\htdocs\chestcounter\vendor\cakephp\cakephp\src\Controller\Controller.php, line 505
Cake\Controller\Controller->invokeAction() C:\Apache24\htdocs\chestcounter\vendor\cakephp\cakephp\src\Controller\ControllerFactory.php, line 166
Cake\Controller\ControllerFactory->handle() C:\Apache24\htdocs\chestcounter\vendor\cakephp\cakephp\src\Controller\ControllerFactory.php, line 141
Cake\Controller\ControllerFactory->invoke() C:\Apache24\htdocs\chestcounter\vendor\cakephp\cakephp\src\Http\BaseApplication.php, line 362
Cake\Http\BaseApplication->handle() C:\Apache24\htdocs\chestcounter\vendor\cakephp\cakephp\src\Http\Runner.php, line 86
Cake\Http\Runner->handle() C:\Apache24\htdocs\chestcounter\vendor\cakephp\cakephp\src\Http\Middleware\CsrfProtectionMiddleware.php, line 169
Cake\Http\Middleware\CsrfProtectionMiddleware->process() C:\Apache24\htdocs\chestcounter\vendor\cakephp\cakephp\src\Http\Runner.php, line 82
Cake\Http\Runner->handle() C:\Apache24\htdocs\chestcounter\vendor\cakephp\authentication\src\Middleware\AuthenticationMiddleware.php, line 106
Authentication\Middleware\AuthenticationMiddleware->process() C:\Apache24\htdocs\chestcounter\vendor\cakephp\cakephp\src\Http\Runner.php, line 82
Cake\Http\Runner->handle() C:\Apache24\htdocs\chestcounter\vendor\cakephp\cakephp\src\Http\Middleware\BodyParserMiddleware.php, line 157
Cake\Http\Middleware\BodyParserMiddleware->process() C:\Apache24\htdocs\chestcounter\vendor\cakephp\cakephp\src\Http\Runner.php, line 82
Cake\Http\Runner->handle() C:\Apache24\htdocs\chestcounter\vendor\cakephp\cakephp\src\Routing\Middleware\RoutingMiddleware.php, line 118
Cake\Routing\Middleware\RoutingMiddleware->process() C:\Apache24\htdocs\chestcounter\vendor\cakephp\cakephp\src\Http\Runner.php, line 82
Cake\Http\Runner->handle() C:\Apache24\htdocs\chestcounter\vendor\cakephp\cakephp\src\Routing\Middleware\AssetMiddleware.php, line 69
Cake\Routing\Middleware\AssetMiddleware->process() C:\Apache24\htdocs\chestcounter\vendor\cakephp\cakephp\src\Http\Runner.php, line 82
Cake\Http\Runner->handle() C:\Apache24\htdocs\chestcounter\vendor\cakephp\cakephp\src\Error\Middleware\ErrorHandlerMiddleware.php, line 115
Cake\Error\Middleware\ErrorHandlerMiddleware->process() C:\Apache24\htdocs\chestcounter\vendor\cakephp\cakephp\src\Http\Runner.php, line 82
Cake\Http\Runner->handle() C:\Apache24\htdocs\chestcounter\vendor\cakephp\cakephp\src\Http\Runner.php, line 60
Cake\Http\Runner->run() C:\Apache24\htdocs\chestcounter\vendor\cakephp\cakephp\src\Http\Server.php, line 104
Cake\Http\Server->run() C:\Apache24\htdocs\chestcounter\webroot\index.php, line 37
[main]

2025-09-25 01:10:21 notice: Since 5.0.0: Calling `findList` finder with options array is deprecated. Use named arguments instead.
C:\Apache24\htdocs\chestcounter\vendor\cakephp\cakephp\src\ORM\Table.php, line: 2627
You can disable all deprecation warnings by setting `Error.errorLevel` to `E_ALL & ~E_USER_DEPRECATED`. Adding `vendor/cakephp/cakephp/src/ORM/Table.php` to `Error.ignoredDeprecationPaths` in your `config/app.php` config will mute deprecations from that file only.
Request URL: /users/add
Referer URL: http://127.0.0.1/chestcounter/users
Client IP: 127.0.0.1
Trace:
Cake\Error\ErrorTrap->handleError() [internal], line ??
C:\Apache24\htdocs\chestcounter\vendor\cakephp\cakephp\src\Core\functions.php C:\Apache24\htdocs\chestcounter\vendor\cakephp\cakephp\src\Core\functions.php, line 384
C:\Apache24\htdocs\chestcounter\vendor\cakephp\cakephp\src\ORM\Table.php C:\Apache24\htdocs\chestcounter\vendor\cakephp\cakephp\src\ORM\Table.php, line 2695
Cake\ORM\Table->invokeFinder() C:\Apache24\htdocs\chestcounter\vendor\cakephp\cakephp\src\ORM\Table.php, line 2627
Cake\ORM\Table->callFinder() C:\Apache24\htdocs\chestcounter\vendor\cakephp\cakephp\src\ORM\Table.php, line 1274
Cake\ORM\Table->find() C:\Apache24\htdocs\chestcounter\vendor\cakephp\cakephp\src\ORM\Association.php, line 847
Cake\ORM\Association->find() C:\Apache24\htdocs\chestcounter\src\Controller\UsersController.php, line 65
App\Controller\UsersController->add() C:\Apache24\htdocs\chestcounter\vendor\cakephp\cakephp\src\Controller\Controller.php, line 505
Cake\Controller\Controller->invokeAction() C:\Apache24\htdocs\chestcounter\vendor\cakephp\cakephp\src\Controller\ControllerFactory.php, line 166
Cake\Controller\ControllerFactory->handle() C:\Apache24\htdocs\chestcounter\vendor\cakephp\cakephp\src\Controller\ControllerFactory.php, line 141
Cake\Controller\ControllerFactory->invoke() C:\Apache24\htdocs\chestcounter\vendor\cakephp\cakephp\src\Http\BaseApplication.php, line 362
Cake\Http\BaseApplication->handle() C:\Apache24\htdocs\chestcounter\vendor\cakephp\cakephp\src\Http\Runner.php, line 86
Cake\Http\Runner->handle() C:\Apache24\htdocs\chestcounter\vendor\cakephp\cakephp\src\Http\Middleware\CsrfProtectionMiddleware.php, line 169
Cake\Http\Middleware\CsrfProtectionMiddleware->process() C:\Apache24\htdocs\chestcounter\vendor\cakephp\cakephp\src\Http\Runner.php, line 82
Cake\Http\Runner->handle() C:\Apache24\htdocs\chestcounter\vendor\cakephp\authentication\src\Middleware\AuthenticationMiddleware.php, line 106
Authentication\Middleware\AuthenticationMiddleware->process() C:\Apache24\htdocs\chestcounter\vendor\cakephp\cakephp\src\Http\Runner.php, line 82
Cake\Http\Runner->handle() C:\Apache24\htdocs\chestcounter\vendor\cakephp\cakephp\src\Http\Middleware\BodyParserMiddleware.php, line 157
Cake\Http\Middleware\BodyParserMiddleware->process() C:\Apache24\htdocs\chestcounter\vendor\cakephp\cakephp\src\Http\Runner.php, line 82
Cake\Http\Runner->handle() C:\Apache24\htdocs\chestcounter\vendor\cakephp\cakephp\src\Routing\Middleware\RoutingMiddleware.php, line 118
Cake\Routing\Middleware\RoutingMiddleware->process() C:\Apache24\htdocs\chestcounter\vendor\cakephp\cakephp\src\Http\Runner.php, line 82
Cake\Http\Runner->handle() C:\Apache24\htdocs\chestcounter\vendor\cakephp\cakephp\src\Routing\Middleware\AssetMiddleware.php, line 69
Cake\Routing\Middleware\AssetMiddleware->process() C:\Apache24\htdocs\chestcounter\vendor\cakephp\cakephp\src\Http\Runner.php, line 82
Cake\Http\Runner->handle() C:\Apache24\htdocs\chestcounter\vendor\cakephp\cakephp\src\Error\Middleware\ErrorHandlerMiddleware.php, line 115
Cake\Error\Middleware\ErrorHandlerMiddleware->process() C:\Apache24\htdocs\chestcounter\vendor\cakephp\cakephp\src\Http\Runner.php, line 82
Cake\Http\Runner->handle() C:\Apache24\htdocs\chestcounter\vendor\cakephp\cakephp\src\Http\Runner.php, line 60
Cake\Http\Runner->run() C:\Apache24\htdocs\chestcounter\vendor\cakephp\cakephp\src\Http\Server.php, line 104
Cake\Http\Server->run() C:\Apache24\htdocs\chestcounter\webroot\index.php, line 37
[main]

2025-09-25 01:11:57 notice: Since 5.0.0: Calling `findList` finder with options array is deprecated. Use named arguments instead.
C:\Apache24\htdocs\chestcounter\vendor\cakephp\cakephp\src\ORM\Table.php, line: 2627
You can disable all deprecation warnings by setting `Error.errorLevel` to `E_ALL & ~E_USER_DEPRECATED`. Adding `vendor/cakephp/cakephp/src/ORM/Table.php` to `Error.ignoredDeprecationPaths` in your `config/app.php` config will mute deprecations from that file only.
Request URL: /users/add
Client IP: 127.0.0.1
Trace:
Cake\Error\ErrorTrap->handleError() [internal], line ??
C:\Apache24\htdocs\chestcounter\vendor\cakephp\cakephp\src\Core\functions.php C:\Apache24\htdocs\chestcounter\vendor\cakephp\cakephp\src\Core\functions.php, line 384
C:\Apache24\htdocs\chestcounter\vendor\cakephp\cakephp\src\ORM\Table.php C:\Apache24\htdocs\chestcounter\vendor\cakephp\cakephp\src\ORM\Table.php, line 2695
Cake\ORM\Table->invokeFinder() C:\Apache24\htdocs\chestcounter\vendor\cakephp\cakephp\src\ORM\Table.php, line 2627
Cake\ORM\Table->callFinder() C:\Apache24\htdocs\chestcounter\vendor\cakephp\cakephp\src\ORM\Table.php, line 1274
Cake\ORM\Table->find() C:\Apache24\htdocs\chestcounter\vendor\cakephp\cakephp\src\ORM\Association.php, line 847
Cake\ORM\Association->find() C:\Apache24\htdocs\chestcounter\src\Controller\UsersController.php, line 70
App\Controller\UsersController->add() C:\Apache24\htdocs\chestcounter\vendor\cakephp\cakephp\src\Controller\Controller.php, line 505
Cake\Controller\Controller->invokeAction() C:\Apache24\htdocs\chestcounter\vendor\cakephp\cakephp\src\Controller\ControllerFactory.php, line 166
Cake\Controller\ControllerFactory->handle() C:\Apache24\htdocs\chestcounter\vendor\cakephp\cakephp\src\Controller\ControllerFactory.php, line 141
Cake\Controller\ControllerFactory->invoke() C:\Apache24\htdocs\chestcounter\vendor\cakephp\cakephp\src\Http\BaseApplication.php, line 362
Cake\Http\BaseApplication->handle() C:\Apache24\htdocs\chestcounter\vendor\cakephp\cakephp\src\Http\Runner.php, line 86
Cake\Http\Runner->handle() C:\Apache24\htdocs\chestcounter\vendor\cakephp\cakephp\src\Http\Middleware\CsrfProtectionMiddleware.php, line 169
Cake\Http\Middleware\CsrfProtectionMiddleware->process() C:\Apache24\htdocs\chestcounter\vendor\cakephp\cakephp\src\Http\Runner.php, line 82
Cake\Http\Runner->handle() C:\Apache24\htdocs\chestcounter\vendor\cakephp\authentication\src\Middleware\AuthenticationMiddleware.php, line 106
Authentication\Middleware\AuthenticationMiddleware->process() C:\Apache24\htdocs\chestcounter\vendor\cakephp\cakephp\src\Http\Runner.php, line 82
Cake\Http\Runner->handle() C:\Apache24\htdocs\chestcounter\vendor\cakephp\cakephp\src\Http\Middleware\BodyParserMiddleware.php, line 157
Cake\Http\Middleware\BodyParserMiddleware->process() C:\Apache24\htdocs\chestcounter\vendor\cakephp\cakephp\src\Http\Runner.php, line 82
Cake\Http\Runner->handle() C:\Apache24\htdocs\chestcounter\vendor\cakephp\cakephp\src\Routing\Middleware\RoutingMiddleware.php, line 118
Cake\Routing\Middleware\RoutingMiddleware->process() C:\Apache24\htdocs\chestcounter\vendor\cakephp\cakephp\src\Http\Runner.php, line 82
Cake\Http\Runner->handle() C:\Apache24\htdocs\chestcounter\vendor\cakephp\cakephp\src\Routing\Middleware\AssetMiddleware.php, line 69
Cake\Routing\Middleware\AssetMiddleware->process() C:\Apache24\htdocs\chestcounter\vendor\cakephp\cakephp\src\Http\Runner.php, line 82
Cake\Http\Runner->handle() C:\Apache24\htdocs\chestcounter\vendor\cakephp\cakephp\src\Error\Middleware\ErrorHandlerMiddleware.php, line 115
Cake\Error\Middleware\ErrorHandlerMiddleware->process() C:\Apache24\htdocs\chestcounter\vendor\cakephp\cakephp\src\Http\Runner.php, line 82
Cake\Http\Runner->handle() C:\Apache24\htdocs\chestcounter\vendor\cakephp\cakephp\src\Http\Runner.php, line 60
Cake\Http\Runner->run() C:\Apache24\htdocs\chestcounter\vendor\cakephp\cakephp\src\Http\Server.php, line 104
Cake\Http\Server->run() C:\Apache24\htdocs\chestcounter\webroot\index.php, line 37
[main]

2025-09-25 01:19:33 notice: Since 5.0.0: Calling `findList` finder with options array is deprecated. Use named arguments instead.
C:\Apache24\htdocs\chestcounter\vendor\cakephp\cakephp\src\ORM\Table.php, line: 2627
You can disable all deprecation warnings by setting `Error.errorLevel` to `E_ALL & ~E_USER_DEPRECATED`. Adding `vendor/cakephp/cakephp/src/ORM/Table.php` to `Error.ignoredDeprecationPaths` in your `config/app.php` config will mute deprecations from that file only.
Request URL: /users/edit/3
Client IP: 127.0.0.1
Trace:
Cake\Error\ErrorTrap->handleError() [internal], line ??
C:\Apache24\htdocs\chestcounter\vendor\cakephp\cakephp\src\Core\functions.php C:\Apache24\htdocs\chestcounter\vendor\cakephp\cakephp\src\Core\functions.php, line 384
C:\Apache24\htdocs\chestcounter\vendor\cakephp\cakephp\src\ORM\Table.php C:\Apache24\htdocs\chestcounter\vendor\cakephp\cakephp\src\ORM\Table.php, line 2695
Cake\ORM\Table->invokeFinder() C:\Apache24\htdocs\chestcounter\vendor\cakephp\cakephp\src\ORM\Table.php, line 2627
Cake\ORM\Table->callFinder() C:\Apache24\htdocs\chestcounter\vendor\cakephp\cakephp\src\ORM\Table.php, line 1274
Cake\ORM\Table->find() C:\Apache24\htdocs\chestcounter\vendor\cakephp\cakephp\src\ORM\Association.php, line 847
Cake\ORM\Association->find() C:\Apache24\htdocs\chestcounter\src\Controller\UsersController.php, line 93
App\Controller\UsersController->edit() C:\Apache24\htdocs\chestcounter\vendor\cakephp\cakephp\src\Controller\Controller.php, line 505
Cake\Controller\Controller->invokeAction() C:\Apache24\htdocs\chestcounter\vendor\cakephp\cakephp\src\Controller\ControllerFactory.php, line 166
Cake\Controller\ControllerFactory->handle() C:\Apache24\htdocs\chestcounter\vendor\cakephp\cakephp\src\Controller\ControllerFactory.php, line 141
Cake\Controller\ControllerFactory->invoke() C:\Apache24\htdocs\chestcounter\vendor\cakephp\cakephp\src\Http\BaseApplication.php, line 362
Cake\Http\BaseApplication->handle() C:\Apache24\htdocs\chestcounter\vendor\cakephp\cakephp\src\Http\Runner.php, line 86
Cake\Http\Runner->handle() C:\Apache24\htdocs\chestcounter\vendor\cakephp\cakephp\src\Http\Middleware\CsrfProtectionMiddleware.php, line 169
Cake\Http\Middleware\CsrfProtectionMiddleware->process() C:\Apache24\htdocs\chestcounter\vendor\cakephp\cakephp\src\Http\Runner.php, line 82
Cake\Http\Runner->handle() C:\Apache24\htdocs\chestcounter\vendor\cakephp\authentication\src\Middleware\AuthenticationMiddleware.php, line 106
Authentication\Middleware\AuthenticationMiddleware->process() C:\Apache24\htdocs\chestcounter\vendor\cakephp\cakephp\src\Http\Runner.php, line 82
Cake\Http\Runner->handle() C:\Apache24\htdocs\chestcounter\vendor\cakephp\cakephp\src\Http\Middleware\BodyParserMiddleware.php, line 157
Cake\Http\Middleware\BodyParserMiddleware->process() C:\Apache24\htdocs\chestcounter\vendor\cakephp\cakephp\src\Http\Runner.php, line 82
Cake\Http\Runner->handle() C:\Apache24\htdocs\chestcounter\vendor\cakephp\cakephp\src\Routing\Middleware\RoutingMiddleware.php, line 118
Cake\Routing\Middleware\RoutingMiddleware->process() C:\Apache24\htdocs\chestcounter\vendor\cakephp\cakephp\src\Http\Runner.php, line 82
Cake\Http\Runner->handle() C:\Apache24\htdocs\chestcounter\vendor\cakephp\cakephp\src\Routing\Middleware\AssetMiddleware.php, line 69
Cake\Routing\Middleware\AssetMiddleware->process() C:\Apache24\htdocs\chestcounter\vendor\cakephp\cakephp\src\Http\Runner.php, line 82
Cake\Http\Runner->handle() C:\Apache24\htdocs\chestcounter\vendor\cakephp\cakephp\src\Error\Middleware\ErrorHandlerMiddleware.php, line 115
Cake\Error\Middleware\ErrorHandlerMiddleware->process() C:\Apache24\htdocs\chestcounter\vendor\cakephp\cakephp\src\Http\Runner.php, line 82
Cake\Http\Runner->handle() C:\Apache24\htdocs\chestcounter\vendor\cakephp\cakephp\src\Http\Runner.php, line 60
Cake\Http\Runner->run() C:\Apache24\htdocs\chestcounter\vendor\cakephp\cakephp\src\Http\Server.php, line 104
Cake\Http\Server->run() C:\Apache24\htdocs\chestcounter\webroot\index.php, line 37
[main]

2025-09-25 01:20:27 notice: Since 5.0.0: Calling `findList` finder with options array is deprecated. Use named arguments instead.
C:\Apache24\htdocs\chestcounter\vendor\cakephp\cakephp\src\ORM\Table.php, line: 2627
You can disable all deprecation warnings by setting `Error.errorLevel` to `E_ALL & ~E_USER_DEPRECATED`. Adding `vendor/cakephp/cakephp/src/ORM/Table.php` to `Error.ignoredDeprecationPaths` in your `config/app.php` config will mute deprecations from that file only.
Request URL: /users/edit/4
Referer URL: http://127.0.0.1/chestcounter/users
Client IP: 127.0.0.1
Trace:
Cake\Error\ErrorTrap->handleError() [internal], line ??
C:\Apache24\htdocs\chestcounter\vendor\cakephp\cakephp\src\Core\functions.php C:\Apache24\htdocs\chestcounter\vendor\cakephp\cakephp\src\Core\functions.php, line 384
C:\Apache24\htdocs\chestcounter\vendor\cakephp\cakephp\src\ORM\Table.php C:\Apache24\htdocs\chestcounter\vendor\cakephp\cakephp\src\ORM\Table.php, line 2695
Cake\ORM\Table->invokeFinder() C:\Apache24\htdocs\chestcounter\vendor\cakephp\cakephp\src\ORM\Table.php, line 2627
Cake\ORM\Table->callFinder() C:\Apache24\htdocs\chestcounter\vendor\cakephp\cakephp\src\ORM\Table.php, line 1274
Cake\ORM\Table->find() C:\Apache24\htdocs\chestcounter\vendor\cakephp\cakephp\src\ORM\Association.php, line 847
Cake\ORM\Association->find() C:\Apache24\htdocs\chestcounter\src\Controller\UsersController.php, line 93
App\Controller\UsersController->edit() C:\Apache24\htdocs\chestcounter\vendor\cakephp\cakephp\src\Controller\Controller.php, line 505
Cake\Controller\Controller->invokeAction() C:\Apache24\htdocs\chestcounter\vendor\cakephp\cakephp\src\Controller\ControllerFactory.php, line 166
Cake\Controller\ControllerFactory->handle() C:\Apache24\htdocs\chestcounter\vendor\cakephp\cakephp\src\Controller\ControllerFactory.php, line 141
Cake\Controller\ControllerFactory->invoke() C:\Apache24\htdocs\chestcounter\vendor\cakephp\cakephp\src\Http\BaseApplication.php, line 362
Cake\Http\BaseApplication->handle() C:\Apache24\htdocs\chestcounter\vendor\cakephp\cakephp\src\Http\Runner.php, line 86
Cake\Http\Runner->handle() C:\Apache24\htdocs\chestcounter\vendor\cakephp\cakephp\src\Http\Middleware\CsrfProtectionMiddleware.php, line 169
Cake\Http\Middleware\CsrfProtectionMiddleware->process() C:\Apache24\htdocs\chestcounter\vendor\cakephp\cakephp\src\Http\Runner.php, line 82
Cake\Http\Runner->handle() C:\Apache24\htdocs\chestcounter\vendor\cakephp\authentication\src\Middleware\AuthenticationMiddleware.php, line 106
Authentication\Middleware\AuthenticationMiddleware->process() C:\Apache24\htdocs\chestcounter\vendor\cakephp\cakephp\src\Http\Runner.php, line 82
Cake\Http\Runner->handle() C:\Apache24\htdocs\chestcounter\vendor\cakephp\cakephp\src\Http\Middleware\BodyParserMiddleware.php, line 157
Cake\Http\Middleware\BodyParserMiddleware->process() C:\Apache24\htdocs\chestcounter\vendor\cakephp\cakephp\src\Http\Runner.php, line 82
Cake\Http\Runner->handle() C:\Apache24\htdocs\chestcounter\vendor\cakephp\cakephp\src\Routing\Middleware\RoutingMiddleware.php, line 118
Cake\Routing\Middleware\RoutingMiddleware->process() C:\Apache24\htdocs\chestcounter\vendor\cakephp\cakephp\src\Http\Runner.php, line 82
Cake\Http\Runner->handle() C:\Apache24\htdocs\chestcounter\vendor\cakephp\cakephp\src\Routing\Middleware\AssetMiddleware.php, line 69
Cake\Routing\Middleware\AssetMiddleware->process() C:\Apache24\htdocs\chestcounter\vendor\cakephp\cakephp\src\Http\Runner.php, line 82
Cake\Http\Runner->handle() C:\Apache24\htdocs\chestcounter\vendor\cakephp\cakephp\src\Error\Middleware\ErrorHandlerMiddleware.php, line 115
Cake\Error\Middleware\ErrorHandlerMiddleware->process() C:\Apache24\htdocs\chestcounter\vendor\cakephp\cakephp\src\Http\Runner.php, line 82
Cake\Http\Runner->handle() C:\Apache24\htdocs\chestcounter\vendor\cakephp\cakephp\src\Http\Runner.php, line 60
Cake\Http\Runner->run() C:\Apache24\htdocs\chestcounter\vendor\cakephp\cakephp\src\Http\Server.php, line 104
Cake\Http\Server->run() C:\Apache24\htdocs\chestcounter\webroot\index.php, line 37
[main]

2025-09-25 01:20:40 notice: Since 5.0.0: Calling `findList` finder with options array is deprecated. Use named arguments instead.
C:\Apache24\htdocs\chestcounter\vendor\cakephp\cakephp\src\ORM\Table.php, line: 2627
You can disable all deprecation warnings by setting `Error.errorLevel` to `E_ALL & ~E_USER_DEPRECATED`. Adding `vendor/cakephp/cakephp/src/ORM/Table.php` to `Error.ignoredDeprecationPaths` in your `config/app.php` config will mute deprecations from that file only.
Request URL: /users/edit/3
Referer URL: http://127.0.0.1/chestcounter/users
Client IP: 127.0.0.1
Trace:
Cake\Error\ErrorTrap->handleError() [internal], line ??
C:\Apache24\htdocs\chestcounter\vendor\cakephp\cakephp\src\Core\functions.php C:\Apache24\htdocs\chestcounter\vendor\cakephp\cakephp\src\Core\functions.php, line 384
C:\Apache24\htdocs\chestcounter\vendor\cakephp\cakephp\src\ORM\Table.php C:\Apache24\htdocs\chestcounter\vendor\cakephp\cakephp\src\ORM\Table.php, line 2695
Cake\ORM\Table->invokeFinder() C:\Apache24\htdocs\chestcounter\vendor\cakephp\cakephp\src\ORM\Table.php, line 2627
Cake\ORM\Table->callFinder() C:\Apache24\htdocs\chestcounter\vendor\cakephp\cakephp\src\ORM\Table.php, line 1274
Cake\ORM\Table->find() C:\Apache24\htdocs\chestcounter\vendor\cakephp\cakephp\src\ORM\Association.php, line 847
Cake\ORM\Association->find() C:\Apache24\htdocs\chestcounter\src\Controller\UsersController.php, line 93
App\Controller\UsersController->edit() C:\Apache24\htdocs\chestcounter\vendor\cakephp\cakephp\src\Controller\Controller.php, line 505
Cake\Controller\Controller->invokeAction() C:\Apache24\htdocs\chestcounter\vendor\cakephp\cakephp\src\Controller\ControllerFactory.php, line 166
Cake\Controller\ControllerFactory->handle() C:\Apache24\htdocs\chestcounter\vendor\cakephp\cakephp\src\Controller\ControllerFactory.php, line 141
Cake\Controller\ControllerFactory->invoke() C:\Apache24\htdocs\chestcounter\vendor\cakephp\cakephp\src\Http\BaseApplication.php, line 362
Cake\Http\BaseApplication->handle() C:\Apache24\htdocs\chestcounter\vendor\cakephp\cakephp\src\Http\Runner.php, line 86
Cake\Http\Runner->handle() C:\Apache24\htdocs\chestcounter\vendor\cakephp\cakephp\src\Http\Middleware\CsrfProtectionMiddleware.php, line 169
Cake\Http\Middleware\CsrfProtectionMiddleware->process() C:\Apache24\htdocs\chestcounter\vendor\cakephp\cakephp\src\Http\Runner.php, line 82
Cake\Http\Runner->handle() C:\Apache24\htdocs\chestcounter\vendor\cakephp\authentication\src\Middleware\AuthenticationMiddleware.php, line 106
Authentication\Middleware\AuthenticationMiddleware->process() C:\Apache24\htdocs\chestcounter\vendor\cakephp\cakephp\src\Http\Runner.php, line 82
Cake\Http\Runner->handle() C:\Apache24\htdocs\chestcounter\vendor\cakephp\cakephp\src\Http\Middleware\BodyParserMiddleware.php, line 157
Cake\Http\Middleware\BodyParserMiddleware->process() C:\Apache24\htdocs\chestcounter\vendor\cakephp\cakephp\src\Http\Runner.php, line 82
Cake\Http\Runner->handle() C:\Apache24\htdocs\chestcounter\vendor\cakephp\cakephp\src\Routing\Middleware\RoutingMiddleware.php, line 118
Cake\Routing\Middleware\RoutingMiddleware->process() C:\Apache24\htdocs\chestcounter\vendor\cakephp\cakephp\src\Http\Runner.php, line 82
Cake\Http\Runner->handle() C:\Apache24\htdocs\chestcounter\vendor\cakephp\cakephp\src\Routing\Middleware\AssetMiddleware.php, line 69
Cake\Routing\Middleware\AssetMiddleware->process() C:\Apache24\htdocs\chestcounter\vendor\cakephp\cakephp\src\Http\Runner.php, line 82
Cake\Http\Runner->handle() C:\Apache24\htdocs\chestcounter\vendor\cakephp\cakephp\src\Error\Middleware\ErrorHandlerMiddleware.php, line 115
Cake\Error\Middleware\ErrorHandlerMiddleware->process() C:\Apache24\htdocs\chestcounter\vendor\cakephp\cakephp\src\Http\Runner.php, line 82
Cake\Http\Runner->handle() C:\Apache24\htdocs\chestcounter\vendor\cakephp\cakephp\src\Http\Runner.php, line 60
Cake\Http\Runner->run() C:\Apache24\htdocs\chestcounter\vendor\cakephp\cakephp\src\Http\Server.php, line 104
Cake\Http\Server->run() C:\Apache24\htdocs\chestcounter\webroot\index.php, line 37
[main]

2025-09-28 16:51:46 notice: Since 5.0.0: Calling `findList` finder with options array is deprecated. Use named arguments instead.
C:\Apache24\htdocs\chestcounter\vendor\cakephp\cakephp\src\ORM\Table.php, line: 2627
You can disable all deprecation warnings by setting `Error.errorLevel` to `E_ALL & ~E_USER_DEPRECATED`. Adding `vendor/cakephp/cakephp/src/ORM/Table.php` to `Error.ignoredDeprecationPaths` in your `config/app.php` config will mute deprecations from that file only.
Request URL: /score
Referer URL: http://127.0.0.1/chestcounter/users
Client IP: 127.0.0.1
Trace:
Cake\Error\ErrorTrap->handleError() [internal], line ??
C:\Apache24\htdocs\chestcounter\vendor\cakephp\cakephp\src\Core\functions.php C:\Apache24\htdocs\chestcounter\vendor\cakephp\cakephp\src\Core\functions.php, line 384
C:\Apache24\htdocs\chestcounter\vendor\cakephp\cakephp\src\ORM\Table.php C:\Apache24\htdocs\chestcounter\vendor\cakephp\cakephp\src\ORM\Table.php, line 2695
Cake\ORM\Table->invokeFinder() C:\Apache24\htdocs\chestcounter\vendor\cakephp\cakephp\src\ORM\Table.php, line 2627
Cake\ORM\Table->callFinder() C:\Apache24\htdocs\chestcounter\vendor\cakephp\cakephp\src\ORM\Table.php, line 1274
Cake\ORM\Table->find() C:\Apache24\htdocs\chestcounter\src\Controller\CollectedChestsController.php, line 157
App\Controller\CollectedChestsController->score() C:\Apache24\htdocs\chestcounter\vendor\cakephp\cakephp\src\Controller\Controller.php, line 505
Cake\Controller\Controller->invokeAction() C:\Apache24\htdocs\chestcounter\vendor\cakephp\cakephp\src\Controller\ControllerFactory.php, line 166
Cake\Controller\ControllerFactory->handle() C:\Apache24\htdocs\chestcounter\vendor\cakephp\cakephp\src\Controller\ControllerFactory.php, line 141
Cake\Controller\ControllerFactory->invoke() C:\Apache24\htdocs\chestcounter\vendor\cakephp\cakephp\src\Http\BaseApplication.php, line 362
Cake\Http\BaseApplication->handle() C:\Apache24\htdocs\chestcounter\vendor\cakephp\cakephp\src\Http\Runner.php, line 86
Cake\Http\Runner->handle() C:\Apache24\htdocs\chestcounter\vendor\cakephp\cakephp\src\Http\Middleware\CsrfProtectionMiddleware.php, line 169
Cake\Http\Middleware\CsrfProtectionMiddleware->process() C:\Apache24\htdocs\chestcounter\vendor\cakephp\cakephp\src\Http\Runner.php, line 82
Cake\Http\Runner->handle() C:\Apache24\htdocs\chestcounter\vendor\cakephp\authentication\src\Middleware\AuthenticationMiddleware.php, line 106
Authentication\Middleware\AuthenticationMiddleware->process() C:\Apache24\htdocs\chestcounter\vendor\cakephp\cakephp\src\Http\Runner.php, line 82
Cake\Http\Runner->handle() C:\Apache24\htdocs\chestcounter\vendor\cakephp\cakephp\src\Http\Middleware\BodyParserMiddleware.php, line 157
Cake\Http\Middleware\BodyParserMiddleware->process() C:\Apache24\htdocs\chestcounter\vendor\cakephp\cakephp\src\Http\Runner.php, line 82
Cake\Http\Runner->handle() C:\Apache24\htdocs\chestcounter\vendor\cakephp\cakephp\src\Routing\Middleware\RoutingMiddleware.php, line 118
Cake\Routing\Middleware\RoutingMiddleware->process() C:\Apache24\htdocs\chestcounter\vendor\cakephp\cakephp\src\Http\Runner.php, line 82
Cake\Http\Runner->handle() C:\Apache24\htdocs\chestcounter\vendor\cakephp\cakephp\src\Routing\Middleware\AssetMiddleware.php, line 69
Cake\Routing\Middleware\AssetMiddleware->process() C:\Apache24\htdocs\chestcounter\vendor\cakephp\cakephp\src\Http\Runner.php, line 82
Cake\Http\Runner->handle() C:\Apache24\htdocs\chestcounter\vendor\cakephp\cakephp\src\Error\Middleware\ErrorHandlerMiddleware.php, line 115
Cake\Error\Middleware\ErrorHandlerMiddleware->process() C:\Apache24\htdocs\chestcounter\vendor\cakephp\cakephp\src\Http\Runner.php, line 82
Cake\Http\Runner->handle() C:\Apache24\htdocs\chestcounter\vendor\cakephp\cakephp\src\Http\Runner.php, line 60
Cake\Http\Runner->run() C:\Apache24\htdocs\chestcounter\vendor\cakephp\cakephp\src\Http\Server.php, line 104
Cake\Http\Server->run() C:\Apache24\htdocs\chestcounter\webroot\index.php, line 37
[main]

2025-09-28 16:55:31 notice: Since 5.0.0: Calling `findList` finder with options array is deprecated. Use named arguments instead.
C:\Apache24\htdocs\chestcounter\vendor\cakephp\cakephp\src\ORM\Table.php, line: 2627
You can disable all deprecation warnings by setting `Error.errorLevel` to `E_ALL & ~E_USER_DEPRECATED`. Adding `vendor/cakephp/cakephp/src/ORM/Table.php` to `Error.ignoredDeprecationPaths` in your `config/app.php` config will mute deprecations from that file only.
Request URL: /score
Client IP: 127.0.0.1
Trace:
Cake\Error\ErrorTrap->handleError() [internal], line ??
C:\Apache24\htdocs\chestcounter\vendor\cakephp\cakephp\src\Core\functions.php C:\Apache24\htdocs\chestcounter\vendor\cakephp\cakephp\src\Core\functions.php, line 384
C:\Apache24\htdocs\chestcounter\vendor\cakephp\cakephp\src\ORM\Table.php C:\Apache24\htdocs\chestcounter\vendor\cakephp\cakephp\src\ORM\Table.php, line 2695
Cake\ORM\Table->invokeFinder() C:\Apache24\htdocs\chestcounter\vendor\cakephp\cakephp\src\ORM\Table.php, line 2627
Cake\ORM\Table->callFinder() C:\Apache24\htdocs\chestcounter\vendor\cakephp\cakephp\src\ORM\Table.php, line 1274
Cake\ORM\Table->find() C:\Apache24\htdocs\chestcounter\src\Controller\CollectedChestsController.php, line 157
App\Controller\CollectedChestsController->score() C:\Apache24\htdocs\chestcounter\vendor\cakephp\cakephp\src\Controller\Controller.php, line 505
Cake\Controller\Controller->invokeAction() C:\Apache24\htdocs\chestcounter\vendor\cakephp\cakephp\src\Controller\ControllerFactory.php, line 166
Cake\Controller\ControllerFactory->handle() C:\Apache24\htdocs\chestcounter\vendor\cakephp\cakephp\src\Controller\ControllerFactory.php, line 141
Cake\Controller\ControllerFactory->invoke() C:\Apache24\htdocs\chestcounter\vendor\cakephp\cakephp\src\Http\BaseApplication.php, line 362
Cake\Http\BaseApplication->handle() C:\Apache24\htdocs\chestcounter\vendor\cakephp\cakephp\src\Http\Runner.php, line 86
Cake\Http\Runner->handle() C:\Apache24\htdocs\chestcounter\vendor\cakephp\cakephp\src\Http\Middleware\CsrfProtectionMiddleware.php, line 169
Cake\Http\Middleware\CsrfProtectionMiddleware->process() C:\Apache24\htdocs\chestcounter\vendor\cakephp\cakephp\src\Http\Runner.php, line 82
Cake\Http\Runner->handle() C:\Apache24\htdocs\chestcounter\vendor\cakephp\authentication\src\Middleware\AuthenticationMiddleware.php, line 106
Authentication\Middleware\AuthenticationMiddleware->process() C:\Apache24\htdocs\chestcounter\vendor\cakephp\cakephp\src\Http\Runner.php, line 82
Cake\Http\Runner->handle() C:\Apache24\htdocs\chestcounter\vendor\cakephp\cakephp\src\Http\Middleware\BodyParserMiddleware.php, line 157
Cake\Http\Middleware\BodyParserMiddleware->process() C:\Apache24\htdocs\chestcounter\vendor\cakephp\cakephp\src\Http\Runner.php, line 82
Cake\Http\Runner->handle() C:\Apache24\htdocs\chestcounter\vendor\cakephp\cakephp\src\Routing\Middleware\RoutingMiddleware.php, line 118
Cake\Routing\Middleware\RoutingMiddleware->process() C:\Apache24\htdocs\chestcounter\vendor\cakephp\cakephp\src\Http\Runner.php, line 82
Cake\Http\Runner->handle() C:\Apache24\htdocs\chestcounter\vendor\cakephp\cakephp\src\Routing\Middleware\AssetMiddleware.php, line 69
Cake\Routing\Middleware\AssetMiddleware->process() C:\Apache24\htdocs\chestcounter\vendor\cakephp\cakephp\src\Http\Runner.php, line 82
Cake\Http\Runner->handle() C:\Apache24\htdocs\chestcounter\vendor\cakephp\cakephp\src\Error\Middleware\ErrorHandlerMiddleware.php, line 115
Cake\Error\Middleware\ErrorHandlerMiddleware->process() C:\Apache24\htdocs\chestcounter\vendor\cakephp\cakephp\src\Http\Runner.php, line 82
Cake\Http\Runner->handle() C:\Apache24\htdocs\chestcounter\vendor\cakephp\cakephp\src\Http\Runner.php, line 60
Cake\Http\Runner->run() C:\Apache24\htdocs\chestcounter\vendor\cakephp\cakephp\src\Http\Server.php, line 104
Cake\Http\Server->run() C:\Apache24\htdocs\chestcounter\webroot\index.php, line 37
[main]

2025-09-28 16:55:43 notice: Since 5.0.0: Calling `findList` finder with options array is deprecated. Use named arguments instead.
C:\Apache24\htdocs\chestcounter\vendor\cakephp\cakephp\src\ORM\Table.php, line: 2627
You can disable all deprecation warnings by setting `Error.errorLevel` to `E_ALL & ~E_USER_DEPRECATED`. Adding `vendor/cakephp/cakephp/src/ORM/Table.php` to `Error.ignoredDeprecationPaths` in your `config/app.php` config will mute deprecations from that file only.
Request URL: /score?sort=player&direction=asc
Referer URL: http://127.0.0.1/chestcounter/score
Client IP: 127.0.0.1
Trace:
Cake\Error\ErrorTrap->handleError() [internal], line ??
C:\Apache24\htdocs\chestcounter\vendor\cakephp\cakephp\src\Core\functions.php C:\Apache24\htdocs\chestcounter\vendor\cakephp\cakephp\src\Core\functions.php, line 384
C:\Apache24\htdocs\chestcounter\vendor\cakephp\cakephp\src\ORM\Table.php C:\Apache24\htdocs\chestcounter\vendor\cakephp\cakephp\src\ORM\Table.php, line 2695
Cake\ORM\Table->invokeFinder() C:\Apache24\htdocs\chestcounter\vendor\cakephp\cakephp\src\ORM\Table.php, line 2627
Cake\ORM\Table->callFinder() C:\Apache24\htdocs\chestcounter\vendor\cakephp\cakephp\src\ORM\Table.php, line 1274
Cake\ORM\Table->find() C:\Apache24\htdocs\chestcounter\src\Controller\CollectedChestsController.php, line 157
App\Controller\CollectedChestsController->score() C:\Apache24\htdocs\chestcounter\vendor\cakephp\cakephp\src\Controller\Controller.php, line 505
Cake\Controller\Controller->invokeAction() C:\Apache24\htdocs\chestcounter\vendor\cakephp\cakephp\src\Controller\ControllerFactory.php, line 166
Cake\Controller\ControllerFactory->handle() C:\Apache24\htdocs\chestcounter\vendor\cakephp\cakephp\src\Controller\ControllerFactory.php, line 141
Cake\Controller\ControllerFactory->invoke() C:\Apache24\htdocs\chestcounter\vendor\cakephp\cakephp\src\Http\BaseApplication.php, line 362
Cake\Http\BaseApplication->handle() C:\Apache24\htdocs\chestcounter\vendor\cakephp\cakephp\src\Http\Runner.php, line 86
Cake\Http\Runner->handle() C:\Apache24\htdocs\chestcounter\vendor\cakephp\cakephp\src\Http\Middleware\CsrfProtectionMiddleware.php, line 169
Cake\Http\Middleware\CsrfProtectionMiddleware->process() C:\Apache24\htdocs\chestcounter\vendor\cakephp\cakephp\src\Http\Runner.php, line 82
Cake\Http\Runner->handle() C:\Apache24\htdocs\chestcounter\vendor\cakephp\authentication\src\Middleware\AuthenticationMiddleware.php, line 106
Authentication\Middleware\AuthenticationMiddleware->process() C:\Apache24\htdocs\chestcounter\vendor\cakephp\cakephp\src\Http\Runner.php, line 82
Cake\Http\Runner->handle() C:\Apache24\htdocs\chestcounter\vendor\cakephp\cakephp\src\Http\Middleware\BodyParserMiddleware.php, line 157
Cake\Http\Middleware\BodyParserMiddleware->process() C:\Apache24\htdocs\chestcounter\vendor\cakephp\cakephp\src\Http\Runner.php, line 82
Cake\Http\Runner->handle() C:\Apache24\htdocs\chestcounter\vendor\cakephp\cakephp\src\Routing\Middleware\RoutingMiddleware.php, line 118
Cake\Routing\Middleware\RoutingMiddleware->process() C:\Apache24\htdocs\chestcounter\vendor\cakephp\cakephp\src\Http\Runner.php, line 82
Cake\Http\Runner->handle() C:\Apache24\htdocs\chestcounter\vendor\cakephp\cakephp\src\Routing\Middleware\AssetMiddleware.php, line 69
Cake\Routing\Middleware\AssetMiddleware->process() C:\Apache24\htdocs\chestcounter\vendor\cakephp\cakephp\src\Http\Runner.php, line 82
Cake\Http\Runner->handle() C:\Apache24\htdocs\chestcounter\vendor\cakephp\cakephp\src\Error\Middleware\ErrorHandlerMiddleware.php, line 115
Cake\Error\Middleware\ErrorHandlerMiddleware->process() C:\Apache24\htdocs\chestcounter\vendor\cakephp\cakephp\src\Http\Runner.php, line 82
Cake\Http\Runner->handle() C:\Apache24\htdocs\chestcounter\vendor\cakephp\cakephp\src\Http\Runner.php, line 60
Cake\Http\Runner->run() C:\Apache24\htdocs\chestcounter\vendor\cakephp\cakephp\src\Http\Server.php, line 104
Cake\Http\Server->run() C:\Apache24\htdocs\chestcounter\webroot\index.php, line 37
[main]

2025-09-28 16:55:48 notice: Since 5.0.0: Calling `findList` finder with options array is deprecated. Use named arguments instead.
C:\Apache24\htdocs\chestcounter\vendor\cakephp\cakephp\src\ORM\Table.php, line: 2627
You can disable all deprecation warnings by setting `Error.errorLevel` to `E_ALL & ~E_USER_DEPRECATED`. Adding `vendor/cakephp/cakephp/src/ORM/Table.php` to `Error.ignoredDeprecationPaths` in your `config/app.php` config will mute deprecations from that file only.
Request URL: /score?sort=epic_crypt_score&direction=asc
Referer URL: http://127.0.0.1/chestcounter/score?sort=player&direction=asc
Client IP: 127.0.0.1
Trace:
Cake\Error\ErrorTrap->handleError() [internal], line ??
C:\Apache24\htdocs\chestcounter\vendor\cakephp\cakephp\src\Core\functions.php C:\Apache24\htdocs\chestcounter\vendor\cakephp\cakephp\src\Core\functions.php, line 384
C:\Apache24\htdocs\chestcounter\vendor\cakephp\cakephp\src\ORM\Table.php C:\Apache24\htdocs\chestcounter\vendor\cakephp\cakephp\src\ORM\Table.php, line 2695
Cake\ORM\Table->invokeFinder() C:\Apache24\htdocs\chestcounter\vendor\cakephp\cakephp\src\ORM\Table.php, line 2627
Cake\ORM\Table->callFinder() C:\Apache24\htdocs\chestcounter\vendor\cakephp\cakephp\src\ORM\Table.php, line 1274
Cake\ORM\Table->find() C:\Apache24\htdocs\chestcounter\src\Controller\CollectedChestsController.php, line 157
App\Controller\CollectedChestsController->score() C:\Apache24\htdocs\chestcounter\vendor\cakephp\cakephp\src\Controller\Controller.php, line 505
Cake\Controller\Controller->invokeAction() C:\Apache24\htdocs\chestcounter\vendor\cakephp\cakephp\src\Controller\ControllerFactory.php, line 166
Cake\Controller\ControllerFactory->handle() C:\Apache24\htdocs\chestcounter\vendor\cakephp\cakephp\src\Controller\ControllerFactory.php, line 141
Cake\Controller\ControllerFactory->invoke() C:\Apache24\htdocs\chestcounter\vendor\cakephp\cakephp\src\Http\BaseApplication.php, line 362
Cake\Http\BaseApplication->handle() C:\Apache24\htdocs\chestcounter\vendor\cakephp\cakephp\src\Http\Runner.php, line 86
Cake\Http\Runner->handle() C:\Apache24\htdocs\chestcounter\vendor\cakephp\cakephp\src\Http\Middleware\CsrfProtectionMiddleware.php, line 169
Cake\Http\Middleware\CsrfProtectionMiddleware->process() C:\Apache24\htdocs\chestcounter\vendor\cakephp\cakephp\src\Http\Runner.php, line 82
Cake\Http\Runner->handle() C:\Apache24\htdocs\chestcounter\vendor\cakephp\authentication\src\Middleware\AuthenticationMiddleware.php, line 106
Authentication\Middleware\AuthenticationMiddleware->process() C:\Apache24\htdocs\chestcounter\vendor\cakephp\cakephp\src\Http\Runner.php, line 82
Cake\Http\Runner->handle() C:\Apache24\htdocs\chestcounter\vendor\cakephp\cakephp\src\Http\Middleware\BodyParserMiddleware.php, line 157
Cake\Http\Middleware\BodyParserMiddleware->process() C:\Apache24\htdocs\chestcounter\vendor\cakephp\cakephp\src\Http\Runner.php, line 82
Cake\Http\Runner->handle() C:\Apache24\htdocs\chestcounter\vendor\cakephp\cakephp\src\Routing\Middleware\RoutingMiddleware.php, line 118
Cake\Routing\Middleware\RoutingMiddleware->process() C:\Apache24\htdocs\chestcounter\vendor\cakephp\cakephp\src\Http\Runner.php, line 82
Cake\Http\Runner->handle() C:\Apache24\htdocs\chestcounter\vendor\cakephp\cakephp\src\Routing\Middleware\AssetMiddleware.php, line 69
Cake\Routing\Middleware\AssetMiddleware->process() C:\Apache24\htdocs\chestcounter\vendor\cakephp\cakephp\src\Http\Runner.php, line 82
Cake\Http\Runner->handle() C:\Apache24\htdocs\chestcounter\vendor\cakephp\cakephp\src\Error\Middleware\ErrorHandlerMiddleware.php, line 115
Cake\Error\Middleware\ErrorHandlerMiddleware->process() C:\Apache24\htdocs\chestcounter\vendor\cakephp\cakephp\src\Http\Runner.php, line 82
Cake\Http\Runner->handle() C:\Apache24\htdocs\chestcounter\vendor\cakephp\cakephp\src\Http\Runner.php, line 60
Cake\Http\Runner->run() C:\Apache24\htdocs\chestcounter\vendor\cakephp\cakephp\src\Http\Server.php, line 104
Cake\Http\Server->run() C:\Apache24\htdocs\chestcounter\webroot\index.php, line 37
[main]

2025-10-19 17:59:51 notice: Since 5.0.0: Calling `findList` finder with options array is deprecated. Use named arguments instead.
C:\Apache24\htdocs\chestcounter\vendor\cakephp\cakephp\src\ORM\Table.php, line: 2627
You can disable all deprecation warnings by setting `Error.errorLevel` to `E_ALL & ~E_USER_DEPRECATED`. Adding `vendor/cakephp/cakephp/src/ORM/Table.php` to `Error.ignoredDeprecationPaths` in your `config/app.php` config will mute deprecations from that file only.
Request URL: /score
Client IP: 127.0.0.1
Trace:
Cake\Error\ErrorTrap->handleError() [internal], line ??
C:\Apache24\htdocs\chestcounter\vendor\cakephp\cakephp\src\Core\functions.php C:\Apache24\htdocs\chestcounter\vendor\cakephp\cakephp\src\Core\functions.php, line 384
C:\Apache24\htdocs\chestcounter\vendor\cakephp\cakephp\src\ORM\Table.php C:\Apache24\htdocs\chestcounter\vendor\cakephp\cakephp\src\ORM\Table.php, line 2695
Cake\ORM\Table->invokeFinder() C:\Apache24\htdocs\chestcounter\vendor\cakephp\cakephp\src\ORM\Table.php, line 2627
Cake\ORM\Table->callFinder() C:\Apache24\htdocs\chestcounter\vendor\cakephp\cakephp\src\ORM\Table.php, line 1274
Cake\ORM\Table->find() C:\Apache24\htdocs\chestcounter\src\Controller\CollectedChestsController.php, line 157
App\Controller\CollectedChestsController->score() C:\Apache24\htdocs\chestcounter\vendor\cakephp\cakephp\src\Controller\Controller.php, line 505
Cake\Controller\Controller->invokeAction() C:\Apache24\htdocs\chestcounter\vendor\cakephp\cakephp\src\Controller\ControllerFactory.php, line 166
Cake\Controller\ControllerFactory->handle() C:\Apache24\htdocs\chestcounter\vendor\cakephp\cakephp\src\Controller\ControllerFactory.php, line 141
Cake\Controller\ControllerFactory->invoke() C:\Apache24\htdocs\chestcounter\vendor\cakephp\cakephp\src\Http\BaseApplication.php, line 362
Cake\Http\BaseApplication->handle() C:\Apache24\htdocs\chestcounter\vendor\cakephp\cakephp\src\Http\Runner.php, line 86
Cake\Http\Runner->handle() C:\Apache24\htdocs\chestcounter\vendor\cakephp\cakephp\src\Http\Middleware\CsrfProtectionMiddleware.php, line 159
Cake\Http\Middleware\CsrfProtectionMiddleware->process() C:\Apache24\htdocs\chestcounter\vendor\cakephp\cakephp\src\Http\Runner.php, line 82
Cake\Http\Runner->handle() C:\Apache24\htdocs\chestcounter\vendor\cakephp\authentication\src\Middleware\AuthenticationMiddleware.php, line 106
Authentication\Middleware\AuthenticationMiddleware->process() C:\Apache24\htdocs\chestcounter\vendor\cakephp\cakephp\src\Http\Runner.php, line 82
Cake\Http\Runner->handle() C:\Apache24\htdocs\chestcounter\vendor\cakephp\cakephp\src\Http\Middleware\BodyParserMiddleware.php, line 157
Cake\Http\Middleware\BodyParserMiddleware->process() C:\Apache24\htdocs\chestcounter\vendor\cakephp\cakephp\src\Http\Runner.php, line 82
Cake\Http\Runner->handle() C:\Apache24\htdocs\chestcounter\vendor\cakephp\cakephp\src\Routing\Middleware\RoutingMiddleware.php, line 118
Cake\Routing\Middleware\RoutingMiddleware->process() C:\Apache24\htdocs\chestcounter\vendor\cakephp\cakephp\src\Http\Runner.php, line 82
Cake\Http\Runner->handle() C:\Apache24\htdocs\chestcounter\vendor\cakephp\cakephp\src\Routing\Middleware\AssetMiddleware.php, line 69
Cake\Routing\Middleware\AssetMiddleware->process() C:\Apache24\htdocs\chestcounter\vendor\cakephp\cakephp\src\Http\Runner.php, line 82
Cake\Http\Runner->handle() C:\Apache24\htdocs\chestcounter\vendor\cakephp\cakephp\src\Error\Middleware\ErrorHandlerMiddleware.php, line 115
Cake\Error\Middleware\ErrorHandlerMiddleware->process() C:\Apache24\htdocs\chestcounter\vendor\cakephp\cakephp\src\Http\Runner.php, line 82
Cake\Http\Runner->handle() C:\Apache24\htdocs\chestcounter\vendor\cakephp\cakephp\src\Http\Runner.php, line 60
Cake\Http\Runner->run() C:\Apache24\htdocs\chestcounter\vendor\cakephp\cakephp\src\Http\Server.php, line 104
Cake\Http\Server->run() C:\Apache24\htdocs\chestcounter\webroot\index.php, line 37
[main]

2025-10-19 18:38:02 notice: Since 5.0.0: Calling `findList` finder with options array is deprecated. Use named arguments instead.
C:\Apache24\htdocs\chestcounter\vendor\cakephp\cakephp\src\ORM\Table.php, line: 2627
You can disable all deprecation warnings by setting `Error.errorLevel` to `E_ALL & ~E_USER_DEPRECATED`. Adding `vendor/cakephp/cakephp/src/ORM/Table.php` to `Error.ignoredDeprecationPaths` in your `config/app.php` config will mute deprecations from that file only.
Request URL: /score
Client IP: 127.0.0.1
Trace:
Cake\Error\ErrorTrap->handleError() [internal], line ??
C:\Apache24\htdocs\chestcounter\vendor\cakephp\cakephp\src\Core\functions.php C:\Apache24\htdocs\chestcounter\vendor\cakephp\cakephp\src\Core\functions.php, line 384
C:\Apache24\htdocs\chestcounter\vendor\cakephp\cakephp\src\ORM\Table.php C:\Apache24\htdocs\chestcounter\vendor\cakephp\cakephp\src\ORM\Table.php, line 2695
Cake\ORM\Table->invokeFinder() C:\Apache24\htdocs\chestcounter\vendor\cakephp\cakephp\src\ORM\Table.php, line 2627
Cake\ORM\Table->callFinder() C:\Apache24\htdocs\chestcounter\vendor\cakephp\cakephp\src\ORM\Table.php, line 1274
Cake\ORM\Table->find() C:\Apache24\htdocs\chestcounter\src\Controller\CollectedChestsController.php, line 157
App\Controller\CollectedChestsController->score() C:\Apache24\htdocs\chestcounter\vendor\cakephp\cakephp\src\Controller\Controller.php, line 505
Cake\Controller\Controller->invokeAction() C:\Apache24\htdocs\chestcounter\vendor\cakephp\cakephp\src\Controller\ControllerFactory.php, line 166
Cake\Controller\ControllerFactory->handle() C:\Apache24\htdocs\chestcounter\vendor\cakephp\cakephp\src\Controller\ControllerFactory.php, line 141
Cake\Controller\ControllerFactory->invoke() C:\Apache24\htdocs\chestcounter\vendor\cakephp\cakephp\src\Http\BaseApplication.php, line 362
Cake\Http\BaseApplication->handle() C:\Apache24\htdocs\chestcounter\vendor\cakephp\cakephp\src\Http\Runner.php, line 86
Cake\Http\Runner->handle() C:\Apache24\htdocs\chestcounter\vendor\cakephp\cakephp\src\Http\Middleware\CsrfProtectionMiddleware.php, line 159
Cake\Http\Middleware\CsrfProtectionMiddleware->process() C:\Apache24\htdocs\chestcounter\vendor\cakephp\cakephp\src\Http\Runner.php, line 82
Cake\Http\Runner->handle() C:\Apache24\htdocs\chestcounter\vendor\cakephp\authentication\src\Middleware\AuthenticationMiddleware.php, line 106
Authentication\Middleware\AuthenticationMiddleware->process() C:\Apache24\htdocs\chestcounter\vendor\cakephp\cakephp\src\Http\Runner.php, line 82
Cake\Http\Runner->handle() C:\Apache24\htdocs\chestcounter\vendor\cakephp\cakephp\src\Http\Middleware\BodyParserMiddleware.php, line 157
Cake\Http\Middleware\BodyParserMiddleware->process() C:\Apache24\htdocs\chestcounter\vendor\cakephp\cakephp\src\Http\Runner.php, line 82
Cake\Http\Runner->handle() C:\Apache24\htdocs\chestcounter\vendor\cakephp\cakephp\src\Routing\Middleware\RoutingMiddleware.php, line 118
Cake\Routing\Middleware\RoutingMiddleware->process() C:\Apache24\htdocs\chestcounter\vendor\cakephp\cakephp\src\Http\Runner.php, line 82
Cake\Http\Runner->handle() C:\Apache24\htdocs\chestcounter\vendor\cakephp\cakephp\src\Routing\Middleware\AssetMiddleware.php, line 69
Cake\Routing\Middleware\AssetMiddleware->process() C:\Apache24\htdocs\chestcounter\vendor\cakephp\cakephp\src\Http\Runner.php, line 82
Cake\Http\Runner->handle() C:\Apache24\htdocs\chestcounter\vendor\cakephp\cakephp\src\Error\Middleware\ErrorHandlerMiddleware.php, line 115
Cake\Error\Middleware\ErrorHandlerMiddleware->process() C:\Apache24\htdocs\chestcounter\vendor\cakephp\cakephp\src\Http\Runner.php, line 82
Cake\Http\Runner->handle() C:\Apache24\htdocs\chestcounter\vendor\cakephp\cakephp\src\Http\Runner.php, line 60
Cake\Http\Runner->run() C:\Apache24\htdocs\chestcounter\vendor\cakephp\cakephp\src\Http\Server.php, line 104
Cake\Http\Server->run() C:\Apache24\htdocs\chestcounter\webroot\index.php, line 37
[main]

2025-10-19 18:55:17 notice: Since 5.0.0: Calling `findList` finder with options array is deprecated. Use named arguments instead.
C:\Apache24\htdocs\chestcounter\vendor\cakephp\cakephp\src\ORM\Table.php, line: 2627
You can disable all deprecation warnings by setting `Error.errorLevel` to `E_ALL & ~E_USER_DEPRECATED`. Adding `vendor/cakephp/cakephp/src/ORM/Table.php` to `Error.ignoredDeprecationPaths` in your `config/app.php` config will mute deprecations from that file only.
Request URL: /score
Referer URL: http://127.0.0.1/chestcounter/users/login
Client IP: 127.0.0.1
Trace:
Cake\Error\ErrorTrap->handleError() [internal], line ??
C:\Apache24\htdocs\chestcounter\vendor\cakephp\cakephp\src\Core\functions.php C:\Apache24\htdocs\chestcounter\vendor\cakephp\cakephp\src\Core\functions.php, line 384
C:\Apache24\htdocs\chestcounter\vendor\cakephp\cakephp\src\ORM\Table.php C:\Apache24\htdocs\chestcounter\vendor\cakephp\cakephp\src\ORM\Table.php, line 2695
Cake\ORM\Table->invokeFinder() C:\Apache24\htdocs\chestcounter\vendor\cakephp\cakephp\src\ORM\Table.php, line 2627
Cake\ORM\Table->callFinder() C:\Apache24\htdocs\chestcounter\vendor\cakephp\cakephp\src\ORM\Table.php, line 1274
Cake\ORM\Table->find() C:\Apache24\htdocs\chestcounter\src\Controller\CollectedChestsController.php, line 157
App\Controller\CollectedChestsController->score() C:\Apache24\htdocs\chestcounter\vendor\cakephp\cakephp\src\Controller\Controller.php, line 505
Cake\Controller\Controller->invokeAction() C:\Apache24\htdocs\chestcounter\vendor\cakephp\cakephp\src\Controller\ControllerFactory.php, line 166
Cake\Controller\ControllerFactory->handle() C:\Apache24\htdocs\chestcounter\vendor\cakephp\cakephp\src\Controller\ControllerFactory.php, line 141
Cake\Controller\ControllerFactory->invoke() C:\Apache24\htdocs\chestcounter\vendor\cakephp\cakephp\src\Http\BaseApplication.php, line 362
Cake\Http\BaseApplication->handle() C:\Apache24\htdocs\chestcounter\vendor\cakephp\cakephp\src\Http\Runner.php, line 86
Cake\Http\Runner->handle() C:\Apache24\htdocs\chestcounter\vendor\cakephp\cakephp\src\Http\Middleware\CsrfProtectionMiddleware.php, line 169
Cake\Http\Middleware\CsrfProtectionMiddleware->process() C:\Apache24\htdocs\chestcounter\vendor\cakephp\cakephp\src\Http\Runner.php, line 82
Cake\Http\Runner->handle() C:\Apache24\htdocs\chestcounter\vendor\cakephp\authentication\src\Middleware\AuthenticationMiddleware.php, line 106
Authentication\Middleware\AuthenticationMiddleware->process() C:\Apache24\htdocs\chestcounter\vendor\cakephp\cakephp\src\Http\Runner.php, line 82
Cake\Http\Runner->handle() C:\Apache24\htdocs\chestcounter\vendor\cakephp\cakephp\src\Http\Middleware\BodyParserMiddleware.php, line 157
Cake\Http\Middleware\BodyParserMiddleware->process() C:\Apache24\htdocs\chestcounter\vendor\cakephp\cakephp\src\Http\Runner.php, line 82
Cake\Http\Runner->handle() C:\Apache24\htdocs\chestcounter\vendor\cakephp\cakephp\src\Routing\Middleware\RoutingMiddleware.php, line 118
Cake\Routing\Middleware\RoutingMiddleware->process() C:\Apache24\htdocs\chestcounter\vendor\cakephp\cakephp\src\Http\Runner.php, line 82
Cake\Http\Runner->handle() C:\Apache24\htdocs\chestcounter\vendor\cakephp\cakephp\src\Routing\Middleware\AssetMiddleware.php, line 69
Cake\Routing\Middleware\AssetMiddleware->process() C:\Apache24\htdocs\chestcounter\vendor\cakephp\cakephp\src\Http\Runner.php, line 82
Cake\Http\Runner->handle() C:\Apache24\htdocs\chestcounter\vendor\cakephp\cakephp\src\Error\Middleware\ErrorHandlerMiddleware.php, line 115
Cake\Error\Middleware\ErrorHandlerMiddleware->process() C:\Apache24\htdocs\chestcounter\vendor\cakephp\cakephp\src\Http\Runner.php, line 82
Cake\Http\Runner->handle() C:\Apache24\htdocs\chestcounter\vendor\cakephp\cakephp\src\Http\Runner.php, line 60
Cake\Http\Runner->run() C:\Apache24\htdocs\chestcounter\vendor\cakephp\cakephp\src\Http\Server.php, line 104
Cake\Http\Server->run() C:\Apache24\htdocs\chestcounter\webroot\index.php, line 37
[main]

2025-10-19 21:32:18 notice: Since 5.0.0: Calling `findList` finder with options array is deprecated. Use named arguments instead.
C:\Apache24\htdocs\chestcounter\vendor\cakephp\cakephp\src\ORM\Table.php, line: 2627
You can disable all deprecation warnings by setting `Error.errorLevel` to `E_ALL & ~E_USER_DEPRECATED`. Adding `vendor/cakephp/cakephp/src/ORM/Table.php` to `Error.ignoredDeprecationPaths` in your `config/app.php` config will mute deprecations from that file only.
Request URL: /score
Client IP: 127.0.0.1
Trace:
Cake\Error\ErrorTrap->handleError() [internal], line ??
C:\Apache24\htdocs\chestcounter\vendor\cakephp\cakephp\src\Core\functions.php C:\Apache24\htdocs\chestcounter\vendor\cakephp\cakephp\src\Core\functions.php, line 384
C:\Apache24\htdocs\chestcounter\vendor\cakephp\cakephp\src\ORM\Table.php C:\Apache24\htdocs\chestcounter\vendor\cakephp\cakephp\src\ORM\Table.php, line 2695
Cake\ORM\Table->invokeFinder() C:\Apache24\htdocs\chestcounter\vendor\cakephp\cakephp\src\ORM\Table.php, line 2627
Cake\ORM\Table->callFinder() C:\Apache24\htdocs\chestcounter\vendor\cakephp\cakephp\src\ORM\Table.php, line 1274
Cake\ORM\Table->find() C:\Apache24\htdocs\chestcounter\src\Controller\CollectedChestsController.php, line 157
App\Controller\CollectedChestsController->score() C:\Apache24\htdocs\chestcounter\vendor\cakephp\cakephp\src\Controller\Controller.php, line 505
Cake\Controller\Controller->invokeAction() C:\Apache24\htdocs\chestcounter\vendor\cakephp\cakephp\src\Controller\ControllerFactory.php, line 166
Cake\Controller\ControllerFactory->handle() C:\Apache24\htdocs\chestcounter\vendor\cakephp\cakephp\src\Controller\ControllerFactory.php, line 141
Cake\Controller\ControllerFactory->invoke() C:\Apache24\htdocs\chestcounter\vendor\cakephp\cakephp\src\Http\BaseApplication.php, line 362
Cake\Http\BaseApplication->handle() C:\Apache24\htdocs\chestcounter\vendor\cakephp\cakephp\src\Http\Runner.php, line 86
Cake\Http\Runner->handle() C:\Apache24\htdocs\chestcounter\vendor\cakephp\cakephp\src\Http\Middleware\CsrfProtectionMiddleware.php, line 169
Cake\Http\Middleware\CsrfProtectionMiddleware->process() C:\Apache24\htdocs\chestcounter\vendor\cakephp\cakephp\src\Http\Runner.php, line 82
Cake\Http\Runner->handle() C:\Apache24\htdocs\chestcounter\vendor\cakephp\authentication\src\Middleware\AuthenticationMiddleware.php, line 106
Authentication\Middleware\AuthenticationMiddleware->process() C:\Apache24\htdocs\chestcounter\vendor\cakephp\cakephp\src\Http\Runner.php, line 82
Cake\Http\Runner->handle() C:\Apache24\htdocs\chestcounter\vendor\cakephp\cakephp\src\Http\Middleware\BodyParserMiddleware.php, line 157
Cake\Http\Middleware\BodyParserMiddleware->process() C:\Apache24\htdocs\chestcounter\vendor\cakephp\cakephp\src\Http\Runner.php, line 82
Cake\Http\Runner->handle() C:\Apache24\htdocs\chestcounter\vendor\cakephp\cakephp\src\Routing\Middleware\RoutingMiddleware.php, line 118
Cake\Routing\Middleware\RoutingMiddleware->process() C:\Apache24\htdocs\chestcounter\vendor\cakephp\cakephp\src\Http\Runner.php, line 82
Cake\Http\Runner->handle() C:\Apache24\htdocs\chestcounter\vendor\cakephp\cakephp\src\Routing\Middleware\AssetMiddleware.php, line 69
Cake\Routing\Middleware\AssetMiddleware->process() C:\Apache24\htdocs\chestcounter\vendor\cakephp\cakephp\src\Http\Runner.php, line 82
Cake\Http\Runner->handle() C:\Apache24\htdocs\chestcounter\vendor\cakephp\cakephp\src\Error\Middleware\ErrorHandlerMiddleware.php, line 115
Cake\Error\Middleware\ErrorHandlerMiddleware->process() C:\Apache24\htdocs\chestcounter\vendor\cakephp\cakephp\src\Http\Runner.php, line 82
Cake\Http\Runner->handle() C:\Apache24\htdocs\chestcounter\vendor\cakephp\cakephp\src\Http\Runner.php, line 60
Cake\Http\Runner->run() C:\Apache24\htdocs\chestcounter\vendor\cakephp\cakephp\src\Http\Server.php, line 104
Cake\Http\Server->run() C:\Apache24\htdocs\chestcounter\webroot\index.php, line 37
[main]

2025-10-19 21:34:38 notice: Since 5.0.0: Calling `findList` finder with options array is deprecated. Use named arguments instead.
C:\Apache24\htdocs\chestcounter\vendor\cakephp\cakephp\src\ORM\Table.php, line: 2627
You can disable all deprecation warnings by setting `Error.errorLevel` to `E_ALL & ~E_USER_DEPRECATED`. Adding `vendor/cakephp/cakephp/src/ORM/Table.php` to `Error.ignoredDeprecationPaths` in your `config/app.php` config will mute deprecations from that file only.
Request URL: /score
Referer URL: http://127.0.0.1/chestcounter/standard-chests?page=4
Client IP: 127.0.0.1
Trace:
Cake\Error\ErrorTrap->handleError() [internal], line ??
C:\Apache24\htdocs\chestcounter\vendor\cakephp\cakephp\src\Core\functions.php C:\Apache24\htdocs\chestcounter\vendor\cakephp\cakephp\src\Core\functions.php, line 384
C:\Apache24\htdocs\chestcounter\vendor\cakephp\cakephp\src\ORM\Table.php C:\Apache24\htdocs\chestcounter\vendor\cakephp\cakephp\src\ORM\Table.php, line 2695
Cake\ORM\Table->invokeFinder() C:\Apache24\htdocs\chestcounter\vendor\cakephp\cakephp\src\ORM\Table.php, line 2627
Cake\ORM\Table->callFinder() C:\Apache24\htdocs\chestcounter\vendor\cakephp\cakephp\src\ORM\Table.php, line 1274
Cake\ORM\Table->find() C:\Apache24\htdocs\chestcounter\src\Controller\CollectedChestsController.php, line 157
App\Controller\CollectedChestsController->score() C:\Apache24\htdocs\chestcounter\vendor\cakephp\cakephp\src\Controller\Controller.php, line 505
Cake\Controller\Controller->invokeAction() C:\Apache24\htdocs\chestcounter\vendor\cakephp\cakephp\src\Controller\ControllerFactory.php, line 166
Cake\Controller\ControllerFactory->handle() C:\Apache24\htdocs\chestcounter\vendor\cakephp\cakephp\src\Controller\ControllerFactory.php, line 141
Cake\Controller\ControllerFactory->invoke() C:\Apache24\htdocs\chestcounter\vendor\cakephp\cakephp\src\Http\BaseApplication.php, line 362
Cake\Http\BaseApplication->handle() C:\Apache24\htdocs\chestcounter\vendor\cakephp\cakephp\src\Http\Runner.php, line 86
Cake\Http\Runner->handle() C:\Apache24\htdocs\chestcounter\vendor\cakephp\cakephp\src\Http\Middleware\CsrfProtectionMiddleware.php, line 169
Cake\Http\Middleware\CsrfProtectionMiddleware->process() C:\Apache24\htdocs\chestcounter\vendor\cakephp\cakephp\src\Http\Runner.php, line 82
Cake\Http\Runner->handle() C:\Apache24\htdocs\chestcounter\vendor\cakephp\authentication\src\Middleware\AuthenticationMiddleware.php, line 106
Authentication\Middleware\AuthenticationMiddleware->process() C:\Apache24\htdocs\chestcounter\vendor\cakephp\cakephp\src\Http\Runner.php, line 82
Cake\Http\Runner->handle() C:\Apache24\htdocs\chestcounter\vendor\cakephp\cakephp\src\Http\Middleware\BodyParserMiddleware.php, line 157
Cake\Http\Middleware\BodyParserMiddleware->process() C:\Apache24\htdocs\chestcounter\vendor\cakephp\cakephp\src\Http\Runner.php, line 82
Cake\Http\Runner->handle() C:\Apache24\htdocs\chestcounter\vendor\cakephp\cakephp\src\Routing\Middleware\RoutingMiddleware.php, line 118
Cake\Routing\Middleware\RoutingMiddleware->process() C:\Apache24\htdocs\chestcounter\vendor\cakephp\cakephp\src\Http\Runner.php, line 82
Cake\Http\Runner->handle() C:\Apache24\htdocs\chestcounter\vendor\cakephp\cakephp\src\Routing\Middleware\AssetMiddleware.php, line 69
Cake\Routing\Middleware\AssetMiddleware->process() C:\Apache24\htdocs\chestcounter\vendor\cakephp\cakephp\src\Http\Runner.php, line 82
Cake\Http\Runner->handle() C:\Apache24\htdocs\chestcounter\vendor\cakephp\cakephp\src\Error\Middleware\ErrorHandlerMiddleware.php, line 115
Cake\Error\Middleware\ErrorHandlerMiddleware->process() C:\Apache24\htdocs\chestcounter\vendor\cakephp\cakephp\src\Http\Runner.php, line 82
Cake\Http\Runner->handle() C:\Apache24\htdocs\chestcounter\vendor\cakephp\cakephp\src\Http\Runner.php, line 60
Cake\Http\Runner->run() C:\Apache24\htdocs\chestcounter\vendor\cakephp\cakephp\src\Http\Server.php, line 104
Cake\Http\Server->run() C:\Apache24\htdocs\chestcounter\webroot\index.php, line 37
[main]

2025-10-19 21:41:58 notice: Since 5.0.0: Calling `findList` finder with options array is deprecated. Use named arguments instead.
C:\Apache24\htdocs\chestcounter\vendor\cakephp\cakephp\src\ORM\Table.php, line: 2627
You can disable all deprecation warnings by setting `Error.errorLevel` to `E_ALL & ~E_USER_DEPRECATED`. Adding `vendor/cakephp/cakephp/src/ORM/Table.php` to `Error.ignoredDeprecationPaths` in your `config/app.php` config will mute deprecations from that file only.
Request URL: /score
Client IP: 127.0.0.1
Trace:
Cake\Error\ErrorTrap->handleError() [internal], line ??
C:\Apache24\htdocs\chestcounter\vendor\cakephp\cakephp\src\Core\functions.php C:\Apache24\htdocs\chestcounter\vendor\cakephp\cakephp\src\Core\functions.php, line 384
C:\Apache24\htdocs\chestcounter\vendor\cakephp\cakephp\src\ORM\Table.php C:\Apache24\htdocs\chestcounter\vendor\cakephp\cakephp\src\ORM\Table.php, line 2695
Cake\ORM\Table->invokeFinder() C:\Apache24\htdocs\chestcounter\vendor\cakephp\cakephp\src\ORM\Table.php, line 2627
Cake\ORM\Table->callFinder() C:\Apache24\htdocs\chestcounter\vendor\cakephp\cakephp\src\ORM\Table.php, line 1274
Cake\ORM\Table->find() C:\Apache24\htdocs\chestcounter\src\Controller\CollectedChestsController.php, line 157
App\Controller\CollectedChestsController->score() C:\Apache24\htdocs\chestcounter\vendor\cakephp\cakephp\src\Controller\Controller.php, line 505
Cake\Controller\Controller->invokeAction() C:\Apache24\htdocs\chestcounter\vendor\cakephp\cakephp\src\Controller\ControllerFactory.php, line 166
Cake\Controller\ControllerFactory->handle() C:\Apache24\htdocs\chestcounter\vendor\cakephp\cakephp\src\Controller\ControllerFactory.php, line 141
Cake\Controller\ControllerFactory->invoke() C:\Apache24\htdocs\chestcounter\vendor\cakephp\cakephp\src\Http\BaseApplication.php, line 362
Cake\Http\BaseApplication->handle() C:\Apache24\htdocs\chestcounter\vendor\cakephp\cakephp\src\Http\Runner.php, line 86
Cake\Http\Runner->handle() C:\Apache24\htdocs\chestcounter\vendor\cakephp\cakephp\src\Http\Middleware\CsrfProtectionMiddleware.php, line 169
Cake\Http\Middleware\CsrfProtectionMiddleware->process() C:\Apache24\htdocs\chestcounter\vendor\cakephp\cakephp\src\Http\Runner.php, line 82
Cake\Http\Runner->handle() C:\Apache24\htdocs\chestcounter\vendor\cakephp\authentication\src\Middleware\AuthenticationMiddleware.php, line 106
Authentication\Middleware\AuthenticationMiddleware->process() C:\Apache24\htdocs\chestcounter\vendor\cakephp\cakephp\src\Http\Runner.php, line 82
Cake\Http\Runner->handle() C:\Apache24\htdocs\chestcounter\vendor\cakephp\cakephp\src\Http\Middleware\BodyParserMiddleware.php, line 157
Cake\Http\Middleware\BodyParserMiddleware->process() C:\Apache24\htdocs\chestcounter\vendor\cakephp\cakephp\src\Http\Runner.php, line 82
Cake\Http\Runner->handle() C:\Apache24\htdocs\chestcounter\vendor\cakephp\cakephp\src\Routing\Middleware\RoutingMiddleware.php, line 118
Cake\Routing\Middleware\RoutingMiddleware->process() C:\Apache24\htdocs\chestcounter\vendor\cakephp\cakephp\src\Http\Runner.php, line 82
Cake\Http\Runner->handle() C:\Apache24\htdocs\chestcounter\vendor\cakephp\cakephp\src\Routing\Middleware\AssetMiddleware.php, line 69
Cake\Routing\Middleware\AssetMiddleware->process() C:\Apache24\htdocs\chestcounter\vendor\cakephp\cakephp\src\Http\Runner.php, line 82
Cake\Http\Runner->handle() C:\Apache24\htdocs\chestcounter\vendor\cakephp\cakephp\src\Error\Middleware\ErrorHandlerMiddleware.php, line 115
Cake\Error\Middleware\ErrorHandlerMiddleware->process() C:\Apache24\htdocs\chestcounter\vendor\cakephp\cakephp\src\Http\Runner.php, line 82
Cake\Http\Runner->handle() C:\Apache24\htdocs\chestcounter\vendor\cakephp\cakephp\src\Http\Runner.php, line 60
Cake\Http\Runner->run() C:\Apache24\htdocs\chestcounter\vendor\cakephp\cakephp\src\Http\Server.php, line 104
Cake\Http\Server->run() C:\Apache24\htdocs\chestcounter\webroot\index.php, line 37
[main]

2025-10-19 21:43:28 notice: Since 5.0.0: Calling `findList` finder with options array is deprecated. Use named arguments instead.
C:\Apache24\htdocs\chestcounter\vendor\cakephp\cakephp\src\ORM\Table.php, line: 2627
You can disable all deprecation warnings by setting `Error.errorLevel` to `E_ALL & ~E_USER_DEPRECATED`. Adding `vendor/cakephp/cakephp/src/ORM/Table.php` to `Error.ignoredDeprecationPaths` in your `config/app.php` config will mute deprecations from that file only.
Request URL: /score
Client IP: 127.0.0.1
Trace:
Cake\Error\ErrorTrap->handleError() [internal], line ??
C:\Apache24\htdocs\chestcounter\vendor\cakephp\cakephp\src\Core\functions.php C:\Apache24\htdocs\chestcounter\vendor\cakephp\cakephp\src\Core\functions.php, line 384
C:\Apache24\htdocs\chestcounter\vendor\cakephp\cakephp\src\ORM\Table.php C:\Apache24\htdocs\chestcounter\vendor\cakephp\cakephp\src\ORM\Table.php, line 2695
Cake\ORM\Table->invokeFinder() C:\Apache24\htdocs\chestcounter\vendor\cakephp\cakephp\src\ORM\Table.php, line 2627
Cake\ORM\Table->callFinder() C:\Apache24\htdocs\chestcounter\vendor\cakephp\cakephp\src\ORM\Table.php, line 1274
Cake\ORM\Table->find() C:\Apache24\htdocs\chestcounter\src\Controller\CollectedChestsController.php, line 157
App\Controller\CollectedChestsController->score() C:\Apache24\htdocs\chestcounter\vendor\cakephp\cakephp\src\Controller\Controller.php, line 505
Cake\Controller\Controller->invokeAction() C:\Apache24\htdocs\chestcounter\vendor\cakephp\cakephp\src\Controller\ControllerFactory.php, line 166
Cake\Controller\ControllerFactory->handle() C:\Apache24\htdocs\chestcounter\vendor\cakephp\cakephp\src\Controller\ControllerFactory.php, line 141
Cake\Controller\ControllerFactory->invoke() C:\Apache24\htdocs\chestcounter\vendor\cakephp\cakephp\src\Http\BaseApplication.php, line 362
Cake\Http\BaseApplication->handle() C:\Apache24\htdocs\chestcounter\vendor\cakephp\cakephp\src\Http\Runner.php, line 86
Cake\Http\Runner->handle() C:\Apache24\htdocs\chestcounter\vendor\cakephp\cakephp\src\Http\Middleware\CsrfProtectionMiddleware.php, line 169
Cake\Http\Middleware\CsrfProtectionMiddleware->process() C:\Apache24\htdocs\chestcounter\vendor\cakephp\cakephp\src\Http\Runner.php, line 82
Cake\Http\Runner->handle() C:\Apache24\htdocs\chestcounter\vendor\cakephp\authentication\src\Middleware\AuthenticationMiddleware.php, line 106
Authentication\Middleware\AuthenticationMiddleware->process() C:\Apache24\htdocs\chestcounter\vendor\cakephp\cakephp\src\Http\Runner.php, line 82
Cake\Http\Runner->handle() C:\Apache24\htdocs\chestcounter\vendor\cakephp\cakephp\src\Http\Middleware\BodyParserMiddleware.php, line 157
Cake\Http\Middleware\BodyParserMiddleware->process() C:\Apache24\htdocs\chestcounter\vendor\cakephp\cakephp\src\Http\Runner.php, line 82
Cake\Http\Runner->handle() C:\Apache24\htdocs\chestcounter\vendor\cakephp\cakephp\src\Routing\Middleware\RoutingMiddleware.php, line 118
Cake\Routing\Middleware\RoutingMiddleware->process() C:\Apache24\htdocs\chestcounter\vendor\cakephp\cakephp\src\Http\Runner.php, line 82
Cake\Http\Runner->handle() C:\Apache24\htdocs\chestcounter\vendor\cakephp\cakephp\src\Routing\Middleware\AssetMiddleware.php, line 69
Cake\Routing\Middleware\AssetMiddleware->process() C:\Apache24\htdocs\chestcounter\vendor\cakephp\cakephp\src\Http\Runner.php, line 82
Cake\Http\Runner->handle() C:\Apache24\htdocs\chestcounter\vendor\cakephp\cakephp\src\Error\Middleware\ErrorHandlerMiddleware.php, line 115
Cake\Error\Middleware\ErrorHandlerMiddleware->process() C:\Apache24\htdocs\chestcounter\vendor\cakephp\cakephp\src\Http\Runner.php, line 82
Cake\Http\Runner->handle() C:\Apache24\htdocs\chestcounter\vendor\cakephp\cakephp\src\Http\Runner.php, line 60
Cake\Http\Runner->run() C:\Apache24\htdocs\chestcounter\vendor\cakephp\cakephp\src\Http\Server.php, line 104
Cake\Http\Server->run() C:\Apache24\htdocs\chestcounter\webroot\index.php, line 37
[main]

2025-10-19 21:46:12 notice: Since 5.0.0: Calling `findList` finder with options array is deprecated. Use named arguments instead.
C:\Apache24\htdocs\chestcounter\vendor\cakephp\cakephp\src\ORM\Table.php, line: 2627
You can disable all deprecation warnings by setting `Error.errorLevel` to `E_ALL & ~E_USER_DEPRECATED`. Adding `vendor/cakephp/cakephp/src/ORM/Table.php` to `Error.ignoredDeprecationPaths` in your `config/app.php` config will mute deprecations from that file only.
Request URL: /score
Referer URL: http://127.0.0.1/chestcounter/history
Client IP: 127.0.0.1
Trace:
Cake\Error\ErrorTrap->handleError() [internal], line ??
C:\Apache24\htdocs\chestcounter\vendor\cakephp\cakephp\src\Core\functions.php C:\Apache24\htdocs\chestcounter\vendor\cakephp\cakephp\src\Core\functions.php, line 384
C:\Apache24\htdocs\chestcounter\vendor\cakephp\cakephp\src\ORM\Table.php C:\Apache24\htdocs\chestcounter\vendor\cakephp\cakephp\src\ORM\Table.php, line 2695
Cake\ORM\Table->invokeFinder() C:\Apache24\htdocs\chestcounter\vendor\cakephp\cakephp\src\ORM\Table.php, line 2627
Cake\ORM\Table->callFinder() C:\Apache24\htdocs\chestcounter\vendor\cakephp\cakephp\src\ORM\Table.php, line 1274
Cake\ORM\Table->find() C:\Apache24\htdocs\chestcounter\src\Controller\CollectedChestsController.php, line 157
App\Controller\CollectedChestsController->score() C:\Apache24\htdocs\chestcounter\vendor\cakephp\cakephp\src\Controller\Controller.php, line 505
Cake\Controller\Controller->invokeAction() C:\Apache24\htdocs\chestcounter\vendor\cakephp\cakephp\src\Controller\ControllerFactory.php, line 166
Cake\Controller\ControllerFactory->handle() C:\Apache24\htdocs\chestcounter\vendor\cakephp\cakephp\src\Controller\ControllerFactory.php, line 141
Cake\Controller\ControllerFactory->invoke() C:\Apache24\htdocs\chestcounter\vendor\cakephp\cakephp\src\Http\BaseApplication.php, line 362
Cake\Http\BaseApplication->handle() C:\Apache24\htdocs\chestcounter\vendor\cakephp\cakephp\src\Http\Runner.php, line 86
Cake\Http\Runner->handle() C:\Apache24\htdocs\chestcounter\vendor\cakephp\cakephp\src\Http\Middleware\CsrfProtectionMiddleware.php, line 169
Cake\Http\Middleware\CsrfProtectionMiddleware->process() C:\Apache24\htdocs\chestcounter\vendor\cakephp\cakephp\src\Http\Runner.php, line 82
Cake\Http\Runner->handle() C:\Apache24\htdocs\chestcounter\vendor\cakephp\authentication\src\Middleware\AuthenticationMiddleware.php, line 106
Authentication\Middleware\AuthenticationMiddleware->process() C:\Apache24\htdocs\chestcounter\vendor\cakephp\cakephp\src\Http\Runner.php, line 82
Cake\Http\Runner->handle() C:\Apache24\htdocs\chestcounter\vendor\cakephp\cakephp\src\Http\Middleware\BodyParserMiddleware.php, line 157
Cake\Http\Middleware\BodyParserMiddleware->process() C:\Apache24\htdocs\chestcounter\vendor\cakephp\cakephp\src\Http\Runner.php, line 82
Cake\Http\Runner->handle() C:\Apache24\htdocs\chestcounter\vendor\cakephp\cakephp\src\Routing\Middleware\RoutingMiddleware.php, line 118
Cake\Routing\Middleware\RoutingMiddleware->process() C:\Apache24\htdocs\chestcounter\vendor\cakephp\cakephp\src\Http\Runner.php, line 82
Cake\Http\Runner->handle() C:\Apache24\htdocs\chestcounter\vendor\cakephp\cakephp\src\Routing\Middleware\AssetMiddleware.php, line 69
Cake\Routing\Middleware\AssetMiddleware->process() C:\Apache24\htdocs\chestcounter\vendor\cakephp\cakephp\src\Http\Runner.php, line 82
Cake\Http\Runner->handle() C:\Apache24\htdocs\chestcounter\vendor\cakephp\cakephp\src\Error\Middleware\ErrorHandlerMiddleware.php, line 115
Cake\Error\Middleware\ErrorHandlerMiddleware->process() C:\Apache24\htdocs\chestcounter\vendor\cakephp\cakephp\src\Http\Runner.php, line 82
Cake\Http\Runner->handle() C:\Apache24\htdocs\chestcounter\vendor\cakephp\cakephp\src\Http\Runner.php, line 60
Cake\Http\Runner->run() C:\Apache24\htdocs\chestcounter\vendor\cakephp\cakephp\src\Http\Server.php, line 104
Cake\Http\Server->run() C:\Apache24\htdocs\chestcounter\webroot\index.php, line 37
[main]

2025-10-19 21:48:09 notice: Since 5.0.0: Calling `findList` finder with options array is deprecated. Use named arguments instead.
C:\Apache24\htdocs\chestcounter\vendor\cakephp\cakephp\src\ORM\Table.php, line: 2627
You can disable all deprecation warnings by setting `Error.errorLevel` to `E_ALL & ~E_USER_DEPRECATED`. Adding `vendor/cakephp/cakephp/src/ORM/Table.php` to `Error.ignoredDeprecationPaths` in your `config/app.php` config will mute deprecations from that file only.
Request URL: /score
Referer URL: http://127.0.0.1/chestcounter/history
Client IP: 127.0.0.1
Trace:
Cake\Error\ErrorTrap->handleError() [internal], line ??
C:\Apache24\htdocs\chestcounter\vendor\cakephp\cakephp\src\Core\functions.php C:\Apache24\htdocs\chestcounter\vendor\cakephp\cakephp\src\Core\functions.php, line 384
C:\Apache24\htdocs\chestcounter\vendor\cakephp\cakephp\src\ORM\Table.php C:\Apache24\htdocs\chestcounter\vendor\cakephp\cakephp\src\ORM\Table.php, line 2695
Cake\ORM\Table->invokeFinder() C:\Apache24\htdocs\chestcounter\vendor\cakephp\cakephp\src\ORM\Table.php, line 2627
Cake\ORM\Table->callFinder() C:\Apache24\htdocs\chestcounter\vendor\cakephp\cakephp\src\ORM\Table.php, line 1274
Cake\ORM\Table->find() C:\Apache24\htdocs\chestcounter\src\Controller\CollectedChestsController.php, line 157
App\Controller\CollectedChestsController->score() C:\Apache24\htdocs\chestcounter\vendor\cakephp\cakephp\src\Controller\Controller.php, line 505
Cake\Controller\Controller->invokeAction() C:\Apache24\htdocs\chestcounter\vendor\cakephp\cakephp\src\Controller\ControllerFactory.php, line 166
Cake\Controller\ControllerFactory->handle() C:\Apache24\htdocs\chestcounter\vendor\cakephp\cakephp\src\Controller\ControllerFactory.php, line 141
Cake\Controller\ControllerFactory->invoke() C:\Apache24\htdocs\chestcounter\vendor\cakephp\cakephp\src\Http\BaseApplication.php, line 362
Cake\Http\BaseApplication->handle() C:\Apache24\htdocs\chestcounter\vendor\cakephp\cakephp\src\Http\Runner.php, line 86
Cake\Http\Runner->handle() C:\Apache24\htdocs\chestcounter\vendor\cakephp\cakephp\src\Http\Middleware\CsrfProtectionMiddleware.php, line 169
Cake\Http\Middleware\CsrfProtectionMiddleware->process() C:\Apache24\htdocs\chestcounter\vendor\cakephp\cakephp\src\Http\Runner.php, line 82
Cake\Http\Runner->handle() C:\Apache24\htdocs\chestcounter\vendor\cakephp\authentication\src\Middleware\AuthenticationMiddleware.php, line 106
Authentication\Middleware\AuthenticationMiddleware->process() C:\Apache24\htdocs\chestcounter\vendor\cakephp\cakephp\src\Http\Runner.php, line 82
Cake\Http\Runner->handle() C:\Apache24\htdocs\chestcounter\vendor\cakephp\cakephp\src\Http\Middleware\BodyParserMiddleware.php, line 157
Cake\Http\Middleware\BodyParserMiddleware->process() C:\Apache24\htdocs\chestcounter\vendor\cakephp\cakephp\src\Http\Runner.php, line 82
Cake\Http\Runner->handle() C:\Apache24\htdocs\chestcounter\vendor\cakephp\cakephp\src\Routing\Middleware\RoutingMiddleware.php, line 118
Cake\Routing\Middleware\RoutingMiddleware->process() C:\Apache24\htdocs\chestcounter\vendor\cakephp\cakephp\src\Http\Runner.php, line 82
Cake\Http\Runner->handle() C:\Apache24\htdocs\chestcounter\vendor\cakephp\cakephp\src\Routing\Middleware\AssetMiddleware.php, line 69
Cake\Routing\Middleware\AssetMiddleware->process() C:\Apache24\htdocs\chestcounter\vendor\cakephp\cakephp\src\Http\Runner.php, line 82
Cake\Http\Runner->handle() C:\Apache24\htdocs\chestcounter\vendor\cakephp\cakephp\src\Error\Middleware\ErrorHandlerMiddleware.php, line 115
Cake\Error\Middleware\ErrorHandlerMiddleware->process() C:\Apache24\htdocs\chestcounter\vendor\cakephp\cakephp\src\Http\Runner.php, line 82
Cake\Http\Runner->handle() C:\Apache24\htdocs\chestcounter\vendor\cakephp\cakephp\src\Http\Runner.php, line 60
Cake\Http\Runner->run() C:\Apache24\htdocs\chestcounter\vendor\cakephp\cakephp\src\Http\Server.php, line 104
Cake\Http\Server->run() C:\Apache24\htdocs\chestcounter\webroot\index.php, line 37
[main]

2025-10-19 22:08:20 notice: Since 5.0.0: Calling `findList` finder with options array is deprecated. Use named arguments instead.
C:\Apache24\htdocs\chestcounter\vendor\cakephp\cakephp\src\ORM\Table.php, line: 2627
You can disable all deprecation warnings by setting `Error.errorLevel` to `E_ALL & ~E_USER_DEPRECATED`. Adding `vendor/cakephp/cakephp/src/ORM/Table.php` to `Error.ignoredDeprecationPaths` in your `config/app.php` config will mute deprecations from that file only.
Request URL: /score
Referer URL: http://127.0.0.1/chestcounter/history
Client IP: 127.0.0.1
Trace:
Cake\Error\ErrorTrap->handleError() [internal], line ??
C:\Apache24\htdocs\chestcounter\vendor\cakephp\cakephp\src\Core\functions.php C:\Apache24\htdocs\chestcounter\vendor\cakephp\cakephp\src\Core\functions.php, line 384
C:\Apache24\htdocs\chestcounter\vendor\cakephp\cakephp\src\ORM\Table.php C:\Apache24\htdocs\chestcounter\vendor\cakephp\cakephp\src\ORM\Table.php, line 2695
Cake\ORM\Table->invokeFinder() C:\Apache24\htdocs\chestcounter\vendor\cakephp\cakephp\src\ORM\Table.php, line 2627
Cake\ORM\Table->callFinder() C:\Apache24\htdocs\chestcounter\vendor\cakephp\cakephp\src\ORM\Table.php, line 1274
Cake\ORM\Table->find() C:\Apache24\htdocs\chestcounter\src\Controller\CollectedChestsController.php, line 157
App\Controller\CollectedChestsController->score() C:\Apache24\htdocs\chestcounter\vendor\cakephp\cakephp\src\Controller\Controller.php, line 505
Cake\Controller\Controller->invokeAction() C:\Apache24\htdocs\chestcounter\vendor\cakephp\cakephp\src\Controller\ControllerFactory.php, line 166
Cake\Controller\ControllerFactory->handle() C:\Apache24\htdocs\chestcounter\vendor\cakephp\cakephp\src\Controller\ControllerFactory.php, line 141
Cake\Controller\ControllerFactory->invoke() C:\Apache24\htdocs\chestcounter\vendor\cakephp\cakephp\src\Http\BaseApplication.php, line 362
Cake\Http\BaseApplication->handle() C:\Apache24\htdocs\chestcounter\vendor\cakephp\cakephp\src\Http\Runner.php, line 86
Cake\Http\Runner->handle() C:\Apache24\htdocs\chestcounter\vendor\cakephp\cakephp\src\Http\Middleware\CsrfProtectionMiddleware.php, line 169
Cake\Http\Middleware\CsrfProtectionMiddleware->process() C:\Apache24\htdocs\chestcounter\vendor\cakephp\cakephp\src\Http\Runner.php, line 82
Cake\Http\Runner->handle() C:\Apache24\htdocs\chestcounter\vendor\cakephp\authentication\src\Middleware\AuthenticationMiddleware.php, line 106
Authentication\Middleware\AuthenticationMiddleware->process() C:\Apache24\htdocs\chestcounter\vendor\cakephp\cakephp\src\Http\Runner.php, line 82
Cake\Http\Runner->handle() C:\Apache24\htdocs\chestcounter\vendor\cakephp\cakephp\src\Http\Middleware\BodyParserMiddleware.php, line 157
Cake\Http\Middleware\BodyParserMiddleware->process() C:\Apache24\htdocs\chestcounter\vendor\cakephp\cakephp\src\Http\Runner.php, line 82
Cake\Http\Runner->handle() C:\Apache24\htdocs\chestcounter\vendor\cakephp\cakephp\src\Routing\Middleware\RoutingMiddleware.php, line 118
Cake\Routing\Middleware\RoutingMiddleware->process() C:\Apache24\htdocs\chestcounter\vendor\cakephp\cakephp\src\Http\Runner.php, line 82
Cake\Http\Runner->handle() C:\Apache24\htdocs\chestcounter\vendor\cakephp\cakephp\src\Routing\Middleware\AssetMiddleware.php, line 69
Cake\Routing\Middleware\AssetMiddleware->process() C:\Apache24\htdocs\chestcounter\vendor\cakephp\cakephp\src\Http\Runner.php, line 82
Cake\Http\Runner->handle() C:\Apache24\htdocs\chestcounter\vendor\cakephp\cakephp\src\Error\Middleware\ErrorHandlerMiddleware.php, line 115
Cake\Error\Middleware\ErrorHandlerMiddleware->process() C:\Apache24\htdocs\chestcounter\vendor\cakephp\cakephp\src\Http\Runner.php, line 82
Cake\Http\Runner->handle() C:\Apache24\htdocs\chestcounter\vendor\cakephp\cakephp\src\Http\Runner.php, line 60
Cake\Http\Runner->run() C:\Apache24\htdocs\chestcounter\vendor\cakephp\cakephp\src\Http\Server.php, line 104
Cake\Http\Server->run() C:\Apache24\htdocs\chestcounter\webroot\index.php, line 37
[main]

2025-10-19 22:10:45 notice: Since 5.0.0: Calling `findList` finder with options array is deprecated. Use named arguments instead.
C:\Apache24\htdocs\chestcounter\vendor\cakephp\cakephp\src\ORM\Table.php, line: 2627
You can disable all deprecation warnings by setting `Error.errorLevel` to `E_ALL & ~E_USER_DEPRECATED`. Adding `vendor/cakephp/cakephp/src/ORM/Table.php` to `Error.ignoredDeprecationPaths` in your `config/app.php` config will mute deprecations from that file only.
Request URL: /score
Referer URL: http://127.0.0.1/chestcounter/player-cycle-summaries/player-history/Rainfury
Client IP: 127.0.0.1
Trace:
Cake\Error\ErrorTrap->handleError() [internal], line ??
C:\Apache24\htdocs\chestcounter\vendor\cakephp\cakephp\src\Core\functions.php C:\Apache24\htdocs\chestcounter\vendor\cakephp\cakephp\src\Core\functions.php, line 384
C:\Apache24\htdocs\chestcounter\vendor\cakephp\cakephp\src\ORM\Table.php C:\Apache24\htdocs\chestcounter\vendor\cakephp\cakephp\src\ORM\Table.php, line 2695
Cake\ORM\Table->invokeFinder() C:\Apache24\htdocs\chestcounter\vendor\cakephp\cakephp\src\ORM\Table.php, line 2627
Cake\ORM\Table->callFinder() C:\Apache24\htdocs\chestcounter\vendor\cakephp\cakephp\src\ORM\Table.php, line 1274
Cake\ORM\Table->find() C:\Apache24\htdocs\chestcounter\src\Controller\CollectedChestsController.php, line 157
App\Controller\CollectedChestsController->score() C:\Apache24\htdocs\chestcounter\vendor\cakephp\cakephp\src\Controller\Controller.php, line 505
Cake\Controller\Controller->invokeAction() C:\Apache24\htdocs\chestcounter\vendor\cakephp\cakephp\src\Controller\ControllerFactory.php, line 166
Cake\Controller\ControllerFactory->handle() C:\Apache24\htdocs\chestcounter\vendor\cakephp\cakephp\src\Controller\ControllerFactory.php, line 141
Cake\Controller\ControllerFactory->invoke() C:\Apache24\htdocs\chestcounter\vendor\cakephp\cakephp\src\Http\BaseApplication.php, line 362
Cake\Http\BaseApplication->handle() C:\Apache24\htdocs\chestcounter\vendor\cakephp\cakephp\src\Http\Runner.php, line 86
Cake\Http\Runner->handle() C:\Apache24\htdocs\chestcounter\vendor\cakephp\cakephp\src\Http\Middleware\CsrfProtectionMiddleware.php, line 169
Cake\Http\Middleware\CsrfProtectionMiddleware->process() C:\Apache24\htdocs\chestcounter\vendor\cakephp\cakephp\src\Http\Runner.php, line 82
Cake\Http\Runner->handle() C:\Apache24\htdocs\chestcounter\vendor\cakephp\authentication\src\Middleware\AuthenticationMiddleware.php, line 106
Authentication\Middleware\AuthenticationMiddleware->process() C:\Apache24\htdocs\chestcounter\vendor\cakephp\cakephp\src\Http\Runner.php, line 82
Cake\Http\Runner->handle() C:\Apache24\htdocs\chestcounter\vendor\cakephp\cakephp\src\Http\Middleware\BodyParserMiddleware.php, line 157
Cake\Http\Middleware\BodyParserMiddleware->process() C:\Apache24\htdocs\chestcounter\vendor\cakephp\cakephp\src\Http\Runner.php, line 82
Cake\Http\Runner->handle() C:\Apache24\htdocs\chestcounter\vendor\cakephp\cakephp\src\Routing\Middleware\RoutingMiddleware.php, line 118
Cake\Routing\Middleware\RoutingMiddleware->process() C:\Apache24\htdocs\chestcounter\vendor\cakephp\cakephp\src\Http\Runner.php, line 82
Cake\Http\Runner->handle() C:\Apache24\htdocs\chestcounter\vendor\cakephp\cakephp\src\Routing\Middleware\AssetMiddleware.php, line 69
Cake\Routing\Middleware\AssetMiddleware->process() C:\Apache24\htdocs\chestcounter\vendor\cakephp\cakephp\src\Http\Runner.php, line 82
Cake\Http\Runner->handle() C:\Apache24\htdocs\chestcounter\vendor\cakephp\cakephp\src\Error\Middleware\ErrorHandlerMiddleware.php, line 115
Cake\Error\Middleware\ErrorHandlerMiddleware->process() C:\Apache24\htdocs\chestcounter\vendor\cakephp\cakephp\src\Http\Runner.php, line 82
Cake\Http\Runner->handle() C:\Apache24\htdocs\chestcounter\vendor\cakephp\cakephp\src\Http\Runner.php, line 60
Cake\Http\Runner->run() C:\Apache24\htdocs\chestcounter\vendor\cakephp\cakephp\src\Http\Server.php, line 104
Cake\Http\Server->run() C:\Apache24\htdocs\chestcounter\webroot\index.php, line 37
[main]

2025-10-19 22:12:22 notice: Since 5.0.0: Calling `findList` finder with options array is deprecated. Use named arguments instead.
C:\Apache24\htdocs\chestcounter\vendor\cakephp\cakephp\src\ORM\Table.php, line: 2627
You can disable all deprecation warnings by setting `Error.errorLevel` to `E_ALL & ~E_USER_DEPRECATED`. Adding `vendor/cakephp/cakephp/src/ORM/Table.php` to `Error.ignoredDeprecationPaths` in your `config/app.php` config will mute deprecations from that file only.
Request URL: /player-cycle-summaries/player-history/NuTs%2BB%2BLandin
Referer URL: http://127.0.0.1/chestcounter/score
Client IP: 127.0.0.1
Trace:
Cake\Error\ErrorTrap->handleError() [internal], line ??
C:\Apache24\htdocs\chestcounter\vendor\cakephp\cakephp\src\Core\functions.php C:\Apache24\htdocs\chestcounter\vendor\cakephp\cakephp\src\Core\functions.php, line 384
C:\Apache24\htdocs\chestcounter\vendor\cakephp\cakephp\src\ORM\Table.php C:\Apache24\htdocs\chestcounter\vendor\cakephp\cakephp\src\ORM\Table.php, line 2695
Cake\ORM\Table->invokeFinder() C:\Apache24\htdocs\chestcounter\vendor\cakephp\cakephp\src\ORM\Table.php, line 2627
Cake\ORM\Table->callFinder() C:\Apache24\htdocs\chestcounter\vendor\cakephp\cakephp\src\ORM\Table.php, line 1274
Cake\ORM\Table->find() C:\Apache24\htdocs\chestcounter\src\Controller\PlayerCycleSummariesController.php, line 100
App\Controller\PlayerCycleSummariesController->playerHistory() C:\Apache24\htdocs\chestcounter\vendor\cakephp\cakephp\src\Controller\Controller.php, line 505
Cake\Controller\Controller->invokeAction() C:\Apache24\htdocs\chestcounter\vendor\cakephp\cakephp\src\Controller\ControllerFactory.php, line 166
Cake\Controller\ControllerFactory->handle() C:\Apache24\htdocs\chestcounter\vendor\cakephp\cakephp\src\Controller\ControllerFactory.php, line 141
Cake\Controller\ControllerFactory->invoke() C:\Apache24\htdocs\chestcounter\vendor\cakephp\cakephp\src\Http\BaseApplication.php, line 362
Cake\Http\BaseApplication->handle() C:\Apache24\htdocs\chestcounter\vendor\cakephp\cakephp\src\Http\Runner.php, line 86
Cake\Http\Runner->handle() C:\Apache24\htdocs\chestcounter\vendor\cakephp\cakephp\src\Http\Middleware\CsrfProtectionMiddleware.php, line 169
Cake\Http\Middleware\CsrfProtectionMiddleware->process() C:\Apache24\htdocs\chestcounter\vendor\cakephp\cakephp\src\Http\Runner.php, line 82
Cake\Http\Runner->handle() C:\Apache24\htdocs\chestcounter\vendor\cakephp\authentication\src\Middleware\AuthenticationMiddleware.php, line 106
Authentication\Middleware\AuthenticationMiddleware->process() C:\Apache24\htdocs\chestcounter\vendor\cakephp\cakephp\src\Http\Runner.php, line 82
Cake\Http\Runner->handle() C:\Apache24\htdocs\chestcounter\vendor\cakephp\cakephp\src\Http\Middleware\BodyParserMiddleware.php, line 157
Cake\Http\Middleware\BodyParserMiddleware->process() C:\Apache24\htdocs\chestcounter\vendor\cakephp\cakephp\src\Http\Runner.php, line 82
Cake\Http\Runner->handle() C:\Apache24\htdocs\chestcounter\vendor\cakephp\cakephp\src\Routing\Middleware\RoutingMiddleware.php, line 118
Cake\Routing\Middleware\RoutingMiddleware->process() C:\Apache24\htdocs\chestcounter\vendor\cakephp\cakephp\src\Http\Runner.php, line 82
Cake\Http\Runner->handle() C:\Apache24\htdocs\chestcounter\vendor\cakephp\cakephp\src\Routing\Middleware\AssetMiddleware.php, line 69
Cake\Routing\Middleware\AssetMiddleware->process() C:\Apache24\htdocs\chestcounter\vendor\cakephp\cakephp\src\Http\Runner.php, line 82
Cake\Http\Runner->handle() C:\Apache24\htdocs\chestcounter\vendor\cakephp\cakephp\src\Error\Middleware\ErrorHandlerMiddleware.php, line 115
Cake\Error\Middleware\ErrorHandlerMiddleware->process() C:\Apache24\htdocs\chestcounter\vendor\cakephp\cakephp\src\Http\Runner.php, line 82
Cake\Http\Runner->handle() C:\Apache24\htdocs\chestcounter\vendor\cakephp\cakephp\src\Http\Runner.php, line 60
Cake\Http\Runner->run() C:\Apache24\htdocs\chestcounter\vendor\cakephp\cakephp\src\Http\Server.php, line 104
Cake\Http\Server->run() C:\Apache24\htdocs\chestcounter\webroot\index.php, line 37
[main]

2025-10-19 22:24:13 notice: Since 5.0.0: Calling `findList` finder with options array is deprecated. Use named arguments instead.
C:\Apache24\htdocs\chestcounter\vendor\cakephp\cakephp\src\ORM\Table.php, line: 2627
You can disable all deprecation warnings by setting `Error.errorLevel` to `E_ALL & ~E_USER_DEPRECATED`. Adding `vendor/cakephp/cakephp/src/ORM/Table.php` to `Error.ignoredDeprecationPaths` in your `config/app.php` config will mute deprecations from that file only.
Request URL: /
Client IP: 127.0.0.1
Trace:
Cake\Error\ErrorTrap->handleError() [internal], line ??
C:\Apache24\htdocs\chestcounter\vendor\cakephp\cakephp\src\Core\functions.php C:\Apache24\htdocs\chestcounter\vendor\cakephp\cakephp\src\Core\functions.php, line 384
C:\Apache24\htdocs\chestcounter\vendor\cakephp\cakephp\src\ORM\Table.php C:\Apache24\htdocs\chestcounter\vendor\cakephp\cakephp\src\ORM\Table.php, line 2695
Cake\ORM\Table->invokeFinder() C:\Apache24\htdocs\chestcounter\vendor\cakephp\cakephp\src\ORM\Table.php, line 2627
Cake\ORM\Table->callFinder() C:\Apache24\htdocs\chestcounter\vendor\cakephp\cakephp\src\ORM\Table.php, line 1274
Cake\ORM\Table->find() C:\Apache24\htdocs\chestcounter\src\Controller\CollectedChestsController.php, line 157
App\Controller\CollectedChestsController->score() C:\Apache24\htdocs\chestcounter\vendor\cakephp\cakephp\src\Controller\Controller.php, line 505
Cake\Controller\Controller->invokeAction() C:\Apache24\htdocs\chestcounter\vendor\cakephp\cakephp\src\Controller\ControllerFactory.php, line 166
Cake\Controller\ControllerFactory->handle() C:\Apache24\htdocs\chestcounter\vendor\cakephp\cakephp\src\Controller\ControllerFactory.php, line 141
Cake\Controller\ControllerFactory->invoke() C:\Apache24\htdocs\chestcounter\vendor\cakephp\cakephp\src\Http\BaseApplication.php, line 362
Cake\Http\BaseApplication->handle() C:\Apache24\htdocs\chestcounter\vendor\cakephp\cakephp\src\Http\Runner.php, line 86
Cake\Http\Runner->handle() C:\Apache24\htdocs\chestcounter\vendor\cakephp\cakephp\src\Http\Middleware\CsrfProtectionMiddleware.php, line 169
Cake\Http\Middleware\CsrfProtectionMiddleware->process() C:\Apache24\htdocs\chestcounter\vendor\cakephp\cakephp\src\Http\Runner.php, line 82
Cake\Http\Runner->handle() C:\Apache24\htdocs\chestcounter\vendor\cakephp\authentication\src\Middleware\AuthenticationMiddleware.php, line 106
Authentication\Middleware\AuthenticationMiddleware->process() C:\Apache24\htdocs\chestcounter\vendor\cakephp\cakephp\src\Http\Runner.php, line 82
Cake\Http\Runner->handle() C:\Apache24\htdocs\chestcounter\vendor\cakephp\cakephp\src\Http\Middleware\BodyParserMiddleware.php, line 157
Cake\Http\Middleware\BodyParserMiddleware->process() C:\Apache24\htdocs\chestcounter\vendor\cakephp\cakephp\src\Http\Runner.php, line 82
Cake\Http\Runner->handle() C:\Apache24\htdocs\chestcounter\vendor\cakephp\cakephp\src\Routing\Middleware\RoutingMiddleware.php, line 118
Cake\Routing\Middleware\RoutingMiddleware->process() C:\Apache24\htdocs\chestcounter\vendor\cakephp\cakephp\src\Http\Runner.php, line 82
Cake\Http\Runner->handle() C:\Apache24\htdocs\chestcounter\vendor\cakephp\cakephp\src\Routing\Middleware\AssetMiddleware.php, line 69
Cake\Routing\Middleware\AssetMiddleware->process() C:\Apache24\htdocs\chestcounter\vendor\cakephp\cakephp\src\Http\Runner.php, line 82
Cake\Http\Runner->handle() C:\Apache24\htdocs\chestcounter\vendor\cakephp\cakephp\src\Error\Middleware\ErrorHandlerMiddleware.php, line 115
Cake\Error\Middleware\ErrorHandlerMiddleware->process() C:\Apache24\htdocs\chestcounter\vendor\cakephp\cakephp\src\Http\Runner.php, line 82
Cake\Http\Runner->handle() C:\Apache24\htdocs\chestcounter\vendor\cakephp\cakephp\src\Http\Runner.php, line 60
Cake\Http\Runner->run() C:\Apache24\htdocs\chestcounter\vendor\cakephp\cakephp\src\Http\Server.php, line 104
Cake\Http\Server->run() C:\Apache24\htdocs\chestcounter\webroot\index.php, line 37
[main]

2025-10-19 22:24:18 notice: Since 5.0.0: Calling `findList` finder with options array is deprecated. Use named arguments instead.
C:\Apache24\htdocs\chestcounter\vendor\cakephp\cakephp\src\ORM\Table.php, line: 2627
You can disable all deprecation warnings by setting `Error.errorLevel` to `E_ALL & ~E_USER_DEPRECATED`. Adding `vendor/cakephp/cakephp/src/ORM/Table.php` to `Error.ignoredDeprecationPaths` in your `config/app.php` config will mute deprecations from that file only.
Request URL: /player-cycle-summaries/player-history/Rainfury
Referer URL: http://127.0.0.1/chestcounter/
Client IP: 127.0.0.1
Trace:
Cake\Error\ErrorTrap->handleError() [internal], line ??
C:\Apache24\htdocs\chestcounter\vendor\cakephp\cakephp\src\Core\functions.php C:\Apache24\htdocs\chestcounter\vendor\cakephp\cakephp\src\Core\functions.php, line 384
C:\Apache24\htdocs\chestcounter\vendor\cakephp\cakephp\src\ORM\Table.php C:\Apache24\htdocs\chestcounter\vendor\cakephp\cakephp\src\ORM\Table.php, line 2695
Cake\ORM\Table->invokeFinder() C:\Apache24\htdocs\chestcounter\vendor\cakephp\cakephp\src\ORM\Table.php, line 2627
Cake\ORM\Table->callFinder() C:\Apache24\htdocs\chestcounter\vendor\cakephp\cakephp\src\ORM\Table.php, line 1274
Cake\ORM\Table->find() C:\Apache24\htdocs\chestcounter\src\Controller\PlayerCycleSummariesController.php, line 104
App\Controller\PlayerCycleSummariesController->playerHistory() C:\Apache24\htdocs\chestcounter\vendor\cakephp\cakephp\src\Controller\Controller.php, line 505
Cake\Controller\Controller->invokeAction() C:\Apache24\htdocs\chestcounter\vendor\cakephp\cakephp\src\Controller\ControllerFactory.php, line 166
Cake\Controller\ControllerFactory->handle() C:\Apache24\htdocs\chestcounter\vendor\cakephp\cakephp\src\Controller\ControllerFactory.php, line 141
Cake\Controller\ControllerFactory->invoke() C:\Apache24\htdocs\chestcounter\vendor\cakephp\cakephp\src\Http\BaseApplication.php, line 362
Cake\Http\BaseApplication->handle() C:\Apache24\htdocs\chestcounter\vendor\cakephp\cakephp\src\Http\Runner.php, line 86
Cake\Http\Runner->handle() C:\Apache24\htdocs\chestcounter\vendor\cakephp\cakephp\src\Http\Middleware\CsrfProtectionMiddleware.php, line 169
Cake\Http\Middleware\CsrfProtectionMiddleware->process() C:\Apache24\htdocs\chestcounter\vendor\cakephp\cakephp\src\Http\Runner.php, line 82
Cake\Http\Runner->handle() C:\Apache24\htdocs\chestcounter\vendor\cakephp\authentication\src\Middleware\AuthenticationMiddleware.php, line 106
Authentication\Middleware\AuthenticationMiddleware->process() C:\Apache24\htdocs\chestcounter\vendor\cakephp\cakephp\src\Http\Runner.php, line 82
Cake\Http\Runner->handle() C:\Apache24\htdocs\chestcounter\vendor\cakephp\cakephp\src\Http\Middleware\BodyParserMiddleware.php, line 157
Cake\Http\Middleware\BodyParserMiddleware->process() C:\Apache24\htdocs\chestcounter\vendor\cakephp\cakephp\src\Http\Runner.php, line 82
Cake\Http\Runner->handle() C:\Apache24\htdocs\chestcounter\vendor\cakephp\cakephp\src\Routing\Middleware\RoutingMiddleware.php, line 118
Cake\Routing\Middleware\RoutingMiddleware->process() C:\Apache24\htdocs\chestcounter\vendor\cakephp\cakephp\src\Http\Runner.php, line 82
Cake\Http\Runner->handle() C:\Apache24\htdocs\chestcounter\vendor\cakephp\cakephp\src\Routing\Middleware\AssetMiddleware.php, line 69
Cake\Routing\Middleware\AssetMiddleware->process() C:\Apache24\htdocs\chestcounter\vendor\cakephp\cakephp\src\Http\Runner.php, line 82
Cake\Http\Runner->handle() C:\Apache24\htdocs\chestcounter\vendor\cakephp\cakephp\src\Error\Middleware\ErrorHandlerMiddleware.php, line 115
Cake\Error\Middleware\ErrorHandlerMiddleware->process() C:\Apache24\htdocs\chestcounter\vendor\cakephp\cakephp\src\Http\Runner.php, line 82
Cake\Http\Runner->handle() C:\Apache24\htdocs\chestcounter\vendor\cakephp\cakephp\src\Http\Runner.php, line 60
Cake\Http\Runner->run() C:\Apache24\htdocs\chestcounter\vendor\cakephp\cakephp\src\Http\Server.php, line 104
Cake\Http\Server->run() C:\Apache24\htdocs\chestcounter\webroot\index.php, line 37
[main]

2025-10-19 22:24:26 notice: Since 5.0.0: Calling `findList` finder with options array is deprecated. Use named arguments instead.
C:\Apache24\htdocs\chestcounter\vendor\cakephp\cakephp\src\ORM\Table.php, line: 2627
You can disable all deprecation warnings by setting `Error.errorLevel` to `E_ALL & ~E_USER_DEPRECATED`. Adding `vendor/cakephp/cakephp/src/ORM/Table.php` to `Error.ignoredDeprecationPaths` in your `config/app.php` config will mute deprecations from that file only.
Request URL: /score
Client IP: 127.0.0.1
Trace:
Cake\Error\ErrorTrap->handleError() [internal], line ??
C:\Apache24\htdocs\chestcounter\vendor\cakephp\cakephp\src\Core\functions.php C:\Apache24\htdocs\chestcounter\vendor\cakephp\cakephp\src\Core\functions.php, line 384
C:\Apache24\htdocs\chestcounter\vendor\cakephp\cakephp\src\ORM\Table.php C:\Apache24\htdocs\chestcounter\vendor\cakephp\cakephp\src\ORM\Table.php, line 2695
Cake\ORM\Table->invokeFinder() C:\Apache24\htdocs\chestcounter\vendor\cakephp\cakephp\src\ORM\Table.php, line 2627
Cake\ORM\Table->callFinder() C:\Apache24\htdocs\chestcounter\vendor\cakephp\cakephp\src\ORM\Table.php, line 1274
Cake\ORM\Table->find() C:\Apache24\htdocs\chestcounter\src\Controller\CollectedChestsController.php, line 157
App\Controller\CollectedChestsController->score() C:\Apache24\htdocs\chestcounter\vendor\cakephp\cakephp\src\Controller\Controller.php, line 505
Cake\Controller\Controller->invokeAction() C:\Apache24\htdocs\chestcounter\vendor\cakephp\cakephp\src\Controller\ControllerFactory.php, line 166
Cake\Controller\ControllerFactory->handle() C:\Apache24\htdocs\chestcounter\vendor\cakephp\cakephp\src\Controller\ControllerFactory.php, line 141
Cake\Controller\ControllerFactory->invoke() C:\Apache24\htdocs\chestcounter\vendor\cakephp\cakephp\src\Http\BaseApplication.php, line 362
Cake\Http\BaseApplication->handle() C:\Apache24\htdocs\chestcounter\vendor\cakephp\cakephp\src\Http\Runner.php, line 86
Cake\Http\Runner->handle() C:\Apache24\htdocs\chestcounter\vendor\cakephp\cakephp\src\Http\Middleware\CsrfProtectionMiddleware.php, line 169
Cake\Http\Middleware\CsrfProtectionMiddleware->process() C:\Apache24\htdocs\chestcounter\vendor\cakephp\cakephp\src\Http\Runner.php, line 82
Cake\Http\Runner->handle() C:\Apache24\htdocs\chestcounter\vendor\cakephp\authentication\src\Middleware\AuthenticationMiddleware.php, line 106
Authentication\Middleware\AuthenticationMiddleware->process() C:\Apache24\htdocs\chestcounter\vendor\cakephp\cakephp\src\Http\Runner.php, line 82
Cake\Http\Runner->handle() C:\Apache24\htdocs\chestcounter\vendor\cakephp\cakephp\src\Http\Middleware\BodyParserMiddleware.php, line 157
Cake\Http\Middleware\BodyParserMiddleware->process() C:\Apache24\htdocs\chestcounter\vendor\cakephp\cakephp\src\Http\Runner.php, line 82
Cake\Http\Runner->handle() C:\Apache24\htdocs\chestcounter\vendor\cakephp\cakephp\src\Routing\Middleware\RoutingMiddleware.php, line 118
Cake\Routing\Middleware\RoutingMiddleware->process() C:\Apache24\htdocs\chestcounter\vendor\cakephp\cakephp\src\Http\Runner.php, line 82
Cake\Http\Runner->handle() C:\Apache24\htdocs\chestcounter\vendor\cakephp\cakephp\src\Routing\Middleware\AssetMiddleware.php, line 69
Cake\Routing\Middleware\AssetMiddleware->process() C:\Apache24\htdocs\chestcounter\vendor\cakephp\cakephp\src\Http\Runner.php, line 82
Cake\Http\Runner->handle() C:\Apache24\htdocs\chestcounter\vendor\cakephp\cakephp\src\Error\Middleware\ErrorHandlerMiddleware.php, line 115
Cake\Error\Middleware\ErrorHandlerMiddleware->process() C:\Apache24\htdocs\chestcounter\vendor\cakephp\cakephp\src\Http\Runner.php, line 82
Cake\Http\Runner->handle() C:\Apache24\htdocs\chestcounter\vendor\cakephp\cakephp\src\Http\Runner.php, line 60
Cake\Http\Runner->run() C:\Apache24\htdocs\chestcounter\vendor\cakephp\cakephp\src\Http\Server.php, line 104
Cake\Http\Server->run() C:\Apache24\htdocs\chestcounter\webroot\index.php, line 37
[main]

2025-10-19 22:24:31 notice: Since 5.0.0: Calling `findList` finder with options array is deprecated. Use named arguments instead.
C:\Apache24\htdocs\chestcounter\vendor\cakephp\cakephp\src\ORM\Table.php, line: 2627
You can disable all deprecation warnings by setting `Error.errorLevel` to `E_ALL & ~E_USER_DEPRECATED`. Adding `vendor/cakephp/cakephp/src/ORM/Table.php` to `Error.ignoredDeprecationPaths` in your `config/app.php` config will mute deprecations from that file only.
Request URL: /player-cycle-summaries/player-history/Rainfury
Referer URL: http://127.0.0.1/chestcounter/score
Client IP: 127.0.0.1
Trace:
Cake\Error\ErrorTrap->handleError() [internal], line ??
C:\Apache24\htdocs\chestcounter\vendor\cakephp\cakephp\src\Core\functions.php C:\Apache24\htdocs\chestcounter\vendor\cakephp\cakephp\src\Core\functions.php, line 384
C:\Apache24\htdocs\chestcounter\vendor\cakephp\cakephp\src\ORM\Table.php C:\Apache24\htdocs\chestcounter\vendor\cakephp\cakephp\src\ORM\Table.php, line 2695
Cake\ORM\Table->invokeFinder() C:\Apache24\htdocs\chestcounter\vendor\cakephp\cakephp\src\ORM\Table.php, line 2627
Cake\ORM\Table->callFinder() C:\Apache24\htdocs\chestcounter\vendor\cakephp\cakephp\src\ORM\Table.php, line 1274
Cake\ORM\Table->find() C:\Apache24\htdocs\chestcounter\src\Controller\PlayerCycleSummariesController.php, line 104
App\Controller\PlayerCycleSummariesController->playerHistory() C:\Apache24\htdocs\chestcounter\vendor\cakephp\cakephp\src\Controller\Controller.php, line 505
Cake\Controller\Controller->invokeAction() C:\Apache24\htdocs\chestcounter\vendor\cakephp\cakephp\src\Controller\ControllerFactory.php, line 166
Cake\Controller\ControllerFactory->handle() C:\Apache24\htdocs\chestcounter\vendor\cakephp\cakephp\src\Controller\ControllerFactory.php, line 141
Cake\Controller\ControllerFactory->invoke() C:\Apache24\htdocs\chestcounter\vendor\cakephp\cakephp\src\Http\BaseApplication.php, line 362
Cake\Http\BaseApplication->handle() C:\Apache24\htdocs\chestcounter\vendor\cakephp\cakephp\src\Http\Runner.php, line 86
Cake\Http\Runner->handle() C:\Apache24\htdocs\chestcounter\vendor\cakephp\cakephp\src\Http\Middleware\CsrfProtectionMiddleware.php, line 169
Cake\Http\Middleware\CsrfProtectionMiddleware->process() C:\Apache24\htdocs\chestcounter\vendor\cakephp\cakephp\src\Http\Runner.php, line 82
Cake\Http\Runner->handle() C:\Apache24\htdocs\chestcounter\vendor\cakephp\authentication\src\Middleware\AuthenticationMiddleware.php, line 106
Authentication\Middleware\AuthenticationMiddleware->process() C:\Apache24\htdocs\chestcounter\vendor\cakephp\cakephp\src\Http\Runner.php, line 82
Cake\Http\Runner->handle() C:\Apache24\htdocs\chestcounter\vendor\cakephp\cakephp\src\Http\Middleware\BodyParserMiddleware.php, line 157
Cake\Http\Middleware\BodyParserMiddleware->process() C:\Apache24\htdocs\chestcounter\vendor\cakephp\cakephp\src\Http\Runner.php, line 82
Cake\Http\Runner->handle() C:\Apache24\htdocs\chestcounter\vendor\cakephp\cakephp\src\Routing\Middleware\RoutingMiddleware.php, line 118
Cake\Routing\Middleware\RoutingMiddleware->process() C:\Apache24\htdocs\chestcounter\vendor\cakephp\cakephp\src\Http\Runner.php, line 82
Cake\Http\Runner->handle() C:\Apache24\htdocs\chestcounter\vendor\cakephp\cakephp\src\Routing\Middleware\AssetMiddleware.php, line 69
Cake\Routing\Middleware\AssetMiddleware->process() C:\Apache24\htdocs\chestcounter\vendor\cakephp\cakephp\src\Http\Runner.php, line 82
Cake\Http\Runner->handle() C:\Apache24\htdocs\chestcounter\vendor\cakephp\cakephp\src\Error\Middleware\ErrorHandlerMiddleware.php, line 115
Cake\Error\Middleware\ErrorHandlerMiddleware->process() C:\Apache24\htdocs\chestcounter\vendor\cakephp\cakephp\src\Http\Runner.php, line 82
Cake\Http\Runner->handle() C:\Apache24\htdocs\chestcounter\vendor\cakephp\cakephp\src\Http\Runner.php, line 60
Cake\Http\Runner->run() C:\Apache24\htdocs\chestcounter\vendor\cakephp\cakephp\src\Http\Server.php, line 104
Cake\Http\Server->run() C:\Apache24\htdocs\chestcounter\webroot\index.php, line 37
[main]

2025-10-19 22:24:36 notice: Since 5.0.0: Calling `findList` finder with options array is deprecated. Use named arguments instead.
C:\Apache24\htdocs\chestcounter\vendor\cakephp\cakephp\src\ORM\Table.php, line: 2627
You can disable all deprecation warnings by setting `Error.errorLevel` to `E_ALL & ~E_USER_DEPRECATED`. Adding `vendor/cakephp/cakephp/src/ORM/Table.php` to `Error.ignoredDeprecationPaths` in your `config/app.php` config will mute deprecations from that file only.
Request URL: /score
Client IP: 127.0.0.1
Trace:
Cake\Error\ErrorTrap->handleError() [internal], line ??
C:\Apache24\htdocs\chestcounter\vendor\cakephp\cakephp\src\Core\functions.php C:\Apache24\htdocs\chestcounter\vendor\cakephp\cakephp\src\Core\functions.php, line 384
C:\Apache24\htdocs\chestcounter\vendor\cakephp\cakephp\src\ORM\Table.php C:\Apache24\htdocs\chestcounter\vendor\cakephp\cakephp\src\ORM\Table.php, line 2695
Cake\ORM\Table->invokeFinder() C:\Apache24\htdocs\chestcounter\vendor\cakephp\cakephp\src\ORM\Table.php, line 2627
Cake\ORM\Table->callFinder() C:\Apache24\htdocs\chestcounter\vendor\cakephp\cakephp\src\ORM\Table.php, line 1274
Cake\ORM\Table->find() C:\Apache24\htdocs\chestcounter\src\Controller\CollectedChestsController.php, line 157
App\Controller\CollectedChestsController->score() C:\Apache24\htdocs\chestcounter\vendor\cakephp\cakephp\src\Controller\Controller.php, line 505
Cake\Controller\Controller->invokeAction() C:\Apache24\htdocs\chestcounter\vendor\cakephp\cakephp\src\Controller\ControllerFactory.php, line 166
Cake\Controller\ControllerFactory->handle() C:\Apache24\htdocs\chestcounter\vendor\cakephp\cakephp\src\Controller\ControllerFactory.php, line 141
Cake\Controller\ControllerFactory->invoke() C:\Apache24\htdocs\chestcounter\vendor\cakephp\cakephp\src\Http\BaseApplication.php, line 362
Cake\Http\BaseApplication->handle() C:\Apache24\htdocs\chestcounter\vendor\cakephp\cakephp\src\Http\Runner.php, line 86
Cake\Http\Runner->handle() C:\Apache24\htdocs\chestcounter\vendor\cakephp\cakephp\src\Http\Middleware\CsrfProtectionMiddleware.php, line 169
Cake\Http\Middleware\CsrfProtectionMiddleware->process() C:\Apache24\htdocs\chestcounter\vendor\cakephp\cakephp\src\Http\Runner.php, line 82
Cake\Http\Runner->handle() C:\Apache24\htdocs\chestcounter\vendor\cakephp\authentication\src\Middleware\AuthenticationMiddleware.php, line 106
Authentication\Middleware\AuthenticationMiddleware->process() C:\Apache24\htdocs\chestcounter\vendor\cakephp\cakephp\src\Http\Runner.php, line 82
Cake\Http\Runner->handle() C:\Apache24\htdocs\chestcounter\vendor\cakephp\cakephp\src\Http\Middleware\BodyParserMiddleware.php, line 157
Cake\Http\Middleware\BodyParserMiddleware->process() C:\Apache24\htdocs\chestcounter\vendor\cakephp\cakephp\src\Http\Runner.php, line 82
Cake\Http\Runner->handle() C:\Apache24\htdocs\chestcounter\vendor\cakephp\cakephp\src\Routing\Middleware\RoutingMiddleware.php, line 118
Cake\Routing\Middleware\RoutingMiddleware->process() C:\Apache24\htdocs\chestcounter\vendor\cakephp\cakephp\src\Http\Runner.php, line 82
Cake\Http\Runner->handle() C:\Apache24\htdocs\chestcounter\vendor\cakephp\cakephp\src\Routing\Middleware\AssetMiddleware.php, line 69
Cake\Routing\Middleware\AssetMiddleware->process() C:\Apache24\htdocs\chestcounter\vendor\cakephp\cakephp\src\Http\Runner.php, line 82
Cake\Http\Runner->handle() C:\Apache24\htdocs\chestcounter\vendor\cakephp\cakephp\src\Error\Middleware\ErrorHandlerMiddleware.php, line 115
Cake\Error\Middleware\ErrorHandlerMiddleware->process() C:\Apache24\htdocs\chestcounter\vendor\cakephp\cakephp\src\Http\Runner.php, line 82
Cake\Http\Runner->handle() C:\Apache24\htdocs\chestcounter\vendor\cakephp\cakephp\src\Http\Runner.php, line 60
Cake\Http\Runner->run() C:\Apache24\htdocs\chestcounter\vendor\cakephp\cakephp\src\Http\Server.php, line 104
Cake\Http\Server->run() C:\Apache24\htdocs\chestcounter\webroot\index.php, line 37
[main]

2025-10-19 22:25:29 notice: Since 5.0.0: Calling `findList` finder with options array is deprecated. Use named arguments instead.
C:\Apache24\htdocs\chestcounter\vendor\cakephp\cakephp\src\ORM\Table.php, line: 2627
You can disable all deprecation warnings by setting `Error.errorLevel` to `E_ALL & ~E_USER_DEPRECATED`. Adding `vendor/cakephp/cakephp/src/ORM/Table.php` to `Error.ignoredDeprecationPaths` in your `config/app.php` config will mute deprecations from that file only.
Request URL: /score
Client IP: 127.0.0.1
Trace:
Cake\Error\ErrorTrap->handleError() [internal], line ??
C:\Apache24\htdocs\chestcounter\vendor\cakephp\cakephp\src\Core\functions.php C:\Apache24\htdocs\chestcounter\vendor\cakephp\cakephp\src\Core\functions.php, line 384
C:\Apache24\htdocs\chestcounter\vendor\cakephp\cakephp\src\ORM\Table.php C:\Apache24\htdocs\chestcounter\vendor\cakephp\cakephp\src\ORM\Table.php, line 2695
Cake\ORM\Table->invokeFinder() C:\Apache24\htdocs\chestcounter\vendor\cakephp\cakephp\src\ORM\Table.php, line 2627
Cake\ORM\Table->callFinder() C:\Apache24\htdocs\chestcounter\vendor\cakephp\cakephp\src\ORM\Table.php, line 1274
Cake\ORM\Table->find() C:\Apache24\htdocs\chestcounter\src\Controller\CollectedChestsController.php, line 157
App\Controller\CollectedChestsController->score() C:\Apache24\htdocs\chestcounter\vendor\cakephp\cakephp\src\Controller\Controller.php, line 505
Cake\Controller\Controller->invokeAction() C:\Apache24\htdocs\chestcounter\vendor\cakephp\cakephp\src\Controller\ControllerFactory.php, line 166
Cake\Controller\ControllerFactory->handle() C:\Apache24\htdocs\chestcounter\vendor\cakephp\cakephp\src\Controller\ControllerFactory.php, line 141
Cake\Controller\ControllerFactory->invoke() C:\Apache24\htdocs\chestcounter\vendor\cakephp\cakephp\src\Http\BaseApplication.php, line 362
Cake\Http\BaseApplication->handle() C:\Apache24\htdocs\chestcounter\vendor\cakephp\cakephp\src\Http\Runner.php, line 86
Cake\Http\Runner->handle() C:\Apache24\htdocs\chestcounter\vendor\cakephp\cakephp\src\Http\Middleware\CsrfProtectionMiddleware.php, line 169
Cake\Http\Middleware\CsrfProtectionMiddleware->process() C:\Apache24\htdocs\chestcounter\vendor\cakephp\cakephp\src\Http\Runner.php, line 82
Cake\Http\Runner->handle() C:\Apache24\htdocs\chestcounter\vendor\cakephp\authentication\src\Middleware\AuthenticationMiddleware.php, line 106
Authentication\Middleware\AuthenticationMiddleware->process() C:\Apache24\htdocs\chestcounter\vendor\cakephp\cakephp\src\Http\Runner.php, line 82
Cake\Http\Runner->handle() C:\Apache24\htdocs\chestcounter\vendor\cakephp\cakephp\src\Http\Middleware\BodyParserMiddleware.php, line 157
Cake\Http\Middleware\BodyParserMiddleware->process() C:\Apache24\htdocs\chestcounter\vendor\cakephp\cakephp\src\Http\Runner.php, line 82
Cake\Http\Runner->handle() C:\Apache24\htdocs\chestcounter\vendor\cakephp\cakephp\src\Routing\Middleware\RoutingMiddleware.php, line 118
Cake\Routing\Middleware\RoutingMiddleware->process() C:\Apache24\htdocs\chestcounter\vendor\cakephp\cakephp\src\Http\Runner.php, line 82
Cake\Http\Runner->handle() C:\Apache24\htdocs\chestcounter\vendor\cakephp\cakephp\src\Routing\Middleware\AssetMiddleware.php, line 69
Cake\Routing\Middleware\AssetMiddleware->process() C:\Apache24\htdocs\chestcounter\vendor\cakephp\cakephp\src\Http\Runner.php, line 82
Cake\Http\Runner->handle() C:\Apache24\htdocs\chestcounter\vendor\cakephp\cakephp\src\Error\Middleware\ErrorHandlerMiddleware.php, line 115
Cake\Error\Middleware\ErrorHandlerMiddleware->process() C:\Apache24\htdocs\chestcounter\vendor\cakephp\cakephp\src\Http\Runner.php, line 82
Cake\Http\Runner->handle() C:\Apache24\htdocs\chestcounter\vendor\cakephp\cakephp\src\Http\Runner.php, line 60
Cake\Http\Runner->run() C:\Apache24\htdocs\chestcounter\vendor\cakephp\cakephp\src\Http\Server.php, line 104
Cake\Http\Server->run() C:\Apache24\htdocs\chestcounter\webroot\index.php, line 37
[main]

2025-10-19 22:31:42 notice: Since 5.0.0: Calling `findList` finder with options array is deprecated. Use named arguments instead.
C:\Apache24\htdocs\chestcounter\vendor\cakephp\cakephp\src\ORM\Table.php, line: 2627
You can disable all deprecation warnings by setting `Error.errorLevel` to `E_ALL & ~E_USER_DEPRECATED`. Adding `vendor/cakephp/cakephp/src/ORM/Table.php` to `Error.ignoredDeprecationPaths` in your `config/app.php` config will mute deprecations from that file only.
Request URL: /player-cycle-summaries/cycles_history
Client IP: 127.0.0.1
Trace:
Cake\Error\ErrorTrap->handleError() [internal], line ??
C:\Apache24\htdocs\chestcounter\vendor\cakephp\cakephp\src\Core\functions.php C:\Apache24\htdocs\chestcounter\vendor\cakephp\cakephp\src\Core\functions.php, line 384
C:\Apache24\htdocs\chestcounter\vendor\cakephp\cakephp\src\ORM\Table.php C:\Apache24\htdocs\chestcounter\vendor\cakephp\cakephp\src\ORM\Table.php, line 2695
Cake\ORM\Table->invokeFinder() C:\Apache24\htdocs\chestcounter\vendor\cakephp\cakephp\src\ORM\Table.php, line 2627
Cake\ORM\Table->callFinder() C:\Apache24\htdocs\chestcounter\vendor\cakephp\cakephp\src\ORM\Table.php, line 1274
Cake\ORM\Table->find() C:\Apache24\htdocs\chestcounter\src\Controller\PlayerCycleSummariesController.php, line 167
App\Controller\PlayerCycleSummariesController->cyclesHistory() C:\Apache24\htdocs\chestcounter\vendor\cakephp\cakephp\src\Controller\Controller.php, line 505
Cake\Controller\Controller->invokeAction() C:\Apache24\htdocs\chestcounter\vendor\cakephp\cakephp\src\Controller\ControllerFactory.php, line 166
Cake\Controller\ControllerFactory->handle() C:\Apache24\htdocs\chestcounter\vendor\cakephp\cakephp\src\Controller\ControllerFactory.php, line 141
Cake\Controller\ControllerFactory->invoke() C:\Apache24\htdocs\chestcounter\vendor\cakephp\cakephp\src\Http\BaseApplication.php, line 362
Cake\Http\BaseApplication->handle() C:\Apache24\htdocs\chestcounter\vendor\cakephp\cakephp\src\Http\Runner.php, line 86
Cake\Http\Runner->handle() C:\Apache24\htdocs\chestcounter\vendor\cakephp\cakephp\src\Http\Middleware\CsrfProtectionMiddleware.php, line 169
Cake\Http\Middleware\CsrfProtectionMiddleware->process() C:\Apache24\htdocs\chestcounter\vendor\cakephp\cakephp\src\Http\Runner.php, line 82
Cake\Http\Runner->handle() C:\Apache24\htdocs\chestcounter\vendor\cakephp\authentication\src\Middleware\AuthenticationMiddleware.php, line 106
Authentication\Middleware\AuthenticationMiddleware->process() C:\Apache24\htdocs\chestcounter\vendor\cakephp\cakephp\src\Http\Runner.php, line 82
Cake\Http\Runner->handle() C:\Apache24\htdocs\chestcounter\vendor\cakephp\cakephp\src\Http\Middleware\BodyParserMiddleware.php, line 157
Cake\Http\Middleware\BodyParserMiddleware->process() C:\Apache24\htdocs\chestcounter\vendor\cakephp\cakephp\src\Http\Runner.php, line 82
Cake\Http\Runner->handle() C:\Apache24\htdocs\chestcounter\vendor\cakephp\cakephp\src\Routing\Middleware\RoutingMiddleware.php, line 118
Cake\Routing\Middleware\RoutingMiddleware->process() C:\Apache24\htdocs\chestcounter\vendor\cakephp\cakephp\src\Http\Runner.php, line 82
Cake\Http\Runner->handle() C:\Apache24\htdocs\chestcounter\vendor\cakephp\cakephp\src\Routing\Middleware\AssetMiddleware.php, line 69
Cake\Routing\Middleware\AssetMiddleware->process() C:\Apache24\htdocs\chestcounter\vendor\cakephp\cakephp\src\Http\Runner.php, line 82
Cake\Http\Runner->handle() C:\Apache24\htdocs\chestcounter\vendor\cakephp\cakephp\src\Error\Middleware\ErrorHandlerMiddleware.php, line 115
Cake\Error\Middleware\ErrorHandlerMiddleware->process() C:\Apache24\htdocs\chestcounter\vendor\cakephp\cakephp\src\Http\Runner.php, line 82
Cake\Http\Runner->handle() C:\Apache24\htdocs\chestcounter\vendor\cakephp\cakephp\src\Http\Runner.php, line 60
Cake\Http\Runner->run() C:\Apache24\htdocs\chestcounter\vendor\cakephp\cakephp\src\Http\Server.php, line 104
Cake\Http\Server->run() C:\Apache24\htdocs\chestcounter\webroot\index.php, line 37
[main]

2025-10-19 22:34:17 notice: Since 5.0.0: Calling `findList` finder with options array is deprecated. Use named arguments instead.
C:\Apache24\htdocs\chestcounter\vendor\cakephp\cakephp\src\ORM\Table.php, line: 2627
You can disable all deprecation warnings by setting `Error.errorLevel` to `E_ALL & ~E_USER_DEPRECATED`. Adding `vendor/cakephp/cakephp/src/ORM/Table.php` to `Error.ignoredDeprecationPaths` in your `config/app.php` config will mute deprecations from that file only.
Request URL: /player-cycle-summaries/cycles_history
Client IP: 127.0.0.1
Trace:
Cake\Error\ErrorTrap->handleError() [internal], line ??
C:\Apache24\htdocs\chestcounter\vendor\cakephp\cakephp\src\Core\functions.php C:\Apache24\htdocs\chestcounter\vendor\cakephp\cakephp\src\Core\functions.php, line 384
C:\Apache24\htdocs\chestcounter\vendor\cakephp\cakephp\src\ORM\Table.php C:\Apache24\htdocs\chestcounter\vendor\cakephp\cakephp\src\ORM\Table.php, line 2695
Cake\ORM\Table->invokeFinder() C:\Apache24\htdocs\chestcounter\vendor\cakephp\cakephp\src\ORM\Table.php, line 2627
Cake\ORM\Table->callFinder() C:\Apache24\htdocs\chestcounter\vendor\cakephp\cakephp\src\ORM\Table.php, line 1274
Cake\ORM\Table->find() C:\Apache24\htdocs\chestcounter\src\Controller\PlayerCycleSummariesController.php, line 167
App\Controller\PlayerCycleSummariesController->cyclesHistory() C:\Apache24\htdocs\chestcounter\vendor\cakephp\cakephp\src\Controller\Controller.php, line 505
Cake\Controller\Controller->invokeAction() C:\Apache24\htdocs\chestcounter\vendor\cakephp\cakephp\src\Controller\ControllerFactory.php, line 166
Cake\Controller\ControllerFactory->handle() C:\Apache24\htdocs\chestcounter\vendor\cakephp\cakephp\src\Controller\ControllerFactory.php, line 141
Cake\Controller\ControllerFactory->invoke() C:\Apache24\htdocs\chestcounter\vendor\cakephp\cakephp\src\Http\BaseApplication.php, line 362
Cake\Http\BaseApplication->handle() C:\Apache24\htdocs\chestcounter\vendor\cakephp\cakephp\src\Http\Runner.php, line 86
Cake\Http\Runner->handle() C:\Apache24\htdocs\chestcounter\vendor\cakephp\cakephp\src\Http\Middleware\CsrfProtectionMiddleware.php, line 169
Cake\Http\Middleware\CsrfProtectionMiddleware->process() C:\Apache24\htdocs\chestcounter\vendor\cakephp\cakephp\src\Http\Runner.php, line 82
Cake\Http\Runner->handle() C:\Apache24\htdocs\chestcounter\vendor\cakephp\authentication\src\Middleware\AuthenticationMiddleware.php, line 106
Authentication\Middleware\AuthenticationMiddleware->process() C:\Apache24\htdocs\chestcounter\vendor\cakephp\cakephp\src\Http\Runner.php, line 82
Cake\Http\Runner->handle() C:\Apache24\htdocs\chestcounter\vendor\cakephp\cakephp\src\Http\Middleware\BodyParserMiddleware.php, line 157
Cake\Http\Middleware\BodyParserMiddleware->process() C:\Apache24\htdocs\chestcounter\vendor\cakephp\cakephp\src\Http\Runner.php, line 82
Cake\Http\Runner->handle() C:\Apache24\htdocs\chestcounter\vendor\cakephp\cakephp\src\Routing\Middleware\RoutingMiddleware.php, line 118
Cake\Routing\Middleware\RoutingMiddleware->process() C:\Apache24\htdocs\chestcounter\vendor\cakephp\cakephp\src\Http\Runner.php, line 82
Cake\Http\Runner->handle() C:\Apache24\htdocs\chestcounter\vendor\cakephp\cakephp\src\Routing\Middleware\AssetMiddleware.php, line 69
Cake\Routing\Middleware\AssetMiddleware->process() C:\Apache24\htdocs\chestcounter\vendor\cakephp\cakephp\src\Http\Runner.php, line 82
Cake\Http\Runner->handle() C:\Apache24\htdocs\chestcounter\vendor\cakephp\cakephp\src\Error\Middleware\ErrorHandlerMiddleware.php, line 115
Cake\Error\Middleware\ErrorHandlerMiddleware->process() C:\Apache24\htdocs\chestcounter\vendor\cakephp\cakephp\src\Http\Runner.php, line 82
Cake\Http\Runner->handle() C:\Apache24\htdocs\chestcounter\vendor\cakephp\cakephp\src\Http\Runner.php, line 60
Cake\Http\Runner->run() C:\Apache24\htdocs\chestcounter\vendor\cakephp\cakephp\src\Http\Server.php, line 104
Cake\Http\Server->run() C:\Apache24\htdocs\chestcounter\webroot\index.php, line 37
[main]

2025-10-19 22:34:38 notice: Since 5.0.0: Calling `findList` finder with options array is deprecated. Use named arguments instead.
C:\Apache24\htdocs\chestcounter\vendor\cakephp\cakephp\src\ORM\Table.php, line: 2627
You can disable all deprecation warnings by setting `Error.errorLevel` to `E_ALL & ~E_USER_DEPRECATED`. Adding `vendor/cakephp/cakephp/src/ORM/Table.php` to `Error.ignoredDeprecationPaths` in your `config/app.php` config will mute deprecations from that file only.
Request URL: /score
Referer URL: http://127.0.0.1/chestcounter/player-cycle-summaries/cycles_history
Client IP: 127.0.0.1
Trace:
Cake\Error\ErrorTrap->handleError() [internal], line ??
C:\Apache24\htdocs\chestcounter\vendor\cakephp\cakephp\src\Core\functions.php C:\Apache24\htdocs\chestcounter\vendor\cakephp\cakephp\src\Core\functions.php, line 384
C:\Apache24\htdocs\chestcounter\vendor\cakephp\cakephp\src\ORM\Table.php C:\Apache24\htdocs\chestcounter\vendor\cakephp\cakephp\src\ORM\Table.php, line 2695
Cake\ORM\Table->invokeFinder() C:\Apache24\htdocs\chestcounter\vendor\cakephp\cakephp\src\ORM\Table.php, line 2627
Cake\ORM\Table->callFinder() C:\Apache24\htdocs\chestcounter\vendor\cakephp\cakephp\src\ORM\Table.php, line 1274
Cake\ORM\Table->find() C:\Apache24\htdocs\chestcounter\src\Controller\CollectedChestsController.php, line 157
App\Controller\CollectedChestsController->score() C:\Apache24\htdocs\chestcounter\vendor\cakephp\cakephp\src\Controller\Controller.php, line 505
Cake\Controller\Controller->invokeAction() C:\Apache24\htdocs\chestcounter\vendor\cakephp\cakephp\src\Controller\ControllerFactory.php, line 166
Cake\Controller\ControllerFactory->handle() C:\Apache24\htdocs\chestcounter\vendor\cakephp\cakephp\src\Controller\ControllerFactory.php, line 141
Cake\Controller\ControllerFactory->invoke() C:\Apache24\htdocs\chestcounter\vendor\cakephp\cakephp\src\Http\BaseApplication.php, line 362
Cake\Http\BaseApplication->handle() C:\Apache24\htdocs\chestcounter\vendor\cakephp\cakephp\src\Http\Runner.php, line 86
Cake\Http\Runner->handle() C:\Apache24\htdocs\chestcounter\vendor\cakephp\cakephp\src\Http\Middleware\CsrfProtectionMiddleware.php, line 169
Cake\Http\Middleware\CsrfProtectionMiddleware->process() C:\Apache24\htdocs\chestcounter\vendor\cakephp\cakephp\src\Http\Runner.php, line 82
Cake\Http\Runner->handle() C:\Apache24\htdocs\chestcounter\vendor\cakephp\authentication\src\Middleware\AuthenticationMiddleware.php, line 106
Authentication\Middleware\AuthenticationMiddleware->process() C:\Apache24\htdocs\chestcounter\vendor\cakephp\cakephp\src\Http\Runner.php, line 82
Cake\Http\Runner->handle() C:\Apache24\htdocs\chestcounter\vendor\cakephp\cakephp\src\Http\Middleware\BodyParserMiddleware.php, line 157
Cake\Http\Middleware\BodyParserMiddleware->process() C:\Apache24\htdocs\chestcounter\vendor\cakephp\cakephp\src\Http\Runner.php, line 82
Cake\Http\Runner->handle() C:\Apache24\htdocs\chestcounter\vendor\cakephp\cakephp\src\Routing\Middleware\RoutingMiddleware.php, line 118
Cake\Routing\Middleware\RoutingMiddleware->process() C:\Apache24\htdocs\chestcounter\vendor\cakephp\cakephp\src\Http\Runner.php, line 82
Cake\Http\Runner->handle() C:\Apache24\htdocs\chestcounter\vendor\cakephp\cakephp\src\Routing\Middleware\AssetMiddleware.php, line 69
Cake\Routing\Middleware\AssetMiddleware->process() C:\Apache24\htdocs\chestcounter\vendor\cakephp\cakephp\src\Http\Runner.php, line 82
Cake\Http\Runner->handle() C:\Apache24\htdocs\chestcounter\vendor\cakephp\cakephp\src\Error\Middleware\ErrorHandlerMiddleware.php, line 115
Cake\Error\Middleware\ErrorHandlerMiddleware->process() C:\Apache24\htdocs\chestcounter\vendor\cakephp\cakephp\src\Http\Runner.php, line 82
Cake\Http\Runner->handle() C:\Apache24\htdocs\chestcounter\vendor\cakephp\cakephp\src\Http\Runner.php, line 60
Cake\Http\Runner->run() C:\Apache24\htdocs\chestcounter\vendor\cakephp\cakephp\src\Http\Server.php, line 104
Cake\Http\Server->run() C:\Apache24\htdocs\chestcounter\webroot\index.php, line 37
[main]

2025-10-19 22:35:43 notice: Since 5.0.0: Calling `findList` finder with options array is deprecated. Use named arguments instead.
C:\Apache24\htdocs\chestcounter\vendor\cakephp\cakephp\src\ORM\Table.php, line: 2627
You can disable all deprecation warnings by setting `Error.errorLevel` to `E_ALL & ~E_USER_DEPRECATED`. Adding `vendor/cakephp/cakephp/src/ORM/Table.php` to `Error.ignoredDeprecationPaths` in your `config/app.php` config will mute deprecations from that file only.
Request URL: /player-cycle-summaries/cycles_history
Client IP: 127.0.0.1
Trace:
Cake\Error\ErrorTrap->handleError() [internal], line ??
C:\Apache24\htdocs\chestcounter\vendor\cakephp\cakephp\src\Core\functions.php C:\Apache24\htdocs\chestcounter\vendor\cakephp\cakephp\src\Core\functions.php, line 384
C:\Apache24\htdocs\chestcounter\vendor\cakephp\cakephp\src\ORM\Table.php C:\Apache24\htdocs\chestcounter\vendor\cakephp\cakephp\src\ORM\Table.php, line 2695
Cake\ORM\Table->invokeFinder() C:\Apache24\htdocs\chestcounter\vendor\cakephp\cakephp\src\ORM\Table.php, line 2627
Cake\ORM\Table->callFinder() C:\Apache24\htdocs\chestcounter\vendor\cakephp\cakephp\src\ORM\Table.php, line 1274
Cake\ORM\Table->find() C:\Apache24\htdocs\chestcounter\src\Controller\PlayerCycleSummariesController.php, line 167
App\Controller\PlayerCycleSummariesController->cyclesHistory() C:\Apache24\htdocs\chestcounter\vendor\cakephp\cakephp\src\Controller\Controller.php, line 505
Cake\Controller\Controller->invokeAction() C:\Apache24\htdocs\chestcounter\vendor\cakephp\cakephp\src\Controller\ControllerFactory.php, line 166
Cake\Controller\ControllerFactory->handle() C:\Apache24\htdocs\chestcounter\vendor\cakephp\cakephp\src\Controller\ControllerFactory.php, line 141
Cake\Controller\ControllerFactory->invoke() C:\Apache24\htdocs\chestcounter\vendor\cakephp\cakephp\src\Http\BaseApplication.php, line 362
Cake\Http\BaseApplication->handle() C:\Apache24\htdocs\chestcounter\vendor\cakephp\cakephp\src\Http\Runner.php, line 86
Cake\Http\Runner->handle() C:\Apache24\htdocs\chestcounter\vendor\cakephp\cakephp\src\Http\Middleware\CsrfProtectionMiddleware.php, line 169
Cake\Http\Middleware\CsrfProtectionMiddleware->process() C:\Apache24\htdocs\chestcounter\vendor\cakephp\cakephp\src\Http\Runner.php, line 82
Cake\Http\Runner->handle() C:\Apache24\htdocs\chestcounter\vendor\cakephp\authentication\src\Middleware\AuthenticationMiddleware.php, line 106
Authentication\Middleware\AuthenticationMiddleware->process() C:\Apache24\htdocs\chestcounter\vendor\cakephp\cakephp\src\Http\Runner.php, line 82
Cake\Http\Runner->handle() C:\Apache24\htdocs\chestcounter\vendor\cakephp\cakephp\src\Http\Middleware\BodyParserMiddleware.php, line 157
Cake\Http\Middleware\BodyParserMiddleware->process() C:\Apache24\htdocs\chestcounter\vendor\cakephp\cakephp\src\Http\Runner.php, line 82
Cake\Http\Runner->handle() C:\Apache24\htdocs\chestcounter\vendor\cakephp\cakephp\src\Routing\Middleware\RoutingMiddleware.php, line 118
Cake\Routing\Middleware\RoutingMiddleware->process() C:\Apache24\htdocs\chestcounter\vendor\cakephp\cakephp\src\Http\Runner.php, line 82
Cake\Http\Runner->handle() C:\Apache24\htdocs\chestcounter\vendor\cakephp\cakephp\src\Routing\Middleware\AssetMiddleware.php, line 69
Cake\Routing\Middleware\AssetMiddleware->process() C:\Apache24\htdocs\chestcounter\vendor\cakephp\cakephp\src\Http\Runner.php, line 82
Cake\Http\Runner->handle() C:\Apache24\htdocs\chestcounter\vendor\cakephp\cakephp\src\Error\Middleware\ErrorHandlerMiddleware.php, line 115
Cake\Error\Middleware\ErrorHandlerMiddleware->process() C:\Apache24\htdocs\chestcounter\vendor\cakephp\cakephp\src\Http\Runner.php, line 82
Cake\Http\Runner->handle() C:\Apache24\htdocs\chestcounter\vendor\cakephp\cakephp\src\Http\Runner.php, line 60
Cake\Http\Runner->run() C:\Apache24\htdocs\chestcounter\vendor\cakephp\cakephp\src\Http\Server.php, line 104
Cake\Http\Server->run() C:\Apache24\htdocs\chestcounter\webroot\index.php, line 37
[main]

2025-10-19 22:36:39 notice: Since 5.0.0: Calling `findList` finder with options array is deprecated. Use named arguments instead.
C:\Apache24\htdocs\chestcounter\vendor\cakephp\cakephp\src\ORM\Table.php, line: 2627
You can disable all deprecation warnings by setting `Error.errorLevel` to `E_ALL & ~E_USER_DEPRECATED`. Adding `vendor/cakephp/cakephp/src/ORM/Table.php` to `Error.ignoredDeprecationPaths` in your `config/app.php` config will mute deprecations from that file only.
Request URL: /score
Referer URL: http://127.0.0.1/chestcounter/player-cycle-summaries/cycles_history
Client IP: 127.0.0.1
Trace:
Cake\Error\ErrorTrap->handleError() [internal], line ??
C:\Apache24\htdocs\chestcounter\vendor\cakephp\cakephp\src\Core\functions.php C:\Apache24\htdocs\chestcounter\vendor\cakephp\cakephp\src\Core\functions.php, line 384
C:\Apache24\htdocs\chestcounter\vendor\cakephp\cakephp\src\ORM\Table.php C:\Apache24\htdocs\chestcounter\vendor\cakephp\cakephp\src\ORM\Table.php, line 2695
Cake\ORM\Table->invokeFinder() C:\Apache24\htdocs\chestcounter\vendor\cakephp\cakephp\src\ORM\Table.php, line 2627
Cake\ORM\Table->callFinder() C:\Apache24\htdocs\chestcounter\vendor\cakephp\cakephp\src\ORM\Table.php, line 1274
Cake\ORM\Table->find() C:\Apache24\htdocs\chestcounter\src\Controller\CollectedChestsController.php, line 157
App\Controller\CollectedChestsController->score() C:\Apache24\htdocs\chestcounter\vendor\cakephp\cakephp\src\Controller\Controller.php, line 505
Cake\Controller\Controller->invokeAction() C:\Apache24\htdocs\chestcounter\vendor\cakephp\cakephp\src\Controller\ControllerFactory.php, line 166
Cake\Controller\ControllerFactory->handle() C:\Apache24\htdocs\chestcounter\vendor\cakephp\cakephp\src\Controller\ControllerFactory.php, line 141
Cake\Controller\ControllerFactory->invoke() C:\Apache24\htdocs\chestcounter\vendor\cakephp\cakephp\src\Http\BaseApplication.php, line 362
Cake\Http\BaseApplication->handle() C:\Apache24\htdocs\chestcounter\vendor\cakephp\cakephp\src\Http\Runner.php, line 86
Cake\Http\Runner->handle() C:\Apache24\htdocs\chestcounter\vendor\cakephp\cakephp\src\Http\Middleware\CsrfProtectionMiddleware.php, line 169
Cake\Http\Middleware\CsrfProtectionMiddleware->process() C:\Apache24\htdocs\chestcounter\vendor\cakephp\cakephp\src\Http\Runner.php, line 82
Cake\Http\Runner->handle() C:\Apache24\htdocs\chestcounter\vendor\cakephp\authentication\src\Middleware\AuthenticationMiddleware.php, line 106
Authentication\Middleware\AuthenticationMiddleware->process() C:\Apache24\htdocs\chestcounter\vendor\cakephp\cakephp\src\Http\Runner.php, line 82
Cake\Http\Runner->handle() C:\Apache24\htdocs\chestcounter\vendor\cakephp\cakephp\src\Http\Middleware\BodyParserMiddleware.php, line 157
Cake\Http\Middleware\BodyParserMiddleware->process() C:\Apache24\htdocs\chestcounter\vendor\cakephp\cakephp\src\Http\Runner.php, line 82
Cake\Http\Runner->handle() C:\Apache24\htdocs\chestcounter\vendor\cakephp\cakephp\src\Routing\Middleware\RoutingMiddleware.php, line 118
Cake\Routing\Middleware\RoutingMiddleware->process() C:\Apache24\htdocs\chestcounter\vendor\cakephp\cakephp\src\Http\Runner.php, line 82
Cake\Http\Runner->handle() C:\Apache24\htdocs\chestcounter\vendor\cakephp\cakephp\src\Routing\Middleware\AssetMiddleware.php, line 69
Cake\Routing\Middleware\AssetMiddleware->process() C:\Apache24\htdocs\chestcounter\vendor\cakephp\cakephp\src\Http\Runner.php, line 82
Cake\Http\Runner->handle() C:\Apache24\htdocs\chestcounter\vendor\cakephp\cakephp\src\Error\Middleware\ErrorHandlerMiddleware.php, line 115
Cake\Error\Middleware\ErrorHandlerMiddleware->process() C:\Apache24\htdocs\chestcounter\vendor\cakephp\cakephp\src\Http\Runner.php, line 82
Cake\Http\Runner->handle() C:\Apache24\htdocs\chestcounter\vendor\cakephp\cakephp\src\Http\Runner.php, line 60
Cake\Http\Runner->run() C:\Apache24\htdocs\chestcounter\vendor\cakephp\cakephp\src\Http\Server.php, line 104
Cake\Http\Server->run() C:\Apache24\htdocs\chestcounter\webroot\index.php, line 37
[main]

2025-10-19 22:37:55 notice: Since 5.0.0: Calling `findList` finder with options array is deprecated. Use named arguments instead.
C:\Apache24\htdocs\chestcounter\vendor\cakephp\cakephp\src\ORM\Table.php, line: 2627
You can disable all deprecation warnings by setting `Error.errorLevel` to `E_ALL & ~E_USER_DEPRECATED`. Adding `vendor/cakephp/cakephp/src/ORM/Table.php` to `Error.ignoredDeprecationPaths` in your `config/app.php` config will mute deprecations from that file only.
Request URL: /player-cycle-summaries/cycles_history
Client IP: 127.0.0.1
Trace:
Cake\Error\ErrorTrap->handleError() [internal], line ??
C:\Apache24\htdocs\chestcounter\vendor\cakephp\cakephp\src\Core\functions.php C:\Apache24\htdocs\chestcounter\vendor\cakephp\cakephp\src\Core\functions.php, line 384
C:\Apache24\htdocs\chestcounter\vendor\cakephp\cakephp\src\ORM\Table.php C:\Apache24\htdocs\chestcounter\vendor\cakephp\cakephp\src\ORM\Table.php, line 2695
Cake\ORM\Table->invokeFinder() C:\Apache24\htdocs\chestcounter\vendor\cakephp\cakephp\src\ORM\Table.php, line 2627
Cake\ORM\Table->callFinder() C:\Apache24\htdocs\chestcounter\vendor\cakephp\cakephp\src\ORM\Table.php, line 1274
Cake\ORM\Table->find() C:\Apache24\htdocs\chestcounter\src\Controller\PlayerCycleSummariesController.php, line 167
App\Controller\PlayerCycleSummariesController->cyclesHistory() C:\Apache24\htdocs\chestcounter\vendor\cakephp\cakephp\src\Controller\Controller.php, line 505
Cake\Controller\Controller->invokeAction() C:\Apache24\htdocs\chestcounter\vendor\cakephp\cakephp\src\Controller\ControllerFactory.php, line 166
Cake\Controller\ControllerFactory->handle() C:\Apache24\htdocs\chestcounter\vendor\cakephp\cakephp\src\Controller\ControllerFactory.php, line 141
Cake\Controller\ControllerFactory->invoke() C:\Apache24\htdocs\chestcounter\vendor\cakephp\cakephp\src\Http\BaseApplication.php, line 362
Cake\Http\BaseApplication->handle() C:\Apache24\htdocs\chestcounter\vendor\cakephp\cakephp\src\Http\Runner.php, line 86
Cake\Http\Runner->handle() C:\Apache24\htdocs\chestcounter\vendor\cakephp\cakephp\src\Http\Middleware\CsrfProtectionMiddleware.php, line 169
Cake\Http\Middleware\CsrfProtectionMiddleware->process() C:\Apache24\htdocs\chestcounter\vendor\cakephp\cakephp\src\Http\Runner.php, line 82
Cake\Http\Runner->handle() C:\Apache24\htdocs\chestcounter\vendor\cakephp\authentication\src\Middleware\AuthenticationMiddleware.php, line 106
Authentication\Middleware\AuthenticationMiddleware->process() C:\Apache24\htdocs\chestcounter\vendor\cakephp\cakephp\src\Http\Runner.php, line 82
Cake\Http\Runner->handle() C:\Apache24\htdocs\chestcounter\vendor\cakephp\cakephp\src\Http\Middleware\BodyParserMiddleware.php, line 157
Cake\Http\Middleware\BodyParserMiddleware->process() C:\Apache24\htdocs\chestcounter\vendor\cakephp\cakephp\src\Http\Runner.php, line 82
Cake\Http\Runner->handle() C:\Apache24\htdocs\chestcounter\vendor\cakephp\cakephp\src\Routing\Middleware\RoutingMiddleware.php, line 118
Cake\Routing\Middleware\RoutingMiddleware->process() C:\Apache24\htdocs\chestcounter\vendor\cakephp\cakephp\src\Http\Runner.php, line 82
Cake\Http\Runner->handle() C:\Apache24\htdocs\chestcounter\vendor\cakephp\cakephp\src\Routing\Middleware\AssetMiddleware.php, line 69
Cake\Routing\Middleware\AssetMiddleware->process() C:\Apache24\htdocs\chestcounter\vendor\cakephp\cakephp\src\Http\Runner.php, line 82
Cake\Http\Runner->handle() C:\Apache24\htdocs\chestcounter\vendor\cakephp\cakephp\src\Error\Middleware\ErrorHandlerMiddleware.php, line 115
Cake\Error\Middleware\ErrorHandlerMiddleware->process() C:\Apache24\htdocs\chestcounter\vendor\cakephp\cakephp\src\Http\Runner.php, line 82
Cake\Http\Runner->handle() C:\Apache24\htdocs\chestcounter\vendor\cakephp\cakephp\src\Http\Runner.php, line 60
Cake\Http\Runner->run() C:\Apache24\htdocs\chestcounter\vendor\cakephp\cakephp\src\Http\Server.php, line 104
Cake\Http\Server->run() C:\Apache24\htdocs\chestcounter\webroot\index.php, line 37
[main]

2025-10-19 22:37:59 notice: Since 5.0.0: Calling `findList` finder with options array is deprecated. Use named arguments instead.
C:\Apache24\htdocs\chestcounter\vendor\cakephp\cakephp\src\ORM\Table.php, line: 2627
You can disable all deprecation warnings by setting `Error.errorLevel` to `E_ALL & ~E_USER_DEPRECATED`. Adding `vendor/cakephp/cakephp/src/ORM/Table.php` to `Error.ignoredDeprecationPaths` in your `config/app.php` config will mute deprecations from that file only.
Request URL: /player-cycle-summaries/cycles_history
Client IP: 127.0.0.1
Trace:
Cake\Error\ErrorTrap->handleError() [internal], line ??
C:\Apache24\htdocs\chestcounter\vendor\cakephp\cakephp\src\Core\functions.php C:\Apache24\htdocs\chestcounter\vendor\cakephp\cakephp\src\Core\functions.php, line 384
C:\Apache24\htdocs\chestcounter\vendor\cakephp\cakephp\src\ORM\Table.php C:\Apache24\htdocs\chestcounter\vendor\cakephp\cakephp\src\ORM\Table.php, line 2695
Cake\ORM\Table->invokeFinder() C:\Apache24\htdocs\chestcounter\vendor\cakephp\cakephp\src\ORM\Table.php, line 2627
Cake\ORM\Table->callFinder() C:\Apache24\htdocs\chestcounter\vendor\cakephp\cakephp\src\ORM\Table.php, line 1274
Cake\ORM\Table->find() C:\Apache24\htdocs\chestcounter\src\Controller\PlayerCycleSummariesController.php, line 167
App\Controller\PlayerCycleSummariesController->cyclesHistory() C:\Apache24\htdocs\chestcounter\vendor\cakephp\cakephp\src\Controller\Controller.php, line 505
Cake\Controller\Controller->invokeAction() C:\Apache24\htdocs\chestcounter\vendor\cakephp\cakephp\src\Controller\ControllerFactory.php, line 166
Cake\Controller\ControllerFactory->handle() C:\Apache24\htdocs\chestcounter\vendor\cakephp\cakephp\src\Controller\ControllerFactory.php, line 141
Cake\Controller\ControllerFactory->invoke() C:\Apache24\htdocs\chestcounter\vendor\cakephp\cakephp\src\Http\BaseApplication.php, line 362
Cake\Http\BaseApplication->handle() C:\Apache24\htdocs\chestcounter\vendor\cakephp\cakephp\src\Http\Runner.php, line 86
Cake\Http\Runner->handle() C:\Apache24\htdocs\chestcounter\vendor\cakephp\cakephp\src\Http\Middleware\CsrfProtectionMiddleware.php, line 169
Cake\Http\Middleware\CsrfProtectionMiddleware->process() C:\Apache24\htdocs\chestcounter\vendor\cakephp\cakephp\src\Http\Runner.php, line 82
Cake\Http\Runner->handle() C:\Apache24\htdocs\chestcounter\vendor\cakephp\authentication\src\Middleware\AuthenticationMiddleware.php, line 106
Authentication\Middleware\AuthenticationMiddleware->process() C:\Apache24\htdocs\chestcounter\vendor\cakephp\cakephp\src\Http\Runner.php, line 82
Cake\Http\Runner->handle() C:\Apache24\htdocs\chestcounter\vendor\cakephp\cakephp\src\Http\Middleware\BodyParserMiddleware.php, line 157
Cake\Http\Middleware\BodyParserMiddleware->process() C:\Apache24\htdocs\chestcounter\vendor\cakephp\cakephp\src\Http\Runner.php, line 82
Cake\Http\Runner->handle() C:\Apache24\htdocs\chestcounter\vendor\cakephp\cakephp\src\Routing\Middleware\RoutingMiddleware.php, line 118
Cake\Routing\Middleware\RoutingMiddleware->process() C:\Apache24\htdocs\chestcounter\vendor\cakephp\cakephp\src\Http\Runner.php, line 82
Cake\Http\Runner->handle() C:\Apache24\htdocs\chestcounter\vendor\cakephp\cakephp\src\Routing\Middleware\AssetMiddleware.php, line 69
Cake\Routing\Middleware\AssetMiddleware->process() C:\Apache24\htdocs\chestcounter\vendor\cakephp\cakephp\src\Http\Runner.php, line 82
Cake\Http\Runner->handle() C:\Apache24\htdocs\chestcounter\vendor\cakephp\cakephp\src\Error\Middleware\ErrorHandlerMiddleware.php, line 115
Cake\Error\Middleware\ErrorHandlerMiddleware->process() C:\Apache24\htdocs\chestcounter\vendor\cakephp\cakephp\src\Http\Runner.php, line 82
Cake\Http\Runner->handle() C:\Apache24\htdocs\chestcounter\vendor\cakephp\cakephp\src\Http\Runner.php, line 60
Cake\Http\Runner->run() C:\Apache24\htdocs\chestcounter\vendor\cakephp\cakephp\src\Http\Server.php, line 104
Cake\Http\Server->run() C:\Apache24\htdocs\chestcounter\webroot\index.php, line 37
[main]

2025-10-19 22:39:00 notice: Since 5.0.0: Calling `findList` finder with options array is deprecated. Use named arguments instead.
C:\Apache24\htdocs\chestcounter\vendor\cakephp\cakephp\src\ORM\Table.php, line: 2627
You can disable all deprecation warnings by setting `Error.errorLevel` to `E_ALL & ~E_USER_DEPRECATED`. Adding `vendor/cakephp/cakephp/src/ORM/Table.php` to `Error.ignoredDeprecationPaths` in your `config/app.php` config will mute deprecations from that file only.
Request URL: /player-cycle-summaries/player-history/Rainfury
Referer URL: http://127.0.0.1/chestcounter/score
Client IP: 127.0.0.1
Trace:
Cake\Error\ErrorTrap->handleError() [internal], line ??
C:\Apache24\htdocs\chestcounter\vendor\cakephp\cakephp\src\Core\functions.php C:\Apache24\htdocs\chestcounter\vendor\cakephp\cakephp\src\Core\functions.php, line 384
C:\Apache24\htdocs\chestcounter\vendor\cakephp\cakephp\src\ORM\Table.php C:\Apache24\htdocs\chestcounter\vendor\cakephp\cakephp\src\ORM\Table.php, line 2695
Cake\ORM\Table->invokeFinder() C:\Apache24\htdocs\chestcounter\vendor\cakephp\cakephp\src\ORM\Table.php, line 2627
Cake\ORM\Table->callFinder() C:\Apache24\htdocs\chestcounter\vendor\cakephp\cakephp\src\ORM\Table.php, line 1274
Cake\ORM\Table->find() C:\Apache24\htdocs\chestcounter\src\Controller\PlayerCycleSummariesController.php, line 104
App\Controller\PlayerCycleSummariesController->playerHistory() C:\Apache24\htdocs\chestcounter\vendor\cakephp\cakephp\src\Controller\Controller.php, line 505
Cake\Controller\Controller->invokeAction() C:\Apache24\htdocs\chestcounter\vendor\cakephp\cakephp\src\Controller\ControllerFactory.php, line 166
Cake\Controller\ControllerFactory->handle() C:\Apache24\htdocs\chestcounter\vendor\cakephp\cakephp\src\Controller\ControllerFactory.php, line 141
Cake\Controller\ControllerFactory->invoke() C:\Apache24\htdocs\chestcounter\vendor\cakephp\cakephp\src\Http\BaseApplication.php, line 362
Cake\Http\BaseApplication->handle() C:\Apache24\htdocs\chestcounter\vendor\cakephp\cakephp\src\Http\Runner.php, line 86
Cake\Http\Runner->handle() C:\Apache24\htdocs\chestcounter\vendor\cakephp\cakephp\src\Http\Middleware\CsrfProtectionMiddleware.php, line 169
Cake\Http\Middleware\CsrfProtectionMiddleware->process() C:\Apache24\htdocs\chestcounter\vendor\cakephp\cakephp\src\Http\Runner.php, line 82
Cake\Http\Runner->handle() C:\Apache24\htdocs\chestcounter\vendor\cakephp\authentication\src\Middleware\AuthenticationMiddleware.php, line 106
Authentication\Middleware\AuthenticationMiddleware->process() C:\Apache24\htdocs\chestcounter\vendor\cakephp\cakephp\src\Http\Runner.php, line 82
Cake\Http\Runner->handle() C:\Apache24\htdocs\chestcounter\vendor\cakephp\cakephp\src\Http\Middleware\BodyParserMiddleware.php, line 157
Cake\Http\Middleware\BodyParserMiddleware->process() C:\Apache24\htdocs\chestcounter\vendor\cakephp\cakephp\src\Http\Runner.php, line 82
Cake\Http\Runner->handle() C:\Apache24\htdocs\chestcounter\vendor\cakephp\cakephp\src\Routing\Middleware\RoutingMiddleware.php, line 118
Cake\Routing\Middleware\RoutingMiddleware->process() C:\Apache24\htdocs\chestcounter\vendor\cakephp\cakephp\src\Http\Runner.php, line 82
Cake\Http\Runner->handle() C:\Apache24\htdocs\chestcounter\vendor\cakephp\cakephp\src\Routing\Middleware\AssetMiddleware.php, line 69
Cake\Routing\Middleware\AssetMiddleware->process() C:\Apache24\htdocs\chestcounter\vendor\cakephp\cakephp\src\Http\Runner.php, line 82
Cake\Http\Runner->handle() C:\Apache24\htdocs\chestcounter\vendor\cakephp\cakephp\src\Error\Middleware\ErrorHandlerMiddleware.php, line 115
Cake\Error\Middleware\ErrorHandlerMiddleware->process() C:\Apache24\htdocs\chestcounter\vendor\cakephp\cakephp\src\Http\Runner.php, line 82
Cake\Http\Runner->handle() C:\Apache24\htdocs\chestcounter\vendor\cakephp\cakephp\src\Http\Runner.php, line 60
Cake\Http\Runner->run() C:\Apache24\htdocs\chestcounter\vendor\cakephp\cakephp\src\Http\Server.php, line 104
Cake\Http\Server->run() C:\Apache24\htdocs\chestcounter\webroot\index.php, line 37
[main]

2025-10-19 22:41:04 notice: Since 5.0.0: Calling `findList` finder with options array is deprecated. Use named arguments instead.
C:\Apache24\htdocs\chestcounter\vendor\cakephp\cakephp\src\ORM\Table.php, line: 2627
You can disable all deprecation warnings by setting `Error.errorLevel` to `E_ALL & ~E_USER_DEPRECATED`. Adding `vendor/cakephp/cakephp/src/ORM/Table.php` to `Error.ignoredDeprecationPaths` in your `config/app.php` config will mute deprecations from that file only.
Request URL: /player-cycle-summaries/cycles_history
Client IP: 127.0.0.1
Trace:
Cake\Error\ErrorTrap->handleError() [internal], line ??
C:\Apache24\htdocs\chestcounter\vendor\cakephp\cakephp\src\Core\functions.php C:\Apache24\htdocs\chestcounter\vendor\cakephp\cakephp\src\Core\functions.php, line 384
C:\Apache24\htdocs\chestcounter\vendor\cakephp\cakephp\src\ORM\Table.php C:\Apache24\htdocs\chestcounter\vendor\cakephp\cakephp\src\ORM\Table.php, line 2695
Cake\ORM\Table->invokeFinder() C:\Apache24\htdocs\chestcounter\vendor\cakephp\cakephp\src\ORM\Table.php, line 2627
Cake\ORM\Table->callFinder() C:\Apache24\htdocs\chestcounter\vendor\cakephp\cakephp\src\ORM\Table.php, line 1274
Cake\ORM\Table->find() C:\Apache24\htdocs\chestcounter\src\Controller\PlayerCycleSummariesController.php, line 167
App\Controller\PlayerCycleSummariesController->cyclesHistory() C:\Apache24\htdocs\chestcounter\vendor\cakephp\cakephp\src\Controller\Controller.php, line 505
Cake\Controller\Controller->invokeAction() C:\Apache24\htdocs\chestcounter\vendor\cakephp\cakephp\src\Controller\ControllerFactory.php, line 166
Cake\Controller\ControllerFactory->handle() C:\Apache24\htdocs\chestcounter\vendor\cakephp\cakephp\src\Controller\ControllerFactory.php, line 141
Cake\Controller\ControllerFactory->invoke() C:\Apache24\htdocs\chestcounter\vendor\cakephp\cakephp\src\Http\BaseApplication.php, line 362
Cake\Http\BaseApplication->handle() C:\Apache24\htdocs\chestcounter\vendor\cakephp\cakephp\src\Http\Runner.php, line 86
Cake\Http\Runner->handle() C:\Apache24\htdocs\chestcounter\vendor\cakephp\cakephp\src\Http\Middleware\CsrfProtectionMiddleware.php, line 169
Cake\Http\Middleware\CsrfProtectionMiddleware->process() C:\Apache24\htdocs\chestcounter\vendor\cakephp\cakephp\src\Http\Runner.php, line 82
Cake\Http\Runner->handle() C:\Apache24\htdocs\chestcounter\vendor\cakephp\authentication\src\Middleware\AuthenticationMiddleware.php, line 106
Authentication\Middleware\AuthenticationMiddleware->process() C:\Apache24\htdocs\chestcounter\vendor\cakephp\cakephp\src\Http\Runner.php, line 82
Cake\Http\Runner->handle() C:\Apache24\htdocs\chestcounter\vendor\cakephp\cakephp\src\Http\Middleware\BodyParserMiddleware.php, line 157
Cake\Http\Middleware\BodyParserMiddleware->process() C:\Apache24\htdocs\chestcounter\vendor\cakephp\cakephp\src\Http\Runner.php, line 82
Cake\Http\Runner->handle() C:\Apache24\htdocs\chestcounter\vendor\cakephp\cakephp\src\Routing\Middleware\RoutingMiddleware.php, line 118
Cake\Routing\Middleware\RoutingMiddleware->process() C:\Apache24\htdocs\chestcounter\vendor\cakephp\cakephp\src\Http\Runner.php, line 82
Cake\Http\Runner->handle() C:\Apache24\htdocs\chestcounter\vendor\cakephp\cakephp\src\Routing\Middleware\AssetMiddleware.php, line 69
Cake\Routing\Middleware\AssetMiddleware->process() C:\Apache24\htdocs\chestcounter\vendor\cakephp\cakephp\src\Http\Runner.php, line 82
Cake\Http\Runner->handle() C:\Apache24\htdocs\chestcounter\vendor\cakephp\cakephp\src\Error\Middleware\ErrorHandlerMiddleware.php, line 115
Cake\Error\Middleware\ErrorHandlerMiddleware->process() C:\Apache24\htdocs\chestcounter\vendor\cakephp\cakephp\src\Http\Runner.php, line 82
Cake\Http\Runner->handle() C:\Apache24\htdocs\chestcounter\vendor\cakephp\cakephp\src\Http\Runner.php, line 60
Cake\Http\Runner->run() C:\Apache24\htdocs\chestcounter\vendor\cakephp\cakephp\src\Http\Server.php, line 104
Cake\Http\Server->run() C:\Apache24\htdocs\chestcounter\webroot\index.php, line 37
[main]

<<<<<<< HEAD
2025-10-19 22:56:49 notice: Since 5.0.0: Calling `findList` finder with options array is deprecated. Use named arguments instead.
C:\Apache24\htdocs\chestcounter\vendor\cakephp\cakephp\src\ORM\Table.php, line: 2627
You can disable all deprecation warnings by setting `Error.errorLevel` to `E_ALL & ~E_USER_DEPRECATED`. Adding `vendor/cakephp/cakephp/src/ORM/Table.php` to `Error.ignoredDeprecationPaths` in your `config/app.php` config will mute deprecations from that file only.
Request URL: /player-cycle-summaries/cycles_history
Client IP: 127.0.0.1
Trace:
Cake\Error\ErrorTrap->handleError() [internal], line ??
C:\Apache24\htdocs\chestcounter\vendor\cakephp\cakephp\src\Core\functions.php C:\Apache24\htdocs\chestcounter\vendor\cakephp\cakephp\src\Core\functions.php, line 384
C:\Apache24\htdocs\chestcounter\vendor\cakephp\cakephp\src\ORM\Table.php C:\Apache24\htdocs\chestcounter\vendor\cakephp\cakephp\src\ORM\Table.php, line 2695
Cake\ORM\Table->invokeFinder() C:\Apache24\htdocs\chestcounter\vendor\cakephp\cakephp\src\ORM\Table.php, line 2627
Cake\ORM\Table->callFinder() C:\Apache24\htdocs\chestcounter\vendor\cakephp\cakephp\src\ORM\Table.php, line 1274
Cake\ORM\Table->find() C:\Apache24\htdocs\chestcounter\src\Controller\PlayerCycleSummariesController.php, line 167
App\Controller\PlayerCycleSummariesController->cyclesHistory() C:\Apache24\htdocs\chestcounter\vendor\cakephp\cakephp\src\Controller\Controller.php, line 505
Cake\Controller\Controller->invokeAction() C:\Apache24\htdocs\chestcounter\vendor\cakephp\cakephp\src\Controller\ControllerFactory.php, line 166
Cake\Controller\ControllerFactory->handle() C:\Apache24\htdocs\chestcounter\vendor\cakephp\cakephp\src\Controller\ControllerFactory.php, line 141
Cake\Controller\ControllerFactory->invoke() C:\Apache24\htdocs\chestcounter\vendor\cakephp\cakephp\src\Http\BaseApplication.php, line 362
Cake\Http\BaseApplication->handle() C:\Apache24\htdocs\chestcounter\vendor\cakephp\cakephp\src\Http\Runner.php, line 86
Cake\Http\Runner->handle() C:\Apache24\htdocs\chestcounter\vendor\cakephp\cakephp\src\Http\Middleware\CsrfProtectionMiddleware.php, line 169
Cake\Http\Middleware\CsrfProtectionMiddleware->process() C:\Apache24\htdocs\chestcounter\vendor\cakephp\cakephp\src\Http\Runner.php, line 82
Cake\Http\Runner->handle() C:\Apache24\htdocs\chestcounter\vendor\cakephp\authentication\src\Middleware\AuthenticationMiddleware.php, line 106
Authentication\Middleware\AuthenticationMiddleware->process() C:\Apache24\htdocs\chestcounter\vendor\cakephp\cakephp\src\Http\Runner.php, line 82
Cake\Http\Runner->handle() C:\Apache24\htdocs\chestcounter\vendor\cakephp\cakephp\src\Http\Middleware\BodyParserMiddleware.php, line 157
Cake\Http\Middleware\BodyParserMiddleware->process() C:\Apache24\htdocs\chestcounter\vendor\cakephp\cakephp\src\Http\Runner.php, line 82
Cake\Http\Runner->handle() C:\Apache24\htdocs\chestcounter\vendor\cakephp\cakephp\src\Routing\Middleware\RoutingMiddleware.php, line 118
Cake\Routing\Middleware\RoutingMiddleware->process() C:\Apache24\htdocs\chestcounter\vendor\cakephp\cakephp\src\Http\Runner.php, line 82
Cake\Http\Runner->handle() C:\Apache24\htdocs\chestcounter\vendor\cakephp\cakephp\src\Routing\Middleware\AssetMiddleware.php, line 69
Cake\Routing\Middleware\AssetMiddleware->process() C:\Apache24\htdocs\chestcounter\vendor\cakephp\cakephp\src\Http\Runner.php, line 82
Cake\Http\Runner->handle() C:\Apache24\htdocs\chestcounter\vendor\cakephp\cakephp\src\Error\Middleware\ErrorHandlerMiddleware.php, line 115
Cake\Error\Middleware\ErrorHandlerMiddleware->process() C:\Apache24\htdocs\chestcounter\vendor\cakephp\cakephp\src\Http\Runner.php, line 82
Cake\Http\Runner->handle() C:\Apache24\htdocs\chestcounter\vendor\cakephp\cakephp\src\Http\Runner.php, line 60
Cake\Http\Runner->run() C:\Apache24\htdocs\chestcounter\vendor\cakephp\cakephp\src\Http\Server.php, line 104
Cake\Http\Server->run() C:\Apache24\htdocs\chestcounter\webroot\index.php, line 37
[main]

2025-10-19 22:56:52 notice: Since 5.0.0: Calling `findList` finder with options array is deprecated. Use named arguments instead.
C:\Apache24\htdocs\chestcounter\vendor\cakephp\cakephp\src\ORM\Table.php, line: 2627
You can disable all deprecation warnings by setting `Error.errorLevel` to `E_ALL & ~E_USER_DEPRECATED`. Adding `vendor/cakephp/cakephp/src/ORM/Table.php` to `Error.ignoredDeprecationPaths` in your `config/app.php` config will mute deprecations from that file only.
Request URL: /history
Referer URL: http://127.0.0.1/chestcounter/player-cycle-summaries/cycles_history
Client IP: 127.0.0.1
Trace:
Cake\Error\ErrorTrap->handleError() [internal], line ??
C:\Apache24\htdocs\chestcounter\vendor\cakephp\cakephp\src\Core\functions.php C:\Apache24\htdocs\chestcounter\vendor\cakephp\cakephp\src\Core\functions.php, line 384
C:\Apache24\htdocs\chestcounter\vendor\cakephp\cakephp\src\ORM\Table.php C:\Apache24\htdocs\chestcounter\vendor\cakephp\cakephp\src\ORM\Table.php, line 2695
Cake\ORM\Table->invokeFinder() C:\Apache24\htdocs\chestcounter\vendor\cakephp\cakephp\src\ORM\Table.php, line 2627
Cake\ORM\Table->callFinder() C:\Apache24\htdocs\chestcounter\vendor\cakephp\cakephp\src\ORM\Table.php, line 1274
Cake\ORM\Table->find() C:\Apache24\htdocs\chestcounter\src\Controller\PlayerCycleSummariesController.php, line 167
App\Controller\PlayerCycleSummariesController->cyclesHistory() C:\Apache24\htdocs\chestcounter\vendor\cakephp\cakephp\src\Controller\Controller.php, line 505
Cake\Controller\Controller->invokeAction() C:\Apache24\htdocs\chestcounter\vendor\cakephp\cakephp\src\Controller\ControllerFactory.php, line 166
Cake\Controller\ControllerFactory->handle() C:\Apache24\htdocs\chestcounter\vendor\cakephp\cakephp\src\Controller\ControllerFactory.php, line 141
Cake\Controller\ControllerFactory->invoke() C:\Apache24\htdocs\chestcounter\vendor\cakephp\cakephp\src\Http\BaseApplication.php, line 362
Cake\Http\BaseApplication->handle() C:\Apache24\htdocs\chestcounter\vendor\cakephp\cakephp\src\Http\Runner.php, line 86
Cake\Http\Runner->handle() C:\Apache24\htdocs\chestcounter\vendor\cakephp\cakephp\src\Http\Middleware\CsrfProtectionMiddleware.php, line 169
Cake\Http\Middleware\CsrfProtectionMiddleware->process() C:\Apache24\htdocs\chestcounter\vendor\cakephp\cakephp\src\Http\Runner.php, line 82
Cake\Http\Runner->handle() C:\Apache24\htdocs\chestcounter\vendor\cakephp\authentication\src\Middleware\AuthenticationMiddleware.php, line 106
Authentication\Middleware\AuthenticationMiddleware->process() C:\Apache24\htdocs\chestcounter\vendor\cakephp\cakephp\src\Http\Runner.php, line 82
Cake\Http\Runner->handle() C:\Apache24\htdocs\chestcounter\vendor\cakephp\cakephp\src\Http\Middleware\BodyParserMiddleware.php, line 157
Cake\Http\Middleware\BodyParserMiddleware->process() C:\Apache24\htdocs\chestcounter\vendor\cakephp\cakephp\src\Http\Runner.php, line 82
Cake\Http\Runner->handle() C:\Apache24\htdocs\chestcounter\vendor\cakephp\cakephp\src\Routing\Middleware\RoutingMiddleware.php, line 118
Cake\Routing\Middleware\RoutingMiddleware->process() C:\Apache24\htdocs\chestcounter\vendor\cakephp\cakephp\src\Http\Runner.php, line 82
Cake\Http\Runner->handle() C:\Apache24\htdocs\chestcounter\vendor\cakephp\cakephp\src\Routing\Middleware\AssetMiddleware.php, line 69
Cake\Routing\Middleware\AssetMiddleware->process() C:\Apache24\htdocs\chestcounter\vendor\cakephp\cakephp\src\Http\Runner.php, line 82
Cake\Http\Runner->handle() C:\Apache24\htdocs\chestcounter\vendor\cakephp\cakephp\src\Error\Middleware\ErrorHandlerMiddleware.php, line 115
Cake\Error\Middleware\ErrorHandlerMiddleware->process() C:\Apache24\htdocs\chestcounter\vendor\cakephp\cakephp\src\Http\Runner.php, line 82
Cake\Http\Runner->handle() C:\Apache24\htdocs\chestcounter\vendor\cakephp\cakephp\src\Http\Runner.php, line 60
Cake\Http\Runner->run() C:\Apache24\htdocs\chestcounter\vendor\cakephp\cakephp\src\Http\Server.php, line 104
Cake\Http\Server->run() C:\Apache24\htdocs\chestcounter\webroot\index.php, line 37
[main]

2025-10-19 22:56:54 notice: Since 5.0.0: Calling `findList` finder with options array is deprecated. Use named arguments instead.
C:\Apache24\htdocs\chestcounter\vendor\cakephp\cakephp\src\ORM\Table.php, line: 2627
You can disable all deprecation warnings by setting `Error.errorLevel` to `E_ALL & ~E_USER_DEPRECATED`. Adding `vendor/cakephp/cakephp/src/ORM/Table.php` to `Error.ignoredDeprecationPaths` in your `config/app.php` config will mute deprecations from that file only.
Request URL: /score
Referer URL: http://127.0.0.1/chestcounter/history
Client IP: 127.0.0.1
Trace:
Cake\Error\ErrorTrap->handleError() [internal], line ??
C:\Apache24\htdocs\chestcounter\vendor\cakephp\cakephp\src\Core\functions.php C:\Apache24\htdocs\chestcounter\vendor\cakephp\cakephp\src\Core\functions.php, line 384
C:\Apache24\htdocs\chestcounter\vendor\cakephp\cakephp\src\ORM\Table.php C:\Apache24\htdocs\chestcounter\vendor\cakephp\cakephp\src\ORM\Table.php, line 2695
Cake\ORM\Table->invokeFinder() C:\Apache24\htdocs\chestcounter\vendor\cakephp\cakephp\src\ORM\Table.php, line 2627
Cake\ORM\Table->callFinder() C:\Apache24\htdocs\chestcounter\vendor\cakephp\cakephp\src\ORM\Table.php, line 1274
Cake\ORM\Table->find() C:\Apache24\htdocs\chestcounter\src\Controller\CollectedChestsController.php, line 157
App\Controller\CollectedChestsController->score() C:\Apache24\htdocs\chestcounter\vendor\cakephp\cakephp\src\Controller\Controller.php, line 505
Cake\Controller\Controller->invokeAction() C:\Apache24\htdocs\chestcounter\vendor\cakephp\cakephp\src\Controller\ControllerFactory.php, line 166
Cake\Controller\ControllerFactory->handle() C:\Apache24\htdocs\chestcounter\vendor\cakephp\cakephp\src\Controller\ControllerFactory.php, line 141
Cake\Controller\ControllerFactory->invoke() C:\Apache24\htdocs\chestcounter\vendor\cakephp\cakephp\src\Http\BaseApplication.php, line 362
Cake\Http\BaseApplication->handle() C:\Apache24\htdocs\chestcounter\vendor\cakephp\cakephp\src\Http\Runner.php, line 86
Cake\Http\Runner->handle() C:\Apache24\htdocs\chestcounter\vendor\cakephp\cakephp\src\Http\Middleware\CsrfProtectionMiddleware.php, line 169
Cake\Http\Middleware\CsrfProtectionMiddleware->process() C:\Apache24\htdocs\chestcounter\vendor\cakephp\cakephp\src\Http\Runner.php, line 82
Cake\Http\Runner->handle() C:\Apache24\htdocs\chestcounter\vendor\cakephp\authentication\src\Middleware\AuthenticationMiddleware.php, line 106
Authentication\Middleware\AuthenticationMiddleware->process() C:\Apache24\htdocs\chestcounter\vendor\cakephp\cakephp\src\Http\Runner.php, line 82
Cake\Http\Runner->handle() C:\Apache24\htdocs\chestcounter\vendor\cakephp\cakephp\src\Http\Middleware\BodyParserMiddleware.php, line 157
Cake\Http\Middleware\BodyParserMiddleware->process() C:\Apache24\htdocs\chestcounter\vendor\cakephp\cakephp\src\Http\Runner.php, line 82
Cake\Http\Runner->handle() C:\Apache24\htdocs\chestcounter\vendor\cakephp\cakephp\src\Routing\Middleware\RoutingMiddleware.php, line 118
Cake\Routing\Middleware\RoutingMiddleware->process() C:\Apache24\htdocs\chestcounter\vendor\cakephp\cakephp\src\Http\Runner.php, line 82
Cake\Http\Runner->handle() C:\Apache24\htdocs\chestcounter\vendor\cakephp\cakephp\src\Routing\Middleware\AssetMiddleware.php, line 69
Cake\Routing\Middleware\AssetMiddleware->process() C:\Apache24\htdocs\chestcounter\vendor\cakephp\cakephp\src\Http\Runner.php, line 82
Cake\Http\Runner->handle() C:\Apache24\htdocs\chestcounter\vendor\cakephp\cakephp\src\Error\Middleware\ErrorHandlerMiddleware.php, line 115
Cake\Error\Middleware\ErrorHandlerMiddleware->process() C:\Apache24\htdocs\chestcounter\vendor\cakephp\cakephp\src\Http\Runner.php, line 82
Cake\Http\Runner->handle() C:\Apache24\htdocs\chestcounter\vendor\cakephp\cakephp\src\Http\Runner.php, line 60
Cake\Http\Runner->run() C:\Apache24\htdocs\chestcounter\vendor\cakephp\cakephp\src\Http\Server.php, line 104
Cake\Http\Server->run() C:\Apache24\htdocs\chestcounter\webroot\index.php, line 37
[main]

2025-10-19 22:56:55 notice: Since 5.0.0: Calling `findList` finder with options array is deprecated. Use named arguments instead.
C:\Apache24\htdocs\chestcounter\vendor\cakephp\cakephp\src\ORM\Table.php, line: 2627
You can disable all deprecation warnings by setting `Error.errorLevel` to `E_ALL & ~E_USER_DEPRECATED`. Adding `vendor/cakephp/cakephp/src/ORM/Table.php` to `Error.ignoredDeprecationPaths` in your `config/app.php` config will mute deprecations from that file only.
Request URL: /player-cycle-summaries/player-history/Rainfury
Referer URL: http://127.0.0.1/chestcounter/score
Client IP: 127.0.0.1
Trace:
Cake\Error\ErrorTrap->handleError() [internal], line ??
C:\Apache24\htdocs\chestcounter\vendor\cakephp\cakephp\src\Core\functions.php C:\Apache24\htdocs\chestcounter\vendor\cakephp\cakephp\src\Core\functions.php, line 384
C:\Apache24\htdocs\chestcounter\vendor\cakephp\cakephp\src\ORM\Table.php C:\Apache24\htdocs\chestcounter\vendor\cakephp\cakephp\src\ORM\Table.php, line 2695
Cake\ORM\Table->invokeFinder() C:\Apache24\htdocs\chestcounter\vendor\cakephp\cakephp\src\ORM\Table.php, line 2627
Cake\ORM\Table->callFinder() C:\Apache24\htdocs\chestcounter\vendor\cakephp\cakephp\src\ORM\Table.php, line 1274
Cake\ORM\Table->find() C:\Apache24\htdocs\chestcounter\src\Controller\PlayerCycleSummariesController.php, line 104
App\Controller\PlayerCycleSummariesController->playerHistory() C:\Apache24\htdocs\chestcounter\vendor\cakephp\cakephp\src\Controller\Controller.php, line 505
Cake\Controller\Controller->invokeAction() C:\Apache24\htdocs\chestcounter\vendor\cakephp\cakephp\src\Controller\ControllerFactory.php, line 166
Cake\Controller\ControllerFactory->handle() C:\Apache24\htdocs\chestcounter\vendor\cakephp\cakephp\src\Controller\ControllerFactory.php, line 141
Cake\Controller\ControllerFactory->invoke() C:\Apache24\htdocs\chestcounter\vendor\cakephp\cakephp\src\Http\BaseApplication.php, line 362
Cake\Http\BaseApplication->handle() C:\Apache24\htdocs\chestcounter\vendor\cakephp\cakephp\src\Http\Runner.php, line 86
Cake\Http\Runner->handle() C:\Apache24\htdocs\chestcounter\vendor\cakephp\cakephp\src\Http\Middleware\CsrfProtectionMiddleware.php, line 169
Cake\Http\Middleware\CsrfProtectionMiddleware->process() C:\Apache24\htdocs\chestcounter\vendor\cakephp\cakephp\src\Http\Runner.php, line 82
Cake\Http\Runner->handle() C:\Apache24\htdocs\chestcounter\vendor\cakephp\authentication\src\Middleware\AuthenticationMiddleware.php, line 106
Authentication\Middleware\AuthenticationMiddleware->process() C:\Apache24\htdocs\chestcounter\vendor\cakephp\cakephp\src\Http\Runner.php, line 82
Cake\Http\Runner->handle() C:\Apache24\htdocs\chestcounter\vendor\cakephp\cakephp\src\Http\Middleware\BodyParserMiddleware.php, line 157
Cake\Http\Middleware\BodyParserMiddleware->process() C:\Apache24\htdocs\chestcounter\vendor\cakephp\cakephp\src\Http\Runner.php, line 82
Cake\Http\Runner->handle() C:\Apache24\htdocs\chestcounter\vendor\cakephp\cakephp\src\Routing\Middleware\RoutingMiddleware.php, line 118
Cake\Routing\Middleware\RoutingMiddleware->process() C:\Apache24\htdocs\chestcounter\vendor\cakephp\cakephp\src\Http\Runner.php, line 82
Cake\Http\Runner->handle() C:\Apache24\htdocs\chestcounter\vendor\cakephp\cakephp\src\Routing\Middleware\AssetMiddleware.php, line 69
Cake\Routing\Middleware\AssetMiddleware->process() C:\Apache24\htdocs\chestcounter\vendor\cakephp\cakephp\src\Http\Runner.php, line 82
Cake\Http\Runner->handle() C:\Apache24\htdocs\chestcounter\vendor\cakephp\cakephp\src\Error\Middleware\ErrorHandlerMiddleware.php, line 115
Cake\Error\Middleware\ErrorHandlerMiddleware->process() C:\Apache24\htdocs\chestcounter\vendor\cakephp\cakephp\src\Http\Runner.php, line 82
Cake\Http\Runner->handle() C:\Apache24\htdocs\chestcounter\vendor\cakephp\cakephp\src\Http\Runner.php, line 60
Cake\Http\Runner->run() C:\Apache24\htdocs\chestcounter\vendor\cakephp\cakephp\src\Http\Server.php, line 104
Cake\Http\Server->run() C:\Apache24\htdocs\chestcounter\webroot\index.php, line 37
[main]

2025-10-19 22:56:57 notice: Since 5.0.0: Calling `findList` finder with options array is deprecated. Use named arguments instead.
C:\Apache24\htdocs\chestcounter\vendor\cakephp\cakephp\src\ORM\Table.php, line: 2627
You can disable all deprecation warnings by setting `Error.errorLevel` to `E_ALL & ~E_USER_DEPRECATED`. Adding `vendor/cakephp/cakephp/src/ORM/Table.php` to `Error.ignoredDeprecationPaths` in your `config/app.php` config will mute deprecations from that file only.
Request URL: /history
Referer URL: http://127.0.0.1/chestcounter/player-cycle-summaries/player-history/Rainfury
Client IP: 127.0.0.1
Trace:
Cake\Error\ErrorTrap->handleError() [internal], line ??
C:\Apache24\htdocs\chestcounter\vendor\cakephp\cakephp\src\Core\functions.php C:\Apache24\htdocs\chestcounter\vendor\cakephp\cakephp\src\Core\functions.php, line 384
C:\Apache24\htdocs\chestcounter\vendor\cakephp\cakephp\src\ORM\Table.php C:\Apache24\htdocs\chestcounter\vendor\cakephp\cakephp\src\ORM\Table.php, line 2695
Cake\ORM\Table->invokeFinder() C:\Apache24\htdocs\chestcounter\vendor\cakephp\cakephp\src\ORM\Table.php, line 2627
Cake\ORM\Table->callFinder() C:\Apache24\htdocs\chestcounter\vendor\cakephp\cakephp\src\ORM\Table.php, line 1274
Cake\ORM\Table->find() C:\Apache24\htdocs\chestcounter\src\Controller\PlayerCycleSummariesController.php, line 167
App\Controller\PlayerCycleSummariesController->cyclesHistory() C:\Apache24\htdocs\chestcounter\vendor\cakephp\cakephp\src\Controller\Controller.php, line 505
Cake\Controller\Controller->invokeAction() C:\Apache24\htdocs\chestcounter\vendor\cakephp\cakephp\src\Controller\ControllerFactory.php, line 166
Cake\Controller\ControllerFactory->handle() C:\Apache24\htdocs\chestcounter\vendor\cakephp\cakephp\src\Controller\ControllerFactory.php, line 141
Cake\Controller\ControllerFactory->invoke() C:\Apache24\htdocs\chestcounter\vendor\cakephp\cakephp\src\Http\BaseApplication.php, line 362
Cake\Http\BaseApplication->handle() C:\Apache24\htdocs\chestcounter\vendor\cakephp\cakephp\src\Http\Runner.php, line 86
Cake\Http\Runner->handle() C:\Apache24\htdocs\chestcounter\vendor\cakephp\cakephp\src\Http\Middleware\CsrfProtectionMiddleware.php, line 169
Cake\Http\Middleware\CsrfProtectionMiddleware->process() C:\Apache24\htdocs\chestcounter\vendor\cakephp\cakephp\src\Http\Runner.php, line 82
Cake\Http\Runner->handle() C:\Apache24\htdocs\chestcounter\vendor\cakephp\authentication\src\Middleware\AuthenticationMiddleware.php, line 106
Authentication\Middleware\AuthenticationMiddleware->process() C:\Apache24\htdocs\chestcounter\vendor\cakephp\cakephp\src\Http\Runner.php, line 82
Cake\Http\Runner->handle() C:\Apache24\htdocs\chestcounter\vendor\cakephp\cakephp\src\Http\Middleware\BodyParserMiddleware.php, line 157
Cake\Http\Middleware\BodyParserMiddleware->process() C:\Apache24\htdocs\chestcounter\vendor\cakephp\cakephp\src\Http\Runner.php, line 82
Cake\Http\Runner->handle() C:\Apache24\htdocs\chestcounter\vendor\cakephp\cakephp\src\Routing\Middleware\RoutingMiddleware.php, line 118
Cake\Routing\Middleware\RoutingMiddleware->process() C:\Apache24\htdocs\chestcounter\vendor\cakephp\cakephp\src\Http\Runner.php, line 82
Cake\Http\Runner->handle() C:\Apache24\htdocs\chestcounter\vendor\cakephp\cakephp\src\Routing\Middleware\AssetMiddleware.php, line 69
Cake\Routing\Middleware\AssetMiddleware->process() C:\Apache24\htdocs\chestcounter\vendor\cakephp\cakephp\src\Http\Runner.php, line 82
Cake\Http\Runner->handle() C:\Apache24\htdocs\chestcounter\vendor\cakephp\cakephp\src\Error\Middleware\ErrorHandlerMiddleware.php, line 115
Cake\Error\Middleware\ErrorHandlerMiddleware->process() C:\Apache24\htdocs\chestcounter\vendor\cakephp\cakephp\src\Http\Runner.php, line 82
Cake\Http\Runner->handle() C:\Apache24\htdocs\chestcounter\vendor\cakephp\cakephp\src\Http\Runner.php, line 60
Cake\Http\Runner->run() C:\Apache24\htdocs\chestcounter\vendor\cakephp\cakephp\src\Http\Server.php, line 104
Cake\Http\Server->run() C:\Apache24\htdocs\chestcounter\webroot\index.php, line 37
[main]

2025-10-19 23:07:08 notice: Since 5.0.0: Calling `findList` finder with options array is deprecated. Use named arguments instead.
C:\Apache24\htdocs\chestcounter\vendor\cakephp\cakephp\src\ORM\Table.php, line: 2627
You can disable all deprecation warnings by setting `Error.errorLevel` to `E_ALL & ~E_USER_DEPRECATED`. Adding `vendor/cakephp/cakephp/src/ORM/Table.php` to `Error.ignoredDeprecationPaths` in your `config/app.php` config will mute deprecations from that file only.
Request URL: /history
Referer URL: http://127.0.0.1/chestcounter/history
Client IP: 127.0.0.1
Trace:
Cake\Error\ErrorTrap->handleError() [internal], line ??
C:\Apache24\htdocs\chestcounter\vendor\cakephp\cakephp\src\Core\functions.php C:\Apache24\htdocs\chestcounter\vendor\cakephp\cakephp\src\Core\functions.php, line 384
C:\Apache24\htdocs\chestcounter\vendor\cakephp\cakephp\src\ORM\Table.php C:\Apache24\htdocs\chestcounter\vendor\cakephp\cakephp\src\ORM\Table.php, line 2695
Cake\ORM\Table->invokeFinder() C:\Apache24\htdocs\chestcounter\vendor\cakephp\cakephp\src\ORM\Table.php, line 2627
Cake\ORM\Table->callFinder() C:\Apache24\htdocs\chestcounter\vendor\cakephp\cakephp\src\ORM\Table.php, line 1274
Cake\ORM\Table->find() C:\Apache24\htdocs\chestcounter\src\Controller\PlayerCycleSummariesController.php, line 167
App\Controller\PlayerCycleSummariesController->cyclesHistory() C:\Apache24\htdocs\chestcounter\vendor\cakephp\cakephp\src\Controller\Controller.php, line 505
Cake\Controller\Controller->invokeAction() C:\Apache24\htdocs\chestcounter\vendor\cakephp\cakephp\src\Controller\ControllerFactory.php, line 166
Cake\Controller\ControllerFactory->handle() C:\Apache24\htdocs\chestcounter\vendor\cakephp\cakephp\src\Controller\ControllerFactory.php, line 141
Cake\Controller\ControllerFactory->invoke() C:\Apache24\htdocs\chestcounter\vendor\cakephp\cakephp\src\Http\BaseApplication.php, line 362
Cake\Http\BaseApplication->handle() C:\Apache24\htdocs\chestcounter\vendor\cakephp\cakephp\src\Http\Runner.php, line 86
Cake\Http\Runner->handle() C:\Apache24\htdocs\chestcounter\vendor\cakephp\cakephp\src\Http\Middleware\CsrfProtectionMiddleware.php, line 169
Cake\Http\Middleware\CsrfProtectionMiddleware->process() C:\Apache24\htdocs\chestcounter\vendor\cakephp\cakephp\src\Http\Runner.php, line 82
Cake\Http\Runner->handle() C:\Apache24\htdocs\chestcounter\vendor\cakephp\authentication\src\Middleware\AuthenticationMiddleware.php, line 106
Authentication\Middleware\AuthenticationMiddleware->process() C:\Apache24\htdocs\chestcounter\vendor\cakephp\cakephp\src\Http\Runner.php, line 82
Cake\Http\Runner->handle() C:\Apache24\htdocs\chestcounter\vendor\cakephp\cakephp\src\Http\Middleware\BodyParserMiddleware.php, line 157
Cake\Http\Middleware\BodyParserMiddleware->process() C:\Apache24\htdocs\chestcounter\vendor\cakephp\cakephp\src\Http\Runner.php, line 82
Cake\Http\Runner->handle() C:\Apache24\htdocs\chestcounter\vendor\cakephp\cakephp\src\Routing\Middleware\RoutingMiddleware.php, line 118
Cake\Routing\Middleware\RoutingMiddleware->process() C:\Apache24\htdocs\chestcounter\vendor\cakephp\cakephp\src\Http\Runner.php, line 82
Cake\Http\Runner->handle() C:\Apache24\htdocs\chestcounter\vendor\cakephp\cakephp\src\Routing\Middleware\AssetMiddleware.php, line 69
Cake\Routing\Middleware\AssetMiddleware->process() C:\Apache24\htdocs\chestcounter\vendor\cakephp\cakephp\src\Http\Runner.php, line 82
Cake\Http\Runner->handle() C:\Apache24\htdocs\chestcounter\vendor\cakephp\cakephp\src\Error\Middleware\ErrorHandlerMiddleware.php, line 115
Cake\Error\Middleware\ErrorHandlerMiddleware->process() C:\Apache24\htdocs\chestcounter\vendor\cakephp\cakephp\src\Http\Runner.php, line 82
Cake\Http\Runner->handle() C:\Apache24\htdocs\chestcounter\vendor\cakephp\cakephp\src\Http\Runner.php, line 60
Cake\Http\Runner->run() C:\Apache24\htdocs\chestcounter\vendor\cakephp\cakephp\src\Http\Server.php, line 104
Cake\Http\Server->run() C:\Apache24\htdocs\chestcounter\webroot\index.php, line 37
[main]

=======
>>>>>>> 9d854700621d4d21a394b03b312833d8aa76f36f
