2025-05-18 22:48:00 warning: Unable to emit headers. Headers sent in file=C:\Apache24\htdocs\chestcounter\vendor\cakephp\cakephp\src\Error\Renderer\HtmlErrorRenderer.php line=37
Request URL: /users/
Client IP: 127.0.0.1
Trace:
Cake\Error\ErrorTrap->handleError() [internal], line ??
C:\Apache24\htdocs\chestcounter\vendor\cakephp\cakephp\src\Http\ResponseEmitter.php C:\Apache24\htdocs\chestcounter\vendor\cakephp\cakephp\src\Http\ResponseEmitter.php, line 65
Cake\Http\ResponseEmitter->emit() C:\Apache24\htdocs\chestcounter\vendor\cakephp\cakephp\src\Http\Server.php, line 148
Cake\Http\Server->emit() C:\Apache24\htdocs\chestcounter\webroot\index.php, line 37
[main]

2025-05-18 22:48:00 warning: Cannot modify header information - headers already sent by (output started at C:\Apache24\htdocs\chestcounter\vendor\cakephp\cakephp\src\Error\Renderer\HtmlErrorRenderer.php:37)
Request URL: /users/
Client IP: 127.0.0.1
Trace:
Cake\Error\ErrorTrap->handleError() [internal], line ??
C:\Apache24\htdocs\chestcounter\vendor\cakephp\cakephp\src\Http\ResponseEmitter.php C:\Apache24\htdocs\chestcounter\vendor\cakephp\cakephp\src\Http\ResponseEmitter.php, line 159
Cake\Http\ResponseEmitter->emitStatusLine() C:\Apache24\htdocs\chestcounter\vendor\cakephp\cakephp\src\Http\ResponseEmitter.php, line 68
Cake\Http\ResponseEmitter->emit() C:\Apache24\htdocs\chestcounter\vendor\cakephp\cakephp\src\Http\Server.php, line 148
Cake\Http\Server->emit() C:\Apache24\htdocs\chestcounter\webroot\index.php, line 37
[main]

2025-05-18 22:48:00 warning: Cannot modify header information - headers already sent by (output started at C:\Apache24\htdocs\chestcounter\vendor\cakephp\cakephp\src\Error\Renderer\HtmlErrorRenderer.php:37)
Request URL: /users/
Client IP: 127.0.0.1
Trace:
Cake\Error\ErrorTrap->handleError() [internal], line ??
C:\Apache24\htdocs\chestcounter\vendor\cakephp\cakephp\src\Http\ResponseEmitter.php C:\Apache24\htdocs\chestcounter\vendor\cakephp\cakephp\src\Http\ResponseEmitter.php, line 192
Cake\Http\ResponseEmitter->emitHeaders() C:\Apache24\htdocs\chestcounter\vendor\cakephp\cakephp\src\Http\ResponseEmitter.php, line 69
Cake\Http\ResponseEmitter->emit() C:\Apache24\htdocs\chestcounter\vendor\cakephp\cakephp\src\Http\Server.php, line 148
Cake\Http\Server->emit() C:\Apache24\htdocs\chestcounter\webroot\index.php, line 37
[main]

2025-05-18 22:51:12 error: [TypeError] str_replace(): Argument #3 ($subject) must be of type array|string, null given in C:\Apache24\htdocs\chestcounter\vendor\cakephp\cakephp\src\Core\functions.php on line 355
Stack Trace:
- CORE\src\Core\functions.php:355
- CORE\src\I18n\I18n.php:80
- CORE\src\I18n\I18n.php:152
- CORE\src\I18n\functions.php:87
- ROOT\vendor\cakephp\authentication\src\Authenticator\UnauthenticatedException.php:42
- ROOT\vendor\cakephp\authentication\src\Controller\Component\AuthenticationComponent.php:189
- ROOT\vendor\cakephp\authentication\src\Controller\Component\AuthenticationComponent.php:132
- CORE\src\Event\EventManager.php:334
- CORE\src\Event\EventManager.php:312
- CORE\src\Event\EventDispatcherTrait.php:88
- CORE\src\Controller\Controller.php:609
- CORE\src\Controller\ControllerFactory.php:156
- CORE\src\Controller\ControllerFactory.php:141
- CORE\src\Http\BaseApplication.php:362
- CORE\src\Http\Runner.php:86
- CORE\src\Http\Middleware\CsrfProtectionMiddleware.php:169
- CORE\src\Http\Runner.php:82
- CORE\src\Http\Middleware\BodyParserMiddleware.php:157
- CORE\src\Http\Runner.php:82
- ROOT\vendor\cakephp\authentication\src\Middleware\AuthenticationMiddleware.php:106
- CORE\src\Http\Runner.php:82
- CORE\src\Routing\Middleware\RoutingMiddleware.php:118
- CORE\src\Http\Runner.php:82
- CORE\src\Routing\Middleware\AssetMiddleware.php:69
- CORE\src\Http\Runner.php:82
- CORE\src\Error\Middleware\ErrorHandlerMiddleware.php:115
- CORE\src\Http\Runner.php:82
- CORE\src\Http\Runner.php:60
- CORE\src\Http\Server.php:104
- ROOT\webroot\index.php:37
- [main]:

Request URL: /users/
Client IP: 127.0.0.1
2025-05-18 22:54:04 error: [Error] Call to undefined method App\Application::redirect() in C:\Apache24\htdocs\chestcounter\src\Application.php on line 118
Stack Trace:
- ROOT\vendor\cakephp\authentication\src\Middleware\AuthenticationMiddleware.php:136
- ROOT\vendor\cakephp\authentication\src\Middleware\AuthenticationMiddleware.php:77
- CORE\src\Http\Runner.php:82
- CORE\src\Routing\Middleware\RoutingMiddleware.php:118
- CORE\src\Http\Runner.php:82
- CORE\src\Routing\Middleware\AssetMiddleware.php:69
- CORE\src\Http\Runner.php:82
- CORE\src\Error\Middleware\ErrorHandlerMiddleware.php:115
- CORE\src\Http\Runner.php:82
- CORE\src\Http\Runner.php:60
- CORE\src\Http\Server.php:104
- ROOT\webroot\index.php:37
- [main]:

Request URL: /collected-chests/
Client IP: 127.0.0.1
2025-05-18 22:55:38 error: [Error] Call to undefined method App\Application::redirect() in C:\Apache24\htdocs\chestcounter\src\Application.php on line 138
Stack Trace:
- ROOT\vendor\cakephp\authentication\src\Middleware\AuthenticationMiddleware.php:136
- ROOT\vendor\cakephp\authentication\src\Middleware\AuthenticationMiddleware.php:77
- CORE\src\Http\Runner.php:82
- CORE\src\Routing\Middleware\RoutingMiddleware.php:118
- CORE\src\Http\Runner.php:82
- CORE\src\Routing\Middleware\AssetMiddleware.php:69
- CORE\src\Http\Runner.php:82
- CORE\src\Error\Middleware\ErrorHandlerMiddleware.php:115
- CORE\src\Http\Runner.php:82
- CORE\src\Http\Runner.php:60
- CORE\src\Http\Server.php:104
- ROOT\webroot\index.php:37
- [main]:

Request URL: /collected-chests/
Client IP: 127.0.0.1
2025-05-18 23:00:28 error: [Error] Class "Cake\Auth\DefaultPasswordHasher" not found in C:\Apache24\htdocs\chestcounter\src\Model\Entity\User.php on line 43
Stack Trace:
- CORE\src\Datasource\EntityTrait.php:290
- CORE\src\ORM\Marshaller.php:622
- CORE\src\ORM\Table.php:3038
- APP/Controller\UsersController.php:58
- CORE\src\Controller\Controller.php:505
- CORE\src\Controller\ControllerFactory.php:166
- CORE\src\Controller\ControllerFactory.php:141
- CORE\src\Http\BaseApplication.php:362
- CORE\src\Http\Runner.php:86
- CORE\src\Http\Middleware\CsrfProtectionMiddleware.php:169
- CORE\src\Http\Runner.php:82
- CORE\src\Http\Middleware\BodyParserMiddleware.php:162
- CORE\src\Http\Runner.php:82
- ROOT\vendor\cakephp\authentication\src\Middleware\AuthenticationMiddleware.php:106
- CORE\src\Http\Runner.php:82
- CORE\src\Routing\Middleware\RoutingMiddleware.php:118
- CORE\src\Http\Runner.php:82
- CORE\src\Routing\Middleware\AssetMiddleware.php:69
- CORE\src\Http\Runner.php:82
- CORE\src\Error\Middleware\ErrorHandlerMiddleware.php:115
- CORE\src\Http\Runner.php:82
- CORE\src\Http\Runner.php:60
- CORE\src\Http\Server.php:104
- ROOT\webroot\index.php:37
- [main]:

Request URL: /users/add
Referer URL: http://127.0.0.1/chestcounter/users/add
Client IP: 127.0.0.1
2025-05-18 23:03:25 error: [Error] Class "Cake\Auth\DefaultPasswordHasher" not found in C:\Apache24\htdocs\chestcounter\src\Model\Entity\User.php on line 51
Stack Trace:
- CORE\src\Datasource\EntityTrait.php:290
- CORE\src\ORM\Marshaller.php:622
- CORE\src\ORM\Table.php:3038
- APP/Controller\UsersController.php:58
- CORE\src\Controller\Controller.php:505
- CORE\src\Controller\ControllerFactory.php:166
- CORE\src\Controller\ControllerFactory.php:141
- CORE\src\Http\BaseApplication.php:362
- CORE\src\Http\Runner.php:86
- CORE\src\Http\Middleware\CsrfProtectionMiddleware.php:169
- CORE\src\Http\Runner.php:82
- CORE\src\Http\Middleware\BodyParserMiddleware.php:162
- CORE\src\Http\Runner.php:82
- ROOT\vendor\cakephp\authentication\src\Middleware\AuthenticationMiddleware.php:106
- CORE\src\Http\Runner.php:82
- CORE\src\Routing\Middleware\RoutingMiddleware.php:118
- CORE\src\Http\Runner.php:82
- CORE\src\Routing\Middleware\AssetMiddleware.php:69
- CORE\src\Http\Runner.php:82
- CORE\src\Error\Middleware\ErrorHandlerMiddleware.php:115
- CORE\src\Http\Runner.php:82
- CORE\src\Http\Runner.php:60
- CORE\src\Http\Server.php:104
- ROOT\webroot\index.php:37
- [main]:

Request URL: /users/add
Referer URL: http://127.0.0.1/chestcounter/users/add
Client IP: 127.0.0.1
2025-05-18 23:04:56 error: [Error] Class "Cake\Utility\DefaultPasswordHasher" not found in C:\Apache24\htdocs\chestcounter\src\Model\Entity\User.php on line 51
Stack Trace:
- CORE\src\Datasource\EntityTrait.php:290
- CORE\src\ORM\Marshaller.php:622
- CORE\src\ORM\Table.php:3038
- APP/Controller\UsersController.php:58
- CORE\src\Controller\Controller.php:505
- CORE\src\Controller\ControllerFactory.php:166
- CORE\src\Controller\ControllerFactory.php:141
- CORE\src\Http\BaseApplication.php:362
- CORE\src\Http\Runner.php:86
- CORE\src\Http\Middleware\CsrfProtectionMiddleware.php:169
- CORE\src\Http\Runner.php:82
- CORE\src\Http\Middleware\BodyParserMiddleware.php:162
- CORE\src\Http\Runner.php:82
- ROOT\vendor\cakephp\authentication\src\Middleware\AuthenticationMiddleware.php:106
- CORE\src\Http\Runner.php:82
- CORE\src\Routing\Middleware\RoutingMiddleware.php:118
- CORE\src\Http\Runner.php:82
- CORE\src\Routing\Middleware\AssetMiddleware.php:69
- CORE\src\Http\Runner.php:82
- CORE\src\Error\Middleware\ErrorHandlerMiddleware.php:115
- CORE\src\Http\Runner.php:82
- CORE\src\Http\Runner.php:60
- CORE\src\Http\Server.php:104
- ROOT\webroot\index.php:37
- [main]:

Request URL: /users/add
Referer URL: http://127.0.0.1/chestcounter/users/add
Client IP: 127.0.0.1
2025-05-18 23:05:39 error: [Error] Class "Cake\Utility\DefaultPasswordHasher" not found in C:\Apache24\htdocs\chestcounter\src\Model\Entity\User.php on line 51
Stack Trace:
- CORE\src\Datasource\EntityTrait.php:290
- CORE\src\ORM\Marshaller.php:622
- CORE\src\ORM\Table.php:3038
- APP/Controller\UsersController.php:58
- CORE\src\Controller\Controller.php:505
- CORE\src\Controller\ControllerFactory.php:166
- CORE\src\Controller\ControllerFactory.php:141
- CORE\src\Http\BaseApplication.php:362
- CORE\src\Http\Runner.php:86
- CORE\src\Http\Middleware\CsrfProtectionMiddleware.php:169
- CORE\src\Http\Runner.php:82
- CORE\src\Http\Middleware\BodyParserMiddleware.php:162
- CORE\src\Http\Runner.php:82
- ROOT\vendor\cakephp\authentication\src\Middleware\AuthenticationMiddleware.php:106
- CORE\src\Http\Runner.php:82
- CORE\src\Routing\Middleware\RoutingMiddleware.php:118
- CORE\src\Http\Runner.php:82
- CORE\src\Routing\Middleware\AssetMiddleware.php:69
- CORE\src\Http\Runner.php:82
- CORE\src\Error\Middleware\ErrorHandlerMiddleware.php:115
- CORE\src\Http\Runner.php:82
- CORE\src\Http\Runner.php:60
- CORE\src\Http\Server.php:104
- ROOT\webroot\index.php:37
- [main]:

Request URL: /users/add
Referer URL: http://127.0.0.1/chestcounter/users/add
Client IP: 127.0.0.1
2025-05-18 23:07:33 error: [Error] Class "Cake\Auth\DefaultPasswordHasher" not found in C:\Apache24\htdocs\chestcounter\src\Model\Entity\User.php on line 52
Stack Trace:
- CORE\src\Datasource\EntityTrait.php:290
- CORE\src\ORM\Marshaller.php:622
- CORE\src\ORM\Table.php:3038
- APP/Controller\UsersController.php:58
- CORE\src\Controller\Controller.php:505
- CORE\src\Controller\ControllerFactory.php:166
- CORE\src\Controller\ControllerFactory.php:141
- CORE\src\Http\BaseApplication.php:362
- CORE\src\Http\Runner.php:86
- CORE\src\Http\Middleware\CsrfProtectionMiddleware.php:169
- CORE\src\Http\Runner.php:82
- CORE\src\Http\Middleware\BodyParserMiddleware.php:162
- CORE\src\Http\Runner.php:82
- ROOT\vendor\cakephp\authentication\src\Middleware\AuthenticationMiddleware.php:106
- CORE\src\Http\Runner.php:82
- CORE\src\Routing\Middleware\RoutingMiddleware.php:118
- CORE\src\Http\Runner.php:82
- CORE\src\Routing\Middleware\AssetMiddleware.php:69
- CORE\src\Http\Runner.php:82
- CORE\src\Error\Middleware\ErrorHandlerMiddleware.php:115
- CORE\src\Http\Runner.php:82
- CORE\src\Http\Runner.php:60
- CORE\src\Http\Server.php:104
- ROOT\webroot\index.php:37
- [main]:

Request URL: /users/add
Referer URL: http://127.0.0.1/chestcounter/users/add
Client IP: 127.0.0.1
2025-05-18 23:14:39 error: [Error] Class "Authentication\DefaultPasswordHasher" not found in C:\Apache24\htdocs\chestcounter\src\Model\Entity\User.php on line 52
Stack Trace:
- CORE\src\Datasource\EntityTrait.php:290
- CORE\src\ORM\Marshaller.php:622
- CORE\src\ORM\Table.php:3038
- APP/Controller\UsersController.php:58
- CORE\src\Controller\Controller.php:505
- CORE\src\Controller\ControllerFactory.php:166
- CORE\src\Controller\ControllerFactory.php:141
- CORE\src\Http\BaseApplication.php:362
- CORE\src\Http\Runner.php:86
- CORE\src\Http\Middleware\CsrfProtectionMiddleware.php:169
- CORE\src\Http\Runner.php:82
- CORE\src\Http\Middleware\BodyParserMiddleware.php:162
- CORE\src\Http\Runner.php:82
- ROOT\vendor\cakephp\authentication\src\Middleware\AuthenticationMiddleware.php:106
- CORE\src\Http\Runner.php:82
- CORE\src\Routing\Middleware\RoutingMiddleware.php:118
- CORE\src\Http\Runner.php:82
- CORE\src\Routing\Middleware\AssetMiddleware.php:69
- CORE\src\Http\Runner.php:82
- CORE\src\Error\Middleware\ErrorHandlerMiddleware.php:115
- CORE\src\Http\Runner.php:82
- CORE\src\Http\Runner.php:60
- CORE\src\Http\Server.php:104
- ROOT\webroot\index.php:37
- [main]:

Request URL: /users/add
Referer URL: http://127.0.0.1/chestcounter/users/add
Client IP: 127.0.0.1
2025-05-18 23:47:33 error: [Error] Class "Cake\Auth\DefaultPasswordHasher" not found in C:\Apache24\htdocs\chestcounter\src\Model\Entity\User.php on line 52
Stack Trace:
- CORE\src\Datasource\EntityTrait.php:290
- CORE\src\ORM\Marshaller.php:622
- CORE\src\ORM\Table.php:3038
- APP/Controller\UsersController.php:58
- CORE\src\Controller\Controller.php:505
- CORE\src\Controller\ControllerFactory.php:166
- CORE\src\Controller\ControllerFactory.php:141
- CORE\src\Http\BaseApplication.php:362
- CORE\src\Http\Runner.php:86
- CORE\src\Http\Middleware\CsrfProtectionMiddleware.php:169
- CORE\src\Http\Runner.php:82
- CORE\src\Http\Middleware\BodyParserMiddleware.php:162
- CORE\src\Http\Runner.php:82
- ROOT\vendor\cakephp\authentication\src\Middleware\AuthenticationMiddleware.php:107
- CORE\src\Http\Runner.php:82
- CORE\src\Routing\Middleware\RoutingMiddleware.php:118
- CORE\src\Http\Runner.php:82
- CORE\src\Routing\Middleware\AssetMiddleware.php:69
- CORE\src\Http\Runner.php:82
- CORE\src\Error\Middleware\ErrorHandlerMiddleware.php:115
- CORE\src\Http\Runner.php:82
- CORE\src\Http\Runner.php:60
- CORE\src\Http\Server.php:104
- ROOT\webroot\index.php:37
- [main]:

Request URL: /users/add
Referer URL: http://127.0.0.1/chestcounter/users/add
Client IP: 127.0.0.1
2025-05-18 23:48:13 error: [Error] Class "Cake\Utility\DefaultPasswordHasher" not found in C:\Apache24\htdocs\chestcounter\src\Model\Entity\User.php on line 52
Stack Trace:
- CORE\src\Datasource\EntityTrait.php:290
- CORE\src\ORM\Marshaller.php:622
- CORE\src\ORM\Table.php:3038
- APP/Controller\UsersController.php:58
- CORE\src\Controller\Controller.php:505
- CORE\src\Controller\ControllerFactory.php:166
- CORE\src\Controller\ControllerFactory.php:141
- CORE\src\Http\BaseApplication.php:362
- CORE\src\Http\Runner.php:86
- CORE\src\Http\Middleware\CsrfProtectionMiddleware.php:169
- CORE\src\Http\Runner.php:82
- CORE\src\Http\Middleware\BodyParserMiddleware.php:162
- CORE\src\Http\Runner.php:82
- ROOT\vendor\cakephp\authentication\src\Middleware\AuthenticationMiddleware.php:107
- CORE\src\Http\Runner.php:82
- CORE\src\Routing\Middleware\RoutingMiddleware.php:118
- CORE\src\Http\Runner.php:82
- CORE\src\Routing\Middleware\AssetMiddleware.php:69
- CORE\src\Http\Runner.php:82
- CORE\src\Error\Middleware\ErrorHandlerMiddleware.php:115
- CORE\src\Http\Runner.php:82
- CORE\src\Http\Runner.php:60
- CORE\src\Http\Server.php:104
- ROOT\webroot\index.php:37
- [main]:

Request URL: /users/add
Referer URL: http://127.0.0.1/chestcounter/users/add
Client IP: 127.0.0.1
2025-05-19 00:27:55 error: [Cake\Core\Exception\CakeException] Plugin named `Authentication` is already loaded in C:\Apache24\htdocs\chestcounter\vendor\cakephp\cakephp\src\Core\PluginCollection.php on line 175
Stack Trace:
- CORE\src\Http\BaseApplication.php:146
- APP/Application.php:58
- CORE\src\Http\Server.php:123
- CORE\src\Http\Server.php:85
- ROOT\webroot\index.php:37
- [main]:

2025-05-24 02:01:45 error: [Cake\Http\Exception\MissingControllerException] Controller class `Adminlte` could not be found. in C:\Apache24\htdocs\chestcounter\vendor\cakephp\cakephp\src\Controller\ControllerFactory.php on line 335
Exception Attributes: array (
  'controller' => 'Adminlte',
  'plugin' => NULL,
  'prefix' => NULL,
  '_ext' => NULL,
)
Stack Trace:
- CORE\src\Controller\ControllerFactory.php:77
- CORE\src\Http\BaseApplication.php:360
- CORE\src\Http\Runner.php:86
- CORE\src\Http\Middleware\CsrfProtectionMiddleware.php:169
- CORE\src\Http\Runner.php:82
- ROOT\vendor\cakephp\authentication\src\Middleware\AuthenticationMiddleware.php:106
- CORE\src\Http\Runner.php:82
- CORE\src\Http\Middleware\BodyParserMiddleware.php:157
- CORE\src\Http\Runner.php:82
- CORE\src\Routing\Middleware\RoutingMiddleware.php:118
- CORE\src\Http\Runner.php:82
- CORE\src\Routing\Middleware\AssetMiddleware.php:78
- CORE\src\Http\Runner.php:82
- CORE\src\Error\Middleware\ErrorHandlerMiddleware.php:115
- CORE\src\Http\Runner.php:82
- CORE\src\Http\Runner.php:60
- CORE\src\Http\Server.php:104
- ROOT\webroot\index.php:37
- [main]:

Request URL: /adminlte/dist/css/adminlte.min.css
Referer URL: http://127.0.0.1/chestcounter/collected-chests/score?cycle=0
Client IP: 127.0.0.1
2025-05-24 02:01:45 error: [Cake\Http\Exception\MissingControllerException] Controller class `Adminlte` could not be found. in C:\Apache24\htdocs\chestcounter\vendor\cakephp\cakephp\src\Controller\ControllerFactory.php on line 335
Exception Attributes: array (
  'controller' => 'Adminlte',
  'plugin' => NULL,
  'prefix' => NULL,
  '_ext' => NULL,
)
Stack Trace:
- CORE\src\Controller\ControllerFactory.php:77
- CORE\src\Http\BaseApplication.php:360
- CORE\src\Http\Runner.php:86
- CORE\src\Http\Middleware\CsrfProtectionMiddleware.php:169
- CORE\src\Http\Runner.php:82
- ROOT\vendor\cakephp\authentication\src\Middleware\AuthenticationMiddleware.php:106
- CORE\src\Http\Runner.php:82
- CORE\src\Http\Middleware\BodyParserMiddleware.php:157
- CORE\src\Http\Runner.php:82
- CORE\src\Routing\Middleware\RoutingMiddleware.php:118
- CORE\src\Http\Runner.php:82
- CORE\src\Routing\Middleware\AssetMiddleware.php:78
- CORE\src\Http\Runner.php:82
- CORE\src\Error\Middleware\ErrorHandlerMiddleware.php:115
- CORE\src\Http\Runner.php:82
- CORE\src\Http\Runner.php:60
- CORE\src\Http\Server.php:104
- ROOT\webroot\index.php:37
- [main]:

Request URL: /adminlte/plugins/fontawesome-free/css/all.min.css
Referer URL: http://127.0.0.1/chestcounter/collected-chests/score?cycle=0
Client IP: 127.0.0.1
2025-05-24 02:01:45 error: [Cake\Http\Exception\MissingControllerException] Controller class `Adminlte` could not be found. in C:\Apache24\htdocs\chestcounter\vendor\cakephp\cakephp\src\Controller\ControllerFactory.php on line 335
Exception Attributes: array (
  'controller' => 'Adminlte',
  'plugin' => NULL,
  'prefix' => NULL,
  '_ext' => NULL,
)
Stack Trace:
- CORE\src\Controller\ControllerFactory.php:77
- CORE\src\Http\BaseApplication.php:360
- CORE\src\Http\Runner.php:86
- CORE\src\Http\Middleware\CsrfProtectionMiddleware.php:169
- CORE\src\Http\Runner.php:82
- ROOT\vendor\cakephp\authentication\src\Middleware\AuthenticationMiddleware.php:106
- CORE\src\Http\Runner.php:82
- CORE\src\Http\Middleware\BodyParserMiddleware.php:157
- CORE\src\Http\Runner.php:82
- CORE\src\Routing\Middleware\RoutingMiddleware.php:118
- CORE\src\Http\Runner.php:82
- CORE\src\Routing\Middleware\AssetMiddleware.php:78
- CORE\src\Http\Runner.php:82
- CORE\src\Error\Middleware\ErrorHandlerMiddleware.php:115
- CORE\src\Http\Runner.php:82
- CORE\src\Http\Runner.php:60
- CORE\src\Http\Server.php:104
- ROOT\webroot\index.php:37
- [main]:

Request URL: /adminlte/dist/img/user1-128x128.jpg
Referer URL: http://127.0.0.1/chestcounter/collected-chests/score?cycle=0
Client IP: 127.0.0.1
2025-05-24 02:01:45 error: [Cake\Http\Exception\MissingControllerException] Controller class `Adminlte` could not be found. in C:\Apache24\htdocs\chestcounter\vendor\cakephp\cakephp\src\Controller\ControllerFactory.php on line 335
Exception Attributes: array (
  'controller' => 'Adminlte',
  'plugin' => NULL,
  'prefix' => NULL,
  '_ext' => NULL,
)
Stack Trace:
- CORE\src\Controller\ControllerFactory.php:77
- CORE\src\Http\BaseApplication.php:360
- CORE\src\Http\Runner.php:86
- CORE\src\Http\Middleware\CsrfProtectionMiddleware.php:169
- CORE\src\Http\Runner.php:82
- ROOT\vendor\cakephp\authentication\src\Middleware\AuthenticationMiddleware.php:106
- CORE\src\Http\Runner.php:82
- CORE\src\Http\Middleware\BodyParserMiddleware.php:157
- CORE\src\Http\Runner.php:82
- CORE\src\Routing\Middleware\RoutingMiddleware.php:118
- CORE\src\Http\Runner.php:82
- CORE\src\Routing\Middleware\AssetMiddleware.php:78
- CORE\src\Http\Runner.php:82
- CORE\src\Error\Middleware\ErrorHandlerMiddleware.php:115
- CORE\src\Http\Runner.php:82
- CORE\src\Http\Runner.php:60
- CORE\src\Http\Server.php:104
- ROOT\webroot\index.php:37
- [main]:

Request URL: /adminlte/plugins/jquery/jquery.min.js
Referer URL: http://127.0.0.1/chestcounter/collected-chests/score?cycle=0
Client IP: 127.0.0.1
2025-05-24 02:01:45 error: [Cake\Http\Exception\MissingControllerException] Controller class `Adminlte` could not be found. in C:\Apache24\htdocs\chestcounter\vendor\cakephp\cakephp\src\Controller\ControllerFactory.php on line 335
Exception Attributes: array (
  'controller' => 'Adminlte',
  'plugin' => NULL,
  'prefix' => NULL,
  '_ext' => NULL,
)
Stack Trace:
- CORE\src\Controller\ControllerFactory.php:77
- CORE\src\Http\BaseApplication.php:360
- CORE\src\Http\Runner.php:86
- CORE\src\Http\Middleware\CsrfProtectionMiddleware.php:169
- CORE\src\Http\Runner.php:82
- ROOT\vendor\cakephp\authentication\src\Middleware\AuthenticationMiddleware.php:106
- CORE\src\Http\Runner.php:82
- CORE\src\Http\Middleware\BodyParserMiddleware.php:157
- CORE\src\Http\Runner.php:82
- CORE\src\Routing\Middleware\RoutingMiddleware.php:118
- CORE\src\Http\Runner.php:82
- CORE\src\Routing\Middleware\AssetMiddleware.php:78
- CORE\src\Http\Runner.php:82
- CORE\src\Error\Middleware\ErrorHandlerMiddleware.php:115
- CORE\src\Http\Runner.php:82
- CORE\src\Http\Runner.php:60
- CORE\src\Http\Server.php:104
- ROOT\webroot\index.php:37
- [main]:

Request URL: /adminlte/dist/img/user8-128x128.jpg
Referer URL: http://127.0.0.1/chestcounter/collected-chests/score?cycle=0
Client IP: 127.0.0.1
2025-05-24 02:01:46 error: [Cake\Http\Exception\MissingControllerException] Controller class `Adminlte` could not be found. in C:\Apache24\htdocs\chestcounter\vendor\cakephp\cakephp\src\Controller\ControllerFactory.php on line 335
Exception Attributes: array (
  'controller' => 'Adminlte',
  'plugin' => NULL,
  'prefix' => NULL,
  '_ext' => NULL,
)
Stack Trace:
- CORE\src\Controller\ControllerFactory.php:77
- CORE\src\Http\BaseApplication.php:360
- CORE\src\Http\Runner.php:86
- CORE\src\Http\Middleware\CsrfProtectionMiddleware.php:169
- CORE\src\Http\Runner.php:82
- ROOT\vendor\cakephp\authentication\src\Middleware\AuthenticationMiddleware.php:106
- CORE\src\Http\Runner.php:82
- CORE\src\Http\Middleware\BodyParserMiddleware.php:157
- CORE\src\Http\Runner.php:82
- CORE\src\Routing\Middleware\RoutingMiddleware.php:118
- CORE\src\Http\Runner.php:82
- CORE\src\Routing\Middleware\AssetMiddleware.php:78
- CORE\src\Http\Runner.php:82
- CORE\src\Error\Middleware\ErrorHandlerMiddleware.php:115
- CORE\src\Http\Runner.php:82
- CORE\src\Http\Runner.php:60
- CORE\src\Http\Server.php:104
- ROOT\webroot\index.php:37
- [main]:

Request URL: /adminlte/dist/img/user3-128x128.jpg
Referer URL: http://127.0.0.1/chestcounter/collected-chests/score?cycle=0
Client IP: 127.0.0.1
2025-05-24 02:01:46 error: [Cake\Http\Exception\MissingControllerException] Controller class `Adminlte` could not be found. in C:\Apache24\htdocs\chestcounter\vendor\cakephp\cakephp\src\Controller\ControllerFactory.php on line 335
Exception Attributes: array (
  'controller' => 'Adminlte',
  'plugin' => NULL,
  'prefix' => NULL,
  '_ext' => NULL,
)
Stack Trace:
- CORE\src\Controller\ControllerFactory.php:77
- CORE\src\Http\BaseApplication.php:360
- CORE\src\Http\Runner.php:86
- CORE\src\Http\Middleware\CsrfProtectionMiddleware.php:169
- CORE\src\Http\Runner.php:82
- ROOT\vendor\cakephp\authentication\src\Middleware\AuthenticationMiddleware.php:106
- CORE\src\Http\Runner.php:82
- CORE\src\Http\Middleware\BodyParserMiddleware.php:157
- CORE\src\Http\Runner.php:82
- CORE\src\Routing\Middleware\RoutingMiddleware.php:118
- CORE\src\Http\Runner.php:82
- CORE\src\Routing\Middleware\AssetMiddleware.php:78
- CORE\src\Http\Runner.php:82
- CORE\src\Error\Middleware\ErrorHandlerMiddleware.php:115
- CORE\src\Http\Runner.php:82
- CORE\src\Http\Runner.php:60
- CORE\src\Http\Server.php:104
- ROOT\webroot\index.php:37
- [main]:

Request URL: /adminlte/plugins/bootstrap/js/bootstrap.bundle.min.js
Referer URL: http://127.0.0.1/chestcounter/collected-chests/score?cycle=0
Client IP: 127.0.0.1
2025-05-24 02:01:46 error: [Cake\Http\Exception\MissingControllerException] Controller class `Adminlte` could not be found. in C:\Apache24\htdocs\chestcounter\vendor\cakephp\cakephp\src\Controller\ControllerFactory.php on line 335
Exception Attributes: array (
  'controller' => 'Adminlte',
  'plugin' => NULL,
  'prefix' => NULL,
  '_ext' => NULL,
)
Stack Trace:
- CORE\src\Controller\ControllerFactory.php:77
- CORE\src\Http\BaseApplication.php:360
- CORE\src\Http\Runner.php:86
- CORE\src\Http\Middleware\CsrfProtectionMiddleware.php:169
- CORE\src\Http\Runner.php:82
- ROOT\vendor\cakephp\authentication\src\Middleware\AuthenticationMiddleware.php:106
- CORE\src\Http\Runner.php:82
- CORE\src\Http\Middleware\BodyParserMiddleware.php:157
- CORE\src\Http\Runner.php:82
- CORE\src\Routing\Middleware\RoutingMiddleware.php:118
- CORE\src\Http\Runner.php:82
- CORE\src\Routing\Middleware\AssetMiddleware.php:78
- CORE\src\Http\Runner.php:82
- CORE\src\Error\Middleware\ErrorHandlerMiddleware.php:115
- CORE\src\Http\Runner.php:82
- CORE\src\Http\Runner.php:60
- CORE\src\Http\Server.php:104
- ROOT\webroot\index.php:37
- [main]:

Request URL: /adminlte/dist/js/adminlte.min.js
Referer URL: http://127.0.0.1/chestcounter/collected-chests/score?cycle=0
Client IP: 127.0.0.1
2025-05-24 02:01:58 error: [Cake\Http\Exception\MissingControllerException] Controller class `Adminlte` could not be found. in C:\Apache24\htdocs\chestcounter\vendor\cakephp\cakephp\src\Controller\ControllerFactory.php on line 335
Exception Attributes: array (
  'controller' => 'Adminlte',
  'plugin' => NULL,
  'prefix' => NULL,
  '_ext' => NULL,
)
Stack Trace:
- CORE\src\Controller\ControllerFactory.php:77
- CORE\src\Http\BaseApplication.php:360
- CORE\src\Http\Runner.php:86
- CORE\src\Http\Middleware\CsrfProtectionMiddleware.php:169
- CORE\src\Http\Runner.php:82
- ROOT\vendor\cakephp\authentication\src\Middleware\AuthenticationMiddleware.php:106
- CORE\src\Http\Runner.php:82
- CORE\src\Http\Middleware\BodyParserMiddleware.php:157
- CORE\src\Http\Runner.php:82
- CORE\src\Routing\Middleware\RoutingMiddleware.php:118
- CORE\src\Http\Runner.php:82
- CORE\src\Routing\Middleware\AssetMiddleware.php:78
- CORE\src\Http\Runner.php:82
- CORE\src\Error\Middleware\ErrorHandlerMiddleware.php:115
- CORE\src\Http\Runner.php:82
- CORE\src\Http\Runner.php:60
- CORE\src\Http\Server.php:104
- ROOT\webroot\index.php:37
- [main]:

Request URL: /adminlte/plugins/fontawesome-free/css/all.min.css
Referer URL: http://127.0.0.1/chestcounter/collected-chests/score?cycle=0
Client IP: 127.0.0.1
2025-05-24 02:01:59 error: [Cake\Http\Exception\MissingControllerException] Controller class `Adminlte` could not be found. in C:\Apache24\htdocs\chestcounter\vendor\cakephp\cakephp\src\Controller\ControllerFactory.php on line 335
Exception Attributes: array (
  'controller' => 'Adminlte',
  'plugin' => NULL,
  'prefix' => NULL,
  '_ext' => NULL,
)
Stack Trace:
- CORE\src\Controller\ControllerFactory.php:77
- CORE\src\Http\BaseApplication.php:360
- CORE\src\Http\Runner.php:86
- CORE\src\Http\Middleware\CsrfProtectionMiddleware.php:169
- CORE\src\Http\Runner.php:82
- ROOT\vendor\cakephp\authentication\src\Middleware\AuthenticationMiddleware.php:106
- CORE\src\Http\Runner.php:82
- CORE\src\Http\Middleware\BodyParserMiddleware.php:157
- CORE\src\Http\Runner.php:82
- CORE\src\Routing\Middleware\RoutingMiddleware.php:118
- CORE\src\Http\Runner.php:82
- CORE\src\Routing\Middleware\AssetMiddleware.php:78
- CORE\src\Http\Runner.php:82
- CORE\src\Error\Middleware\ErrorHandlerMiddleware.php:115
- CORE\src\Http\Runner.php:82
- CORE\src\Http\Runner.php:60
- CORE\src\Http\Server.php:104
- ROOT\webroot\index.php:37
- [main]:

Request URL: /adminlte/dist/css/adminlte.min.css
Referer URL: http://127.0.0.1/chestcounter/collected-chests/score?cycle=0
Client IP: 127.0.0.1
2025-05-24 02:02:02 error: [Cake\Http\Exception\MissingControllerException] Controller class `Adminlte` could not be found. in C:\Apache24\htdocs\chestcounter\vendor\cakephp\cakephp\src\Controller\ControllerFactory.php on line 335
Exception Attributes: array (
  'controller' => 'Adminlte',
  'plugin' => NULL,
  'prefix' => NULL,
  '_ext' => NULL,
)
Stack Trace:
- CORE\src\Controller\ControllerFactory.php:77
- CORE\src\Http\BaseApplication.php:360
- CORE\src\Http\Runner.php:86
- CORE\src\Http\Middleware\CsrfProtectionMiddleware.php:169
- CORE\src\Http\Runner.php:82
- ROOT\vendor\cakephp\authentication\src\Middleware\AuthenticationMiddleware.php:106
- CORE\src\Http\Runner.php:82
- CORE\src\Http\Middleware\BodyParserMiddleware.php:157
- CORE\src\Http\Runner.php:82
- CORE\src\Routing\Middleware\RoutingMiddleware.php:118
- CORE\src\Http\Runner.php:82
- CORE\src\Routing\Middleware\AssetMiddleware.php:78
- CORE\src\Http\Runner.php:82
- CORE\src\Error\Middleware\ErrorHandlerMiddleware.php:115
- CORE\src\Http\Runner.php:82
- CORE\src\Http\Runner.php:60
- CORE\src\Http\Server.php:104
- ROOT\webroot\index.php:37
- [main]:

Request URL: /adminlte/dist/css/adminlte.min.css
Referer URL: http://127.0.0.1/chestcounter/collected-chests/score?cycle=0
Client IP: 127.0.0.1
2025-05-24 02:02:02 error: [Cake\Http\Exception\MissingControllerException] Controller class `Adminlte` could not be found. in C:\Apache24\htdocs\chestcounter\vendor\cakephp\cakephp\src\Controller\ControllerFactory.php on line 335
Exception Attributes: array (
  'controller' => 'Adminlte',
  'plugin' => NULL,
  'prefix' => NULL,
  '_ext' => NULL,
)
Stack Trace:
- CORE\src\Controller\ControllerFactory.php:77
- CORE\src\Http\BaseApplication.php:360
- CORE\src\Http\Runner.php:86
- CORE\src\Http\Middleware\CsrfProtectionMiddleware.php:169
- CORE\src\Http\Runner.php:82
- ROOT\vendor\cakephp\authentication\src\Middleware\AuthenticationMiddleware.php:106
- CORE\src\Http\Runner.php:82
- CORE\src\Http\Middleware\BodyParserMiddleware.php:157
- CORE\src\Http\Runner.php:82
- CORE\src\Routing\Middleware\RoutingMiddleware.php:118
- CORE\src\Http\Runner.php:82
- CORE\src\Routing\Middleware\AssetMiddleware.php:78
- CORE\src\Http\Runner.php:82
- CORE\src\Error\Middleware\ErrorHandlerMiddleware.php:115
- CORE\src\Http\Runner.php:82
- CORE\src\Http\Runner.php:60
- CORE\src\Http\Server.php:104
- ROOT\webroot\index.php:37
- [main]:

Request URL: /adminlte/dist/img/user3-128x128.jpg
Referer URL: http://127.0.0.1/chestcounter/collected-chests/score?cycle=0
Client IP: 127.0.0.1
2025-05-24 02:02:02 error: [Cake\Http\Exception\MissingControllerException] Controller class `Adminlte` could not be found. in C:\Apache24\htdocs\chestcounter\vendor\cakephp\cakephp\src\Controller\ControllerFactory.php on line 335
Exception Attributes: array (
  'controller' => 'Adminlte',
  'plugin' => NULL,
  'prefix' => NULL,
  '_ext' => NULL,
)
Stack Trace:
- CORE\src\Controller\ControllerFactory.php:77
- CORE\src\Http\BaseApplication.php:360
- CORE\src\Http\Runner.php:86
- CORE\src\Http\Middleware\CsrfProtectionMiddleware.php:169
- CORE\src\Http\Runner.php:82
- ROOT\vendor\cakephp\authentication\src\Middleware\AuthenticationMiddleware.php:106
- CORE\src\Http\Runner.php:82
- CORE\src\Http\Middleware\BodyParserMiddleware.php:157
- CORE\src\Http\Runner.php:82
- CORE\src\Routing\Middleware\RoutingMiddleware.php:118
- CORE\src\Http\Runner.php:82
- CORE\src\Routing\Middleware\AssetMiddleware.php:78
- CORE\src\Http\Runner.php:82
- CORE\src\Error\Middleware\ErrorHandlerMiddleware.php:115
- CORE\src\Http\Runner.php:82
- CORE\src\Http\Runner.php:60
- CORE\src\Http\Server.php:104
- ROOT\webroot\index.php:37
- [main]:

Request URL: /adminlte/dist/img/user1-128x128.jpg
Referer URL: http://127.0.0.1/chestcounter/collected-chests/score?cycle=0
Client IP: 127.0.0.1
2025-05-24 02:02:02 error: [Cake\Http\Exception\MissingControllerException] Controller class `Adminlte` could not be found. in C:\Apache24\htdocs\chestcounter\vendor\cakephp\cakephp\src\Controller\ControllerFactory.php on line 335
Exception Attributes: array (
  'controller' => 'Adminlte',
  'plugin' => NULL,
  'prefix' => NULL,
  '_ext' => NULL,
)
Stack Trace:
- CORE\src\Controller\ControllerFactory.php:77
- CORE\src\Http\BaseApplication.php:360
- CORE\src\Http\Runner.php:86
- CORE\src\Http\Middleware\CsrfProtectionMiddleware.php:169
- CORE\src\Http\Runner.php:82
- ROOT\vendor\cakephp\authentication\src\Middleware\AuthenticationMiddleware.php:106
- CORE\src\Http\Runner.php:82
- CORE\src\Http\Middleware\BodyParserMiddleware.php:157
- CORE\src\Http\Runner.php:82
- CORE\src\Routing\Middleware\RoutingMiddleware.php:118
- CORE\src\Http\Runner.php:82
- CORE\src\Routing\Middleware\AssetMiddleware.php:78
- CORE\src\Http\Runner.php:82
- CORE\src\Error\Middleware\ErrorHandlerMiddleware.php:115
- CORE\src\Http\Runner.php:82
- CORE\src\Http\Runner.php:60
- CORE\src\Http\Server.php:104
- ROOT\webroot\index.php:37
- [main]:

Request URL: /adminlte/plugins/fontawesome-free/css/all.min.css
Referer URL: http://127.0.0.1/chestcounter/collected-chests/score?cycle=0
Client IP: 127.0.0.1
2025-05-24 02:02:02 error: [Cake\Http\Exception\MissingControllerException] Controller class `Adminlte` could not be found. in C:\Apache24\htdocs\chestcounter\vendor\cakephp\cakephp\src\Controller\ControllerFactory.php on line 335
Exception Attributes: array (
  'controller' => 'Adminlte',
  'plugin' => NULL,
  'prefix' => NULL,
  '_ext' => NULL,
)
Stack Trace:
- CORE\src\Controller\ControllerFactory.php:77
- CORE\src\Http\BaseApplication.php:360
- CORE\src\Http\Runner.php:86
- CORE\src\Http\Middleware\CsrfProtectionMiddleware.php:169
- CORE\src\Http\Runner.php:82
- ROOT\vendor\cakephp\authentication\src\Middleware\AuthenticationMiddleware.php:106
- CORE\src\Http\Runner.php:82
- CORE\src\Http\Middleware\BodyParserMiddleware.php:157
- CORE\src\Http\Runner.php:82
- CORE\src\Routing\Middleware\RoutingMiddleware.php:118
- CORE\src\Http\Runner.php:82
- CORE\src\Routing\Middleware\AssetMiddleware.php:78
- CORE\src\Http\Runner.php:82
- CORE\src\Error\Middleware\ErrorHandlerMiddleware.php:115
- CORE\src\Http\Runner.php:82
- CORE\src\Http\Runner.php:60
- CORE\src\Http\Server.php:104
- ROOT\webroot\index.php:37
- [main]:

Request URL: /adminlte/dist/img/user8-128x128.jpg
Referer URL: http://127.0.0.1/chestcounter/collected-chests/score?cycle=0
Client IP: 127.0.0.1
2025-05-24 02:02:03 error: [Cake\Http\Exception\MissingControllerException] Controller class `Adminlte` could not be found. in C:\Apache24\htdocs\chestcounter\vendor\cakephp\cakephp\src\Controller\ControllerFactory.php on line 335
Exception Attributes: array (
  'controller' => 'Adminlte',
  'plugin' => NULL,
  'prefix' => NULL,
  '_ext' => NULL,
)
Stack Trace:
- CORE\src\Controller\ControllerFactory.php:77
- CORE\src\Http\BaseApplication.php:360
- CORE\src\Http\Runner.php:86
- CORE\src\Http\Middleware\CsrfProtectionMiddleware.php:169
- CORE\src\Http\Runner.php:82
- ROOT\vendor\cakephp\authentication\src\Middleware\AuthenticationMiddleware.php:106
- CORE\src\Http\Runner.php:82
- CORE\src\Http\Middleware\BodyParserMiddleware.php:157
- CORE\src\Http\Runner.php:82
- CORE\src\Routing\Middleware\RoutingMiddleware.php:118
- CORE\src\Http\Runner.php:82
- CORE\src\Routing\Middleware\AssetMiddleware.php:78
- CORE\src\Http\Runner.php:82
- CORE\src\Error\Middleware\ErrorHandlerMiddleware.php:115
- CORE\src\Http\Runner.php:82
- CORE\src\Http\Runner.php:60
- CORE\src\Http\Server.php:104
- ROOT\webroot\index.php:37
- [main]:

Request URL: /adminlte/plugins/jquery/jquery.min.js
Referer URL: http://127.0.0.1/chestcounter/collected-chests/score?cycle=0
Client IP: 127.0.0.1
2025-05-24 02:02:03 error: [Cake\Http\Exception\MissingControllerException] Controller class `Adminlte` could not be found. in C:\Apache24\htdocs\chestcounter\vendor\cakephp\cakephp\src\Controller\ControllerFactory.php on line 335
Exception Attributes: array (
  'controller' => 'Adminlte',
  'plugin' => NULL,
  'prefix' => NULL,
  '_ext' => NULL,
)
Stack Trace:
- CORE\src\Controller\ControllerFactory.php:77
- CORE\src\Http\BaseApplication.php:360
- CORE\src\Http\Runner.php:86
- CORE\src\Http\Middleware\CsrfProtectionMiddleware.php:169
- CORE\src\Http\Runner.php:82
- ROOT\vendor\cakephp\authentication\src\Middleware\AuthenticationMiddleware.php:106
- CORE\src\Http\Runner.php:82
- CORE\src\Http\Middleware\BodyParserMiddleware.php:157
- CORE\src\Http\Runner.php:82
- CORE\src\Routing\Middleware\RoutingMiddleware.php:118
- CORE\src\Http\Runner.php:82
- CORE\src\Routing\Middleware\AssetMiddleware.php:78
- CORE\src\Http\Runner.php:82
- CORE\src\Error\Middleware\ErrorHandlerMiddleware.php:115
- CORE\src\Http\Runner.php:82
- CORE\src\Http\Runner.php:60
- CORE\src\Http\Server.php:104
- ROOT\webroot\index.php:37
- [main]:

Request URL: /adminlte/plugins/bootstrap/js/bootstrap.bundle.min.js
Referer URL: http://127.0.0.1/chestcounter/collected-chests/score?cycle=0
Client IP: 127.0.0.1
2025-05-24 02:02:03 error: [Cake\Http\Exception\MissingControllerException] Controller class `Adminlte` could not be found. in C:\Apache24\htdocs\chestcounter\vendor\cakephp\cakephp\src\Controller\ControllerFactory.php on line 335
Exception Attributes: array (
  'controller' => 'Adminlte',
  'plugin' => NULL,
  'prefix' => NULL,
  '_ext' => NULL,
)
Stack Trace:
- CORE\src\Controller\ControllerFactory.php:77
- CORE\src\Http\BaseApplication.php:360
- CORE\src\Http\Runner.php:86
- CORE\src\Http\Middleware\CsrfProtectionMiddleware.php:169
- CORE\src\Http\Runner.php:82
- ROOT\vendor\cakephp\authentication\src\Middleware\AuthenticationMiddleware.php:106
- CORE\src\Http\Runner.php:82
- CORE\src\Http\Middleware\BodyParserMiddleware.php:157
- CORE\src\Http\Runner.php:82
- CORE\src\Routing\Middleware\RoutingMiddleware.php:118
- CORE\src\Http\Runner.php:82
- CORE\src\Routing\Middleware\AssetMiddleware.php:78
- CORE\src\Http\Runner.php:82
- CORE\src\Error\Middleware\ErrorHandlerMiddleware.php:115
- CORE\src\Http\Runner.php:82
- CORE\src\Http\Runner.php:60
- CORE\src\Http\Server.php:104
- ROOT\webroot\index.php:37
- [main]:

Request URL: /adminlte/dist/js/adminlte.min.js
Referer URL: http://127.0.0.1/chestcounter/collected-chests/score?cycle=0
Client IP: 127.0.0.1
2025-05-24 02:22:08 error: [Error] Class "Header" not found in C:\Apache24\htdocs\chestcounter\config\cakelte.php on line 14
Stack Trace:
- CORE\src\Core\Configure\Engine\PhpConfig.php:84
- CORE\src\Core\Configure.php:339
- ROOT\vendor\arodu\cakelte\src\View\Helper\CakeLteHelper.php:37
- CORE\src\View\Helper.php:90
- CORE\src\View\HelperRegistry.php:157
- CORE\src\Core\ObjectRegistry.php:115
- CORE\src\View\View.php:1240
- ROOT\vendor\arodu\cakelte\src\View\CakeLteTrait.php:25
- ROOT\vendor\arodu\cakelte\src\View\CakeLteView.php:21
- CORE\src\View\View.php:367
- CORE\src\View\ViewBuilder.php:595
- CORE\src\View\ViewVarsTrait.php:66
- CORE\src\Controller\Controller.php:710
- CORE\src\Controller\Controller.php:516
- CORE\src\Controller\ControllerFactory.php:166
- CORE\src\Controller\ControllerFactory.php:141
- CORE\src\Http\BaseApplication.php:362
- CORE\src\Http\Runner.php:86
- CORE\src\Http\Middleware\CsrfProtectionMiddleware.php:169
- CORE\src\Http\Runner.php:82
- ROOT\vendor\cakephp\authentication\src\Middleware\AuthenticationMiddleware.php:106
- CORE\src\Http\Runner.php:82
- CORE\src\Http\Middleware\BodyParserMiddleware.php:157
- CORE\src\Http\Runner.php:82
- CORE\src\Routing\Middleware\RoutingMiddleware.php:118
- CORE\src\Http\Runner.php:82
- CORE\src\Routing\Middleware\AssetMiddleware.php:69
- CORE\src\Http\Runner.php:82
- CORE\src\Error\Middleware\ErrorHandlerMiddleware.php:115
- CORE\src\Http\Runner.php:82
- CORE\src\Http\Runner.php:60
- CORE\src\Http\Server.php:104
- ROOT\webroot\index.php:37
- [main]:

Request URL: /collected-chests/score
Client IP: 127.0.0.1
2025-05-24 02:22:45 error: [Error] Class "Header" not found in C:\Apache24\htdocs\chestcounter\config\cakelte.php on line 14
Stack Trace:
- CORE\src\Core\Configure\Engine\PhpConfig.php:84
- CORE\src\Core\Configure.php:339
- ROOT\vendor\arodu\cakelte\src\View\Helper\CakeLteHelper.php:37
- CORE\src\View\Helper.php:90
- CORE\src\View\HelperRegistry.php:157
- CORE\src\Core\ObjectRegistry.php:115
- CORE\src\View\View.php:1240
- ROOT\vendor\arodu\cakelte\src\View\CakeLteTrait.php:25
- ROOT\vendor\arodu\cakelte\src\View\CakeLteView.php:21
- CORE\src\View\View.php:367
- CORE\src\View\ViewBuilder.php:595
- CORE\src\View\ViewVarsTrait.php:66
- CORE\src\Controller\Controller.php:710
- CORE\src\Controller\Controller.php:516
- CORE\src\Controller\ControllerFactory.php:166
- CORE\src\Controller\ControllerFactory.php:141
- CORE\src\Http\BaseApplication.php:362
- CORE\src\Http\Runner.php:86
- CORE\src\Http\Middleware\CsrfProtectionMiddleware.php:169
- CORE\src\Http\Runner.php:82
- ROOT\vendor\cakephp\authentication\src\Middleware\AuthenticationMiddleware.php:106
- CORE\src\Http\Runner.php:82
- CORE\src\Http\Middleware\BodyParserMiddleware.php:157
- CORE\src\Http\Runner.php:82
- CORE\src\Routing\Middleware\RoutingMiddleware.php:118
- CORE\src\Http\Runner.php:82
- CORE\src\Routing\Middleware\AssetMiddleware.php:69
- CORE\src\Http\Runner.php:82
- CORE\src\Error\Middleware\ErrorHandlerMiddleware.php:115
- CORE\src\Http\Runner.php:82
- CORE\src\Http\Runner.php:60
- CORE\src\Http\Server.php:104
- ROOT\webroot\index.php:37
- [main]:

Request URL: /collected-chests/score
Client IP: 127.0.0.1
2025-05-24 02:22:54 error: [Error] Class "Header" not found in C:\Apache24\htdocs\chestcounter\config\cakelte.php on line 14
Stack Trace:
- CORE\src\Core\Configure\Engine\PhpConfig.php:84
- CORE\src\Core\Configure.php:339
- ROOT\vendor\arodu\cakelte\src\View\Helper\CakeLteHelper.php:37
- CORE\src\View\Helper.php:90
- CORE\src\View\HelperRegistry.php:157
- CORE\src\Core\ObjectRegistry.php:115
- CORE\src\View\View.php:1240
- ROOT\vendor\arodu\cakelte\src\View\CakeLteTrait.php:25
- ROOT\vendor\arodu\cakelte\src\View\CakeLteView.php:21
- CORE\src\View\View.php:367
- CORE\src\View\ViewBuilder.php:595
- CORE\src\View\ViewVarsTrait.php:66
- CORE\src\Controller\Controller.php:710
- CORE\src\Controller\Controller.php:516
- CORE\src\Controller\ControllerFactory.php:166
- CORE\src\Controller\ControllerFactory.php:141
- CORE\src\Http\BaseApplication.php:362
- CORE\src\Http\Runner.php:86
- CORE\src\Http\Middleware\CsrfProtectionMiddleware.php:169
- CORE\src\Http\Runner.php:82
- ROOT\vendor\cakephp\authentication\src\Middleware\AuthenticationMiddleware.php:106
- CORE\src\Http\Runner.php:82
- CORE\src\Http\Middleware\BodyParserMiddleware.php:157
- CORE\src\Http\Runner.php:82
- CORE\src\Routing\Middleware\RoutingMiddleware.php:118
- CORE\src\Http\Runner.php:82
- CORE\src\Routing\Middleware\AssetMiddleware.php:69
- CORE\src\Http\Runner.php:82
- CORE\src\Error\Middleware\ErrorHandlerMiddleware.php:115
- CORE\src\Http\Runner.php:82
- CORE\src\Http\Runner.php:60
- CORE\src\Http\Server.php:104
- ROOT\webroot\index.php:37
- [main]:

Request URL: /collected-chests/score
Client IP: 127.0.0.1
2025-05-24 02:22:57 error: [Error] Class "Header" not found in C:\Apache24\htdocs\chestcounter\config\cakelte.php on line 14
Stack Trace:
- CORE\src\Core\Configure\Engine\PhpConfig.php:84
- CORE\src\Core\Configure.php:339
- ROOT\vendor\arodu\cakelte\src\View\Helper\CakeLteHelper.php:37
- CORE\src\View\Helper.php:90
- CORE\src\View\HelperRegistry.php:157
- CORE\src\Core\ObjectRegistry.php:115
- CORE\src\View\View.php:1240
- ROOT\vendor\arodu\cakelte\src\View\CakeLteTrait.php:25
- ROOT\vendor\arodu\cakelte\src\View\CakeLteView.php:21
- CORE\src\View\View.php:367
- CORE\src\View\ViewBuilder.php:595
- CORE\src\View\ViewVarsTrait.php:66
- CORE\src\Controller\Controller.php:710
- CORE\src\Controller\Controller.php:516
- CORE\src\Controller\ControllerFactory.php:166
- CORE\src\Controller\ControllerFactory.php:141
- CORE\src\Http\BaseApplication.php:362
- CORE\src\Http\Runner.php:86
- CORE\src\Http\Middleware\CsrfProtectionMiddleware.php:169
- CORE\src\Http\Runner.php:82
- ROOT\vendor\cakephp\authentication\src\Middleware\AuthenticationMiddleware.php:106
- CORE\src\Http\Runner.php:82
- CORE\src\Http\Middleware\BodyParserMiddleware.php:157
- CORE\src\Http\Runner.php:82
- CORE\src\Routing\Middleware\RoutingMiddleware.php:118
- CORE\src\Http\Runner.php:82
- CORE\src\Routing\Middleware\AssetMiddleware.php:69
- CORE\src\Http\Runner.php:82
- CORE\src\Error\Middleware\ErrorHandlerMiddleware.php:115
- CORE\src\Http\Runner.php:82
- CORE\src\Http\Runner.php:60
- CORE\src\Http\Server.php:104
- ROOT\webroot\index.php:37
- [main]:

Request URL: /collected-chests/score
Client IP: 127.0.0.1
2025-05-24 02:23:23 error: [Error] Class "Header" not found in C:\Apache24\htdocs\chestcounter\config\cakelte.php on line 14
Stack Trace:
- CORE\src\Core\Configure\Engine\PhpConfig.php:84
- CORE\src\Core\Configure.php:339
- ROOT\vendor\arodu\cakelte\src\View\Helper\CakeLteHelper.php:37
- CORE\src\View\Helper.php:90
- CORE\src\View\HelperRegistry.php:157
- CORE\src\Core\ObjectRegistry.php:115
- CORE\src\View\View.php:1240
- ROOT\vendor\arodu\cakelte\src\View\CakeLteTrait.php:25
- ROOT\vendor\arodu\cakelte\src\View\CakeLteView.php:21
- CORE\src\View\View.php:367
- CORE\src\View\ViewBuilder.php:595
- CORE\src\View\ViewVarsTrait.php:66
- CORE\src\Controller\Controller.php:710
- CORE\src\Controller\Controller.php:516
- CORE\src\Controller\ControllerFactory.php:166
- CORE\src\Controller\ControllerFactory.php:141
- CORE\src\Http\BaseApplication.php:362
- CORE\src\Http\Runner.php:86
- CORE\src\Http\Middleware\CsrfProtectionMiddleware.php:169
- CORE\src\Http\Runner.php:82
- ROOT\vendor\cakephp\authentication\src\Middleware\AuthenticationMiddleware.php:106
- CORE\src\Http\Runner.php:82
- CORE\src\Http\Middleware\BodyParserMiddleware.php:157
- CORE\src\Http\Runner.php:82
- CORE\src\Routing\Middleware\RoutingMiddleware.php:118
- CORE\src\Http\Runner.php:82
- CORE\src\Routing\Middleware\AssetMiddleware.php:69
- CORE\src\Http\Runner.php:82
- CORE\src\Error\Middleware\ErrorHandlerMiddleware.php:115
- CORE\src\Http\Runner.php:82
- CORE\src\Http\Runner.php:60
- CORE\src\Http\Server.php:104
- ROOT\webroot\index.php:37
- [main]:

Request URL: /collected-chests/score
Client IP: 127.0.0.1
2025-05-24 02:23:26 error: [Error] Class "Header" not found in C:\Apache24\htdocs\chestcounter\config\cakelte.php on line 14
Stack Trace:
- CORE\src\Core\Configure\Engine\PhpConfig.php:84
- CORE\src\Core\Configure.php:339
- ROOT\vendor\arodu\cakelte\src\View\Helper\CakeLteHelper.php:37
- CORE\src\View\Helper.php:90
- CORE\src\View\HelperRegistry.php:157
- CORE\src\Core\ObjectRegistry.php:115
- CORE\src\View\View.php:1240
- ROOT\vendor\arodu\cakelte\src\View\CakeLteTrait.php:25
- ROOT\vendor\arodu\cakelte\src\View\CakeLteView.php:21
- CORE\src\View\View.php:367
- CORE\src\View\ViewBuilder.php:595
- CORE\src\View\ViewVarsTrait.php:66
- CORE\src\Controller\Controller.php:710
- CORE\src\Controller\Controller.php:516
- CORE\src\Controller\ControllerFactory.php:166
- CORE\src\Controller\ControllerFactory.php:141
- CORE\src\Http\BaseApplication.php:362
- CORE\src\Http\Runner.php:86
- CORE\src\Http\Middleware\CsrfProtectionMiddleware.php:169
- CORE\src\Http\Runner.php:82
- ROOT\vendor\cakephp\authentication\src\Middleware\AuthenticationMiddleware.php:106
- CORE\src\Http\Runner.php:82
- CORE\src\Http\Middleware\BodyParserMiddleware.php:157
- CORE\src\Http\Runner.php:82
- CORE\src\Routing\Middleware\RoutingMiddleware.php:118
- CORE\src\Http\Runner.php:82
- CORE\src\Routing\Middleware\AssetMiddleware.php:69
- CORE\src\Http\Runner.php:82
- CORE\src\Error\Middleware\ErrorHandlerMiddleware.php:115
- CORE\src\Http\Runner.php:82
- CORE\src\Http\Runner.php:60
- CORE\src\Http\Server.php:104
- ROOT\webroot\index.php:37
- [main]:

Request URL: /collected-chests/score
Client IP: 127.0.0.1
2025-05-24 02:23:35 error: [Error] Class "Header" not found in C:\Apache24\htdocs\chestcounter\config\cakelte.php on line 14
Stack Trace:
- CORE\src\Core\Configure\Engine\PhpConfig.php:84
- CORE\src\Core\Configure.php:339
- ROOT\vendor\arodu\cakelte\src\View\Helper\CakeLteHelper.php:37
- CORE\src\View\Helper.php:90
- CORE\src\View\HelperRegistry.php:157
- CORE\src\Core\ObjectRegistry.php:115
- CORE\src\View\View.php:1240
- ROOT\vendor\arodu\cakelte\src\View\CakeLteTrait.php:25
- ROOT\vendor\arodu\cakelte\src\View\CakeLteView.php:21
- CORE\src\View\View.php:367
- CORE\src\View\ViewBuilder.php:595
- CORE\src\View\ViewVarsTrait.php:66
- CORE\src\Controller\Controller.php:710
- CORE\src\Controller\Controller.php:516
- CORE\src\Controller\ControllerFactory.php:166
- CORE\src\Controller\ControllerFactory.php:141
- CORE\src\Http\BaseApplication.php:362
- CORE\src\Http\Runner.php:86
- CORE\src\Http\Middleware\CsrfProtectionMiddleware.php:169
- CORE\src\Http\Runner.php:82
- ROOT\vendor\cakephp\authentication\src\Middleware\AuthenticationMiddleware.php:106
- CORE\src\Http\Runner.php:82
- CORE\src\Http\Middleware\BodyParserMiddleware.php:157
- CORE\src\Http\Runner.php:82
- CORE\src\Routing\Middleware\RoutingMiddleware.php:118
- CORE\src\Http\Runner.php:82
- CORE\src\Routing\Middleware\AssetMiddleware.php:69
- CORE\src\Http\Runner.php:82
- CORE\src\Error\Middleware\ErrorHandlerMiddleware.php:115
- CORE\src\Http\Runner.php:82
- CORE\src\Http\Runner.php:60
- CORE\src\Http\Server.php:104
- ROOT\webroot\index.php:37
- [main]:

Request URL: /collected-chests/score
Client IP: 127.0.0.1
2025-05-24 02:23:49 error: [Error] Class "Header" not found in C:\Apache24\htdocs\chestcounter\config\cakelte.php on line 14
Stack Trace:
- CORE\src\Core\Configure\Engine\PhpConfig.php:84
- CORE\src\Core\Configure.php:339
- ROOT\vendor\arodu\cakelte\src\View\Helper\CakeLteHelper.php:37
- CORE\src\View\Helper.php:90
- CORE\src\View\HelperRegistry.php:157
- CORE\src\Core\ObjectRegistry.php:115
- CORE\src\View\View.php:1240
- ROOT\vendor\arodu\cakelte\src\View\CakeLteTrait.php:25
- ROOT\vendor\arodu\cakelte\src\View\CakeLteView.php:21
- CORE\src\View\View.php:367
- CORE\src\View\ViewBuilder.php:595
- CORE\src\View\ViewVarsTrait.php:66
- CORE\src\Controller\Controller.php:710
- CORE\src\Controller\Controller.php:516
- CORE\src\Controller\ControllerFactory.php:166
- CORE\src\Controller\ControllerFactory.php:141
- CORE\src\Http\BaseApplication.php:362
- CORE\src\Http\Runner.php:86
- CORE\src\Http\Middleware\CsrfProtectionMiddleware.php:159
- CORE\src\Http\Runner.php:82
- ROOT\vendor\cakephp\authentication\src\Middleware\AuthenticationMiddleware.php:106
- CORE\src\Http\Runner.php:82
- CORE\src\Http\Middleware\BodyParserMiddleware.php:157
- CORE\src\Http\Runner.php:82
- CORE\src\Routing\Middleware\RoutingMiddleware.php:118
- CORE\src\Http\Runner.php:82
- CORE\src\Routing\Middleware\AssetMiddleware.php:69
- CORE\src\Http\Runner.php:82
- CORE\src\Error\Middleware\ErrorHandlerMiddleware.php:115
- CORE\src\Http\Runner.php:82
- CORE\src\Http\Runner.php:60
- CORE\src\Http\Server.php:104
- ROOT\webroot\index.php:37
- [main]:

Request URL: /collected-chests/score
Client IP: 127.0.0.1
2025-05-24 02:24:21 error: [Error] Class "Sidebar" not found in C:\Apache24\htdocs\chestcounter\config\cakelte.php on line 15
Stack Trace:
- CORE\src\Core\Configure\Engine\PhpConfig.php:84
- CORE\src\Core\Configure.php:339
- ROOT\vendor\arodu\cakelte\src\View\Helper\CakeLteHelper.php:37
- CORE\src\View\Helper.php:90
- CORE\src\View\HelperRegistry.php:157
- CORE\src\Core\ObjectRegistry.php:115
- CORE\src\View\View.php:1240
- ROOT\vendor\arodu\cakelte\src\View\CakeLteTrait.php:25
- ROOT\vendor\arodu\cakelte\src\View\CakeLteView.php:21
- CORE\src\View\View.php:367
- CORE\src\View\ViewBuilder.php:595
- CORE\src\View\ViewVarsTrait.php:66
- CORE\src\Controller\Controller.php:710
- CORE\src\Controller\Controller.php:516
- CORE\src\Controller\ControllerFactory.php:166
- CORE\src\Controller\ControllerFactory.php:141
- CORE\src\Http\BaseApplication.php:362
- CORE\src\Http\Runner.php:86
- CORE\src\Http\Middleware\CsrfProtectionMiddleware.php:169
- CORE\src\Http\Runner.php:82
- ROOT\vendor\cakephp\authentication\src\Middleware\AuthenticationMiddleware.php:106
- CORE\src\Http\Runner.php:82
- CORE\src\Http\Middleware\BodyParserMiddleware.php:157
- CORE\src\Http\Runner.php:82
- CORE\src\Routing\Middleware\RoutingMiddleware.php:118
- CORE\src\Http\Runner.php:82
- CORE\src\Routing\Middleware\AssetMiddleware.php:69
- CORE\src\Http\Runner.php:82
- CORE\src\Error\Middleware\ErrorHandlerMiddleware.php:115
- CORE\src\Http\Runner.php:82
- CORE\src\Http\Runner.php:60
- CORE\src\Http\Server.php:104
- ROOT\webroot\index.php:37
- [main]:

Request URL: /collected-chests/score
Client IP: 127.0.0.1
2025-05-24 02:25:31 error: [ParseError] Unmatched ']' in C:\Apache24\htdocs\chestcounter\config\cakelte.php on line 22
Stack Trace:
- CORE\src\Core\Configure.php:339
- ROOT\vendor\arodu\cakelte\src\View\Helper\CakeLteHelper.php:37
- CORE\src\View\Helper.php:90
- CORE\src\View\HelperRegistry.php:157
- CORE\src\Core\ObjectRegistry.php:115
- CORE\src\View\View.php:1240
- ROOT\vendor\arodu\cakelte\src\View\CakeLteTrait.php:25
- ROOT\vendor\arodu\cakelte\src\View\CakeLteView.php:21
- CORE\src\View\View.php:367
- CORE\src\View\ViewBuilder.php:595
- CORE\src\View\ViewVarsTrait.php:66
- CORE\src\Controller\Controller.php:710
- CORE\src\Controller\Controller.php:516
- CORE\src\Controller\ControllerFactory.php:166
- CORE\src\Controller\ControllerFactory.php:141
- CORE\src\Http\BaseApplication.php:362
- CORE\src\Http\Runner.php:86
- CORE\src\Http\Middleware\CsrfProtectionMiddleware.php:169
- CORE\src\Http\Runner.php:82
- ROOT\vendor\cakephp\authentication\src\Middleware\AuthenticationMiddleware.php:106
- CORE\src\Http\Runner.php:82
- CORE\src\Http\Middleware\BodyParserMiddleware.php:157
- CORE\src\Http\Runner.php:82
- CORE\src\Routing\Middleware\RoutingMiddleware.php:118
- CORE\src\Http\Runner.php:82
- CORE\src\Routing\Middleware\AssetMiddleware.php:69
- CORE\src\Http\Runner.php:82
- CORE\src\Error\Middleware\ErrorHandlerMiddleware.php:115
- CORE\src\Http\Runner.php:82
- CORE\src\Http\Runner.php:60
- CORE\src\Http\Server.php:104
- ROOT\webroot\index.php:37
- [main]:

Request URL: /collected-chests/score
Client IP: 127.0.0.1
2025-05-24 14:13:43 error: [Error] Call to undefined method App\Application::plugins() in C:\Apache24\htdocs\chestcounter\src\Application.php on line 61
Stack Trace:
- CORE\src\Http\Server.php:123
- CORE\src\Http\Server.php:85
- ROOT\webroot\index.php:37
- [main]:

2025-05-24 14:14:39 error: [Cake\Http\Exception\MissingControllerException] Controller class `Cake_lte` could not be found. in C:\Apache24\htdocs\chestcounter\vendor\cakephp\cakephp\src\Controller\ControllerFactory.php on line 335
Exception Attributes: array (
  'controller' => 'Cake_lte',
  'plugin' => NULL,
  'prefix' => NULL,
  '_ext' => NULL,
)
Stack Trace:
- CORE\src\Controller\ControllerFactory.php:77
- CORE\src\Http\BaseApplication.php:360
- CORE\src\Http\Runner.php:86
- CORE\src\Http\Middleware\CsrfProtectionMiddleware.php:169
- CORE\src\Http\Runner.php:82
- ROOT\vendor\cakephp\authentication\src\Middleware\AuthenticationMiddleware.php:106
- CORE\src\Http\Runner.php:82
- CORE\src\Http\Middleware\BodyParserMiddleware.php:157
- CORE\src\Http\Runner.php:82
- CORE\src\Routing\Middleware\RoutingMiddleware.php:118
- CORE\src\Http\Runner.php:82
- CORE\src\Routing\Middleware\AssetMiddleware.php:78
- CORE\src\Http\Runner.php:82
- CORE\src\Error\Middleware\ErrorHandlerMiddleware.php:115
- CORE\src\Http\Runner.php:82
- CORE\src\Http\Runner.php:60
- CORE\src\Http\Server.php:104
- ROOT\webroot\index.php:37
- [main]:

Request URL: /cake_lte/img/cake.icon.svg
Referer URL: http://127.0.0.1/chestcounter/score
Client IP: 127.0.0.1
2025-05-24 14:14:39 error: [Cake\Http\Exception\MissingControllerException] Controller class `Cake_lte` could not be found. in C:\Apache24\htdocs\chestcounter\vendor\cakephp\cakephp\src\Controller\ControllerFactory.php on line 335
Exception Attributes: array (
  'controller' => 'Cake_lte',
  'plugin' => NULL,
  'prefix' => NULL,
  '_ext' => NULL,
)
Stack Trace:
- CORE\src\Controller\ControllerFactory.php:77
- CORE\src\Http\BaseApplication.php:360
- CORE\src\Http\Runner.php:86
- CORE\src\Http\Middleware\CsrfProtectionMiddleware.php:169
- CORE\src\Http\Runner.php:82
- ROOT\vendor\cakephp\authentication\src\Middleware\AuthenticationMiddleware.php:106
- CORE\src\Http\Runner.php:82
- CORE\src\Http\Middleware\BodyParserMiddleware.php:157
- CORE\src\Http\Runner.php:82
- CORE\src\Routing\Middleware\RoutingMiddleware.php:118
- CORE\src\Http\Runner.php:82
- CORE\src\Routing\Middleware\AssetMiddleware.php:78
- CORE\src\Http\Runner.php:82
- CORE\src\Error\Middleware\ErrorHandlerMiddleware.php:115
- CORE\src\Http\Runner.php:82
- CORE\src\Http\Runner.php:60
- CORE\src\Http\Server.php:104
- ROOT\webroot\index.php:37
- [main]:

Request URL: /cake_lte/css/style.css
Referer URL: http://127.0.0.1/chestcounter/score
Client IP: 127.0.0.1
2025-05-24 14:14:43 error: [Cake\Http\Exception\MissingControllerException] Controller class `Cake_lte` could not be found. in C:\Apache24\htdocs\chestcounter\vendor\cakephp\cakephp\src\Controller\ControllerFactory.php on line 335
Exception Attributes: array (
  'controller' => 'Cake_lte',
  'plugin' => NULL,
  'prefix' => NULL,
  '_ext' => NULL,
)
Stack Trace:
- CORE\src\Controller\ControllerFactory.php:77
- CORE\src\Http\BaseApplication.php:360
- CORE\src\Http\Runner.php:86
- CORE\src\Http\Middleware\CsrfProtectionMiddleware.php:169
- CORE\src\Http\Runner.php:82
- ROOT\vendor\cakephp\authentication\src\Middleware\AuthenticationMiddleware.php:106
- CORE\src\Http\Runner.php:82
- CORE\src\Http\Middleware\BodyParserMiddleware.php:157
- CORE\src\Http\Runner.php:82
- CORE\src\Routing\Middleware\RoutingMiddleware.php:118
- CORE\src\Http\Runner.php:82
- CORE\src\Routing\Middleware\AssetMiddleware.php:78
- CORE\src\Http\Runner.php:82
- CORE\src\Error\Middleware\ErrorHandlerMiddleware.php:115
- CORE\src\Http\Runner.php:82
- CORE\src\Http\Runner.php:60
- CORE\src\Http\Server.php:104
- ROOT\webroot\index.php:37
- [main]:

Request URL: /cake_lte/img/cake.icon.svg
Referer URL: http://127.0.0.1/chestcounter/score
Client IP: 127.0.0.1
2025-05-24 14:14:43 error: [Cake\Http\Exception\MissingControllerException] Controller class `Cake_lte` could not be found. in C:\Apache24\htdocs\chestcounter\vendor\cakephp\cakephp\src\Controller\ControllerFactory.php on line 335
Exception Attributes: array (
  'controller' => 'Cake_lte',
  'plugin' => NULL,
  'prefix' => NULL,
  '_ext' => NULL,
)
Stack Trace:
- CORE\src\Controller\ControllerFactory.php:77
- CORE\src\Http\BaseApplication.php:360
- CORE\src\Http\Runner.php:86
- CORE\src\Http\Middleware\CsrfProtectionMiddleware.php:169
- CORE\src\Http\Runner.php:82
- ROOT\vendor\cakephp\authentication\src\Middleware\AuthenticationMiddleware.php:106
- CORE\src\Http\Runner.php:82
- CORE\src\Http\Middleware\BodyParserMiddleware.php:157
- CORE\src\Http\Runner.php:82
- CORE\src\Routing\Middleware\RoutingMiddleware.php:118
- CORE\src\Http\Runner.php:82
- CORE\src\Routing\Middleware\AssetMiddleware.php:78
- CORE\src\Http\Runner.php:82
- CORE\src\Error\Middleware\ErrorHandlerMiddleware.php:115
- CORE\src\Http\Runner.php:82
- CORE\src\Http\Runner.php:60
- CORE\src\Http\Server.php:104
- ROOT\webroot\index.php:37
- [main]:

Request URL: /cake_lte/css/style.css
Referer URL: http://127.0.0.1/chestcounter/score
Client IP: 127.0.0.1
2025-05-24 14:21:00 error: [Cake\View\Exception\MissingHelperException] Helper class `CakeLteHelper` could not be found. in C:\Apache24\htdocs\chestcounter\vendor\cakephp\cakephp\src\View\HelperRegistry.php on line 134
Exception Attributes: array (
  'class' => 'CakeLteHelper',
  'plugin' => NULL,
)
Stack Trace:
- CORE\src\Core\ObjectRegistry.php:111
- CORE\src\View\HelperRegistry.php:74
- CORE\src\View\HelperRegistry.php:100
- CORE\src\View\View.php:1106
- ROOT\templates\layout\CakeLte\layout\default.php:16
- CORE\src\View\View.php:1188
- CORE\src\View\View.php:1145
- CORE\src\View\View.php:837
- CORE\src\View\View.php:796
- CORE\src\Controller\Controller.php:712
- CORE\src\Controller\Controller.php:516
- CORE\src\Controller\ControllerFactory.php:166
- CORE\src\Controller\ControllerFactory.php:141
- CORE\src\Http\BaseApplication.php:362
- CORE\src\Http\Runner.php:86
- CORE\src\Http\Middleware\CsrfProtectionMiddleware.php:169
- CORE\src\Http\Runner.php:82
- ROOT\vendor\cakephp\authentication\src\Middleware\AuthenticationMiddleware.php:106
- CORE\src\Http\Runner.php:82
- CORE\src\Http\Middleware\BodyParserMiddleware.php:157
- CORE\src\Http\Runner.php:82
- CORE\src\Routing\Middleware\RoutingMiddleware.php:118
- CORE\src\Http\Runner.php:82
- CORE\src\Routing\Middleware\AssetMiddleware.php:69
- CORE\src\Http\Runner.php:82
- CORE\src\Error\Middleware\ErrorHandlerMiddleware.php:115
- CORE\src\Http\Runner.php:82
- CORE\src\Http\Runner.php:60
- CORE\src\Http\Server.php:104
- ROOT\webroot\index.php:37
- [main]:

Request URL: /score
Client IP: 127.0.0.1
2025-05-24 14:21:26 error: [Cake\View\Exception\MissingHelperException] Helper class `CakeLteHelper` could not be found. in C:\Apache24\htdocs\chestcounter\vendor\cakephp\cakephp\src\View\HelperRegistry.php on line 134
Exception Attributes: array (
  'class' => 'CakeLteHelper',
  'plugin' => NULL,
)
Stack Trace:
- CORE\src\Core\ObjectRegistry.php:111
- CORE\src\View\HelperRegistry.php:74
- CORE\src\View\HelperRegistry.php:100
- CORE\src\View\View.php:1106
- ROOT\vendor\arodu\cakelte\templates\layout\default.php:16
- CORE\src\View\View.php:1188
- CORE\src\View\View.php:1145
- CORE\src\View\View.php:837
- CORE\src\View\View.php:796
- CORE\src\Controller\Controller.php:712
- CORE\src\Controller\Controller.php:516
- CORE\src\Controller\ControllerFactory.php:166
- CORE\src\Controller\ControllerFactory.php:141
- CORE\src\Http\BaseApplication.php:362
- CORE\src\Http\Runner.php:86
- CORE\src\Http\Middleware\CsrfProtectionMiddleware.php:169
- CORE\src\Http\Runner.php:82
- ROOT\vendor\cakephp\authentication\src\Middleware\AuthenticationMiddleware.php:106
- CORE\src\Http\Runner.php:82
- CORE\src\Http\Middleware\BodyParserMiddleware.php:157
- CORE\src\Http\Runner.php:82
- CORE\src\Routing\Middleware\RoutingMiddleware.php:118
- CORE\src\Http\Runner.php:82
- CORE\src\Routing\Middleware\AssetMiddleware.php:69
- CORE\src\Http\Runner.php:82
- CORE\src\Error\Middleware\ErrorHandlerMiddleware.php:115
- CORE\src\Http\Runner.php:82
- CORE\src\Http\Runner.php:60
- CORE\src\Http\Server.php:104
- ROOT\webroot\index.php:37
- [main]:

Request URL: /score
Client IP: 127.0.0.1
2025-05-24 14:21:42 error: [Cake\View\Exception\MissingHelperException] Helper class `CakeLteHelper` could not be found. in C:\Apache24\htdocs\chestcounter\vendor\cakephp\cakephp\src\View\HelperRegistry.php on line 134
Exception Attributes: array (
  'class' => 'CakeLteHelper',
  'plugin' => NULL,
)
Stack Trace:
- CORE\src\Core\ObjectRegistry.php:111
- CORE\src\View\HelperRegistry.php:74
- CORE\src\View\HelperRegistry.php:100
- CORE\src\View\View.php:1106
- ROOT\vendor\arodu\cakelte\templates\layout\default.php:16
- CORE\src\View\View.php:1188
- CORE\src\View\View.php:1145
- CORE\src\View\View.php:837
- CORE\src\View\View.php:796
- CORE\src\Controller\Controller.php:712
- CORE\src\Controller\Controller.php:516
- CORE\src\Controller\ControllerFactory.php:166
- CORE\src\Controller\ControllerFactory.php:141
- CORE\src\Http\BaseApplication.php:362
- CORE\src\Http\Runner.php:86
- CORE\src\Http\Middleware\CsrfProtectionMiddleware.php:169
- CORE\src\Http\Runner.php:82
- ROOT\vendor\cakephp\authentication\src\Middleware\AuthenticationMiddleware.php:106
- CORE\src\Http\Runner.php:82
- CORE\src\Http\Middleware\BodyParserMiddleware.php:157
- CORE\src\Http\Runner.php:82
- CORE\src\Routing\Middleware\RoutingMiddleware.php:118
- CORE\src\Http\Runner.php:82
- CORE\src\Routing\Middleware\AssetMiddleware.php:69
- CORE\src\Http\Runner.php:82
- CORE\src\Error\Middleware\ErrorHandlerMiddleware.php:115
- CORE\src\Http\Runner.php:82
- CORE\src\Http\Runner.php:60
- CORE\src\Http\Server.php:104
- ROOT\webroot\index.php:37
- [main]:

Request URL: /score
Client IP: 127.0.0.1
2025-05-24 14:26:57 error: [Cake\View\Exception\MissingHelperException] Helper class `CakeLteHelper` could not be found. in C:\Apache24\htdocs\chestcounter\vendor\cakephp\cakephp\src\View\HelperRegistry.php on line 134
Exception Attributes: array (
  'class' => 'CakeLteHelper',
  'plugin' => NULL,
)
Stack Trace:
- CORE\src\Core\ObjectRegistry.php:111
- CORE\src\View\HelperRegistry.php:74
- CORE\src\View\HelperRegistry.php:100
- CORE\src\View\View.php:1106
- ROOT\vendor\arodu\cakelte\templates\layout\default.php:16
- CORE\src\View\View.php:1188
- CORE\src\View\View.php:1145
- CORE\src\View\View.php:837
- CORE\src\View\View.php:796
- CORE\src\Controller\Controller.php:712
- CORE\src\Controller\Controller.php:516
- CORE\src\Controller\ControllerFactory.php:166
- CORE\src\Controller\ControllerFactory.php:141
- CORE\src\Http\BaseApplication.php:362
- CORE\src\Http\Runner.php:86
- CORE\src\Http\Middleware\CsrfProtectionMiddleware.php:169
- CORE\src\Http\Runner.php:82
- ROOT\vendor\cakephp\authentication\src\Middleware\AuthenticationMiddleware.php:106
- CORE\src\Http\Runner.php:82
- CORE\src\Http\Middleware\BodyParserMiddleware.php:157
- CORE\src\Http\Runner.php:82
- CORE\src\Routing\Middleware\RoutingMiddleware.php:118
- CORE\src\Http\Runner.php:82
- CORE\src\Routing\Middleware\AssetMiddleware.php:69
- CORE\src\Http\Runner.php:82
- CORE\src\Error\Middleware\ErrorHandlerMiddleware.php:115
- CORE\src\Http\Runner.php:82
- CORE\src\Http\Runner.php:60
- CORE\src\Http\Server.php:104
- ROOT\webroot\index.php:37
- [main]:

Request URL: /score
Client IP: 127.0.0.1
2025-05-24 14:27:09 error: [Cake\View\Exception\MissingLayoutException] Layout file `CakeLte/default.php` could not be found.

The following paths were searched:

- `C:\Apache24\htdocs\chestcounter\templates\layout\CakeLte/default.php`
- `C:\Apache24\htdocs\chestcounter\vendor\cakephp\cakephp\templates\layout\CakeLte/default.php`
 in C:\Apache24\htdocs\chestcounter\vendor\cakephp\cakephp\src\View\View.php on line 1472
Exception Attributes: array (
  'file' => 'CakeLte/default.php',
  'paths' => 
  array (
    0 => 'C:\\Apache24\\htdocs\\chestcounter\\templates\\layout\\',
    1 => 'C:\\Apache24\\htdocs\\chestcounter\\vendor\\cakephp\\cakephp\\templates\\layout\\',
  ),
)
Stack Trace:
- CORE\src\View\View.php:822
- CORE\src\View\View.php:796
- CORE\src\Controller\Controller.php:712
- CORE\src\Controller\Controller.php:516
- CORE\src\Controller\ControllerFactory.php:166
- CORE\src\Controller\ControllerFactory.php:141
- CORE\src\Http\BaseApplication.php:362
- CORE\src\Http\Runner.php:86
- CORE\src\Http\Middleware\CsrfProtectionMiddleware.php:169
- CORE\src\Http\Runner.php:82
- ROOT\vendor\cakephp\authentication\src\Middleware\AuthenticationMiddleware.php:106
- CORE\src\Http\Runner.php:82
- CORE\src\Http\Middleware\BodyParserMiddleware.php:157
- CORE\src\Http\Runner.php:82
- CORE\src\Routing\Middleware\RoutingMiddleware.php:118
- CORE\src\Http\Runner.php:82
- CORE\src\Routing\Middleware\AssetMiddleware.php:69
- CORE\src\Http\Runner.php:82
- CORE\src\Error\Middleware\ErrorHandlerMiddleware.php:115
- CORE\src\Http\Runner.php:82
- CORE\src\Http\Runner.php:60
- CORE\src\Http\Server.php:104
- ROOT\webroot\index.php:37
- [main]:

Request URL: /score
Client IP: 127.0.0.1
2025-05-24 14:27:29 error: [Cake\View\Exception\MissingHelperException] Helper class `CakeLteHelper` could not be found. in C:\Apache24\htdocs\chestcounter\vendor\cakephp\cakephp\src\View\HelperRegistry.php on line 134
Exception Attributes: array (
  'class' => 'CakeLteHelper',
  'plugin' => NULL,
)
Stack Trace:
- CORE\src\Core\ObjectRegistry.php:111
- CORE\src\View\HelperRegistry.php:74
- CORE\src\View\HelperRegistry.php:100
- CORE\src\View\View.php:1106
- ROOT\templates\layout\CakeLte\layout\default.php:16
- CORE\src\View\View.php:1188
- CORE\src\View\View.php:1145
- CORE\src\View\View.php:837
- CORE\src\View\View.php:796
- CORE\src\Controller\Controller.php:712
- CORE\src\Controller\Controller.php:516
- CORE\src\Controller\ControllerFactory.php:166
- CORE\src\Controller\ControllerFactory.php:141
- CORE\src\Http\BaseApplication.php:362
- CORE\src\Http\Runner.php:86
- CORE\src\Http\Middleware\CsrfProtectionMiddleware.php:169
- CORE\src\Http\Runner.php:82
- ROOT\vendor\cakephp\authentication\src\Middleware\AuthenticationMiddleware.php:106
- CORE\src\Http\Runner.php:82
- CORE\src\Http\Middleware\BodyParserMiddleware.php:157
- CORE\src\Http\Runner.php:82
- CORE\src\Routing\Middleware\RoutingMiddleware.php:118
- CORE\src\Http\Runner.php:82
- CORE\src\Routing\Middleware\AssetMiddleware.php:69
- CORE\src\Http\Runner.php:82
- CORE\src\Error\Middleware\ErrorHandlerMiddleware.php:115
- CORE\src\Http\Runner.php:82
- CORE\src\Http\Runner.php:60
- CORE\src\Http\Server.php:104
- ROOT\webroot\index.php:37
- [main]:

Request URL: /score
Client IP: 127.0.0.1
2025-05-24 14:57:09 error: [Cake\Core\Exception\CakeException] Plugin named `CakeLte` is already loaded in C:\Apache24\htdocs\chestcounter\vendor\cakephp\cakephp\src\Core\PluginCollection.php on line 175
Stack Trace:
- CORE\src\Http\BaseApplication.php:146
- APP/Application.php:61
- CORE\src\Http\Server.php:123
- CORE\src\Http\Server.php:85
- ROOT\webroot\index.php:37
- [main]:

2025-05-24 15:03:00 error: [Cake\View\Exception\MissingElementException] Element file `CakeLte.header/leftmenu.php` could not be found.

The following paths were searched:

- `C:\Apache24\htdocs\chestcounter\templates\plugin\CakeLte\element\header/leftmenu.php`
- `C:\Apache24\htdocs\chestcounter\vendor\arodu\cakelte\templates\element\header/leftmenu.php`
- `C:\Apache24\htdocs\chestcounter\templates\element\header/leftmenu.php`
- `C:\Apache24\htdocs\chestcounter\vendor\cakephp\cakephp\templates\element\header/leftmenu.php`
 in C:\Apache24\htdocs\chestcounter\vendor\cakephp\cakephp\src\View\View.php on line 685
Exception Attributes: array (
  'file' => 'header/leftmenu.php',
  'paths' => 
  array (
    0 => 'C:\\Apache24\\htdocs\\chestcounter\\templates\\plugin\\CakeLte\\element\\',
    1 => 'C:\\Apache24\\htdocs\\chestcounter\\vendor\\arodu\\cakelte\\templates\\element\\',
    2 => 'C:\\Apache24\\htdocs\\chestcounter\\templates\\element\\',
    3 => 'C:\\Apache24\\htdocs\\chestcounter\\vendor\\cakephp\\cakephp\\templates\\element\\',
  ),
)
Stack Trace:
- ROOT\templates\layout\CakeLte\layout\default.php:49
- CORE\src\View\View.php:1188
- CORE\src\View\View.php:1145
- CORE\src\View\View.php:837
- CORE\src\View\View.php:796
- CORE\src\Controller\Controller.php:712
- CORE\src\Controller\Controller.php:516
- CORE\src\Controller\ControllerFactory.php:166
- CORE\src\Controller\ControllerFactory.php:141
- CORE\src\Http\BaseApplication.php:362
- CORE\src\Http\Runner.php:86
- CORE\src\Http\Middleware\CsrfProtectionMiddleware.php:169
- CORE\src\Http\Runner.php:82
- ROOT\vendor\cakephp\authentication\src\Middleware\AuthenticationMiddleware.php:106
- CORE\src\Http\Runner.php:82
- CORE\src\Http\Middleware\BodyParserMiddleware.php:157
- CORE\src\Http\Runner.php:82
- CORE\src\Routing\Middleware\RoutingMiddleware.php:118
- CORE\src\Http\Runner.php:82
- CORE\src\Routing\Middleware\AssetMiddleware.php:69
- CORE\src\Http\Runner.php:82
- CORE\src\Error\Middleware\ErrorHandlerMiddleware.php:115
- CORE\src\Http\Runner.php:82
- CORE\src\Http\Runner.php:60
- CORE\src\Http\Server.php:104
- ROOT\webroot\index.php:37
- [main]:

Request URL: /
Client IP: 127.0.0.1
2025-05-24 15:03:12 error: [Cake\View\Exception\MissingElementException] Element file `CakeLte.header/rightmenu.php` could not be found.

The following paths were searched:

- `C:\Apache24\htdocs\chestcounter\templates\plugin\CakeLte\element\header/rightmenu.php`
- `C:\Apache24\htdocs\chestcounter\vendor\arodu\cakelte\templates\element\header/rightmenu.php`
- `C:\Apache24\htdocs\chestcounter\templates\element\header/rightmenu.php`
- `C:\Apache24\htdocs\chestcounter\vendor\cakephp\cakephp\templates\element\header/rightmenu.php`
 in C:\Apache24\htdocs\chestcounter\vendor\cakephp\cakephp\src\View\View.php on line 685
Exception Attributes: array (
  'file' => 'header/rightmenu.php',
  'paths' => 
  array (
    0 => 'C:\\Apache24\\htdocs\\chestcounter\\templates\\plugin\\CakeLte\\element\\',
    1 => 'C:\\Apache24\\htdocs\\chestcounter\\vendor\\arodu\\cakelte\\templates\\element\\',
    2 => 'C:\\Apache24\\htdocs\\chestcounter\\templates\\element\\',
    3 => 'C:\\Apache24\\htdocs\\chestcounter\\vendor\\cakephp\\cakephp\\templates\\element\\',
  ),
)
Stack Trace:
- ROOT\templates\layout\CakeLte\layout\default.php:56
- CORE\src\View\View.php:1188
- CORE\src\View\View.php:1145
- CORE\src\View\View.php:837
- CORE\src\View\View.php:796
- CORE\src\Controller\Controller.php:712
- CORE\src\Controller\Controller.php:516
- CORE\src\Controller\ControllerFactory.php:166
- CORE\src\Controller\ControllerFactory.php:141
- CORE\src\Http\BaseApplication.php:362
- CORE\src\Http\Runner.php:86
- CORE\src\Http\Middleware\CsrfProtectionMiddleware.php:169
- CORE\src\Http\Runner.php:82
- ROOT\vendor\cakephp\authentication\src\Middleware\AuthenticationMiddleware.php:106
- CORE\src\Http\Runner.php:82
- CORE\src\Http\Middleware\BodyParserMiddleware.php:157
- CORE\src\Http\Runner.php:82
- CORE\src\Routing\Middleware\RoutingMiddleware.php:118
- CORE\src\Http\Runner.php:82
- CORE\src\Routing\Middleware\AssetMiddleware.php:69
- CORE\src\Http\Runner.php:82
- CORE\src\Error\Middleware\ErrorHandlerMiddleware.php:115
- CORE\src\Http\Runner.php:82
- CORE\src\Http\Runner.php:60
- CORE\src\Http\Server.php:104
- ROOT\webroot\index.php:37
- [main]:

Request URL: /
Client IP: 127.0.0.1
2025-05-24 20:08:29 error: [Cake\Http\Exception\MissingControllerException] Controller class `Underconstruction` could not be found. in C:\Apache24\htdocs\chestcounter\vendor\cakephp\cakephp\src\Controller\ControllerFactory.php on line 335
Exception Attributes: array (
  'controller' => 'Underconstruction',
  'plugin' => NULL,
  'prefix' => NULL,
  '_ext' => NULL,
)
Stack Trace:
- CORE\src\Controller\ControllerFactory.php:77
- CORE\src\Http\BaseApplication.php:360
- CORE\src\Http\Runner.php:86
- CORE\src\Http\Middleware\CsrfProtectionMiddleware.php:169
- CORE\src\Http\Runner.php:82
- ROOT\vendor\cakephp\authentication\src\Middleware\AuthenticationMiddleware.php:106
- CORE\src\Http\Runner.php:82
- CORE\src\Http\Middleware\BodyParserMiddleware.php:157
- CORE\src\Http\Runner.php:82
- CORE\src\Routing\Middleware\RoutingMiddleware.php:118
- CORE\src\Http\Runner.php:82
- CORE\src\Routing\Middleware\AssetMiddleware.php:69
- CORE\src\Http\Runner.php:82
- CORE\src\Error\Middleware\ErrorHandlerMiddleware.php:115
- CORE\src\Http\Runner.php:82
- CORE\src\Http\Runner.php:60
- CORE\src\Http\Server.php:104
- ROOT\webroot\index.php:37
- [main]:

Request URL: /underconstruction
Client IP: 127.0.0.1
2025-05-24 20:08:33 error: [Cake\Http\Exception\MissingControllerException] Controller class `Underconstruction.php` could not be found. in C:\Apache24\htdocs\chestcounter\vendor\cakephp\cakephp\src\Controller\ControllerFactory.php on line 335
Exception Attributes: array (
  'controller' => 'Underconstruction.php',
  'plugin' => NULL,
  'prefix' => NULL,
  '_ext' => NULL,
)
Stack Trace:
- CORE\src\Controller\ControllerFactory.php:320
- CORE\src\Controller\ControllerFactory.php:75
- CORE\src\Http\BaseApplication.php:360
- CORE\src\Http\Runner.php:86
- CORE\src\Http\Middleware\CsrfProtectionMiddleware.php:169
- CORE\src\Http\Runner.php:82
- ROOT\vendor\cakephp\authentication\src\Middleware\AuthenticationMiddleware.php:106
- CORE\src\Http\Runner.php:82
- CORE\src\Http\Middleware\BodyParserMiddleware.php:157
- CORE\src\Http\Runner.php:82
- CORE\src\Routing\Middleware\RoutingMiddleware.php:118
- CORE\src\Http\Runner.php:82
- CORE\src\Routing\Middleware\AssetMiddleware.php:78
- CORE\src\Http\Runner.php:82
- CORE\src\Error\Middleware\ErrorHandlerMiddleware.php:115
- CORE\src\Http\Runner.php:82
- CORE\src\Http\Runner.php:60
- CORE\src\Http\Server.php:104
- ROOT\webroot\index.php:37
- [main]:

Request URL: /underconstruction.php
Client IP: 127.0.0.1
2025-05-24 20:08:46 error: [Cake\View\Exception\MissingTemplateException] Template file `Pages\underconstruction.php.php` could not be found.

The following paths were searched:

- `C:\Apache24\htdocs\chestcounter\templates\Pages\underconstruction.php.php`
- `C:\Apache24\htdocs\chestcounter\vendor\cakephp\cakephp\templates\Pages\underconstruction.php.php`
 in C:\Apache24\htdocs\chestcounter\vendor\cakephp\cakephp\src\View\View.php on line 1377
Exception Attributes: array (
  'file' => 'Pages\\underconstruction.php.php',
  'paths' => 
  array (
    0 => 'C:\\Apache24\\htdocs\\chestcounter\\templates\\',
    1 => 'C:\\Apache24\\htdocs\\chestcounter\\vendor\\cakephp\\cakephp\\templates\\',
  ),
)
Stack Trace:
- CORE\src\View\View.php:782
- CORE\src\Controller\Controller.php:712
- APP/Controller\PagesController.php:65
- CORE\src\Controller\Controller.php:505
- CORE\src\Controller\ControllerFactory.php:166
- CORE\src\Controller\ControllerFactory.php:141
- CORE\src\Http\BaseApplication.php:362
- CORE\src\Http\Runner.php:86
- CORE\src\Http\Middleware\CsrfProtectionMiddleware.php:169
- CORE\src\Http\Runner.php:82
- ROOT\vendor\cakephp\authentication\src\Middleware\AuthenticationMiddleware.php:106
- CORE\src\Http\Runner.php:82
- CORE\src\Http\Middleware\BodyParserMiddleware.php:157
- CORE\src\Http\Runner.php:82
- CORE\src\Routing\Middleware\RoutingMiddleware.php:118
- CORE\src\Http\Runner.php:82
- CORE\src\Routing\Middleware\AssetMiddleware.php:78
- CORE\src\Http\Runner.php:82
- CORE\src\Error\Middleware\ErrorHandlerMiddleware.php:115
- CORE\src\Http\Runner.php:82
- CORE\src\Http\Runner.php:60
- CORE\src\Http\Server.php:104
- ROOT\webroot\index.php:37
- [main]:

Request URL: /pages/underconstruction.php
Client IP: 127.0.0.1
2025-05-24 20:09:33 error: [Cake\View\Exception\MissingTemplateException] Template file `Pages\underconstruction.php.php` could not be found.

The following paths were searched:

- `C:\Apache24\htdocs\chestcounter\templates\Pages\underconstruction.php.php`
- `C:\Apache24\htdocs\chestcounter\vendor\cakephp\cakephp\templates\Pages\underconstruction.php.php`
 in C:\Apache24\htdocs\chestcounter\vendor\cakephp\cakephp\src\View\View.php on line 1377
Exception Attributes: array (
  'file' => 'Pages\\underconstruction.php.php',
  'paths' => 
  array (
    0 => 'C:\\Apache24\\htdocs\\chestcounter\\templates\\',
    1 => 'C:\\Apache24\\htdocs\\chestcounter\\vendor\\cakephp\\cakephp\\templates\\',
  ),
)
Stack Trace:
- CORE\src\View\View.php:782
- CORE\src\Controller\Controller.php:712
- APP/Controller\PagesController.php:65
- CORE\src\Controller\Controller.php:505
- CORE\src\Controller\ControllerFactory.php:166
- CORE\src\Controller\ControllerFactory.php:141
- CORE\src\Http\BaseApplication.php:362
- CORE\src\Http\Runner.php:86
- CORE\src\Http\Middleware\CsrfProtectionMiddleware.php:169
- CORE\src\Http\Runner.php:82
- ROOT\vendor\cakephp\authentication\src\Middleware\AuthenticationMiddleware.php:106
- CORE\src\Http\Runner.php:82
- CORE\src\Http\Middleware\BodyParserMiddleware.php:157
- CORE\src\Http\Runner.php:82
- CORE\src\Routing\Middleware\RoutingMiddleware.php:118
- CORE\src\Http\Runner.php:82
- CORE\src\Routing\Middleware\AssetMiddleware.php:78
- CORE\src\Http\Runner.php:82
- CORE\src\Error\Middleware\ErrorHandlerMiddleware.php:115
- CORE\src\Http\Runner.php:82
- CORE\src\Http\Runner.php:60
- CORE\src\Http\Server.php:104
- ROOT\webroot\index.php:37
- [main]:

Request URL: /pages/underconstruction.php
Client IP: 127.0.0.1
2025-05-24 20:09:39 error: [Cake\Http\Exception\MissingControllerException] Controller class `Underconstruction.php` could not be found. in C:\Apache24\htdocs\chestcounter\vendor\cakephp\cakephp\src\Controller\ControllerFactory.php on line 335
Exception Attributes: array (
  'controller' => 'Underconstruction.php',
  'plugin' => NULL,
  'prefix' => NULL,
  '_ext' => NULL,
)
Stack Trace:
- CORE\src\Controller\ControllerFactory.php:320
- CORE\src\Controller\ControllerFactory.php:75
- CORE\src\Http\BaseApplication.php:360
- CORE\src\Http\Runner.php:86
- CORE\src\Http\Middleware\CsrfProtectionMiddleware.php:169
- CORE\src\Http\Runner.php:82
- ROOT\vendor\cakephp\authentication\src\Middleware\AuthenticationMiddleware.php:106
- CORE\src\Http\Runner.php:82
- CORE\src\Http\Middleware\BodyParserMiddleware.php:157
- CORE\src\Http\Runner.php:82
- CORE\src\Routing\Middleware\RoutingMiddleware.php:118
- CORE\src\Http\Runner.php:82
- CORE\src\Routing\Middleware\AssetMiddleware.php:78
- CORE\src\Http\Runner.php:82
- CORE\src\Error\Middleware\ErrorHandlerMiddleware.php:115
- CORE\src\Http\Runner.php:82
- CORE\src\Http\Runner.php:60
- CORE\src\Http\Server.php:104
- ROOT\webroot\index.php:37
- [main]:

Request URL: /underconstruction.php
Client IP: 127.0.0.1
2025-05-24 20:10:19 error: [Cake\Http\Exception\MissingControllerException] Controller class `Underconstruction` could not be found. in C:\Apache24\htdocs\chestcounter\vendor\cakephp\cakephp\src\Controller\ControllerFactory.php on line 335
Exception Attributes: array (
  'controller' => 'Underconstruction',
  'plugin' => NULL,
  'prefix' => NULL,
  '_ext' => NULL,
)
Stack Trace:
- CORE\src\Controller\ControllerFactory.php:77
- CORE\src\Http\BaseApplication.php:360
- CORE\src\Http\Runner.php:86
- CORE\src\Http\Middleware\CsrfProtectionMiddleware.php:169
- CORE\src\Http\Runner.php:82
- ROOT\vendor\cakephp\authentication\src\Middleware\AuthenticationMiddleware.php:106
- CORE\src\Http\Runner.php:82
- CORE\src\Http\Middleware\BodyParserMiddleware.php:157
- CORE\src\Http\Runner.php:82
- CORE\src\Routing\Middleware\RoutingMiddleware.php:118
- CORE\src\Http\Runner.php:82
- CORE\src\Routing\Middleware\AssetMiddleware.php:69
- CORE\src\Http\Runner.php:82
- CORE\src\Error\Middleware\ErrorHandlerMiddleware.php:115
- CORE\src\Http\Runner.php:82
- CORE\src\Http\Runner.php:60
- CORE\src\Http\Server.php:104
- ROOT\webroot\index.php:37
- [main]:

Request URL: /underconstruction
Client IP: 127.0.0.1
2025-05-24 21:59:25 error: [Cake\Http\Exception\MissingControllerException] Controller class `Login` could not be found. in C:\Apache24\htdocs\chestcounter\vendor\cakephp\cakephp\src\Controller\ControllerFactory.php on line 335
Exception Attributes: array (
  'controller' => 'Login',
  'plugin' => NULL,
  'prefix' => NULL,
  '_ext' => NULL,
)
Stack Trace:
- CORE\src\Controller\ControllerFactory.php:77
- CORE\src\Http\BaseApplication.php:360
- CORE\src\Http\Runner.php:86
- CORE\src\Http\Middleware\CsrfProtectionMiddleware.php:169
- CORE\src\Http\Runner.php:82
- ROOT\vendor\cakephp\authentication\src\Middleware\AuthenticationMiddleware.php:106
- CORE\src\Http\Runner.php:82
- CORE\src\Http\Middleware\BodyParserMiddleware.php:157
- CORE\src\Http\Runner.php:82
- CORE\src\Routing\Middleware\RoutingMiddleware.php:118
- CORE\src\Http\Runner.php:82
- CORE\src\Routing\Middleware\AssetMiddleware.php:69
- CORE\src\Http\Runner.php:82
- CORE\src\Error\Middleware\ErrorHandlerMiddleware.php:115
- CORE\src\Http\Runner.php:82
- CORE\src\Http\Runner.php:60
- CORE\src\Http\Server.php:104
- ROOT\webroot\index.php:37
- [main]:

Request URL: /login
Referer URL: http://127.0.0.1/chestcounter/StandardChests
Client IP: 127.0.0.1
2025-05-24 22:41:06 error: [Cake\Http\Exception\MissingControllerException] Controller class `Login` could not be found. in C:\Apache24\htdocs\chestcounter\vendor\cakephp\cakephp\src\Controller\ControllerFactory.php on line 335
Exception Attributes: array (
  'controller' => 'Login',
  'plugin' => NULL,
  'prefix' => NULL,
  '_ext' => NULL,
)
Stack Trace:
- CORE\src\Controller\ControllerFactory.php:77
- CORE\src\Http\BaseApplication.php:360
- CORE\src\Http\Runner.php:86
- CORE\src\Http\Middleware\CsrfProtectionMiddleware.php:169
- CORE\src\Http\Runner.php:82
- ROOT\vendor\cakephp\authentication\src\Middleware\AuthenticationMiddleware.php:106
- CORE\src\Http\Runner.php:82
- CORE\src\Http\Middleware\BodyParserMiddleware.php:157
- CORE\src\Http\Runner.php:82
- CORE\src\Routing\Middleware\RoutingMiddleware.php:118
- CORE\src\Http\Runner.php:82
- CORE\src\Routing\Middleware\AssetMiddleware.php:69
- CORE\src\Http\Runner.php:82
- CORE\src\Error\Middleware\ErrorHandlerMiddleware.php:115
- CORE\src\Http\Runner.php:82
- CORE\src\Http\Runner.php:60
- CORE\src\Http\Server.php:104
- ROOT\webroot\index.php:37
- [main]:

Request URL: /login
Referer URL: http://127.0.0.1/chestcounter/
Client IP: 127.0.0.1
2025-05-25 02:57:15 error: [Cake\Database\Exception\MissingConnectionException] Connection to Mysql could not be established: SQLSTATE[HY000] [1045] Access denied for user 'counterdkw'@'177.102.134.243' (using password: YES) in C:\Apache24\htdocs\chestcounter\vendor\cakephp\cakephp\src\Database\Driver.php on line 201
Exception Attributes: array (
  'driver' => 'Mysql',
  'reason' => 'SQLSTATE[HY000] [1045] Access denied for user \'counterdkw\'@\'177.102.134.243\' (using password: YES)',
)
Stack Trace:
- CORE\src\Database\Driver\Mysql.php:158
- CORE\src\Database\Schema\SchemaDialect.php:51
- CORE\src\Database\Driver\Mysql.php:204
- CORE\src\Database\Schema\Collection.php:172
- CORE\src\Database\Schema\Collection.php:151
- CORE\src\Database\Schema\Collection.php:116
- CORE\src\Database\Schema\CachedCollection.php:92
- CORE\src\ORM\Table.php:524
- CORE\src\ORM\Query\CommonQueryTrait.php:48
- CORE\src\ORM\Query\SelectQuery.php:202
- CORE\src\ORM\Query\QueryFactory.php:34
- CORE\src\ORM\Table.php:1737
- CORE\src\ORM\Table.php:1274
- APP/Controller\CollectedChestsController.php:111
- CORE\src\Controller\Controller.php:505
- CORE\src\Controller\ControllerFactory.php:166
- CORE\src\Controller\ControllerFactory.php:141
- CORE\src\Http\BaseApplication.php:362
- CORE\src\Http\Runner.php:86
- CORE\src\Http\Middleware\CsrfProtectionMiddleware.php:169
- CORE\src\Http\Runner.php:82
- ROOT\vendor\cakephp\authentication\src\Middleware\AuthenticationMiddleware.php:106
- CORE\src\Http\Runner.php:82
- CORE\src\Http\Middleware\BodyParserMiddleware.php:157
- CORE\src\Http\Runner.php:82
- CORE\src\Routing\Middleware\RoutingMiddleware.php:118
- CORE\src\Http\Runner.php:82
- CORE\src\Routing\Middleware\AssetMiddleware.php:69
- CORE\src\Http\Runner.php:82
- CORE\src\Error\Middleware\ErrorHandlerMiddleware.php:115
- CORE\src\Http\Runner.php:82
- CORE\src\Http\Runner.php:60
- CORE\src\Http\Server.php:104
- ROOT\webroot\index.php:37
- [main]:

Caused by: [PDOException] SQLSTATE[HY000] [1045] Access denied for user 'counterdkw'@'177.102.134.243' (using password: YES) in C:\Apache24\htdocs\chestcounter\vendor\cakephp\cakephp\src\Database\Driver.php on line 190
Stack Trace:
- CORE\src\Database\Driver.php:190
- CORE\src\Core\Retry\CommandRetry.php:71
- CORE\src\Database\Driver.php:199
- CORE\src\Database\Driver\Mysql.php:158
- CORE\src\Database\Schema\SchemaDialect.php:51
- CORE\src\Database\Driver\Mysql.php:204
- CORE\src\Database\Schema\Collection.php:172
- CORE\src\Database\Schema\Collection.php:151
- CORE\src\Database\Schema\Collection.php:116
- CORE\src\Database\Schema\CachedCollection.php:92
- CORE\src\ORM\Table.php:524
- CORE\src\ORM\Query\CommonQueryTrait.php:48
- CORE\src\ORM\Query\SelectQuery.php:202
- CORE\src\ORM\Query\QueryFactory.php:34
- CORE\src\ORM\Table.php:1737
- CORE\src\ORM\Table.php:1274
- APP/Controller\CollectedChestsController.php:111
- CORE\src\Controller\Controller.php:505
- CORE\src\Controller\ControllerFactory.php:166
- CORE\src\Controller\ControllerFactory.php:141
- CORE\src\Http\BaseApplication.php:362
- CORE\src\Http\Runner.php:86
- CORE\src\Http\Middleware\CsrfProtectionMiddleware.php:169
- CORE\src\Http\Runner.php:82
- ROOT\vendor\cakephp\authentication\src\Middleware\AuthenticationMiddleware.php:106
- CORE\src\Http\Runner.php:82
- CORE\src\Http\Middleware\BodyParserMiddleware.php:157
- CORE\src\Http\Runner.php:82
- CORE\src\Routing\Middleware\RoutingMiddleware.php:118
- CORE\src\Http\Runner.php:82
- CORE\src\Routing\Middleware\AssetMiddleware.php:69
- CORE\src\Http\Runner.php:82
- CORE\src\Error\Middleware\ErrorHandlerMiddleware.php:115
- CORE\src\Http\Runner.php:82
- CORE\src\Http\Runner.php:60
- CORE\src\Http\Server.php:104
- ROOT\webroot\index.php:37
- [main]:

Request URL: /score
Client IP: 127.0.0.1
2025-05-25 02:57:16 error: [Cake\Error\FatalErrorException] Fatal Error: Trait "App\View\CakeLteTrait" not found in C:\Apache24\htdocs\chestcounter\src\View\AppView.php on line 28
Stack Trace:
- CORE\src\Error\ExceptionTrap.php:278
- [internal]:??
- [main]:

Request URL: /score
Client IP: 127.0.0.1
2025-05-25 02:57:17 warning: Unable to emit headers. Headers sent in file=C:\Apache24\htdocs\chestcounter\src\View\AppView.php line=28
Request URL: /score
Client IP: 127.0.0.1
Trace:
Cake\Error\ErrorTrap->handleError() [internal], line ??
C:\Apache24\htdocs\chestcounter\vendor\cakephp\cakephp\src\Http\ResponseEmitter.php C:\Apache24\htdocs\chestcounter\vendor\cakephp\cakephp\src\Http\ResponseEmitter.php, line 65
Cake\Http\ResponseEmitter->emit() C:\Apache24\htdocs\chestcounter\vendor\cakephp\cakephp\src\Error\Renderer\WebExceptionRenderer.php, line 308
Cake\Error\Renderer\WebExceptionRenderer->write() C:\Apache24\htdocs\chestcounter\vendor\cakephp\cakephp\src\Error\ExceptionTrap.php, line 240
Cake\Error\ExceptionTrap->handleException() C:\Apache24\htdocs\chestcounter\vendor\cakephp\cakephp\src\Error\ExceptionTrap.php, line 327
Cake\Error\ExceptionTrap->handleFatalError() C:\Apache24\htdocs\chestcounter\vendor\cakephp\cakephp\src\Error\ExceptionTrap.php, line 278
Cake\Error\ExceptionTrap->handleShutdown() [internal], line ??
[main]

2025-05-25 02:57:17 warning: Cannot modify header information - headers already sent by (output started at C:\Apache24\htdocs\chestcounter\src\View\AppView.php:28)
Request URL: /score
Client IP: 127.0.0.1
Trace:
Cake\Error\ErrorTrap->handleError() [internal], line ??
C:\Apache24\htdocs\chestcounter\vendor\cakephp\cakephp\src\Http\ResponseEmitter.php C:\Apache24\htdocs\chestcounter\vendor\cakephp\cakephp\src\Http\ResponseEmitter.php, line 159
Cake\Http\ResponseEmitter->emitStatusLine() C:\Apache24\htdocs\chestcounter\vendor\cakephp\cakephp\src\Http\ResponseEmitter.php, line 68
Cake\Http\ResponseEmitter->emit() C:\Apache24\htdocs\chestcounter\vendor\cakephp\cakephp\src\Error\Renderer\WebExceptionRenderer.php, line 308
Cake\Error\Renderer\WebExceptionRenderer->write() C:\Apache24\htdocs\chestcounter\vendor\cakephp\cakephp\src\Error\ExceptionTrap.php, line 240
Cake\Error\ExceptionTrap->handleException() C:\Apache24\htdocs\chestcounter\vendor\cakephp\cakephp\src\Error\ExceptionTrap.php, line 327
Cake\Error\ExceptionTrap->handleFatalError() C:\Apache24\htdocs\chestcounter\vendor\cakephp\cakephp\src\Error\ExceptionTrap.php, line 278
Cake\Error\ExceptionTrap->handleShutdown() [internal], line ??
[main]

2025-05-25 02:57:17 warning: Cannot modify header information - headers already sent by (output started at C:\Apache24\htdocs\chestcounter\src\View\AppView.php:28)
Request URL: /score
Client IP: 127.0.0.1
Trace:
Cake\Error\ErrorTrap->handleError() [internal], line ??
C:\Apache24\htdocs\chestcounter\vendor\cakephp\cakephp\src\Http\ResponseEmitter.php C:\Apache24\htdocs\chestcounter\vendor\cakephp\cakephp\src\Http\ResponseEmitter.php, line 192
Cake\Http\ResponseEmitter->emitHeaders() C:\Apache24\htdocs\chestcounter\vendor\cakephp\cakephp\src\Http\ResponseEmitter.php, line 69
Cake\Http\ResponseEmitter->emit() C:\Apache24\htdocs\chestcounter\vendor\cakephp\cakephp\src\Error\Renderer\WebExceptionRenderer.php, line 308
Cake\Error\Renderer\WebExceptionRenderer->write() C:\Apache24\htdocs\chestcounter\vendor\cakephp\cakephp\src\Error\ExceptionTrap.php, line 240
Cake\Error\ExceptionTrap->handleException() C:\Apache24\htdocs\chestcounter\vendor\cakephp\cakephp\src\Error\ExceptionTrap.php, line 327
Cake\Error\ExceptionTrap->handleFatalError() C:\Apache24\htdocs\chestcounter\vendor\cakephp\cakephp\src\Error\ExceptionTrap.php, line 278
Cake\Error\ExceptionTrap->handleShutdown() [internal], line ??
[main]

2025-05-25 02:57:37 error: [Cake\Database\Exception\MissingConnectionException] Connection to Mysql could not be established: SQLSTATE[HY000] [1045] Access denied for user 'counterdkw'@'177.102.134.243' (using password: YES) in C:\Apache24\htdocs\chestcounter\vendor\cakephp\cakephp\src\Database\Driver.php on line 201
Exception Attributes: array (
  'driver' => 'Mysql',
  'reason' => 'SQLSTATE[HY000] [1045] Access denied for user \'counterdkw\'@\'177.102.134.243\' (using password: YES)',
)
Stack Trace:
- CORE\src\Database\Driver\Mysql.php:158
- CORE\src\Database\Schema\SchemaDialect.php:51
- CORE\src\Database\Driver\Mysql.php:204
- CORE\src\Database\Schema\Collection.php:172
- CORE\src\Database\Schema\Collection.php:151
- CORE\src\Database\Schema\Collection.php:116
- CORE\src\Database\Schema\CachedCollection.php:92
- CORE\src\ORM\Table.php:524
- CORE\src\ORM\Query\CommonQueryTrait.php:48
- CORE\src\ORM\Query\SelectQuery.php:202
- CORE\src\ORM\Query\QueryFactory.php:34
- CORE\src\ORM\Table.php:1737
- CORE\src\ORM\Table.php:1274
- APP/Controller\CollectedChestsController.php:111
- CORE\src\Controller\Controller.php:505
- CORE\src\Controller\ControllerFactory.php:166
- CORE\src\Controller\ControllerFactory.php:141
- CORE\src\Http\BaseApplication.php:362
- CORE\src\Http\Runner.php:86
- CORE\src\Http\Middleware\CsrfProtectionMiddleware.php:169
- CORE\src\Http\Runner.php:82
- ROOT\vendor\cakephp\authentication\src\Middleware\AuthenticationMiddleware.php:106
- CORE\src\Http\Runner.php:82
- CORE\src\Http\Middleware\BodyParserMiddleware.php:157
- CORE\src\Http\Runner.php:82
- CORE\src\Routing\Middleware\RoutingMiddleware.php:118
- CORE\src\Http\Runner.php:82
- CORE\src\Routing\Middleware\AssetMiddleware.php:69
- CORE\src\Http\Runner.php:82
- CORE\src\Error\Middleware\ErrorHandlerMiddleware.php:115
- CORE\src\Http\Runner.php:82
- CORE\src\Http\Runner.php:60
- CORE\src\Http\Server.php:104
- ROOT\webroot\index.php:37
- [main]:

Caused by: [PDOException] SQLSTATE[HY000] [1045] Access denied for user 'counterdkw'@'177.102.134.243' (using password: YES) in C:\Apache24\htdocs\chestcounter\vendor\cakephp\cakephp\src\Database\Driver.php on line 190
Stack Trace:
- CORE\src\Database\Driver.php:190
- CORE\src\Core\Retry\CommandRetry.php:71
- CORE\src\Database\Driver.php:199
- CORE\src\Database\Driver\Mysql.php:158
- CORE\src\Database\Schema\SchemaDialect.php:51
- CORE\src\Database\Driver\Mysql.php:204
- CORE\src\Database\Schema\Collection.php:172
- CORE\src\Database\Schema\Collection.php:151
- CORE\src\Database\Schema\Collection.php:116
- CORE\src\Database\Schema\CachedCollection.php:92
- CORE\src\ORM\Table.php:524
- CORE\src\ORM\Query\CommonQueryTrait.php:48
- CORE\src\ORM\Query\SelectQuery.php:202
- CORE\src\ORM\Query\QueryFactory.php:34
- CORE\src\ORM\Table.php:1737
- CORE\src\ORM\Table.php:1274
- APP/Controller\CollectedChestsController.php:111
- CORE\src\Controller\Controller.php:505
- CORE\src\Controller\ControllerFactory.php:166
- CORE\src\Controller\ControllerFactory.php:141
- CORE\src\Http\BaseApplication.php:362
- CORE\src\Http\Runner.php:86
- CORE\src\Http\Middleware\CsrfProtectionMiddleware.php:169
- CORE\src\Http\Runner.php:82
- ROOT\vendor\cakephp\authentication\src\Middleware\AuthenticationMiddleware.php:106
- CORE\src\Http\Runner.php:82
- CORE\src\Http\Middleware\BodyParserMiddleware.php:157
- CORE\src\Http\Runner.php:82
- CORE\src\Routing\Middleware\RoutingMiddleware.php:118
- CORE\src\Http\Runner.php:82
- CORE\src\Routing\Middleware\AssetMiddleware.php:69
- CORE\src\Http\Runner.php:82
- CORE\src\Error\Middleware\ErrorHandlerMiddleware.php:115
- CORE\src\Http\Runner.php:82
- CORE\src\Http\Runner.php:60
- CORE\src\Http\Server.php:104
- ROOT\webroot\index.php:37
- [main]:

Request URL: /score
Client IP: 127.0.0.1
2025-05-25 02:58:13 error: [Cake\Database\Exception\MissingConnectionException] Connection to Mysql could not be established: SQLSTATE[HY000] [1045] Access denied for user 'counterdkw'@'localhost' (using password: YES) in C:\Apache24\htdocs\chestcounter\vendor\cakephp\cakephp\src\Database\Driver.php on line 201
Exception Attributes: array (
  'driver' => 'Mysql',
  'reason' => 'SQLSTATE[HY000] [1045] Access denied for user \'counterdkw\'@\'localhost\' (using password: YES)',
)
Stack Trace:
- CORE\src\Database\Driver\Mysql.php:158
- CORE\src\Database\Schema\SchemaDialect.php:51
- CORE\src\Database\Driver\Mysql.php:204
- CORE\src\Database\Schema\Collection.php:172
- CORE\src\Database\Schema\Collection.php:151
- CORE\src\Database\Schema\Collection.php:116
- CORE\src\Database\Schema\CachedCollection.php:92
- CORE\src\ORM\Table.php:524
- CORE\src\ORM\Query\CommonQueryTrait.php:48
- CORE\src\ORM\Query\SelectQuery.php:202
- CORE\src\ORM\Query\QueryFactory.php:34
- CORE\src\ORM\Table.php:1737
- CORE\src\ORM\Table.php:1274
- APP/Controller\CollectedChestsController.php:111
- CORE\src\Controller\Controller.php:505
- CORE\src\Controller\ControllerFactory.php:166
- CORE\src\Controller\ControllerFactory.php:141
- CORE\src\Http\BaseApplication.php:362
- CORE\src\Http\Runner.php:86
- CORE\src\Http\Middleware\CsrfProtectionMiddleware.php:169
- CORE\src\Http\Runner.php:82
- ROOT\vendor\cakephp\authentication\src\Middleware\AuthenticationMiddleware.php:106
- CORE\src\Http\Runner.php:82
- CORE\src\Http\Middleware\BodyParserMiddleware.php:157
- CORE\src\Http\Runner.php:82
- CORE\src\Routing\Middleware\RoutingMiddleware.php:118
- CORE\src\Http\Runner.php:82
- CORE\src\Routing\Middleware\AssetMiddleware.php:69
- CORE\src\Http\Runner.php:82
- CORE\src\Error\Middleware\ErrorHandlerMiddleware.php:115
- CORE\src\Http\Runner.php:82
- CORE\src\Http\Runner.php:60
- CORE\src\Http\Server.php:104
- ROOT\webroot\index.php:37
- [main]:

Caused by: [PDOException] SQLSTATE[HY000] [1045] Access denied for user 'counterdkw'@'localhost' (using password: YES) in C:\Apache24\htdocs\chestcounter\vendor\cakephp\cakephp\src\Database\Driver.php on line 190
Stack Trace:
- CORE\src\Database\Driver.php:190
- CORE\src\Core\Retry\CommandRetry.php:71
- CORE\src\Database\Driver.php:199
- CORE\src\Database\Driver\Mysql.php:158
- CORE\src\Database\Schema\SchemaDialect.php:51
- CORE\src\Database\Driver\Mysql.php:204
- CORE\src\Database\Schema\Collection.php:172
- CORE\src\Database\Schema\Collection.php:151
- CORE\src\Database\Schema\Collection.php:116
- CORE\src\Database\Schema\CachedCollection.php:92
- CORE\src\ORM\Table.php:524
- CORE\src\ORM\Query\CommonQueryTrait.php:48
- CORE\src\ORM\Query\SelectQuery.php:202
- CORE\src\ORM\Query\QueryFactory.php:34
- CORE\src\ORM\Table.php:1737
- CORE\src\ORM\Table.php:1274
- APP/Controller\CollectedChestsController.php:111
- CORE\src\Controller\Controller.php:505
- CORE\src\Controller\ControllerFactory.php:166
- CORE\src\Controller\ControllerFactory.php:141
- CORE\src\Http\BaseApplication.php:362
- CORE\src\Http\Runner.php:86
- CORE\src\Http\Middleware\CsrfProtectionMiddleware.php:169
- CORE\src\Http\Runner.php:82
- ROOT\vendor\cakephp\authentication\src\Middleware\AuthenticationMiddleware.php:106
- CORE\src\Http\Runner.php:82
- CORE\src\Http\Middleware\BodyParserMiddleware.php:157
- CORE\src\Http\Runner.php:82
- CORE\src\Routing\Middleware\RoutingMiddleware.php:118
- CORE\src\Http\Runner.php:82
- CORE\src\Routing\Middleware\AssetMiddleware.php:69
- CORE\src\Http\Runner.php:82
- CORE\src\Error\Middleware\ErrorHandlerMiddleware.php:115
- CORE\src\Http\Runner.php:82
- CORE\src\Http\Runner.php:60
- CORE\src\Http\Server.php:104
- ROOT\webroot\index.php:37
- [main]:

Request URL: /score
Client IP: 127.0.0.1
2025-05-27 02:33:49 error: [Cake\Http\Exception\MissingControllerException] Controller class `Merge_players` could not be found. in C:\Apache24\htdocs\chestcounter\vendor\cakephp\cakephp\src\Controller\ControllerFactory.php on line 335
Exception Attributes: array (
  'controller' => 'Merge_players',
  'plugin' => NULL,
  'prefix' => NULL,
  '_ext' => NULL,
)
Stack Trace:
- CORE\src\Controller\ControllerFactory.php:77
- CORE\src\Http\BaseApplication.php:360
- CORE\src\Http\Runner.php:86
- CORE\src\Http\Middleware\CsrfProtectionMiddleware.php:169
- CORE\src\Http\Runner.php:82
- ROOT\vendor\cakephp\authentication\src\Middleware\AuthenticationMiddleware.php:106
- CORE\src\Http\Runner.php:82
- CORE\src\Http\Middleware\BodyParserMiddleware.php:157
- CORE\src\Http\Runner.php:82
- CORE\src\Routing\Middleware\RoutingMiddleware.php:118
- CORE\src\Http\Runner.php:82
- CORE\src\Routing\Middleware\AssetMiddleware.php:69
- CORE\src\Http\Runner.php:82
- CORE\src\Error\Middleware\ErrorHandlerMiddleware.php:115
- CORE\src\Http\Runner.php:82
- CORE\src\Http\Runner.php:60
- CORE\src\Http\Server.php:104
- ROOT\webroot\index.php:37
- [main]:

Request URL: /merge_players
Client IP: 127.0.0.1
2025-05-27 02:33:54 error: [Cake\Http\Exception\MissingControllerException] Controller class `MergePlayers` could not be found. in C:\Apache24\htdocs\chestcounter\vendor\cakephp\cakephp\src\Controller\ControllerFactory.php on line 335
Exception Attributes: array (
  'controller' => 'MergePlayers',
  'plugin' => NULL,
  'prefix' => NULL,
  '_ext' => NULL,
)
Stack Trace:
- CORE\src\Controller\ControllerFactory.php:77
- CORE\src\Http\BaseApplication.php:360
- CORE\src\Http\Runner.php:86
- CORE\src\Http\Middleware\CsrfProtectionMiddleware.php:169
- CORE\src\Http\Runner.php:82
- ROOT\vendor\cakephp\authentication\src\Middleware\AuthenticationMiddleware.php:106
- CORE\src\Http\Runner.php:82
- CORE\src\Http\Middleware\BodyParserMiddleware.php:157
- CORE\src\Http\Runner.php:82
- CORE\src\Routing\Middleware\RoutingMiddleware.php:118
- CORE\src\Http\Runner.php:82
- CORE\src\Routing\Middleware\AssetMiddleware.php:69
- CORE\src\Http\Runner.php:82
- CORE\src\Error\Middleware\ErrorHandlerMiddleware.php:115
- CORE\src\Http\Runner.php:82
- CORE\src\Http\Runner.php:60
- CORE\src\Http\Server.php:104
- ROOT\webroot\index.php:37
- [main]:

Request URL: /merge-players
Client IP: 127.0.0.1
2025-05-27 02:33:59 error: [Cake\Http\Exception\MissingControllerException] Controller class `Mergeplayers` could not be found. in C:\Apache24\htdocs\chestcounter\vendor\cakephp\cakephp\src\Controller\ControllerFactory.php on line 335
Exception Attributes: array (
  'controller' => 'Mergeplayers',
  'plugin' => NULL,
  'prefix' => NULL,
  '_ext' => NULL,
)
Stack Trace:
- CORE\src\Controller\ControllerFactory.php:77
- CORE\src\Http\BaseApplication.php:360
- CORE\src\Http\Runner.php:86
- CORE\src\Http\Middleware\CsrfProtectionMiddleware.php:169
- CORE\src\Http\Runner.php:82
- ROOT\vendor\cakephp\authentication\src\Middleware\AuthenticationMiddleware.php:106
- CORE\src\Http\Runner.php:82
- CORE\src\Http\Middleware\BodyParserMiddleware.php:157
- CORE\src\Http\Runner.php:82
- CORE\src\Routing\Middleware\RoutingMiddleware.php:118
- CORE\src\Http\Runner.php:82
- CORE\src\Routing\Middleware\AssetMiddleware.php:69
- CORE\src\Http\Runner.php:82
- CORE\src\Error\Middleware\ErrorHandlerMiddleware.php:115
- CORE\src\Http\Runner.php:82
- CORE\src\Http\Runner.php:60
- CORE\src\Http\Server.php:104
- ROOT\webroot\index.php:37
- [main]:

Request URL: /mergeplayers
Client IP: 127.0.0.1
2025-05-27 02:34:14 error: [Cake\Http\Exception\MissingControllerException] Controller class `MergePlayers` could not be found. in C:\Apache24\htdocs\chestcounter\vendor\cakephp\cakephp\src\Controller\ControllerFactory.php on line 335
Exception Attributes: array (
  'controller' => 'MergePlayers',
  'plugin' => NULL,
  'prefix' => NULL,
  '_ext' => NULL,
)
Stack Trace:
- CORE\src\Controller\ControllerFactory.php:77
- CORE\src\Http\BaseApplication.php:360
- CORE\src\Http\Runner.php:86
- CORE\src\Http\Middleware\CsrfProtectionMiddleware.php:169
- CORE\src\Http\Runner.php:82
- ROOT\vendor\cakephp\authentication\src\Middleware\AuthenticationMiddleware.php:106
- CORE\src\Http\Runner.php:82
- CORE\src\Http\Middleware\BodyParserMiddleware.php:157
- CORE\src\Http\Runner.php:82
- CORE\src\Routing\Middleware\RoutingMiddleware.php:118
- CORE\src\Http\Runner.php:82
- CORE\src\Routing\Middleware\AssetMiddleware.php:69
- CORE\src\Http\Runner.php:82
- CORE\src\Error\Middleware\ErrorHandlerMiddleware.php:115
- CORE\src\Http\Runner.php:82
- CORE\src\Http\Runner.php:60
- CORE\src\Http\Server.php:104
- ROOT\webroot\index.php:37
- [main]:

Request URL: /merge-players
Client IP: 127.0.0.1
2025-05-27 02:34:38 error: [Error] Call to a member function skipAuthorization() on null in C:\Apache24\htdocs\chestcounter\src\Controller\CollectedChestsController.php on line 229
Stack Trace:
- CORE\src\Controller\Controller.php:505
- CORE\src\Controller\ControllerFactory.php:166
- CORE\src\Controller\ControllerFactory.php:141
- CORE\src\Http\BaseApplication.php:362
- CORE\src\Http\Runner.php:86
- CORE\src\Http\Middleware\CsrfProtectionMiddleware.php:169
- CORE\src\Http\Runner.php:82
- ROOT\vendor\cakephp\authentication\src\Middleware\AuthenticationMiddleware.php:106
- CORE\src\Http\Runner.php:82
- CORE\src\Http\Middleware\BodyParserMiddleware.php:157
- CORE\src\Http\Runner.php:82
- CORE\src\Routing\Middleware\RoutingMiddleware.php:118
- CORE\src\Http\Runner.php:82
- CORE\src\Routing\Middleware\AssetMiddleware.php:69
- CORE\src\Http\Runner.php:82
- CORE\src\Error\Middleware\ErrorHandlerMiddleware.php:115
- CORE\src\Http\Runner.php:82
- CORE\src\Http\Runner.php:60
- CORE\src\Http\Server.php:104
- ROOT\webroot\index.php:37
- [main]:

Request URL: /collectedChests/merge-players
Client IP: 127.0.0.1
2025-05-27 02:34:38 warning: Unable to emit headers. Headers sent in file=C:\Apache24\htdocs\chestcounter\vendor\cakephp\cakephp\src\Error\Renderer\HtmlErrorRenderer.php line=37
Request URL: /collectedChests/merge-players
Client IP: 127.0.0.1
Trace:
Cake\Error\ErrorTrap->handleError() [internal], line ??
C:\Apache24\htdocs\chestcounter\vendor\cakephp\cakephp\src\Http\ResponseEmitter.php C:\Apache24\htdocs\chestcounter\vendor\cakephp\cakephp\src\Http\ResponseEmitter.php, line 65
Cake\Http\ResponseEmitter->emit() C:\Apache24\htdocs\chestcounter\vendor\cakephp\cakephp\src\Http\Server.php, line 148
Cake\Http\Server->emit() C:\Apache24\htdocs\chestcounter\webroot\index.php, line 37
[main]

2025-05-27 02:34:38 warning: Cannot modify header information - headers already sent by (output started at C:\Apache24\htdocs\chestcounter\vendor\cakephp\cakephp\src\Error\Renderer\HtmlErrorRenderer.php:37)
Request URL: /collectedChests/merge-players
Client IP: 127.0.0.1
Trace:
Cake\Error\ErrorTrap->handleError() [internal], line ??
C:\Apache24\htdocs\chestcounter\vendor\cakephp\cakephp\src\Http\ResponseEmitter.php C:\Apache24\htdocs\chestcounter\vendor\cakephp\cakephp\src\Http\ResponseEmitter.php, line 159
Cake\Http\ResponseEmitter->emitStatusLine() C:\Apache24\htdocs\chestcounter\vendor\cakephp\cakephp\src\Http\ResponseEmitter.php, line 68
Cake\Http\ResponseEmitter->emit() C:\Apache24\htdocs\chestcounter\vendor\cakephp\cakephp\src\Http\Server.php, line 148
Cake\Http\Server->emit() C:\Apache24\htdocs\chestcounter\webroot\index.php, line 37
[main]

2025-05-27 02:34:38 warning: Cannot modify header information - headers already sent by (output started at C:\Apache24\htdocs\chestcounter\vendor\cakephp\cakephp\src\Error\Renderer\HtmlErrorRenderer.php:37)
Request URL: /collectedChests/merge-players
Client IP: 127.0.0.1
Trace:
Cake\Error\ErrorTrap->handleError() [internal], line ??
C:\Apache24\htdocs\chestcounter\vendor\cakephp\cakephp\src\Http\ResponseEmitter.php C:\Apache24\htdocs\chestcounter\vendor\cakephp\cakephp\src\Http\ResponseEmitter.php, line 192
Cake\Http\ResponseEmitter->emitHeaders() C:\Apache24\htdocs\chestcounter\vendor\cakephp\cakephp\src\Http\ResponseEmitter.php, line 69
Cake\Http\ResponseEmitter->emit() C:\Apache24\htdocs\chestcounter\vendor\cakephp\cakephp\src\Http\Server.php, line 148
Cake\Http\Server->emit() C:\Apache24\htdocs\chestcounter\webroot\index.php, line 37
[main]

2025-05-27 02:36:39 error: [Error] Call to undefined method Cake\ORM\Query\SelectQuery::update() in C:\Apache24\htdocs\chestcounter\src\Controller\CollectedChestsController.php on line 250
Stack Trace:
- CORE\src\Controller\Controller.php:505
- CORE\src\Controller\ControllerFactory.php:166
- CORE\src\Controller\ControllerFactory.php:141
- CORE\src\Http\BaseApplication.php:362
- CORE\src\Http\Runner.php:86
- CORE\src\Http\Middleware\CsrfProtectionMiddleware.php:169
- CORE\src\Http\Runner.php:82
- ROOT\vendor\cakephp\authentication\src\Middleware\AuthenticationMiddleware.php:106
- CORE\src\Http\Runner.php:82
- CORE\src\Http\Middleware\BodyParserMiddleware.php:162
- CORE\src\Http\Runner.php:82
- CORE\src\Routing\Middleware\RoutingMiddleware.php:118
- CORE\src\Http\Runner.php:82
- CORE\src\Routing\Middleware\AssetMiddleware.php:69
- CORE\src\Http\Runner.php:82
- CORE\src\Error\Middleware\ErrorHandlerMiddleware.php:115
- CORE\src\Http\Runner.php:82
- CORE\src\Http\Runner.php:60
- CORE\src\Http\Server.php:104
- ROOT\webroot\index.php:37
- [main]:

Request URL: /collected-chests/merge-players
Referer URL: http://127.0.0.1/chestcounter/collectedChests/merge-players
Client IP: 127.0.0.1
2025-05-27 02:39:21 warning: Undefined variable $collectedChestsTable
Request URL: /collected-chests/merge-players
Referer URL: http://127.0.0.1/chestcounter/collected-chests/merge-players
Client IP: 127.0.0.1
Trace:
Cake\Error\ErrorTrap->handleError() C:\Apache24\htdocs\chestcounter\src\Controller\CollectedChestsController.php, line 248
App\Controller\CollectedChestsController->mergePlayers() C:\Apache24\htdocs\chestcounter\vendor\cakephp\cakephp\src\Controller\Controller.php, line 505
Cake\Controller\Controller->invokeAction() C:\Apache24\htdocs\chestcounter\vendor\cakephp\cakephp\src\Controller\ControllerFactory.php, line 166
Cake\Controller\ControllerFactory->handle() C:\Apache24\htdocs\chestcounter\vendor\cakephp\cakephp\src\Controller\ControllerFactory.php, line 141
Cake\Controller\ControllerFactory->invoke() C:\Apache24\htdocs\chestcounter\vendor\cakephp\cakephp\src\Http\BaseApplication.php, line 362
Cake\Http\BaseApplication->handle() C:\Apache24\htdocs\chestcounter\vendor\cakephp\cakephp\src\Http\Runner.php, line 86
Cake\Http\Runner->handle() C:\Apache24\htdocs\chestcounter\vendor\cakephp\cakephp\src\Http\Middleware\CsrfProtectionMiddleware.php, line 169
Cake\Http\Middleware\CsrfProtectionMiddleware->process() C:\Apache24\htdocs\chestcounter\vendor\cakephp\cakephp\src\Http\Runner.php, line 82
Cake\Http\Runner->handle() C:\Apache24\htdocs\chestcounter\vendor\cakephp\authentication\src\Middleware\AuthenticationMiddleware.php, line 106
Authentication\Middleware\AuthenticationMiddleware->process() C:\Apache24\htdocs\chestcounter\vendor\cakephp\cakephp\src\Http\Runner.php, line 82
Cake\Http\Runner->handle() C:\Apache24\htdocs\chestcounter\vendor\cakephp\cakephp\src\Http\Middleware\BodyParserMiddleware.php, line 162
Cake\Http\Middleware\BodyParserMiddleware->process() C:\Apache24\htdocs\chestcounter\vendor\cakephp\cakephp\src\Http\Runner.php, line 82
Cake\Http\Runner->handle() C:\Apache24\htdocs\chestcounter\vendor\cakephp\cakephp\src\Routing\Middleware\RoutingMiddleware.php, line 118
Cake\Routing\Middleware\RoutingMiddleware->process() C:\Apache24\htdocs\chestcounter\vendor\cakephp\cakephp\src\Http\Runner.php, line 82
Cake\Http\Runner->handle() C:\Apache24\htdocs\chestcounter\vendor\cakephp\cakephp\src\Routing\Middleware\AssetMiddleware.php, line 69
Cake\Routing\Middleware\AssetMiddleware->process() C:\Apache24\htdocs\chestcounter\vendor\cakephp\cakephp\src\Http\Runner.php, line 82
Cake\Http\Runner->handle() C:\Apache24\htdocs\chestcounter\vendor\cakephp\cakephp\src\Error\Middleware\ErrorHandlerMiddleware.php, line 115
Cake\Error\Middleware\ErrorHandlerMiddleware->process() C:\Apache24\htdocs\chestcounter\vendor\cakephp\cakephp\src\Http\Runner.php, line 82
Cake\Http\Runner->handle() C:\Apache24\htdocs\chestcounter\vendor\cakephp\cakephp\src\Http\Runner.php, line 60
Cake\Http\Runner->run() C:\Apache24\htdocs\chestcounter\vendor\cakephp\cakephp\src\Http\Server.php, line 104
Cake\Http\Server->run() C:\Apache24\htdocs\chestcounter\webroot\index.php, line 37
[main]

2025-05-27 02:39:21 error: [Error] Call to a member function query() on null in C:\Apache24\htdocs\chestcounter\src\Controller\CollectedChestsController.php on line 248
Stack Trace:
- CORE\src\Controller\Controller.php:505
- CORE\src\Controller\ControllerFactory.php:166
- CORE\src\Controller\ControllerFactory.php:141
- CORE\src\Http\BaseApplication.php:362
- CORE\src\Http\Runner.php:86
- CORE\src\Http\Middleware\CsrfProtectionMiddleware.php:169
- CORE\src\Http\Runner.php:82
- ROOT\vendor\cakephp\authentication\src\Middleware\AuthenticationMiddleware.php:106
- CORE\src\Http\Runner.php:82
- CORE\src\Http\Middleware\BodyParserMiddleware.php:162
- CORE\src\Http\Runner.php:82
- CORE\src\Routing\Middleware\RoutingMiddleware.php:118
- CORE\src\Http\Runner.php:82
- CORE\src\Routing\Middleware\AssetMiddleware.php:69
- CORE\src\Http\Runner.php:82
- CORE\src\Error\Middleware\ErrorHandlerMiddleware.php:115
- CORE\src\Http\Runner.php:82
- CORE\src\Http\Runner.php:60
- CORE\src\Http\Server.php:104
- ROOT\webroot\index.php:37
- [main]:

Request URL: /collected-chests/merge-players
Referer URL: http://127.0.0.1/chestcounter/collected-chests/merge-players
Client IP: 127.0.0.1
2025-05-27 02:39:21 warning: Unable to emit headers. Headers sent in file=C:\Apache24\htdocs\chestcounter\vendor\cakephp\cakephp\src\Error\Renderer\HtmlErrorRenderer.php line=37
Request URL: /collected-chests/merge-players
Referer URL: http://127.0.0.1/chestcounter/collected-chests/merge-players
Client IP: 127.0.0.1
Trace:
Cake\Error\ErrorTrap->handleError() [internal], line ??
C:\Apache24\htdocs\chestcounter\vendor\cakephp\cakephp\src\Http\ResponseEmitter.php C:\Apache24\htdocs\chestcounter\vendor\cakephp\cakephp\src\Http\ResponseEmitter.php, line 65
Cake\Http\ResponseEmitter->emit() C:\Apache24\htdocs\chestcounter\vendor\cakephp\cakephp\src\Http\Server.php, line 148
Cake\Http\Server->emit() C:\Apache24\htdocs\chestcounter\webroot\index.php, line 37
[main]

2025-05-27 02:39:21 warning: Cannot modify header information - headers already sent by (output started at C:\Apache24\htdocs\chestcounter\vendor\cakephp\cakephp\src\Error\Renderer\HtmlErrorRenderer.php:37)
Request URL: /collected-chests/merge-players
Referer URL: http://127.0.0.1/chestcounter/collected-chests/merge-players
Client IP: 127.0.0.1
Trace:
Cake\Error\ErrorTrap->handleError() [internal], line ??
C:\Apache24\htdocs\chestcounter\vendor\cakephp\cakephp\src\Http\ResponseEmitter.php C:\Apache24\htdocs\chestcounter\vendor\cakephp\cakephp\src\Http\ResponseEmitter.php, line 159
Cake\Http\ResponseEmitter->emitStatusLine() C:\Apache24\htdocs\chestcounter\vendor\cakephp\cakephp\src\Http\ResponseEmitter.php, line 68
Cake\Http\ResponseEmitter->emit() C:\Apache24\htdocs\chestcounter\vendor\cakephp\cakephp\src\Http\Server.php, line 148
Cake\Http\Server->emit() C:\Apache24\htdocs\chestcounter\webroot\index.php, line 37
[main]

2025-05-27 02:39:21 warning: Cannot modify header information - headers already sent by (output started at C:\Apache24\htdocs\chestcounter\vendor\cakephp\cakephp\src\Error\Renderer\HtmlErrorRenderer.php:37)
Request URL: /collected-chests/merge-players
Referer URL: http://127.0.0.1/chestcounter/collected-chests/merge-players
Client IP: 127.0.0.1
Trace:
Cake\Error\ErrorTrap->handleError() [internal], line ??
C:\Apache24\htdocs\chestcounter\vendor\cakephp\cakephp\src\Http\ResponseEmitter.php C:\Apache24\htdocs\chestcounter\vendor\cakephp\cakephp\src\Http\ResponseEmitter.php, line 192
Cake\Http\ResponseEmitter->emitHeaders() C:\Apache24\htdocs\chestcounter\vendor\cakephp\cakephp\src\Http\ResponseEmitter.php, line 69
Cake\Http\ResponseEmitter->emit() C:\Apache24\htdocs\chestcounter\vendor\cakephp\cakephp\src\Http\Server.php, line 148
Cake\Http\Server->emit() C:\Apache24\htdocs\chestcounter\webroot\index.php, line 37
[main]

2025-05-27 02:40:24 error: [Error] Call to undefined method Cake\ORM\Query\SelectQuery::update() in C:\Apache24\htdocs\chestcounter\src\Controller\CollectedChestsController.php on line 250
Stack Trace:
- CORE\src\Controller\Controller.php:505
- CORE\src\Controller\ControllerFactory.php:166
- CORE\src\Controller\ControllerFactory.php:141
- CORE\src\Http\BaseApplication.php:362
- CORE\src\Http\Runner.php:86
- CORE\src\Http\Middleware\CsrfProtectionMiddleware.php:169
- CORE\src\Http\Runner.php:82
- ROOT\vendor\cakephp\authentication\src\Middleware\AuthenticationMiddleware.php:106
- CORE\src\Http\Runner.php:82
- CORE\src\Http\Middleware\BodyParserMiddleware.php:162
- CORE\src\Http\Runner.php:82
- CORE\src\Routing\Middleware\RoutingMiddleware.php:118
- CORE\src\Http\Runner.php:82
- CORE\src\Routing\Middleware\AssetMiddleware.php:69
- CORE\src\Http\Runner.php:82
- CORE\src\Error\Middleware\ErrorHandlerMiddleware.php:115
- CORE\src\Http\Runner.php:82
- CORE\src\Http\Runner.php:60
- CORE\src\Http\Server.php:104
- ROOT\webroot\index.php:37
- [main]:

Request URL: /collected-chests/merge-players
Referer URL: http://127.0.0.1/chestcounter/collected-chests/merge-players
Client IP: 127.0.0.1
2025-05-30 01:27:06 error: [Error] Call to undefined method App\Model\Entity\CollectedChest::i18nFormat() in C:\Apache24\htdocs\chestcounter\templates\CollectedChests\score.php on line 139
Stack Trace:
- CORE\src\View\View.php:1188
- CORE\src\View\View.php:1145
- CORE\src\View\View.php:785
- CORE\src\Controller\Controller.php:712
- CORE\src\Controller\Controller.php:516
- CORE\src\Controller\ControllerFactory.php:166
- CORE\src\Controller\ControllerFactory.php:141
- CORE\src\Http\BaseApplication.php:362
- CORE\src\Http\Runner.php:86
- CORE\src\Http\Middleware\CsrfProtectionMiddleware.php:169
- CORE\src\Http\Runner.php:82
- ROOT\vendor\cakephp\authentication\src\Middleware\AuthenticationMiddleware.php:106
- CORE\src\Http\Runner.php:82
- CORE\src\Http\Middleware\BodyParserMiddleware.php:157
- CORE\src\Http\Runner.php:82
- CORE\src\Routing\Middleware\RoutingMiddleware.php:118
- CORE\src\Http\Runner.php:82
- CORE\src\Routing\Middleware\AssetMiddleware.php:69
- CORE\src\Http\Runner.php:82
- CORE\src\Error\Middleware\ErrorHandlerMiddleware.php:115
- CORE\src\Http\Runner.php:82
- CORE\src\Http\Runner.php:60
- CORE\src\Http\Server.php:104
- ROOT\webroot\index.php:37
- [main]:

Request URL: /score
Client IP: 127.0.0.1
2025-05-30 02:16:36 error: [TypeError] Cake\Chronos\Chronos::parse(): Argument #1 ($time) must be of type Cake\Chronos\ChronosDate|Cake\Chronos\ChronosTime|DateTimeInterface|string|int|null, float given, called in C:\Apache24\htdocs\chestcounter\src\Controller\MembersController.php on line 130 in C:\Apache24\htdocs\chestcounter\vendor\cakephp\chronos\src\Chronos.php on line 469
Stack Trace:
- APP/Controller\MembersController.php:130
- CORE\src\Controller\Controller.php:505
- CORE\src\Controller\ControllerFactory.php:166
- CORE\src\Controller\ControllerFactory.php:141
- CORE\src\Http\BaseApplication.php:362
- CORE\src\Http\Runner.php:86
- CORE\src\Http\Middleware\CsrfProtectionMiddleware.php:169
- CORE\src\Http\Runner.php:82
- ROOT\vendor\cakephp\authentication\src\Middleware\AuthenticationMiddleware.php:106
- CORE\src\Http\Runner.php:82
- CORE\src\Http\Middleware\BodyParserMiddleware.php:157
- CORE\src\Http\Runner.php:82
- CORE\src\Routing\Middleware\RoutingMiddleware.php:118
- CORE\src\Http\Runner.php:82
- CORE\src\Routing\Middleware\AssetMiddleware.php:69
- CORE\src\Http\Runner.php:82
- CORE\src\Error\Middleware\ErrorHandlerMiddleware.php:115
- CORE\src\Http\Runner.php:82
- CORE\src\Http\Runner.php:60
- CORE\src\Http\Server.php:104
- ROOT\webroot\index.php:37
- [main]:

Request URL: /members/updateFromCollectedChests
Client IP: 127.0.0.1
2025-05-30 02:17:46 error: [Cake\Database\Exception\QueryException] SQLSTATE[42S22]: Column not found: 1054 Unknown column 'name' in 'where clause'
Query: SELECT Members.id AS Members__id, Members.player AS Members__player, Members.power AS Members__power, Members.guards AS Members__guards, Members.specialists AS Members__specialists, Members.monsters AS Members__monsters, Members.engineers AS Members__engineers, Members.active AS Members__active, Members.created_at AS Members__created_at, Members.modified_at AS Members__modified_at FROM members Members WHERE name = 'Anfiren RG' LIMIT 1 in C:\Apache24\htdocs\chestcounter\vendor\cakephp\cakephp\src\Database\Driver.php on line 382
Stack Trace:
- CORE\src\Database\Driver.php:329
- CORE\src\Database\Driver\Mysql.php:178
- CORE\src\Database\Connection.php:280
- CORE\src\Core\Retry\CommandRetry.php:71
- CORE\src\Database\Connection.php:280
- CORE\src\Database\Query.php:223
- CORE\src\Database\Query\SelectQuery.php:122
- CORE\src\ORM\Query\SelectQuery.php:1570
- CORE\src\ORM\Query\SelectQuery.php:382
- CORE\src\ORM\Query\SelectQuery.php:586
- APP/Controller\MembersController.php:144
- CORE\src\Controller\Controller.php:505
- CORE\src\Controller\ControllerFactory.php:166
- CORE\src\Controller\ControllerFactory.php:141
- CORE\src\Http\BaseApplication.php:362
- CORE\src\Http\Runner.php:86
- CORE\src\Http\Middleware\CsrfProtectionMiddleware.php:169
- CORE\src\Http\Runner.php:82
- ROOT\vendor\cakephp\authentication\src\Middleware\AuthenticationMiddleware.php:106
- CORE\src\Http\Runner.php:82
- CORE\src\Http\Middleware\BodyParserMiddleware.php:157
- CORE\src\Http\Runner.php:82
- CORE\src\Routing\Middleware\RoutingMiddleware.php:118
- CORE\src\Http\Runner.php:82
- CORE\src\Routing\Middleware\AssetMiddleware.php:69
- CORE\src\Http\Runner.php:82
- CORE\src\Error\Middleware\ErrorHandlerMiddleware.php:115
- CORE\src\Http\Runner.php:82
- CORE\src\Http\Runner.php:60
- CORE\src\Http\Server.php:104
- ROOT\webroot\index.php:37
- [main]:

Caused by: [PDOException] SQLSTATE[42S22]: Column not found: 1054 Unknown column 'name' in 'where clause' in C:\Apache24\htdocs\chestcounter\vendor\cakephp\cakephp\src\Database\Statement\Statement.php on line 146
Stack Trace:
- CORE\src\Database\Statement\Statement.php:146
- CORE\src\Database\Driver.php:327
- CORE\src\Database\Driver\Mysql.php:178
- CORE\src\Database\Connection.php:280
- CORE\src\Core\Retry\CommandRetry.php:71
- CORE\src\Database\Connection.php:280
- CORE\src\Database\Query.php:223
- CORE\src\Database\Query\SelectQuery.php:122
- CORE\src\ORM\Query\SelectQuery.php:1570
- CORE\src\ORM\Query\SelectQuery.php:382
- CORE\src\ORM\Query\SelectQuery.php:586
- APP/Controller\MembersController.php:144
- CORE\src\Controller\Controller.php:505
- CORE\src\Controller\ControllerFactory.php:166
- CORE\src\Controller\ControllerFactory.php:141
- CORE\src\Http\BaseApplication.php:362
- CORE\src\Http\Runner.php:86
- CORE\src\Http\Middleware\CsrfProtectionMiddleware.php:169
- CORE\src\Http\Runner.php:82
- ROOT\vendor\cakephp\authentication\src\Middleware\AuthenticationMiddleware.php:106
- CORE\src\Http\Runner.php:82
- CORE\src\Http\Middleware\BodyParserMiddleware.php:157
- CORE\src\Http\Runner.php:82
- CORE\src\Routing\Middleware\RoutingMiddleware.php:118
- CORE\src\Http\Runner.php:82
- CORE\src\Routing\Middleware\AssetMiddleware.php:69
- CORE\src\Http\Runner.php:82
- CORE\src\Error\Middleware\ErrorHandlerMiddleware.php:115
- CORE\src\Http\Runner.php:82
- CORE\src\Http\Runner.php:60
- CORE\src\Http\Server.php:104
- ROOT\webroot\index.php:37
- [main]:

Request URL: /members/updateFromCollectedChests
Client IP: 127.0.0.1
2025-05-30 02:24:47 error: [Cake\Database\Exception\QueryException] SQLSTATE[HY000]: General error: 1364 Field 'modified_at' doesn't have a default value
Query: INSERT INTO members (player, power, guards, specialists, monsters, engineers, active) VALUES ('Anfiren RG', 0, 0, 0, 0, 0, 1) in C:\Apache24\htdocs\chestcounter\vendor\cakephp\cakephp\src\Database\Driver.php on line 382
Stack Trace:
- CORE\src\Database\Driver.php:329
- CORE\src\Database\Driver\Mysql.php:183
- CORE\src\Database\Connection.php:280
- CORE\src\Core\Retry\CommandRetry.php:71
- CORE\src\Database\Connection.php:280
- CORE\src\Database\Query.php:223
- CORE\src\ORM\Table.php:2163
- CORE\src\ORM\Table.php:2056
- CORE\src\ORM\Table.php:1951
- CORE\src\ORM\Table.php:1582
- CORE\src\Database\Connection.php:649
- CORE\src\ORM\Table.php:1582
- CORE\src\ORM\Table.php:1950
- APP/Controller\MembersController.php:182
- CORE\src\Controller\Controller.php:505
- CORE\src\Controller\ControllerFactory.php:166
- CORE\src\Controller\ControllerFactory.php:141
- CORE\src\Http\BaseApplication.php:362
- CORE\src\Http\Runner.php:86
- CORE\src\Http\Middleware\CsrfProtectionMiddleware.php:169
- CORE\src\Http\Runner.php:82
- ROOT\vendor\cakephp\authentication\src\Middleware\AuthenticationMiddleware.php:106
- CORE\src\Http\Runner.php:82
- CORE\src\Http\Middleware\BodyParserMiddleware.php:157
- CORE\src\Http\Runner.php:82
- CORE\src\Routing\Middleware\RoutingMiddleware.php:118
- CORE\src\Http\Runner.php:82
- CORE\src\Routing\Middleware\AssetMiddleware.php:69
- CORE\src\Http\Runner.php:82
- CORE\src\Error\Middleware\ErrorHandlerMiddleware.php:115
- CORE\src\Http\Runner.php:82
- CORE\src\Http\Runner.php:60
- CORE\src\Http\Server.php:104
- ROOT\webroot\index.php:37
- [main]:

Caused by: [PDOException] SQLSTATE[HY000]: General error: 1364 Field 'modified_at' doesn't have a default value in C:\Apache24\htdocs\chestcounter\vendor\cakephp\cakephp\src\Database\Statement\Statement.php on line 146
Stack Trace:
- CORE\src\Database\Statement\Statement.php:146
- CORE\src\Database\Driver.php:327
- CORE\src\Database\Driver\Mysql.php:183
- CORE\src\Database\Connection.php:280
- CORE\src\Core\Retry\CommandRetry.php:71
- CORE\src\Database\Connection.php:280
- CORE\src\Database\Query.php:223
- CORE\src\ORM\Table.php:2163
- CORE\src\ORM\Table.php:2056
- CORE\src\ORM\Table.php:1951
- CORE\src\ORM\Table.php:1582
- CORE\src\Database\Connection.php:649
- CORE\src\ORM\Table.php:1582
- CORE\src\ORM\Table.php:1950
- APP/Controller\MembersController.php:182
- CORE\src\Controller\Controller.php:505
- CORE\src\Controller\ControllerFactory.php:166
- CORE\src\Controller\ControllerFactory.php:141
- CORE\src\Http\BaseApplication.php:362
- CORE\src\Http\Runner.php:86
- CORE\src\Http\Middleware\CsrfProtectionMiddleware.php:169
- CORE\src\Http\Runner.php:82
- ROOT\vendor\cakephp\authentication\src\Middleware\AuthenticationMiddleware.php:106
- CORE\src\Http\Runner.php:82
- CORE\src\Http\Middleware\BodyParserMiddleware.php:157
- CORE\src\Http\Runner.php:82
- CORE\src\Routing\Middleware\RoutingMiddleware.php:118
- CORE\src\Http\Runner.php:82
- CORE\src\Routing\Middleware\AssetMiddleware.php:69
- CORE\src\Http\Runner.php:82
- CORE\src\Error\Middleware\ErrorHandlerMiddleware.php:115
- CORE\src\Http\Runner.php:82
- CORE\src\Http\Runner.php:60
- CORE\src\Http\Server.php:104
- ROOT\webroot\index.php:37
- [main]:

Request URL: /members/updateFromCollectedChests
Client IP: 127.0.0.1
2025-05-30 02:24:48 error: [Cake\Database\Exception\QueryException] SQLSTATE[HY000]: General error: 1364 Field 'modified_at' doesn't have a default value
Query: INSERT INTO members (player, power, guards, specialists, monsters, engineers, active) VALUES ('Anfiren RG', 0, 0, 0, 0, 0, 1) in C:\Apache24\htdocs\chestcounter\vendor\cakephp\cakephp\src\Database\Driver.php on line 382
Stack Trace:
- CORE\src\Database\Driver.php:329
- CORE\src\Database\Driver\Mysql.php:183
- CORE\src\Database\Connection.php:280
- CORE\src\Core\Retry\CommandRetry.php:71
- CORE\src\Database\Connection.php:280
- CORE\src\Database\Query.php:223
- CORE\src\ORM\Table.php:2163
- CORE\src\ORM\Table.php:2056
- CORE\src\ORM\Table.php:1951
- CORE\src\ORM\Table.php:1582
- CORE\src\Database\Connection.php:649
- CORE\src\ORM\Table.php:1582
- CORE\src\ORM\Table.php:1950
- APP/Controller\MembersController.php:182
- CORE\src\Controller\Controller.php:505
- CORE\src\Controller\ControllerFactory.php:166
- CORE\src\Controller\ControllerFactory.php:141
- CORE\src\Http\BaseApplication.php:362
- CORE\src\Http\Runner.php:86
- CORE\src\Http\Middleware\CsrfProtectionMiddleware.php:169
- CORE\src\Http\Runner.php:82
- ROOT\vendor\cakephp\authentication\src\Middleware\AuthenticationMiddleware.php:106
- CORE\src\Http\Runner.php:82
- CORE\src\Http\Middleware\BodyParserMiddleware.php:157
- CORE\src\Http\Runner.php:82
- CORE\src\Routing\Middleware\RoutingMiddleware.php:118
- CORE\src\Http\Runner.php:82
- CORE\src\Routing\Middleware\AssetMiddleware.php:69
- CORE\src\Http\Runner.php:82
- CORE\src\Error\Middleware\ErrorHandlerMiddleware.php:115
- CORE\src\Http\Runner.php:82
- CORE\src\Http\Runner.php:60
- CORE\src\Http\Server.php:104
- ROOT\webroot\index.php:37
- [main]:

Caused by: [PDOException] SQLSTATE[HY000]: General error: 1364 Field 'modified_at' doesn't have a default value in C:\Apache24\htdocs\chestcounter\vendor\cakephp\cakephp\src\Database\Statement\Statement.php on line 146
Stack Trace:
- CORE\src\Database\Statement\Statement.php:146
- CORE\src\Database\Driver.php:327
- CORE\src\Database\Driver\Mysql.php:183
- CORE\src\Database\Connection.php:280
- CORE\src\Core\Retry\CommandRetry.php:71
- CORE\src\Database\Connection.php:280
- CORE\src\Database\Query.php:223
- CORE\src\ORM\Table.php:2163
- CORE\src\ORM\Table.php:2056
- CORE\src\ORM\Table.php:1951
- CORE\src\ORM\Table.php:1582
- CORE\src\Database\Connection.php:649
- CORE\src\ORM\Table.php:1582
- CORE\src\ORM\Table.php:1950
- APP/Controller\MembersController.php:182
- CORE\src\Controller\Controller.php:505
- CORE\src\Controller\ControllerFactory.php:166
- CORE\src\Controller\ControllerFactory.php:141
- CORE\src\Http\BaseApplication.php:362
- CORE\src\Http\Runner.php:86
- CORE\src\Http\Middleware\CsrfProtectionMiddleware.php:169
- CORE\src\Http\Runner.php:82
- ROOT\vendor\cakephp\authentication\src\Middleware\AuthenticationMiddleware.php:106
- CORE\src\Http\Runner.php:82
- CORE\src\Http\Middleware\BodyParserMiddleware.php:157
- CORE\src\Http\Runner.php:82
- CORE\src\Routing\Middleware\RoutingMiddleware.php:118
- CORE\src\Http\Runner.php:82
- CORE\src\Routing\Middleware\AssetMiddleware.php:69
- CORE\src\Http\Runner.php:82
- CORE\src\Error\Middleware\ErrorHandlerMiddleware.php:115
- CORE\src\Http\Runner.php:82
- CORE\src\Http\Runner.php:60
- CORE\src\Http\Server.php:104
- ROOT\webroot\index.php:37
- [main]:

Request URL: /members/updateFromCollectedChests
Client IP: 127.0.0.1
2025-05-30 02:25:40 error: [ParseError] syntax error, unexpected token "return" in C:\Apache24\htdocs\chestcounter\src\Model\Table\MembersTable.php on line 90
Stack Trace:
- ROOT\vendor\composer\ClassLoader.php:427
- [internal]:??
- CORE\src\Core\App.php:162
- CORE\src\Core\App.php:69
- CORE\src\ORM\Locator\TableLocator.php:299
- CORE\src\ORM\Locator\TableLocator.php:232
- CORE\src\Datasource\Locator\AbstractLocator.php:68
- CORE\src\ORM\Locator\TableLocator.php:212
- CORE\src\ORM\Locator\LocatorAwareTrait.php:96
- CORE\src\Controller\Controller.php:302
- APP/Controller\MembersController.php:152
- CORE\src\Controller\Controller.php:505
- CORE\src\Controller\ControllerFactory.php:166
- CORE\src\Controller\ControllerFactory.php:141
- CORE\src\Http\BaseApplication.php:362
- CORE\src\Http\Runner.php:86
- CORE\src\Http\Middleware\CsrfProtectionMiddleware.php:169
- CORE\src\Http\Runner.php:82
- ROOT\vendor\cakephp\authentication\src\Middleware\AuthenticationMiddleware.php:106
- CORE\src\Http\Runner.php:82
- CORE\src\Http\Middleware\BodyParserMiddleware.php:157
- CORE\src\Http\Runner.php:82
- CORE\src\Routing\Middleware\RoutingMiddleware.php:118
- CORE\src\Http\Runner.php:82
- CORE\src\Routing\Middleware\AssetMiddleware.php:69
- CORE\src\Http\Runner.php:82
- CORE\src\Error\Middleware\ErrorHandlerMiddleware.php:115
- CORE\src\Http\Runner.php:82
- CORE\src\Http\Runner.php:60
- CORE\src\Http\Server.php:104
- ROOT\webroot\index.php:37
- [main]:

Request URL: /members/updateFromCollectedChests
Client IP: 127.0.0.1
2025-05-30 02:25:59 error: [Cake\Database\Exception\QueryException] SQLSTATE[HY000]: General error: 1364 Field 'modified_at' doesn't have a default value
Query: INSERT INTO members (player, power, guards, specialists, monsters, engineers, active) VALUES ('Anfiren RG', 0, 0, 0, 0, 0, 1) in C:\Apache24\htdocs\chestcounter\vendor\cakephp\cakephp\src\Database\Driver.php on line 382
Stack Trace:
- CORE\src\Database\Driver.php:329
- CORE\src\Database\Driver\Mysql.php:183
- CORE\src\Database\Connection.php:280
- CORE\src\Core\Retry\CommandRetry.php:71
- CORE\src\Database\Connection.php:280
- CORE\src\Database\Query.php:223
- CORE\src\ORM\Table.php:2163
- CORE\src\ORM\Table.php:2056
- CORE\src\ORM\Table.php:1951
- CORE\src\ORM\Table.php:1582
- CORE\src\Database\Connection.php:649
- CORE\src\ORM\Table.php:1582
- CORE\src\ORM\Table.php:1950
- APP/Controller\MembersController.php:182
- CORE\src\Controller\Controller.php:505
- CORE\src\Controller\ControllerFactory.php:166
- CORE\src\Controller\ControllerFactory.php:141
- CORE\src\Http\BaseApplication.php:362
- CORE\src\Http\Runner.php:86
- CORE\src\Http\Middleware\CsrfProtectionMiddleware.php:169
- CORE\src\Http\Runner.php:82
- ROOT\vendor\cakephp\authentication\src\Middleware\AuthenticationMiddleware.php:106
- CORE\src\Http\Runner.php:82
- CORE\src\Http\Middleware\BodyParserMiddleware.php:157
- CORE\src\Http\Runner.php:82
- CORE\src\Routing\Middleware\RoutingMiddleware.php:118
- CORE\src\Http\Runner.php:82
- CORE\src\Routing\Middleware\AssetMiddleware.php:69
- CORE\src\Http\Runner.php:82
- CORE\src\Error\Middleware\ErrorHandlerMiddleware.php:115
- CORE\src\Http\Runner.php:82
- CORE\src\Http\Runner.php:60
- CORE\src\Http\Server.php:104
- ROOT\webroot\index.php:37
- [main]:

Caused by: [PDOException] SQLSTATE[HY000]: General error: 1364 Field 'modified_at' doesn't have a default value in C:\Apache24\htdocs\chestcounter\vendor\cakephp\cakephp\src\Database\Statement\Statement.php on line 146
Stack Trace:
- CORE\src\Database\Statement\Statement.php:146
- CORE\src\Database\Driver.php:327
- CORE\src\Database\Driver\Mysql.php:183
- CORE\src\Database\Connection.php:280
- CORE\src\Core\Retry\CommandRetry.php:71
- CORE\src\Database\Connection.php:280
- CORE\src\Database\Query.php:223
- CORE\src\ORM\Table.php:2163
- CORE\src\ORM\Table.php:2056
- CORE\src\ORM\Table.php:1951
- CORE\src\ORM\Table.php:1582
- CORE\src\Database\Connection.php:649
- CORE\src\ORM\Table.php:1582
- CORE\src\ORM\Table.php:1950
- APP/Controller\MembersController.php:182
- CORE\src\Controller\Controller.php:505
- CORE\src\Controller\ControllerFactory.php:166
- CORE\src\Controller\ControllerFactory.php:141
- CORE\src\Http\BaseApplication.php:362
- CORE\src\Http\Runner.php:86
- CORE\src\Http\Middleware\CsrfProtectionMiddleware.php:169
- CORE\src\Http\Runner.php:82
- ROOT\vendor\cakephp\authentication\src\Middleware\AuthenticationMiddleware.php:106
- CORE\src\Http\Runner.php:82
- CORE\src\Http\Middleware\BodyParserMiddleware.php:157
- CORE\src\Http\Runner.php:82
- CORE\src\Routing\Middleware\RoutingMiddleware.php:118
- CORE\src\Http\Runner.php:82
- CORE\src\Routing\Middleware\AssetMiddleware.php:69
- CORE\src\Http\Runner.php:82
- CORE\src\Error\Middleware\ErrorHandlerMiddleware.php:115
- CORE\src\Http\Runner.php:82
- CORE\src\Http\Runner.php:60
- CORE\src\Http\Server.php:104
- ROOT\webroot\index.php:37
- [main]:

Request URL: /members/updateFromCollectedChests
Client IP: 127.0.0.1
2025-05-30 02:27:54 error: [Cake\Database\Exception\QueryException] SQLSTATE[HY000]: General error: 1364 Field 'modified_at' doesn't have a default value
Query: INSERT INTO members (player, power, guards, specialists, monsters, engineers, active) VALUES ('Anfiren RG', 0, 0, 0, 0, 0, 1) in C:\Apache24\htdocs\chestcounter\vendor\cakephp\cakephp\src\Database\Driver.php on line 382
Stack Trace:
- CORE\src\Database\Driver.php:329
- CORE\src\Database\Driver\Mysql.php:183
- CORE\src\Database\Connection.php:280
- CORE\src\Core\Retry\CommandRetry.php:71
- CORE\src\Database\Connection.php:280
- CORE\src\Database\Query.php:223
- CORE\src\ORM\Table.php:2163
- CORE\src\ORM\Table.php:2056
- CORE\src\ORM\Table.php:1951
- CORE\src\ORM\Table.php:1582
- CORE\src\Database\Connection.php:649
- CORE\src\ORM\Table.php:1582
- CORE\src\ORM\Table.php:1950
- APP/Controller\MembersController.php:182
- CORE\src\Controller\Controller.php:505
- CORE\src\Controller\ControllerFactory.php:166
- CORE\src\Controller\ControllerFactory.php:141
- CORE\src\Http\BaseApplication.php:362
- CORE\src\Http\Runner.php:86
- CORE\src\Http\Middleware\CsrfProtectionMiddleware.php:169
- CORE\src\Http\Runner.php:82
- ROOT\vendor\cakephp\authentication\src\Middleware\AuthenticationMiddleware.php:106
- CORE\src\Http\Runner.php:82
- CORE\src\Http\Middleware\BodyParserMiddleware.php:157
- CORE\src\Http\Runner.php:82
- CORE\src\Routing\Middleware\RoutingMiddleware.php:118
- CORE\src\Http\Runner.php:82
- CORE\src\Routing\Middleware\AssetMiddleware.php:69
- CORE\src\Http\Runner.php:82
- CORE\src\Error\Middleware\ErrorHandlerMiddleware.php:115
- CORE\src\Http\Runner.php:82
- CORE\src\Http\Runner.php:60
- CORE\src\Http\Server.php:104
- ROOT\webroot\index.php:37
- [main]:

Caused by: [PDOException] SQLSTATE[HY000]: General error: 1364 Field 'modified_at' doesn't have a default value in C:\Apache24\htdocs\chestcounter\vendor\cakephp\cakephp\src\Database\Statement\Statement.php on line 146
Stack Trace:
- CORE\src\Database\Statement\Statement.php:146
- CORE\src\Database\Driver.php:327
- CORE\src\Database\Driver\Mysql.php:183
- CORE\src\Database\Connection.php:280
- CORE\src\Core\Retry\CommandRetry.php:71
- CORE\src\Database\Connection.php:280
- CORE\src\Database\Query.php:223
- CORE\src\ORM\Table.php:2163
- CORE\src\ORM\Table.php:2056
- CORE\src\ORM\Table.php:1951
- CORE\src\ORM\Table.php:1582
- CORE\src\Database\Connection.php:649
- CORE\src\ORM\Table.php:1582
- CORE\src\ORM\Table.php:1950
- APP/Controller\MembersController.php:182
- CORE\src\Controller\Controller.php:505
- CORE\src\Controller\ControllerFactory.php:166
- CORE\src\Controller\ControllerFactory.php:141
- CORE\src\Http\BaseApplication.php:362
- CORE\src\Http\Runner.php:86
- CORE\src\Http\Middleware\CsrfProtectionMiddleware.php:169
- CORE\src\Http\Runner.php:82
- ROOT\vendor\cakephp\authentication\src\Middleware\AuthenticationMiddleware.php:106
- CORE\src\Http\Runner.php:82
- CORE\src\Http\Middleware\BodyParserMiddleware.php:157
- CORE\src\Http\Runner.php:82
- CORE\src\Routing\Middleware\RoutingMiddleware.php:118
- CORE\src\Http\Runner.php:82
- CORE\src\Routing\Middleware\AssetMiddleware.php:69
- CORE\src\Http\Runner.php:82
- CORE\src\Error\Middleware\ErrorHandlerMiddleware.php:115
- CORE\src\Http\Runner.php:82
- CORE\src\Http\Runner.php:60
- CORE\src\Http\Server.php:104
- ROOT\webroot\index.php:37
- [main]:

Request URL: /members/updateFromCollectedChests
Client IP: 127.0.0.1
2025-05-30 02:27:59 error: [Cake\Database\Exception\QueryException] SQLSTATE[HY000]: General error: 1364 Field 'modified_at' doesn't have a default value
Query: INSERT INTO members (player, power, guards, specialists, monsters, engineers, active) VALUES ('Anfiren RG', 0, 0, 0, 0, 0, 1) in C:\Apache24\htdocs\chestcounter\vendor\cakephp\cakephp\src\Database\Driver.php on line 382
Stack Trace:
- CORE\src\Database\Driver.php:329
- CORE\src\Database\Driver\Mysql.php:183
- CORE\src\Database\Connection.php:280
- CORE\src\Core\Retry\CommandRetry.php:71
- CORE\src\Database\Connection.php:280
- CORE\src\Database\Query.php:223
- CORE\src\ORM\Table.php:2163
- CORE\src\ORM\Table.php:2056
- CORE\src\ORM\Table.php:1951
- CORE\src\ORM\Table.php:1582
- CORE\src\Database\Connection.php:649
- CORE\src\ORM\Table.php:1582
- CORE\src\ORM\Table.php:1950
- APP/Controller\MembersController.php:182
- CORE\src\Controller\Controller.php:505
- CORE\src\Controller\ControllerFactory.php:166
- CORE\src\Controller\ControllerFactory.php:141
- CORE\src\Http\BaseApplication.php:362
- CORE\src\Http\Runner.php:86
- CORE\src\Http\Middleware\CsrfProtectionMiddleware.php:169
- CORE\src\Http\Runner.php:82
- ROOT\vendor\cakephp\authentication\src\Middleware\AuthenticationMiddleware.php:106
- CORE\src\Http\Runner.php:82
- CORE\src\Http\Middleware\BodyParserMiddleware.php:157
- CORE\src\Http\Runner.php:82
- CORE\src\Routing\Middleware\RoutingMiddleware.php:118
- CORE\src\Http\Runner.php:82
- CORE\src\Routing\Middleware\AssetMiddleware.php:69
- CORE\src\Http\Runner.php:82
- CORE\src\Error\Middleware\ErrorHandlerMiddleware.php:115
- CORE\src\Http\Runner.php:82
- CORE\src\Http\Runner.php:60
- CORE\src\Http\Server.php:104
- ROOT\webroot\index.php:37
- [main]:

Caused by: [PDOException] SQLSTATE[HY000]: General error: 1364 Field 'modified_at' doesn't have a default value in C:\Apache24\htdocs\chestcounter\vendor\cakephp\cakephp\src\Database\Statement\Statement.php on line 146
Stack Trace:
- CORE\src\Database\Statement\Statement.php:146
- CORE\src\Database\Driver.php:327
- CORE\src\Database\Driver\Mysql.php:183
- CORE\src\Database\Connection.php:280
- CORE\src\Core\Retry\CommandRetry.php:71
- CORE\src\Database\Connection.php:280
- CORE\src\Database\Query.php:223
- CORE\src\ORM\Table.php:2163
- CORE\src\ORM\Table.php:2056
- CORE\src\ORM\Table.php:1951
- CORE\src\ORM\Table.php:1582
- CORE\src\Database\Connection.php:649
- CORE\src\ORM\Table.php:1582
- CORE\src\ORM\Table.php:1950
- APP/Controller\MembersController.php:182
- CORE\src\Controller\Controller.php:505
- CORE\src\Controller\ControllerFactory.php:166
- CORE\src\Controller\ControllerFactory.php:141
- CORE\src\Http\BaseApplication.php:362
- CORE\src\Http\Runner.php:86
- CORE\src\Http\Middleware\CsrfProtectionMiddleware.php:169
- CORE\src\Http\Runner.php:82
- ROOT\vendor\cakephp\authentication\src\Middleware\AuthenticationMiddleware.php:106
- CORE\src\Http\Runner.php:82
- CORE\src\Http\Middleware\BodyParserMiddleware.php:157
- CORE\src\Http\Runner.php:82
- CORE\src\Routing\Middleware\RoutingMiddleware.php:118
- CORE\src\Http\Runner.php:82
- CORE\src\Routing\Middleware\AssetMiddleware.php:69
- CORE\src\Http\Runner.php:82
- CORE\src\Error\Middleware\ErrorHandlerMiddleware.php:115
- CORE\src\Http\Runner.php:82
- CORE\src\Http\Runner.php:60
- CORE\src\Http\Server.php:104
- ROOT\webroot\index.php:37
- [main]:

Request URL: /members/updateFromCollectedChests
Client IP: 127.0.0.1
2025-05-30 02:28:21 error: [Cake\Database\Exception\QueryException] SQLSTATE[HY000]: General error: 1364 Field 'modified_at' doesn't have a default value
Query: INSERT INTO members (player, power, guards, specialists, monsters, engineers, active) VALUES ('Anfiren RG', 0, 0, 0, 0, 0, 1) in C:\Apache24\htdocs\chestcounter\vendor\cakephp\cakephp\src\Database\Driver.php on line 382
Stack Trace:
- CORE\src\Database\Driver.php:329
- CORE\src\Database\Driver\Mysql.php:183
- CORE\src\Database\Connection.php:280
- CORE\src\Core\Retry\CommandRetry.php:71
- CORE\src\Database\Connection.php:280
- CORE\src\Database\Query.php:223
- CORE\src\ORM\Table.php:2163
- CORE\src\ORM\Table.php:2056
- CORE\src\ORM\Table.php:1951
- CORE\src\ORM\Table.php:1582
- CORE\src\Database\Connection.php:649
- CORE\src\ORM\Table.php:1582
- CORE\src\ORM\Table.php:1950
- APP/Controller\MembersController.php:182
- CORE\src\Controller\Controller.php:505
- CORE\src\Controller\ControllerFactory.php:166
- CORE\src\Controller\ControllerFactory.php:141
- CORE\src\Http\BaseApplication.php:362
- CORE\src\Http\Runner.php:86
- CORE\src\Http\Middleware\CsrfProtectionMiddleware.php:169
- CORE\src\Http\Runner.php:82
- ROOT\vendor\cakephp\authentication\src\Middleware\AuthenticationMiddleware.php:106
- CORE\src\Http\Runner.php:82
- CORE\src\Http\Middleware\BodyParserMiddleware.php:157
- CORE\src\Http\Runner.php:82
- CORE\src\Routing\Middleware\RoutingMiddleware.php:118
- CORE\src\Http\Runner.php:82
- CORE\src\Routing\Middleware\AssetMiddleware.php:69
- CORE\src\Http\Runner.php:82
- CORE\src\Error\Middleware\ErrorHandlerMiddleware.php:115
- CORE\src\Http\Runner.php:82
- CORE\src\Http\Runner.php:60
- CORE\src\Http\Server.php:104
- ROOT\webroot\index.php:37
- [main]:

Caused by: [PDOException] SQLSTATE[HY000]: General error: 1364 Field 'modified_at' doesn't have a default value in C:\Apache24\htdocs\chestcounter\vendor\cakephp\cakephp\src\Database\Statement\Statement.php on line 146
Stack Trace:
- CORE\src\Database\Statement\Statement.php:146
- CORE\src\Database\Driver.php:327
- CORE\src\Database\Driver\Mysql.php:183
- CORE\src\Database\Connection.php:280
- CORE\src\Core\Retry\CommandRetry.php:71
- CORE\src\Database\Connection.php:280
- CORE\src\Database\Query.php:223
- CORE\src\ORM\Table.php:2163
- CORE\src\ORM\Table.php:2056
- CORE\src\ORM\Table.php:1951
- CORE\src\ORM\Table.php:1582
- CORE\src\Database\Connection.php:649
- CORE\src\ORM\Table.php:1582
- CORE\src\ORM\Table.php:1950
- APP/Controller\MembersController.php:182
- CORE\src\Controller\Controller.php:505
- CORE\src\Controller\ControllerFactory.php:166
- CORE\src\Controller\ControllerFactory.php:141
- CORE\src\Http\BaseApplication.php:362
- CORE\src\Http\Runner.php:86
- CORE\src\Http\Middleware\CsrfProtectionMiddleware.php:169
- CORE\src\Http\Runner.php:82
- ROOT\vendor\cakephp\authentication\src\Middleware\AuthenticationMiddleware.php:106
- CORE\src\Http\Runner.php:82
- CORE\src\Http\Middleware\BodyParserMiddleware.php:157
- CORE\src\Http\Runner.php:82
- CORE\src\Routing\Middleware\RoutingMiddleware.php:118
- CORE\src\Http\Runner.php:82
- CORE\src\Routing\Middleware\AssetMiddleware.php:69
- CORE\src\Http\Runner.php:82
- CORE\src\Error\Middleware\ErrorHandlerMiddleware.php:115
- CORE\src\Http\Runner.php:82
- CORE\src\Http\Runner.php:60
- CORE\src\Http\Server.php:104
- ROOT\webroot\index.php:37
- [main]:

Request URL: /members/updateFromCollectedChests
Client IP: 127.0.0.1
2025-05-30 02:28:24 error: [Cake\Database\Exception\QueryException] SQLSTATE[HY000]: General error: 1364 Field 'modified_at' doesn't have a default value
Query: INSERT INTO members (player, power, guards, specialists, monsters, engineers, active) VALUES ('Anfiren RG', 0, 0, 0, 0, 0, 1) in C:\Apache24\htdocs\chestcounter\vendor\cakephp\cakephp\src\Database\Driver.php on line 382
Stack Trace:
- CORE\src\Database\Driver.php:329
- CORE\src\Database\Driver\Mysql.php:183
- CORE\src\Database\Connection.php:280
- CORE\src\Core\Retry\CommandRetry.php:71
- CORE\src\Database\Connection.php:280
- CORE\src\Database\Query.php:223
- CORE\src\ORM\Table.php:2163
- CORE\src\ORM\Table.php:2056
- CORE\src\ORM\Table.php:1951
- CORE\src\ORM\Table.php:1582
- CORE\src\Database\Connection.php:649
- CORE\src\ORM\Table.php:1582
- CORE\src\ORM\Table.php:1950
- APP/Controller\MembersController.php:182
- CORE\src\Controller\Controller.php:505
- CORE\src\Controller\ControllerFactory.php:166
- CORE\src\Controller\ControllerFactory.php:141
- CORE\src\Http\BaseApplication.php:362
- CORE\src\Http\Runner.php:86
- CORE\src\Http\Middleware\CsrfProtectionMiddleware.php:169
- CORE\src\Http\Runner.php:82
- ROOT\vendor\cakephp\authentication\src\Middleware\AuthenticationMiddleware.php:106
- CORE\src\Http\Runner.php:82
- CORE\src\Http\Middleware\BodyParserMiddleware.php:157
- CORE\src\Http\Runner.php:82
- CORE\src\Routing\Middleware\RoutingMiddleware.php:118
- CORE\src\Http\Runner.php:82
- CORE\src\Routing\Middleware\AssetMiddleware.php:69
- CORE\src\Http\Runner.php:82
- CORE\src\Error\Middleware\ErrorHandlerMiddleware.php:115
- CORE\src\Http\Runner.php:82
- CORE\src\Http\Runner.php:60
- CORE\src\Http\Server.php:104
- ROOT\webroot\index.php:37
- [main]:

Caused by: [PDOException] SQLSTATE[HY000]: General error: 1364 Field 'modified_at' doesn't have a default value in C:\Apache24\htdocs\chestcounter\vendor\cakephp\cakephp\src\Database\Statement\Statement.php on line 146
Stack Trace:
- CORE\src\Database\Statement\Statement.php:146
- CORE\src\Database\Driver.php:327
- CORE\src\Database\Driver\Mysql.php:183
- CORE\src\Database\Connection.php:280
- CORE\src\Core\Retry\CommandRetry.php:71
- CORE\src\Database\Connection.php:280
- CORE\src\Database\Query.php:223
- CORE\src\ORM\Table.php:2163
- CORE\src\ORM\Table.php:2056
- CORE\src\ORM\Table.php:1951
- CORE\src\ORM\Table.php:1582
- CORE\src\Database\Connection.php:649
- CORE\src\ORM\Table.php:1582
- CORE\src\ORM\Table.php:1950
- APP/Controller\MembersController.php:182
- CORE\src\Controller\Controller.php:505
- CORE\src\Controller\ControllerFactory.php:166
- CORE\src\Controller\ControllerFactory.php:141
- CORE\src\Http\BaseApplication.php:362
- CORE\src\Http\Runner.php:86
- CORE\src\Http\Middleware\CsrfProtectionMiddleware.php:169
- CORE\src\Http\Runner.php:82
- ROOT\vendor\cakephp\authentication\src\Middleware\AuthenticationMiddleware.php:106
- CORE\src\Http\Runner.php:82
- CORE\src\Http\Middleware\BodyParserMiddleware.php:157
- CORE\src\Http\Runner.php:82
- CORE\src\Routing\Middleware\RoutingMiddleware.php:118
- CORE\src\Http\Runner.php:82
- CORE\src\Routing\Middleware\AssetMiddleware.php:69
- CORE\src\Http\Runner.php:82
- CORE\src\Error\Middleware\ErrorHandlerMiddleware.php:115
- CORE\src\Http\Runner.php:82
- CORE\src\Http\Runner.php:60
- CORE\src\Http\Server.php:104
- ROOT\webroot\index.php:37
- [main]:

Request URL: /members/updateFromCollectedChests
Client IP: 127.0.0.1
2025-05-30 02:29:36 error: [Cake\Database\Exception\QueryException] SQLSTATE[HY000]: General error: 1364 Field 'modified_at' doesn't have a default value
Query: INSERT INTO members (player, power, guards, specialists, monsters, engineers, active) VALUES ('Anfiren RG', 0, 0, 0, 0, 0, 1) in C:\Apache24\htdocs\chestcounter\vendor\cakephp\cakephp\src\Database\Driver.php on line 382
Stack Trace:
- CORE\src\Database\Driver.php:329
- CORE\src\Database\Driver\Mysql.php:183
- CORE\src\Database\Connection.php:280
- CORE\src\Core\Retry\CommandRetry.php:71
- CORE\src\Database\Connection.php:280
- CORE\src\Database\Query.php:223
- CORE\src\ORM\Table.php:2163
- CORE\src\ORM\Table.php:2056
- CORE\src\ORM\Table.php:1951
- CORE\src\ORM\Table.php:1582
- CORE\src\Database\Connection.php:649
- CORE\src\ORM\Table.php:1582
- CORE\src\ORM\Table.php:1950
- APP/Controller\MembersController.php:182
- CORE\src\Controller\Controller.php:505
- CORE\src\Controller\ControllerFactory.php:166
- CORE\src\Controller\ControllerFactory.php:141
- CORE\src\Http\BaseApplication.php:362
- CORE\src\Http\Runner.php:86
- CORE\src\Http\Middleware\CsrfProtectionMiddleware.php:169
- CORE\src\Http\Runner.php:82
- ROOT\vendor\cakephp\authentication\src\Middleware\AuthenticationMiddleware.php:106
- CORE\src\Http\Runner.php:82
- CORE\src\Http\Middleware\BodyParserMiddleware.php:157
- CORE\src\Http\Runner.php:82
- CORE\src\Routing\Middleware\RoutingMiddleware.php:118
- CORE\src\Http\Runner.php:82
- CORE\src\Routing\Middleware\AssetMiddleware.php:69
- CORE\src\Http\Runner.php:82
- CORE\src\Error\Middleware\ErrorHandlerMiddleware.php:115
- CORE\src\Http\Runner.php:82
- CORE\src\Http\Runner.php:60
- CORE\src\Http\Server.php:104
- ROOT\webroot\index.php:37
- [main]:

Caused by: [PDOException] SQLSTATE[HY000]: General error: 1364 Field 'modified_at' doesn't have a default value in C:\Apache24\htdocs\chestcounter\vendor\cakephp\cakephp\src\Database\Statement\Statement.php on line 146
Stack Trace:
- CORE\src\Database\Statement\Statement.php:146
- CORE\src\Database\Driver.php:327
- CORE\src\Database\Driver\Mysql.php:183
- CORE\src\Database\Connection.php:280
- CORE\src\Core\Retry\CommandRetry.php:71
- CORE\src\Database\Connection.php:280
- CORE\src\Database\Query.php:223
- CORE\src\ORM\Table.php:2163
- CORE\src\ORM\Table.php:2056
- CORE\src\ORM\Table.php:1951
- CORE\src\ORM\Table.php:1582
- CORE\src\Database\Connection.php:649
- CORE\src\ORM\Table.php:1582
- CORE\src\ORM\Table.php:1950
- APP/Controller\MembersController.php:182
- CORE\src\Controller\Controller.php:505
- CORE\src\Controller\ControllerFactory.php:166
- CORE\src\Controller\ControllerFactory.php:141
- CORE\src\Http\BaseApplication.php:362
- CORE\src\Http\Runner.php:86
- CORE\src\Http\Middleware\CsrfProtectionMiddleware.php:169
- CORE\src\Http\Runner.php:82
- ROOT\vendor\cakephp\authentication\src\Middleware\AuthenticationMiddleware.php:106
- CORE\src\Http\Runner.php:82
- CORE\src\Http\Middleware\BodyParserMiddleware.php:157
- CORE\src\Http\Runner.php:82
- CORE\src\Routing\Middleware\RoutingMiddleware.php:118
- CORE\src\Http\Runner.php:82
- CORE\src\Routing\Middleware\AssetMiddleware.php:69
- CORE\src\Http\Runner.php:82
- CORE\src\Error\Middleware\ErrorHandlerMiddleware.php:115
- CORE\src\Http\Runner.php:82
- CORE\src\Http\Runner.php:60
- CORE\src\Http\Server.php:104
- ROOT\webroot\index.php:37
- [main]:

Request URL: /members/updateFromCollectedChests
Client IP: 127.0.0.1
2025-05-31 16:04:19 error: [Cake\View\Exception\MissingTemplateException] Template file `PlayerCycleSummaries\index.php` could not be found.

The following paths were searched:

- `C:\Apache24\htdocs\chestcounter\templates\PlayerCycleSummaries\index.php`
- `C:\Apache24\htdocs\chestcounter\vendor\cakephp\cakephp\templates\PlayerCycleSummaries\index.php`
 in C:\Apache24\htdocs\chestcounter\vendor\cakephp\cakephp\src\View\View.php on line 1377
Exception Attributes: array (
  'file' => 'PlayerCycleSummaries\\index.php',
  'paths' => 
  array (
    0 => 'C:\\Apache24\\htdocs\\chestcounter\\templates\\',
    1 => 'C:\\Apache24\\htdocs\\chestcounter\\vendor\\cakephp\\cakephp\\templates\\',
  ),
)
Stack Trace:
- CORE\src\View\View.php:782
- CORE\src\Controller\Controller.php:712
- CORE\src\Controller\Controller.php:516
- CORE\src\Controller\ControllerFactory.php:166
- CORE\src\Controller\ControllerFactory.php:141
- CORE\src\Http\BaseApplication.php:362
- CORE\src\Http\Runner.php:86
- CORE\src\Http\Middleware\CsrfProtectionMiddleware.php:169
- CORE\src\Http\Runner.php:82
- ROOT\vendor\cakephp\authentication\src\Middleware\AuthenticationMiddleware.php:106
- CORE\src\Http\Runner.php:82
- CORE\src\Http\Middleware\BodyParserMiddleware.php:157
- CORE\src\Http\Runner.php:82
- CORE\src\Routing\Middleware\RoutingMiddleware.php:118
- CORE\src\Http\Runner.php:82
- CORE\src\Routing\Middleware\AssetMiddleware.php:69
- CORE\src\Http\Runner.php:82
- CORE\src\Error\Middleware\ErrorHandlerMiddleware.php:115
- CORE\src\Http\Runner.php:82
- CORE\src\Http\Runner.php:60
- CORE\src\Http\Server.php:104
- ROOT\webroot\index.php:37
- [main]:

Request URL: /player-cycle-summaries
Client IP: 127.0.0.1
2025-05-31 16:05:04 error: [Cake\View\Exception\MissingTemplateException] Template file `PlayerCycleSummaries\index.php` could not be found.

The following paths were searched:

- `C:\Apache24\htdocs\chestcounter\templates\PlayerCycleSummaries\index.php`
- `C:\Apache24\htdocs\chestcounter\vendor\cakephp\cakephp\templates\PlayerCycleSummaries\index.php`
 in C:\Apache24\htdocs\chestcounter\vendor\cakephp\cakephp\src\View\View.php on line 1377
Exception Attributes: array (
  'file' => 'PlayerCycleSummaries\\index.php',
  'paths' => 
  array (
    0 => 'C:\\Apache24\\htdocs\\chestcounter\\templates\\',
    1 => 'C:\\Apache24\\htdocs\\chestcounter\\vendor\\cakephp\\cakephp\\templates\\',
  ),
)
Stack Trace:
- CORE\src\View\View.php:782
- CORE\src\Controller\Controller.php:712
- CORE\src\Controller\Controller.php:516
- CORE\src\Controller\ControllerFactory.php:166
- CORE\src\Controller\ControllerFactory.php:141
- CORE\src\Http\BaseApplication.php:362
- CORE\src\Http\Runner.php:86
- CORE\src\Http\Middleware\CsrfProtectionMiddleware.php:169
- CORE\src\Http\Runner.php:82
- ROOT\vendor\cakephp\authentication\src\Middleware\AuthenticationMiddleware.php:106
- CORE\src\Http\Runner.php:82
- CORE\src\Http\Middleware\BodyParserMiddleware.php:157
- CORE\src\Http\Runner.php:82
- CORE\src\Routing\Middleware\RoutingMiddleware.php:118
- CORE\src\Http\Runner.php:82
- CORE\src\Routing\Middleware\AssetMiddleware.php:69
- CORE\src\Http\Runner.php:82
- CORE\src\Error\Middleware\ErrorHandlerMiddleware.php:115
- CORE\src\Http\Runner.php:82
- CORE\src\Http\Runner.php:60
- CORE\src\Http\Server.php:104
- ROOT\webroot\index.php:37
- [main]:

Request URL: /player-cycle-summaries
Client IP: 127.0.0.1
2025-05-31 16:18:43 error: [Cake\View\Exception\MissingTemplateException] Template file `PlayerCycleSummaries\view.php` could not be found.

The following paths were searched:

- `C:\Apache24\htdocs\chestcounter\templates\PlayerCycleSummaries\view.php`
- `C:\Apache24\htdocs\chestcounter\vendor\cakephp\cakephp\templates\PlayerCycleSummaries\view.php`
 in C:\Apache24\htdocs\chestcounter\vendor\cakephp\cakephp\src\View\View.php on line 1377
Exception Attributes: array (
  'file' => 'PlayerCycleSummaries\\view.php',
  'paths' => 
  array (
    0 => 'C:\\Apache24\\htdocs\\chestcounter\\templates\\',
    1 => 'C:\\Apache24\\htdocs\\chestcounter\\vendor\\cakephp\\cakephp\\templates\\',
  ),
)
Stack Trace:
- CORE\src\View\View.php:782
- CORE\src\Controller\Controller.php:712
- CORE\src\Controller\Controller.php:516
- CORE\src\Controller\ControllerFactory.php:166
- CORE\src\Controller\ControllerFactory.php:141
- CORE\src\Http\BaseApplication.php:362
- CORE\src\Http\Runner.php:86
- CORE\src\Http\Middleware\CsrfProtectionMiddleware.php:169
- CORE\src\Http\Runner.php:82
- ROOT\vendor\cakephp\authentication\src\Middleware\AuthenticationMiddleware.php:106
- CORE\src\Http\Runner.php:82
- CORE\src\Http\Middleware\BodyParserMiddleware.php:157
- CORE\src\Http\Runner.php:82
- CORE\src\Routing\Middleware\RoutingMiddleware.php:118
- CORE\src\Http\Runner.php:82
- CORE\src\Routing\Middleware\AssetMiddleware.php:69
- CORE\src\Http\Runner.php:82
- CORE\src\Error\Middleware\ErrorHandlerMiddleware.php:115
- CORE\src\Http\Runner.php:82
- CORE\src\Http\Runner.php:60
- CORE\src\Http\Server.php:104
- ROOT\webroot\index.php:37
- [main]:

Request URL: /player-cycle-summaries/view/1
Referer URL: http://127.0.0.1/chestcounter/player-cycle-summaries
Client IP: 127.0.0.1
2025-05-31 16:28:01 error: [Authorization\Exception\AuthorizationRequiredException] The request to `/score` did not apply any authorization checks. in C:\Apache24\htdocs\chestcounter\vendor\cakephp\authorization\src\Middleware\AuthorizationMiddleware.php on line 139
Exception Attributes: array (
  'url' => '/score',
)
Stack Trace:
- CORE\src\Http\Runner.php:82
- CORE\src\Http\Middleware\CsrfProtectionMiddleware.php:169
- CORE\src\Http\Runner.php:82
- ROOT\vendor\cakephp\authentication\src\Middleware\AuthenticationMiddleware.php:106
- CORE\src\Http\Runner.php:82
- CORE\src\Http\Middleware\BodyParserMiddleware.php:157
- CORE\src\Http\Runner.php:82
- CORE\src\Routing\Middleware\RoutingMiddleware.php:118
- CORE\src\Http\Runner.php:82
- CORE\src\Routing\Middleware\AssetMiddleware.php:69
- CORE\src\Http\Runner.php:82
- CORE\src\Error\Middleware\ErrorHandlerMiddleware.php:115
- CORE\src\Http\Runner.php:82
- CORE\src\Http\Runner.php:60
- CORE\src\Http\Server.php:104
- ROOT\webroot\index.php:37
- [main]:

Request URL: /score
Referer URL: http://127.0.0.1/chestcounter/player-cycle-summaries
Client IP: 127.0.0.1
2025-05-31 16:28:20 error: [Authorization\Exception\AuthorizationRequiredException] The request to `/standard-chests/weights` did not apply any authorization checks. in C:\Apache24\htdocs\chestcounter\vendor\cakephp\authorization\src\Middleware\AuthorizationMiddleware.php on line 139
Exception Attributes: array (
  'url' => '/standard-chests/weights',
)
Stack Trace:
- CORE\src\Http\Runner.php:82
- CORE\src\Http\Middleware\CsrfProtectionMiddleware.php:169
- CORE\src\Http\Runner.php:82
- ROOT\vendor\cakephp\authentication\src\Middleware\AuthenticationMiddleware.php:106
- CORE\src\Http\Runner.php:82
- CORE\src\Http\Middleware\BodyParserMiddleware.php:157
- CORE\src\Http\Runner.php:82
- CORE\src\Routing\Middleware\RoutingMiddleware.php:118
- CORE\src\Http\Runner.php:82
- CORE\src\Routing\Middleware\AssetMiddleware.php:69
- CORE\src\Http\Runner.php:82
- CORE\src\Error\Middleware\ErrorHandlerMiddleware.php:115
- CORE\src\Http\Runner.php:82
- CORE\src\Http\Runner.php:60
- CORE\src\Http\Server.php:104
- ROOT\webroot\index.php:37
- [main]:

Request URL: /standard-chests/weights
Referer URL: http://127.0.0.1/chestcounter/player-cycle-summaries
Client IP: 127.0.0.1
2025-05-31 16:32:38 error: [Authorization\Exception\AuthorizationRequiredException] The request to `/score` did not apply any authorization checks. in C:\Apache24\htdocs\chestcounter\vendor\cakephp\authorization\src\Middleware\AuthorizationMiddleware.php on line 139
Exception Attributes: array (
  'url' => '/score',
)
Stack Trace:
- CORE\src\Http\Runner.php:82
- CORE\src\Http\Middleware\CsrfProtectionMiddleware.php:169
- CORE\src\Http\Runner.php:82
- ROOT\vendor\cakephp\authentication\src\Middleware\AuthenticationMiddleware.php:106
- CORE\src\Http\Runner.php:82
- CORE\src\Http\Middleware\BodyParserMiddleware.php:157
- CORE\src\Http\Runner.php:82
- CORE\src\Routing\Middleware\RoutingMiddleware.php:118
- CORE\src\Http\Runner.php:82
- CORE\src\Routing\Middleware\AssetMiddleware.php:69
- CORE\src\Http\Runner.php:82
- CORE\src\Error\Middleware\ErrorHandlerMiddleware.php:115
- CORE\src\Http\Runner.php:82
- CORE\src\Http\Runner.php:60
- CORE\src\Http\Server.php:104
- ROOT\webroot\index.php:37
- [main]:

Request URL: /score
Referer URL: http://127.0.0.1/chestcounter/collected-chests/score
Client IP: 127.0.0.1
2025-05-31 16:36:46 error: [Authorization\Exception\AuthorizationRequiredException] The request to `/standard-chests/weights` did not apply any authorization checks. in C:\Apache24\htdocs\chestcounter\vendor\cakephp\authorization\src\Middleware\AuthorizationMiddleware.php on line 139
Exception Attributes: array (
  'url' => '/standard-chests/weights',
)
Stack Trace:
- CORE\src\Http\Runner.php:82
- CORE\src\Http\Middleware\CsrfProtectionMiddleware.php:169
- CORE\src\Http\Runner.php:82
- ROOT\vendor\cakephp\authentication\src\Middleware\AuthenticationMiddleware.php:106
- CORE\src\Http\Runner.php:82
- CORE\src\Http\Middleware\BodyParserMiddleware.php:157
- CORE\src\Http\Runner.php:82
- CORE\src\Routing\Middleware\RoutingMiddleware.php:118
- CORE\src\Http\Runner.php:82
- CORE\src\Routing\Middleware\AssetMiddleware.php:69
- CORE\src\Http\Runner.php:82
- CORE\src\Error\Middleware\ErrorHandlerMiddleware.php:115
- CORE\src\Http\Runner.php:82
- CORE\src\Http\Runner.php:60
- CORE\src\Http\Server.php:104
- ROOT\webroot\index.php:37
- [main]:

Request URL: /standard-chests/weights
Referer URL: http://127.0.0.1/chestcounter/score
Client IP: 127.0.0.1
2025-05-31 16:38:05 error: [Authorization\Exception\AuthorizationRequiredException] The request to `/pages/underconstruction` did not apply any authorization checks. in C:\Apache24\htdocs\chestcounter\vendor\cakephp\authorization\src\Middleware\AuthorizationMiddleware.php on line 139
Exception Attributes: array (
  'url' => '/pages/underconstruction',
)
Stack Trace:
- CORE\src\Http\Runner.php:82
- CORE\src\Http\Middleware\CsrfProtectionMiddleware.php:169
- CORE\src\Http\Runner.php:82
- ROOT\vendor\cakephp\authentication\src\Middleware\AuthenticationMiddleware.php:106
- CORE\src\Http\Runner.php:82
- CORE\src\Http\Middleware\BodyParserMiddleware.php:157
- CORE\src\Http\Runner.php:82
- CORE\src\Routing\Middleware\RoutingMiddleware.php:118
- CORE\src\Http\Runner.php:82
- CORE\src\Routing\Middleware\AssetMiddleware.php:69
- CORE\src\Http\Runner.php:82
- CORE\src\Error\Middleware\ErrorHandlerMiddleware.php:115
- CORE\src\Http\Runner.php:82
- CORE\src\Http\Runner.php:60
- CORE\src\Http\Server.php:104
- ROOT\webroot\index.php:37
- [main]:

Request URL: /pages/underconstruction
Referer URL: http://127.0.0.1/chestcounter/score
Client IP: 127.0.0.1
2025-05-31 16:38:40 error: [Authorization\Exception\AuthorizationRequiredException] The request to `/users/login?redirect=%2Fpages%2Funderconstruction` did not apply any authorization checks. in C:\Apache24\htdocs\chestcounter\vendor\cakephp\authorization\src\Middleware\AuthorizationMiddleware.php on line 139
Exception Attributes: array (
  'url' => '/users/login?redirect=%2Fpages%2Funderconstruction',
)
Stack Trace:
- CORE\src\Http\Runner.php:82
- CORE\src\Http\Middleware\CsrfProtectionMiddleware.php:169
- CORE\src\Http\Runner.php:82
- ROOT\vendor\cakephp\authentication\src\Middleware\AuthenticationMiddleware.php:106
- CORE\src\Http\Runner.php:82
- CORE\src\Http\Middleware\BodyParserMiddleware.php:157
- CORE\src\Http\Runner.php:82
- CORE\src\Routing\Middleware\RoutingMiddleware.php:118
- CORE\src\Http\Runner.php:82
- CORE\src\Routing\Middleware\AssetMiddleware.php:69
- CORE\src\Http\Runner.php:82
- CORE\src\Error\Middleware\ErrorHandlerMiddleware.php:115
- CORE\src\Http\Runner.php:82
- CORE\src\Http\Runner.php:60
- CORE\src\Http\Server.php:104
- ROOT\webroot\index.php:37
- [main]:

Request URL: /users/login?redirect=%2Fpages%2Funderconstruction
Referer URL: http://127.0.0.1/chestcounter/standard-chests/weights
Client IP: 127.0.0.1
2025-05-31 16:50:00 error: [ParseError] syntax error, unexpected token "public" in C:\Apache24\htdocs\chestcounter\src\Controller\AppController.php on line 96
Stack Trace:
- ROOT\vendor\composer\ClassLoader.php:427
- APP/Controller\PagesController.php:32
- ROOT\vendor\composer\ClassLoader.php:576
- ROOT\vendor\composer\ClassLoader.php:427
- [internal]:??
- CORE\src\Core\App.php:162
- CORE\src\Core\App.php:69
- CORE\src\Controller\ControllerFactory.php:324
- CORE\src\Controller\ControllerFactory.php:75
- CORE\src\Http\BaseApplication.php:360
- CORE\src\Http\Runner.php:86
- ROOT\vendor\cakephp\authorization\src\Middleware\AuthorizationMiddleware.php:136
- CORE\src\Http\Runner.php:82
- CORE\src\Http\Middleware\CsrfProtectionMiddleware.php:169
- CORE\src\Http\Runner.php:82
- ROOT\vendor\cakephp\authentication\src\Middleware\AuthenticationMiddleware.php:106
- CORE\src\Http\Runner.php:82
- CORE\src\Http\Middleware\BodyParserMiddleware.php:157
- CORE\src\Http\Runner.php:82
- CORE\src\Routing\Middleware\RoutingMiddleware.php:118
- CORE\src\Http\Runner.php:82
- CORE\src\Routing\Middleware\AssetMiddleware.php:69
- CORE\src\Http\Runner.php:82
- CORE\src\Error\Middleware\ErrorHandlerMiddleware.php:115
- CORE\src\Http\Runner.php:82
- CORE\src\Http\Runner.php:60
- CORE\src\Http\Server.php:104
- ROOT\webroot\index.php:37
- [main]:

Request URL: /pages/underconstruction
Referer URL: http://127.0.0.1/chestcounter/standard-chests/weights
Client IP: 127.0.0.1
2025-05-31 16:50:20 warning: Undefined variable $controller
Request URL: /pages/underconstruction
Client IP: 127.0.0.1
Trace:
Cake\Error\ErrorTrap->handleError() C:\Apache24\htdocs\chestcounter\src\Controller\AppController.php, line 89
App\Controller\AppController->beforeFilter() C:\Apache24\htdocs\chestcounter\vendor\cakephp\cakephp\src\Event\EventManager.php, line 334
Cake\Event\EventManager->_callListener() C:\Apache24\htdocs\chestcounter\vendor\cakephp\cakephp\src\Event\EventManager.php, line 312
Cake\Event\EventManager->dispatch() C:\Apache24\htdocs\chestcounter\vendor\cakephp\cakephp\src\Event\EventDispatcherTrait.php, line 88
Cake\Controller\Controller->dispatchEvent() C:\Apache24\htdocs\chestcounter\vendor\cakephp\cakephp\src\Controller\Controller.php, line 604
Cake\Controller\Controller->startupProcess() C:\Apache24\htdocs\chestcounter\vendor\cakephp\cakephp\src\Controller\ControllerFactory.php, line 156
Cake\Controller\ControllerFactory->handle() C:\Apache24\htdocs\chestcounter\vendor\cakephp\cakephp\src\Controller\ControllerFactory.php, line 141
Cake\Controller\ControllerFactory->invoke() C:\Apache24\htdocs\chestcounter\vendor\cakephp\cakephp\src\Http\BaseApplication.php, line 362
Cake\Http\BaseApplication->handle() C:\Apache24\htdocs\chestcounter\vendor\cakephp\cakephp\src\Http\Runner.php, line 86
Cake\Http\Runner->handle() C:\Apache24\htdocs\chestcounter\vendor\cakephp\authorization\src\Middleware\AuthorizationMiddleware.php, line 136
Authorization\Middleware\AuthorizationMiddleware->process() C:\Apache24\htdocs\chestcounter\vendor\cakephp\cakephp\src\Http\Runner.php, line 82
Cake\Http\Runner->handle() C:\Apache24\htdocs\chestcounter\vendor\cakephp\cakephp\src\Http\Middleware\CsrfProtectionMiddleware.php, line 169
Cake\Http\Middleware\CsrfProtectionMiddleware->process() C:\Apache24\htdocs\chestcounter\vendor\cakephp\cakephp\src\Http\Runner.php, line 82
Cake\Http\Runner->handle() C:\Apache24\htdocs\chestcounter\vendor\cakephp\authentication\src\Middleware\AuthenticationMiddleware.php, line 106
Authentication\Middleware\AuthenticationMiddleware->process() C:\Apache24\htdocs\chestcounter\vendor\cakephp\cakephp\src\Http\Runner.php, line 82
Cake\Http\Runner->handle() C:\Apache24\htdocs\chestcounter\vendor\cakephp\cakephp\src\Http\Middleware\BodyParserMiddleware.php, line 157
Cake\Http\Middleware\BodyParserMiddleware->process() C:\Apache24\htdocs\chestcounter\vendor\cakephp\cakephp\src\Http\Runner.php, line 82
Cake\Http\Runner->handle() C:\Apache24\htdocs\chestcounter\vendor\cakephp\cakephp\src\Routing\Middleware\RoutingMiddleware.php, line 118
Cake\Routing\Middleware\RoutingMiddleware->process() C:\Apache24\htdocs\chestcounter\vendor\cakephp\cakephp\src\Http\Runner.php, line 82
Cake\Http\Runner->handle() C:\Apache24\htdocs\chestcounter\vendor\cakephp\cakephp\src\Routing\Middleware\AssetMiddleware.php, line 69
Cake\Routing\Middleware\AssetMiddleware->process() C:\Apache24\htdocs\chestcounter\vendor\cakephp\cakephp\src\Http\Runner.php, line 82
Cake\Http\Runner->handle() C:\Apache24\htdocs\chestcounter\vendor\cakephp\cakephp\src\Error\Middleware\ErrorHandlerMiddleware.php, line 115
Cake\Error\Middleware\ErrorHandlerMiddleware->process() C:\Apache24\htdocs\chestcounter\vendor\cakephp\cakephp\src\Http\Runner.php, line 82
Cake\Http\Runner->handle() C:\Apache24\htdocs\chestcounter\vendor\cakephp\cakephp\src\Http\Runner.php, line 60
Cake\Http\Runner->run() C:\Apache24\htdocs\chestcounter\vendor\cakephp\cakephp\src\Http\Server.php, line 104
Cake\Http\Server->run() C:\Apache24\htdocs\chestcounter\webroot\index.php, line 37
[main]

2025-05-31 16:50:20 warning: Unable to emit headers. Headers sent in file=C:\Apache24\htdocs\chestcounter\vendor\cakephp\cakephp\src\Error\Renderer\HtmlErrorRenderer.php line=37
Request URL: /pages/underconstruction
Client IP: 127.0.0.1
Trace:
Cake\Error\ErrorTrap->handleError() [internal], line ??
C:\Apache24\htdocs\chestcounter\vendor\cakephp\cakephp\src\Http\ResponseEmitter.php C:\Apache24\htdocs\chestcounter\vendor\cakephp\cakephp\src\Http\ResponseEmitter.php, line 65
Cake\Http\ResponseEmitter->emit() C:\Apache24\htdocs\chestcounter\vendor\cakephp\cakephp\src\Http\Server.php, line 148
Cake\Http\Server->emit() C:\Apache24\htdocs\chestcounter\webroot\index.php, line 37
[main]

2025-05-31 16:50:20 warning: Cannot modify header information - headers already sent by (output started at C:\Apache24\htdocs\chestcounter\vendor\cakephp\cakephp\src\Error\Renderer\HtmlErrorRenderer.php:37)
Request URL: /pages/underconstruction
Client IP: 127.0.0.1
Trace:
Cake\Error\ErrorTrap->handleError() [internal], line ??
C:\Apache24\htdocs\chestcounter\vendor\cakephp\cakephp\src\Http\ResponseEmitter.php C:\Apache24\htdocs\chestcounter\vendor\cakephp\cakephp\src\Http\ResponseEmitter.php, line 159
Cake\Http\ResponseEmitter->emitStatusLine() C:\Apache24\htdocs\chestcounter\vendor\cakephp\cakephp\src\Http\ResponseEmitter.php, line 68
Cake\Http\ResponseEmitter->emit() C:\Apache24\htdocs\chestcounter\vendor\cakephp\cakephp\src\Http\Server.php, line 148
Cake\Http\Server->emit() C:\Apache24\htdocs\chestcounter\webroot\index.php, line 37
[main]

2025-05-31 16:50:20 warning: Cannot modify header information - headers already sent by (output started at C:\Apache24\htdocs\chestcounter\vendor\cakephp\cakephp\src\Error\Renderer\HtmlErrorRenderer.php:37)
Request URL: /pages/underconstruction
Client IP: 127.0.0.1
Trace:
Cake\Error\ErrorTrap->handleError() [internal], line ??
C:\Apache24\htdocs\chestcounter\vendor\cakephp\cakephp\src\Http\ResponseEmitter.php C:\Apache24\htdocs\chestcounter\vendor\cakephp\cakephp\src\Http\ResponseEmitter.php, line 192
Cake\Http\ResponseEmitter->emitHeaders() C:\Apache24\htdocs\chestcounter\vendor\cakephp\cakephp\src\Http\ResponseEmitter.php, line 69
Cake\Http\ResponseEmitter->emit() C:\Apache24\htdocs\chestcounter\vendor\cakephp\cakephp\src\Http\Server.php, line 148
Cake\Http\Server->emit() C:\Apache24\htdocs\chestcounter\webroot\index.php, line 37
[main]

2025-05-31 16:50:24 warning: Undefined variable $controller
Request URL: /pages/underconstruction
Client IP: 127.0.0.1
Trace:
Cake\Error\ErrorTrap->handleError() C:\Apache24\htdocs\chestcounter\src\Controller\AppController.php, line 89
App\Controller\AppController->beforeFilter() C:\Apache24\htdocs\chestcounter\vendor\cakephp\cakephp\src\Event\EventManager.php, line 334
Cake\Event\EventManager->_callListener() C:\Apache24\htdocs\chestcounter\vendor\cakephp\cakephp\src\Event\EventManager.php, line 312
Cake\Event\EventManager->dispatch() C:\Apache24\htdocs\chestcounter\vendor\cakephp\cakephp\src\Event\EventDispatcherTrait.php, line 88
Cake\Controller\Controller->dispatchEvent() C:\Apache24\htdocs\chestcounter\vendor\cakephp\cakephp\src\Controller\Controller.php, line 604
Cake\Controller\Controller->startupProcess() C:\Apache24\htdocs\chestcounter\vendor\cakephp\cakephp\src\Controller\ControllerFactory.php, line 156
Cake\Controller\ControllerFactory->handle() C:\Apache24\htdocs\chestcounter\vendor\cakephp\cakephp\src\Controller\ControllerFactory.php, line 141
Cake\Controller\ControllerFactory->invoke() C:\Apache24\htdocs\chestcounter\vendor\cakephp\cakephp\src\Http\BaseApplication.php, line 362
Cake\Http\BaseApplication->handle() C:\Apache24\htdocs\chestcounter\vendor\cakephp\cakephp\src\Http\Runner.php, line 86
Cake\Http\Runner->handle() C:\Apache24\htdocs\chestcounter\vendor\cakephp\authorization\src\Middleware\AuthorizationMiddleware.php, line 136
Authorization\Middleware\AuthorizationMiddleware->process() C:\Apache24\htdocs\chestcounter\vendor\cakephp\cakephp\src\Http\Runner.php, line 82
Cake\Http\Runner->handle() C:\Apache24\htdocs\chestcounter\vendor\cakephp\cakephp\src\Http\Middleware\CsrfProtectionMiddleware.php, line 169
Cake\Http\Middleware\CsrfProtectionMiddleware->process() C:\Apache24\htdocs\chestcounter\vendor\cakephp\cakephp\src\Http\Runner.php, line 82
Cake\Http\Runner->handle() C:\Apache24\htdocs\chestcounter\vendor\cakephp\authentication\src\Middleware\AuthenticationMiddleware.php, line 106
Authentication\Middleware\AuthenticationMiddleware->process() C:\Apache24\htdocs\chestcounter\vendor\cakephp\cakephp\src\Http\Runner.php, line 82
Cake\Http\Runner->handle() C:\Apache24\htdocs\chestcounter\vendor\cakephp\cakephp\src\Http\Middleware\BodyParserMiddleware.php, line 157
Cake\Http\Middleware\BodyParserMiddleware->process() C:\Apache24\htdocs\chestcounter\vendor\cakephp\cakephp\src\Http\Runner.php, line 82
Cake\Http\Runner->handle() C:\Apache24\htdocs\chestcounter\vendor\cakephp\cakephp\src\Routing\Middleware\RoutingMiddleware.php, line 118
Cake\Routing\Middleware\RoutingMiddleware->process() C:\Apache24\htdocs\chestcounter\vendor\cakephp\cakephp\src\Http\Runner.php, line 82
Cake\Http\Runner->handle() C:\Apache24\htdocs\chestcounter\vendor\cakephp\cakephp\src\Routing\Middleware\AssetMiddleware.php, line 69
Cake\Routing\Middleware\AssetMiddleware->process() C:\Apache24\htdocs\chestcounter\vendor\cakephp\cakephp\src\Http\Runner.php, line 82
Cake\Http\Runner->handle() C:\Apache24\htdocs\chestcounter\vendor\cakephp\cakephp\src\Error\Middleware\ErrorHandlerMiddleware.php, line 115
Cake\Error\Middleware\ErrorHandlerMiddleware->process() C:\Apache24\htdocs\chestcounter\vendor\cakephp\cakephp\src\Http\Runner.php, line 82
Cake\Http\Runner->handle() C:\Apache24\htdocs\chestcounter\vendor\cakephp\cakephp\src\Http\Runner.php, line 60
Cake\Http\Runner->run() C:\Apache24\htdocs\chestcounter\vendor\cakephp\cakephp\src\Http\Server.php, line 104
Cake\Http\Server->run() C:\Apache24\htdocs\chestcounter\webroot\index.php, line 37
[main]

2025-05-31 16:50:24 warning: Unable to emit headers. Headers sent in file=C:\Apache24\htdocs\chestcounter\vendor\cakephp\cakephp\src\Error\Renderer\HtmlErrorRenderer.php line=37
Request URL: /pages/underconstruction
Client IP: 127.0.0.1
Trace:
Cake\Error\ErrorTrap->handleError() [internal], line ??
C:\Apache24\htdocs\chestcounter\vendor\cakephp\cakephp\src\Http\ResponseEmitter.php C:\Apache24\htdocs\chestcounter\vendor\cakephp\cakephp\src\Http\ResponseEmitter.php, line 65
Cake\Http\ResponseEmitter->emit() C:\Apache24\htdocs\chestcounter\vendor\cakephp\cakephp\src\Http\Server.php, line 148
Cake\Http\Server->emit() C:\Apache24\htdocs\chestcounter\webroot\index.php, line 37
[main]

2025-05-31 16:50:24 warning: Cannot modify header information - headers already sent by (output started at C:\Apache24\htdocs\chestcounter\vendor\cakephp\cakephp\src\Error\Renderer\HtmlErrorRenderer.php:37)
Request URL: /pages/underconstruction
Client IP: 127.0.0.1
Trace:
Cake\Error\ErrorTrap->handleError() [internal], line ??
C:\Apache24\htdocs\chestcounter\vendor\cakephp\cakephp\src\Http\ResponseEmitter.php C:\Apache24\htdocs\chestcounter\vendor\cakephp\cakephp\src\Http\ResponseEmitter.php, line 159
Cake\Http\ResponseEmitter->emitStatusLine() C:\Apache24\htdocs\chestcounter\vendor\cakephp\cakephp\src\Http\ResponseEmitter.php, line 68
Cake\Http\ResponseEmitter->emit() C:\Apache24\htdocs\chestcounter\vendor\cakephp\cakephp\src\Http\Server.php, line 148
Cake\Http\Server->emit() C:\Apache24\htdocs\chestcounter\webroot\index.php, line 37
[main]

2025-05-31 16:50:24 warning: Cannot modify header information - headers already sent by (output started at C:\Apache24\htdocs\chestcounter\vendor\cakephp\cakephp\src\Error\Renderer\HtmlErrorRenderer.php:37)
Request URL: /pages/underconstruction
Client IP: 127.0.0.1
Trace:
Cake\Error\ErrorTrap->handleError() [internal], line ??
C:\Apache24\htdocs\chestcounter\vendor\cakephp\cakephp\src\Http\ResponseEmitter.php C:\Apache24\htdocs\chestcounter\vendor\cakephp\cakephp\src\Http\ResponseEmitter.php, line 192
Cake\Http\ResponseEmitter->emitHeaders() C:\Apache24\htdocs\chestcounter\vendor\cakephp\cakephp\src\Http\ResponseEmitter.php, line 69
Cake\Http\ResponseEmitter->emit() C:\Apache24\htdocs\chestcounter\vendor\cakephp\cakephp\src\Http\Server.php, line 148
Cake\Http\Server->emit() C:\Apache24\htdocs\chestcounter\webroot\index.php, line 37
[main]

2025-05-31 16:50:28 warning: Undefined variable $controller
Request URL: /pages/underconstruction
Referer URL: http://127.0.0.1/chestcounter/standard-chests/weights
Client IP: 127.0.0.1
Trace:
Cake\Error\ErrorTrap->handleError() C:\Apache24\htdocs\chestcounter\src\Controller\AppController.php, line 89
App\Controller\AppController->beforeFilter() C:\Apache24\htdocs\chestcounter\vendor\cakephp\cakephp\src\Event\EventManager.php, line 334
Cake\Event\EventManager->_callListener() C:\Apache24\htdocs\chestcounter\vendor\cakephp\cakephp\src\Event\EventManager.php, line 312
Cake\Event\EventManager->dispatch() C:\Apache24\htdocs\chestcounter\vendor\cakephp\cakephp\src\Event\EventDispatcherTrait.php, line 88
Cake\Controller\Controller->dispatchEvent() C:\Apache24\htdocs\chestcounter\vendor\cakephp\cakephp\src\Controller\Controller.php, line 604
Cake\Controller\Controller->startupProcess() C:\Apache24\htdocs\chestcounter\vendor\cakephp\cakephp\src\Controller\ControllerFactory.php, line 156
Cake\Controller\ControllerFactory->handle() C:\Apache24\htdocs\chestcounter\vendor\cakephp\cakephp\src\Controller\ControllerFactory.php, line 141
Cake\Controller\ControllerFactory->invoke() C:\Apache24\htdocs\chestcounter\vendor\cakephp\cakephp\src\Http\BaseApplication.php, line 362
Cake\Http\BaseApplication->handle() C:\Apache24\htdocs\chestcounter\vendor\cakephp\cakephp\src\Http\Runner.php, line 86
Cake\Http\Runner->handle() C:\Apache24\htdocs\chestcounter\vendor\cakephp\authorization\src\Middleware\AuthorizationMiddleware.php, line 136
Authorization\Middleware\AuthorizationMiddleware->process() C:\Apache24\htdocs\chestcounter\vendor\cakephp\cakephp\src\Http\Runner.php, line 82
Cake\Http\Runner->handle() C:\Apache24\htdocs\chestcounter\vendor\cakephp\cakephp\src\Http\Middleware\CsrfProtectionMiddleware.php, line 169
Cake\Http\Middleware\CsrfProtectionMiddleware->process() C:\Apache24\htdocs\chestcounter\vendor\cakephp\cakephp\src\Http\Runner.php, line 82
Cake\Http\Runner->handle() C:\Apache24\htdocs\chestcounter\vendor\cakephp\authentication\src\Middleware\AuthenticationMiddleware.php, line 106
Authentication\Middleware\AuthenticationMiddleware->process() C:\Apache24\htdocs\chestcounter\vendor\cakephp\cakephp\src\Http\Runner.php, line 82
Cake\Http\Runner->handle() C:\Apache24\htdocs\chestcounter\vendor\cakephp\cakephp\src\Http\Middleware\BodyParserMiddleware.php, line 157
Cake\Http\Middleware\BodyParserMiddleware->process() C:\Apache24\htdocs\chestcounter\vendor\cakephp\cakephp\src\Http\Runner.php, line 82
Cake\Http\Runner->handle() C:\Apache24\htdocs\chestcounter\vendor\cakephp\cakephp\src\Routing\Middleware\RoutingMiddleware.php, line 118
Cake\Routing\Middleware\RoutingMiddleware->process() C:\Apache24\htdocs\chestcounter\vendor\cakephp\cakephp\src\Http\Runner.php, line 82
Cake\Http\Runner->handle() C:\Apache24\htdocs\chestcounter\vendor\cakephp\cakephp\src\Routing\Middleware\AssetMiddleware.php, line 69
Cake\Routing\Middleware\AssetMiddleware->process() C:\Apache24\htdocs\chestcounter\vendor\cakephp\cakephp\src\Http\Runner.php, line 82
Cake\Http\Runner->handle() C:\Apache24\htdocs\chestcounter\vendor\cakephp\cakephp\src\Error\Middleware\ErrorHandlerMiddleware.php, line 115
Cake\Error\Middleware\ErrorHandlerMiddleware->process() C:\Apache24\htdocs\chestcounter\vendor\cakephp\cakephp\src\Http\Runner.php, line 82
Cake\Http\Runner->handle() C:\Apache24\htdocs\chestcounter\vendor\cakephp\cakephp\src\Http\Runner.php, line 60
Cake\Http\Runner->run() C:\Apache24\htdocs\chestcounter\vendor\cakephp\cakephp\src\Http\Server.php, line 104
Cake\Http\Server->run() C:\Apache24\htdocs\chestcounter\webroot\index.php, line 37
[main]

2025-05-31 16:50:28 warning: Unable to emit headers. Headers sent in file=C:\Apache24\htdocs\chestcounter\vendor\cakephp\cakephp\src\Error\Renderer\HtmlErrorRenderer.php line=37
Request URL: /pages/underconstruction
Referer URL: http://127.0.0.1/chestcounter/standard-chests/weights
Client IP: 127.0.0.1
Trace:
Cake\Error\ErrorTrap->handleError() [internal], line ??
C:\Apache24\htdocs\chestcounter\vendor\cakephp\cakephp\src\Http\ResponseEmitter.php C:\Apache24\htdocs\chestcounter\vendor\cakephp\cakephp\src\Http\ResponseEmitter.php, line 65
Cake\Http\ResponseEmitter->emit() C:\Apache24\htdocs\chestcounter\vendor\cakephp\cakephp\src\Http\Server.php, line 148
Cake\Http\Server->emit() C:\Apache24\htdocs\chestcounter\webroot\index.php, line 37
[main]

2025-05-31 16:50:28 warning: Cannot modify header information - headers already sent by (output started at C:\Apache24\htdocs\chestcounter\vendor\cakephp\cakephp\src\Error\Renderer\HtmlErrorRenderer.php:37)
Request URL: /pages/underconstruction
Referer URL: http://127.0.0.1/chestcounter/standard-chests/weights
Client IP: 127.0.0.1
Trace:
Cake\Error\ErrorTrap->handleError() [internal], line ??
C:\Apache24\htdocs\chestcounter\vendor\cakephp\cakephp\src\Http\ResponseEmitter.php C:\Apache24\htdocs\chestcounter\vendor\cakephp\cakephp\src\Http\ResponseEmitter.php, line 159
Cake\Http\ResponseEmitter->emitStatusLine() C:\Apache24\htdocs\chestcounter\vendor\cakephp\cakephp\src\Http\ResponseEmitter.php, line 68
Cake\Http\ResponseEmitter->emit() C:\Apache24\htdocs\chestcounter\vendor\cakephp\cakephp\src\Http\Server.php, line 148
Cake\Http\Server->emit() C:\Apache24\htdocs\chestcounter\webroot\index.php, line 37
[main]

2025-05-31 16:50:28 warning: Cannot modify header information - headers already sent by (output started at C:\Apache24\htdocs\chestcounter\vendor\cakephp\cakephp\src\Error\Renderer\HtmlErrorRenderer.php:37)
Request URL: /pages/underconstruction
Referer URL: http://127.0.0.1/chestcounter/standard-chests/weights
Client IP: 127.0.0.1
Trace:
Cake\Error\ErrorTrap->handleError() [internal], line ??
C:\Apache24\htdocs\chestcounter\vendor\cakephp\cakephp\src\Http\ResponseEmitter.php C:\Apache24\htdocs\chestcounter\vendor\cakephp\cakephp\src\Http\ResponseEmitter.php, line 192
Cake\Http\ResponseEmitter->emitHeaders() C:\Apache24\htdocs\chestcounter\vendor\cakephp\cakephp\src\Http\ResponseEmitter.php, line 69
Cake\Http\ResponseEmitter->emit() C:\Apache24\htdocs\chestcounter\vendor\cakephp\cakephp\src\Http\Server.php, line 148
Cake\Http\Server->emit() C:\Apache24\htdocs\chestcounter\webroot\index.php, line 37
[main]

2025-05-31 16:54:35 error: [ParseError] syntax error, unexpected token "<", expecting "elseif" or "else" or "endif" in C:\Apache24\htdocs\chestcounter\templates\plugin\CakeLte\element\header\rightmenu.php on line 8
Stack Trace:
- CORE\src\View\View.php:1145
- CORE\src\View\View.php:1690
- CORE\src\View\View.php:676
- ROOT\templates\layout\CakeLte\layout\default.php:56
- CORE\src\View\View.php:1188
- CORE\src\View\View.php:1145
- CORE\src\View\View.php:837
- CORE\src\View\View.php:796
- CORE\src\Controller\Controller.php:712
- CORE\src\Controller\Controller.php:516
- CORE\src\Controller\ControllerFactory.php:166
- CORE\src\Controller\ControllerFactory.php:141
- CORE\src\Http\BaseApplication.php:362
- CORE\src\Http\Runner.php:86
- ROOT\vendor\cakephp\authorization\src\Middleware\AuthorizationMiddleware.php:136
- CORE\src\Http\Runner.php:82
- CORE\src\Http\Middleware\CsrfProtectionMiddleware.php:169
- CORE\src\Http\Runner.php:82
- ROOT\vendor\cakephp\authentication\src\Middleware\AuthenticationMiddleware.php:106
- CORE\src\Http\Runner.php:82
- CORE\src\Http\Middleware\BodyParserMiddleware.php:157
- CORE\src\Http\Runner.php:82
- CORE\src\Routing\Middleware\RoutingMiddleware.php:118
- CORE\src\Http\Runner.php:82
- CORE\src\Routing\Middleware\AssetMiddleware.php:69
- CORE\src\Http\Runner.php:82
- CORE\src\Error\Middleware\ErrorHandlerMiddleware.php:115
- CORE\src\Http\Runner.php:82
- CORE\src\Http\Runner.php:60
- CORE\src\Http\Server.php:104
- ROOT\webroot\index.php:37
- [main]:

Request URL: /score
Client IP: 127.0.0.1
2025-05-31 17:14:15 error: [Cake\Http\Exception\MissingControllerException] Controller class `History` could not be found. in C:\Apache24\htdocs\chestcounter\vendor\cakephp\cakephp\src\Controller\ControllerFactory.php on line 335
Exception Attributes: array (
  'controller' => 'History',
  'plugin' => NULL,
  'prefix' => NULL,
  '_ext' => NULL,
)
Stack Trace:
- CORE\src\Controller\ControllerFactory.php:77
- CORE\src\Http\BaseApplication.php:360
- CORE\src\Http\Runner.php:86
- ROOT\vendor\cakephp\authorization\src\Middleware\AuthorizationMiddleware.php:136
- CORE\src\Http\Runner.php:82
- CORE\src\Http\Middleware\CsrfProtectionMiddleware.php:169
- CORE\src\Http\Runner.php:82
- ROOT\vendor\cakephp\authentication\src\Middleware\AuthenticationMiddleware.php:106
- CORE\src\Http\Runner.php:82
- CORE\src\Http\Middleware\BodyParserMiddleware.php:157
- CORE\src\Http\Runner.php:82
- CORE\src\Routing\Middleware\RoutingMiddleware.php:118
- CORE\src\Http\Runner.php:82
- CORE\src\Routing\Middleware\AssetMiddleware.php:69
- CORE\src\Http\Runner.php:82
- CORE\src\Error\Middleware\ErrorHandlerMiddleware.php:115
- CORE\src\Http\Runner.php:82
- CORE\src\Http\Runner.php:60
- CORE\src\Http\Server.php:104
- ROOT\webroot\index.php:37
- [main]:

Request URL: /history
Client IP: 127.0.0.1
2025-05-31 17:20:05 error: [ArgumentCountError] Too few arguments to function Authentication\Controller\Component\AuthenticationComponent::addUnauthenticatedActions(), 0 passed in C:\Apache24\htdocs\chestcounter\src\Controller\PlayerCycleSummariesController.php on line 29 and exactly 1 expected in C:\Apache24\htdocs\chestcounter\vendor\cakephp\authentication\src\Controller\Component\AuthenticationComponent.php on line 215
Stack Trace:
- APP/Controller\PlayerCycleSummariesController.php:29
- CORE\src\Controller\Controller.php:505
- CORE\src\Controller\ControllerFactory.php:166
- CORE\src\Controller\ControllerFactory.php:141
- CORE\src\Http\BaseApplication.php:362
- CORE\src\Http\Runner.php:86
- ROOT\vendor\cakephp\authorization\src\Middleware\AuthorizationMiddleware.php:136
- CORE\src\Http\Runner.php:82
- CORE\src\Http\Middleware\CsrfProtectionMiddleware.php:169
- CORE\src\Http\Runner.php:82
- ROOT\vendor\cakephp\authentication\src\Middleware\AuthenticationMiddleware.php:106
- CORE\src\Http\Runner.php:82
- CORE\src\Http\Middleware\BodyParserMiddleware.php:157
- CORE\src\Http\Runner.php:82
- CORE\src\Routing\Middleware\RoutingMiddleware.php:118
- CORE\src\Http\Runner.php:82
- CORE\src\Routing\Middleware\AssetMiddleware.php:69
- CORE\src\Http\Runner.php:82
- CORE\src\Error\Middleware\ErrorHandlerMiddleware.php:115
- CORE\src\Http\Runner.php:82
- CORE\src\Http\Runner.php:60
- CORE\src\Http\Server.php:104
- ROOT\webroot\index.php:37
- [main]:

Request URL: /history
Client IP: 127.0.0.1
2025-05-31 17:20:59 error: [ParseError] syntax error, unexpected token "public" in C:\Apache24\htdocs\chestcounter\src\Controller\PlayerCycleSummariesController.php on line 26
Stack Trace:
- ROOT\vendor\composer\ClassLoader.php:427
- [internal]:??
- CORE\src\Core\App.php:162
- CORE\src\Core\App.php:69
- CORE\src\Controller\ControllerFactory.php:324
- CORE\src\Controller\ControllerFactory.php:75
- CORE\src\Http\BaseApplication.php:360
- CORE\src\Http\Runner.php:86
- ROOT\vendor\cakephp\authorization\src\Middleware\AuthorizationMiddleware.php:136
- CORE\src\Http\Runner.php:82
- CORE\src\Http\Middleware\CsrfProtectionMiddleware.php:169
- CORE\src\Http\Runner.php:82
- ROOT\vendor\cakephp\authentication\src\Middleware\AuthenticationMiddleware.php:106
- CORE\src\Http\Runner.php:82
- CORE\src\Http\Middleware\BodyParserMiddleware.php:157
- CORE\src\Http\Runner.php:82
- CORE\src\Routing\Middleware\RoutingMiddleware.php:118
- CORE\src\Http\Runner.php:82
- CORE\src\Routing\Middleware\AssetMiddleware.php:69
- CORE\src\Http\Runner.php:82
- CORE\src\Error\Middleware\ErrorHandlerMiddleware.php:115
- CORE\src\Http\Runner.php:82
- CORE\src\Http\Runner.php:60
- CORE\src\Http\Server.php:104
- ROOT\webroot\index.php:37
- [main]:

Request URL: /history
Client IP: 127.0.0.1
2025-05-31 17:55:46 error: [Authorization\Exception\AuthorizationRequiredException] The request to `/roles` did not apply any authorization checks. in C:\Apache24\htdocs\chestcounter\vendor\cakephp\authorization\src\Middleware\AuthorizationMiddleware.php on line 139
Exception Attributes: array (
  'url' => '/roles',
)
Stack Trace:
- CORE\src\Http\Runner.php:82
- CORE\src\Http\Middleware\CsrfProtectionMiddleware.php:169
- CORE\src\Http\Runner.php:82
- ROOT\vendor\cakephp\authentication\src\Middleware\AuthenticationMiddleware.php:106
- CORE\src\Http\Runner.php:82
- CORE\src\Http\Middleware\BodyParserMiddleware.php:157
- CORE\src\Http\Runner.php:82
- CORE\src\Routing\Middleware\RoutingMiddleware.php:118
- CORE\src\Http\Runner.php:82
- CORE\src\Routing\Middleware\AssetMiddleware.php:69
- CORE\src\Http\Runner.php:82
- CORE\src\Error\Middleware\ErrorHandlerMiddleware.php:115
- CORE\src\Http\Runner.php:82
- CORE\src\Http\Runner.php:60
- CORE\src\Http\Server.php:104
- ROOT\webroot\index.php:37
- [main]:

Request URL: /roles
Client IP: 127.0.0.1
2025-05-31 23:52:38 error: [Error] Call to a member function skipAuthorization() on null in C:\Apache24\htdocs\chestcounter\src\Controller\CollectedChestsController.php on line 117
Stack Trace:
- CORE\src\Controller\Controller.php:505
- CORE\src\Controller\ControllerFactory.php:166
- CORE\src\Controller\ControllerFactory.php:141
- CORE\src\Http\BaseApplication.php:362
- CORE\src\Http\Runner.php:86
- CORE\src\Http\Middleware\CsrfProtectionMiddleware.php:169
- CORE\src\Http\Runner.php:82
- ROOT\vendor\cakephp\authentication\src\Middleware\AuthenticationMiddleware.php:106
- CORE\src\Http\Runner.php:82
- CORE\src\Http\Middleware\BodyParserMiddleware.php:157
- CORE\src\Http\Runner.php:82
- CORE\src\Routing\Middleware\RoutingMiddleware.php:118
- CORE\src\Http\Runner.php:82
- CORE\src\Routing\Middleware\AssetMiddleware.php:69
- CORE\src\Http\Runner.php:82
- CORE\src\Error\Middleware\ErrorHandlerMiddleware.php:115
- CORE\src\Http\Runner.php:82
- CORE\src\Http\Runner.php:60
- CORE\src\Http\Server.php:104
- ROOT\webroot\index.php:37
- [main]:

Request URL: /
Client IP: 127.0.0.1
2025-05-31 23:52:41 warning: Unable to emit headers. Headers sent in file=C:\Apache24\htdocs\chestcounter\vendor\cakephp\cakephp\src\Error\Renderer\HtmlErrorRenderer.php line=37
Request URL: /
Client IP: 127.0.0.1
Trace:
Cake\Error\ErrorTrap->handleError() [internal], line ??
C:\Apache24\htdocs\chestcounter\vendor\cakephp\cakephp\src\Http\ResponseEmitter.php C:\Apache24\htdocs\chestcounter\vendor\cakephp\cakephp\src\Http\ResponseEmitter.php, line 65
Cake\Http\ResponseEmitter->emit() C:\Apache24\htdocs\chestcounter\vendor\cakephp\cakephp\src\Http\Server.php, line 148
Cake\Http\Server->emit() C:\Apache24\htdocs\chestcounter\webroot\index.php, line 37
[main]

2025-05-31 23:52:41 warning: Cannot modify header information - headers already sent by (output started at C:\Apache24\htdocs\chestcounter\vendor\cakephp\cakephp\src\Error\Renderer\HtmlErrorRenderer.php:37)
Request URL: /
Client IP: 127.0.0.1
Trace:
Cake\Error\ErrorTrap->handleError() [internal], line ??
C:\Apache24\htdocs\chestcounter\vendor\cakephp\cakephp\src\Http\ResponseEmitter.php C:\Apache24\htdocs\chestcounter\vendor\cakephp\cakephp\src\Http\ResponseEmitter.php, line 159
Cake\Http\ResponseEmitter->emitStatusLine() C:\Apache24\htdocs\chestcounter\vendor\cakephp\cakephp\src\Http\ResponseEmitter.php, line 68
Cake\Http\ResponseEmitter->emit() C:\Apache24\htdocs\chestcounter\vendor\cakephp\cakephp\src\Http\Server.php, line 148
Cake\Http\Server->emit() C:\Apache24\htdocs\chestcounter\webroot\index.php, line 37
[main]

2025-05-31 23:52:41 warning: Cannot modify header information - headers already sent by (output started at C:\Apache24\htdocs\chestcounter\vendor\cakephp\cakephp\src\Error\Renderer\HtmlErrorRenderer.php:37)
Request URL: /
Client IP: 127.0.0.1
Trace:
Cake\Error\ErrorTrap->handleError() [internal], line ??
C:\Apache24\htdocs\chestcounter\vendor\cakephp\cakephp\src\Http\ResponseEmitter.php C:\Apache24\htdocs\chestcounter\vendor\cakephp\cakephp\src\Http\ResponseEmitter.php, line 192
Cake\Http\ResponseEmitter->emitHeaders() C:\Apache24\htdocs\chestcounter\vendor\cakephp\cakephp\src\Http\ResponseEmitter.php, line 69
Cake\Http\ResponseEmitter->emit() C:\Apache24\htdocs\chestcounter\vendor\cakephp\cakephp\src\Http\Server.php, line 148
Cake\Http\Server->emit() C:\Apache24\htdocs\chestcounter\webroot\index.php, line 37
[main]

2025-06-01 00:11:50 error: [Cake\Http\Exception\MissingControllerException] Controller class `Chestcounter` could not be found. in C:\Apache24\htdocs\chestcounter\vendor\cakephp\cakephp\src\Controller\ControllerFactory.php on line 335
Exception Attributes: array (
  'controller' => 'Chestcounter',
  'plugin' => NULL,
  'prefix' => NULL,
  '_ext' => NULL,
)
Stack Trace:
- CORE\src\Controller\ControllerFactory.php:77
- CORE\src\Http\BaseApplication.php:360
- CORE\src\Http\Runner.php:86
- CORE\src\Http\Middleware\CsrfProtectionMiddleware.php:169
- CORE\src\Http\Runner.php:82
- ROOT\vendor\cakephp\authentication\src\Middleware\AuthenticationMiddleware.php:106
- CORE\src\Http\Runner.php:82
- CORE\src\Http\Middleware\BodyParserMiddleware.php:157
- CORE\src\Http\Runner.php:82
- CORE\src\Routing\Middleware\RoutingMiddleware.php:118
- CORE\src\Http\Runner.php:82
- CORE\src\Routing\Middleware\AssetMiddleware.php:69
- CORE\src\Http\Runner.php:82
- CORE\src\Error\Middleware\ErrorHandlerMiddleware.php:115
- CORE\src\Http\Runner.php:82
- CORE\src\Http\Runner.php:60
- CORE\src\Http\Server.php:104
- ROOT\webroot\index.php:37
- [main]:

Request URL: /chestcounter/standard-chests/weights?show_all=1
Referer URL: http://127.0.0.1/chestcounter/standard-chests/weights
Client IP: 127.0.0.1
2025-06-01 00:13:29 error: [Cake\Http\Exception\MissingControllerException] Controller class `Chestcounter` could not be found. in C:\Apache24\htdocs\chestcounter\vendor\cakephp\cakephp\src\Controller\ControllerFactory.php on line 335
Exception Attributes: array (
  'controller' => 'Chestcounter',
  'plugin' => NULL,
  'prefix' => NULL,
  '_ext' => NULL,
)
Stack Trace:
- CORE\src\Controller\ControllerFactory.php:77
- CORE\src\Http\BaseApplication.php:360
- CORE\src\Http\Runner.php:86
- CORE\src\Http\Middleware\CsrfProtectionMiddleware.php:169
- CORE\src\Http\Runner.php:82
- ROOT\vendor\cakephp\authentication\src\Middleware\AuthenticationMiddleware.php:106
- CORE\src\Http\Runner.php:82
- CORE\src\Http\Middleware\BodyParserMiddleware.php:157
- CORE\src\Http\Runner.php:82
- CORE\src\Routing\Middleware\RoutingMiddleware.php:118
- CORE\src\Http\Runner.php:82
- CORE\src\Routing\Middleware\AssetMiddleware.php:69
- CORE\src\Http\Runner.php:82
- CORE\src\Error\Middleware\ErrorHandlerMiddleware.php:115
- CORE\src\Http\Runner.php:82
- CORE\src\Http\Runner.php:60
- CORE\src\Http\Server.php:104
- ROOT\webroot\index.php:37
- [main]:

Request URL: /chestcounter/standard-chests/weights?show_all=1
Client IP: 127.0.0.1
2025-06-01 00:13:35 error: [Cake\Http\Exception\MissingControllerException] Controller class `Chestcounter` could not be found. in C:\Apache24\htdocs\chestcounter\vendor\cakephp\cakephp\src\Controller\ControllerFactory.php on line 335
Exception Attributes: array (
  'controller' => 'Chestcounter',
  'plugin' => NULL,
  'prefix' => NULL,
  '_ext' => NULL,
)
Stack Trace:
- CORE\src\Controller\ControllerFactory.php:77
- CORE\src\Http\BaseApplication.php:360
- CORE\src\Http\Runner.php:86
- CORE\src\Http\Middleware\CsrfProtectionMiddleware.php:169
- CORE\src\Http\Runner.php:82
- ROOT\vendor\cakephp\authentication\src\Middleware\AuthenticationMiddleware.php:106
- CORE\src\Http\Runner.php:82
- CORE\src\Http\Middleware\BodyParserMiddleware.php:157
- CORE\src\Http\Runner.php:82
- CORE\src\Routing\Middleware\RoutingMiddleware.php:118
- CORE\src\Http\Runner.php:82
- CORE\src\Routing\Middleware\AssetMiddleware.php:69
- CORE\src\Http\Runner.php:82
- CORE\src\Error\Middleware\ErrorHandlerMiddleware.php:115
- CORE\src\Http\Runner.php:82
- CORE\src\Http\Runner.php:60
- CORE\src\Http\Server.php:104
- ROOT\webroot\index.php:37
- [main]:

Request URL: /chestcounter/standard-chests/
Client IP: 127.0.0.1
2025-06-01 00:13:39 error: [Cake\Http\Exception\MissingControllerException] Controller class `Chestcounter` could not be found. in C:\Apache24\htdocs\chestcounter\vendor\cakephp\cakephp\src\Controller\ControllerFactory.php on line 335
Exception Attributes: array (
  'controller' => 'Chestcounter',
  'plugin' => NULL,
  'prefix' => NULL,
  '_ext' => NULL,
)
Stack Trace:
- CORE\src\Controller\ControllerFactory.php:77
- CORE\src\Http\BaseApplication.php:360
- CORE\src\Http\Runner.php:86
- CORE\src\Http\Middleware\CsrfProtectionMiddleware.php:169
- CORE\src\Http\Runner.php:82
- ROOT\vendor\cakephp\authentication\src\Middleware\AuthenticationMiddleware.php:106
- CORE\src\Http\Runner.php:82
- CORE\src\Http\Middleware\BodyParserMiddleware.php:157
- CORE\src\Http\Runner.php:82
- CORE\src\Routing\Middleware\RoutingMiddleware.php:118
- CORE\src\Http\Runner.php:82
- CORE\src\Routing\Middleware\AssetMiddleware.php:69
- CORE\src\Http\Runner.php:82
- CORE\src\Error\Middleware\ErrorHandlerMiddleware.php:115
- CORE\src\Http\Runner.php:82
- CORE\src\Http\Runner.php:60
- CORE\src\Http\Server.php:104
- ROOT\webroot\index.php:37
- [main]:

Request URL: /chestcounter/
Client IP: 127.0.0.1
2025-06-01 00:14:30 error: [Cake\Http\Exception\MissingControllerException] Controller class `Chestcounter` could not be found. in C:\Apache24\htdocs\chestcounter\vendor\cakephp\cakephp\src\Controller\ControllerFactory.php on line 335
Exception Attributes: array (
  'controller' => 'Chestcounter',
  'plugin' => NULL,
  'prefix' => NULL,
  '_ext' => NULL,
)
Stack Trace:
- CORE\src\Controller\ControllerFactory.php:77
- CORE\src\Http\BaseApplication.php:360
- CORE\src\Http\Runner.php:86
- CORE\src\Http\Middleware\CsrfProtectionMiddleware.php:169
- CORE\src\Http\Runner.php:82
- ROOT\vendor\cakephp\authentication\src\Middleware\AuthenticationMiddleware.php:106
- CORE\src\Http\Runner.php:82
- CORE\src\Http\Middleware\BodyParserMiddleware.php:157
- CORE\src\Http\Runner.php:82
- CORE\src\Routing\Middleware\RoutingMiddleware.php:118
- CORE\src\Http\Runner.php:82
- CORE\src\Routing\Middleware\AssetMiddleware.php:69
- CORE\src\Http\Runner.php:82
- CORE\src\Error\Middleware\ErrorHandlerMiddleware.php:115
- CORE\src\Http\Runner.php:82
- CORE\src\Http\Runner.php:60
- CORE\src\Http\Server.php:104
- ROOT\webroot\index.php:37
- [main]:

Request URL: /chestcounter/standard-chests/weights?show_all=1
Referer URL: http://127.0.0.1/chestcounter/standard-chests/weights
Client IP: 127.0.0.1
2025-06-01 00:16:27 error: [Cake\Http\Exception\MissingControllerException] Controller class `Chestcounter` could not be found. in C:\Apache24\htdocs\chestcounter\vendor\cakephp\cakephp\src\Controller\ControllerFactory.php on line 335
Exception Attributes: array (
  'controller' => 'Chestcounter',
  'plugin' => NULL,
  'prefix' => NULL,
  '_ext' => NULL,
)
Stack Trace:
- CORE\src\Controller\ControllerFactory.php:77
- CORE\src\Http\BaseApplication.php:360
- CORE\src\Http\Runner.php:86
- CORE\src\Http\Middleware\CsrfProtectionMiddleware.php:169
- CORE\src\Http\Runner.php:82
- ROOT\vendor\cakephp\authentication\src\Middleware\AuthenticationMiddleware.php:106
- CORE\src\Http\Runner.php:82
- CORE\src\Http\Middleware\BodyParserMiddleware.php:157
- CORE\src\Http\Runner.php:82
- CORE\src\Routing\Middleware\RoutingMiddleware.php:118
- CORE\src\Http\Runner.php:82
- CORE\src\Routing\Middleware\AssetMiddleware.php:69
- CORE\src\Http\Runner.php:82
- CORE\src\Error\Middleware\ErrorHandlerMiddleware.php:115
- CORE\src\Http\Runner.php:82
- CORE\src\Http\Runner.php:60
- CORE\src\Http\Server.php:104
- ROOT\webroot\index.php:37
- [main]:

Request URL: /chestcounter/standard-chests/weights
Referer URL: http://127.0.0.1/chestcounter/standard-chests/weights?show_all=1
Client IP: 127.0.0.1
2025-06-01 00:16:44 error: [Cake\Http\Exception\MissingControllerException] Controller class `Chestcounter` could not be found. in C:\Apache24\htdocs\chestcounter\vendor\cakephp\cakephp\src\Controller\ControllerFactory.php on line 335
Exception Attributes: array (
  'controller' => 'Chestcounter',
  'plugin' => NULL,
  'prefix' => NULL,
  '_ext' => NULL,
)
Stack Trace:
- CORE\src\Controller\ControllerFactory.php:77
- CORE\src\Http\BaseApplication.php:360
- CORE\src\Http\Runner.php:86
- CORE\src\Http\Middleware\CsrfProtectionMiddleware.php:169
- CORE\src\Http\Runner.php:82
- ROOT\vendor\cakephp\authentication\src\Middleware\AuthenticationMiddleware.php:106
- CORE\src\Http\Runner.php:82
- CORE\src\Http\Middleware\BodyParserMiddleware.php:157
- CORE\src\Http\Runner.php:82
- CORE\src\Routing\Middleware\RoutingMiddleware.php:118
- CORE\src\Http\Runner.php:82
- CORE\src\Routing\Middleware\AssetMiddleware.php:69
- CORE\src\Http\Runner.php:82
- CORE\src\Error\Middleware\ErrorHandlerMiddleware.php:115
- CORE\src\Http\Runner.php:82
- CORE\src\Http\Runner.php:60
- CORE\src\Http\Server.php:104
- ROOT\webroot\index.php:37
- [main]:

Request URL: /chestcounter/standard-chests/weights?show_all=1
Referer URL: http://127.0.0.1/chestcounter/standard-chests/weights
Client IP: 127.0.0.1
2025-06-01 00:20:47 error: [Cake\Http\Exception\MissingControllerException] Controller class `Chestcounter` could not be found. in C:\Apache24\htdocs\chestcounter\vendor\cakephp\cakephp\src\Controller\ControllerFactory.php on line 335
Exception Attributes: array (
  'controller' => 'Chestcounter',
  'plugin' => NULL,
  'prefix' => NULL,
  '_ext' => NULL,
)
Stack Trace:
- CORE\src\Controller\ControllerFactory.php:77
- CORE\src\Http\BaseApplication.php:360
- CORE\src\Http\Runner.php:86
- CORE\src\Http\Middleware\CsrfProtectionMiddleware.php:169
- CORE\src\Http\Runner.php:82
- ROOT\vendor\cakephp\authentication\src\Middleware\AuthenticationMiddleware.php:106
- CORE\src\Http\Runner.php:82
- CORE\src\Http\Middleware\BodyParserMiddleware.php:157
- CORE\src\Http\Runner.php:82
- CORE\src\Routing\Middleware\RoutingMiddleware.php:118
- CORE\src\Http\Runner.php:82
- CORE\src\Routing\Middleware\AssetMiddleware.php:69
- CORE\src\Http\Runner.php:82
- CORE\src\Error\Middleware\ErrorHandlerMiddleware.php:115
- CORE\src\Http\Runner.php:82
- CORE\src\Http\Runner.php:60
- CORE\src\Http\Server.php:104
- ROOT\webroot\index.php:37
- [main]:

Request URL: /chestcounter/standard-chests/weights?show_all=1
Referer URL: http://127.0.0.1/chestcounter/standard-chests/weights
Client IP: 127.0.0.1
2025-06-01 00:21:10 error: [Cake\Http\Exception\MissingControllerException] Controller class `Chestcounter` could not be found. in C:\Apache24\htdocs\chestcounter\vendor\cakephp\cakephp\src\Controller\ControllerFactory.php on line 335
Exception Attributes: array (
  'controller' => 'Chestcounter',
  'plugin' => NULL,
  'prefix' => NULL,
  '_ext' => NULL,
)
Stack Trace:
- CORE\src\Controller\ControllerFactory.php:77
- CORE\src\Http\BaseApplication.php:360
- CORE\src\Http\Runner.php:86
- CORE\src\Http\Middleware\CsrfProtectionMiddleware.php:169
- CORE\src\Http\Runner.php:82
- ROOT\vendor\cakephp\authentication\src\Middleware\AuthenticationMiddleware.php:106
- CORE\src\Http\Runner.php:82
- CORE\src\Http\Middleware\BodyParserMiddleware.php:157
- CORE\src\Http\Runner.php:82
- CORE\src\Routing\Middleware\RoutingMiddleware.php:118
- CORE\src\Http\Runner.php:82
- CORE\src\Routing\Middleware\AssetMiddleware.php:69
- CORE\src\Http\Runner.php:82
- CORE\src\Error\Middleware\ErrorHandlerMiddleware.php:115
- CORE\src\Http\Runner.php:82
- CORE\src\Http\Runner.php:60
- CORE\src\Http\Server.php:104
- ROOT\webroot\index.php:37
- [main]:

Request URL: /chestcounter/standard-chests/weights
Referer URL: http://127.0.0.1/chestcounter/standard-chests/weights?show_all=1
Client IP: 127.0.0.1
2025-06-01 00:22:22 error: [Cake\Http\Exception\MissingControllerException] Controller class `Chestcounter` could not be found. in C:\Apache24\htdocs\chestcounter\vendor\cakephp\cakephp\src\Controller\ControllerFactory.php on line 335
Exception Attributes: array (
  'controller' => 'Chestcounter',
  'plugin' => NULL,
  'prefix' => NULL,
  '_ext' => NULL,
)
Stack Trace:
- CORE\src\Controller\ControllerFactory.php:77
- CORE\src\Http\BaseApplication.php:360
- CORE\src\Http\Runner.php:86
- CORE\src\Http\Middleware\CsrfProtectionMiddleware.php:169
- CORE\src\Http\Runner.php:82
- ROOT\vendor\cakephp\authentication\src\Middleware\AuthenticationMiddleware.php:106
- CORE\src\Http\Runner.php:82
- CORE\src\Http\Middleware\BodyParserMiddleware.php:157
- CORE\src\Http\Runner.php:82
- CORE\src\Routing\Middleware\RoutingMiddleware.php:118
- CORE\src\Http\Runner.php:82
- CORE\src\Routing\Middleware\AssetMiddleware.php:69
- CORE\src\Http\Runner.php:82
- CORE\src\Error\Middleware\ErrorHandlerMiddleware.php:115
- CORE\src\Http\Runner.php:82
- CORE\src\Http\Runner.php:60
- CORE\src\Http\Server.php:104
- ROOT\webroot\index.php:37
- [main]:

Request URL: /chestcounter/standard-chests/weights?show_all=1
Referer URL: http://127.0.0.1/chestcounter/standard-chests/weights
Client IP: 127.0.0.1
2025-06-01 00:23:32 error: [Cake\Http\Exception\MissingControllerException] Controller class `Chestcounter` could not be found. in C:\Apache24\htdocs\chestcounter\vendor\cakephp\cakephp\src\Controller\ControllerFactory.php on line 335
Exception Attributes: array (
  'controller' => 'Chestcounter',
  'plugin' => NULL,
  'prefix' => NULL,
  '_ext' => NULL,
)
Stack Trace:
- CORE\src\Controller\ControllerFactory.php:77
- CORE\src\Http\BaseApplication.php:360
- CORE\src\Http\Runner.php:86
- CORE\src\Http\Middleware\CsrfProtectionMiddleware.php:169
- CORE\src\Http\Runner.php:82
- ROOT\vendor\cakephp\authentication\src\Middleware\AuthenticationMiddleware.php:106
- CORE\src\Http\Runner.php:82
- CORE\src\Http\Middleware\BodyParserMiddleware.php:157
- CORE\src\Http\Runner.php:82
- CORE\src\Routing\Middleware\RoutingMiddleware.php:118
- CORE\src\Http\Runner.php:82
- CORE\src\Routing\Middleware\AssetMiddleware.php:69
- CORE\src\Http\Runner.php:82
- CORE\src\Error\Middleware\ErrorHandlerMiddleware.php:115
- CORE\src\Http\Runner.php:82
- CORE\src\Http\Runner.php:60
- CORE\src\Http\Server.php:104
- ROOT\webroot\index.php:37
- [main]:

Request URL: /chestcounter/standard-chests/weights?show_all=1
Referer URL: http://127.0.0.1/chestcounter/standard-chests/weights
Client IP: 127.0.0.1
2025-06-01 00:24:50 error: [Cake\Http\Exception\MissingControllerException] Controller class `Chestcounter` could not be found. in C:\Apache24\htdocs\chestcounter\vendor\cakephp\cakephp\src\Controller\ControllerFactory.php on line 335
Exception Attributes: array (
  'controller' => 'Chestcounter',
  'plugin' => NULL,
  'prefix' => NULL,
  '_ext' => NULL,
)
Stack Trace:
- CORE\src\Controller\ControllerFactory.php:77
- CORE\src\Http\BaseApplication.php:360
- CORE\src\Http\Runner.php:86
- CORE\src\Http\Middleware\CsrfProtectionMiddleware.php:169
- CORE\src\Http\Runner.php:82
- ROOT\vendor\cakephp\authentication\src\Middleware\AuthenticationMiddleware.php:106
- CORE\src\Http\Runner.php:82
- CORE\src\Http\Middleware\BodyParserMiddleware.php:157
- CORE\src\Http\Runner.php:82
- CORE\src\Routing\Middleware\RoutingMiddleware.php:118
- CORE\src\Http\Runner.php:82
- CORE\src\Routing\Middleware\AssetMiddleware.php:69
- CORE\src\Http\Runner.php:82
- CORE\src\Error\Middleware\ErrorHandlerMiddleware.php:115
- CORE\src\Http\Runner.php:82
- CORE\src\Http\Runner.php:60
- CORE\src\Http\Server.php:104
- ROOT\webroot\index.php:37
- [main]:

Request URL: /chestcounter/standard-chests/weights?show_all=1
Referer URL: http://127.0.0.1/chestcounter/standard-chests/weights
Client IP: 127.0.0.1
2025-06-01 00:33:21 error: [Cake\Http\Exception\MissingControllerException] Controller class `Chestcounter` could not be found. in C:\Apache24\htdocs\chestcounter\vendor\cakephp\cakephp\src\Controller\ControllerFactory.php on line 335
Exception Attributes: array (
  'controller' => 'Chestcounter',
  'plugin' => NULL,
  'prefix' => NULL,
  '_ext' => NULL,
)
Stack Trace:
- CORE\src\Controller\ControllerFactory.php:77
- CORE\src\Http\BaseApplication.php:360
- CORE\src\Http\Runner.php:86
- CORE\src\Http\Middleware\CsrfProtectionMiddleware.php:169
- CORE\src\Http\Runner.php:82
- ROOT\vendor\cakephp\authentication\src\Middleware\AuthenticationMiddleware.php:106
- CORE\src\Http\Runner.php:82
- CORE\src\Http\Middleware\BodyParserMiddleware.php:157
- CORE\src\Http\Runner.php:82
- CORE\src\Routing\Middleware\RoutingMiddleware.php:118
- CORE\src\Http\Runner.php:82
- CORE\src\Routing\Middleware\AssetMiddleware.php:69
- CORE\src\Http\Runner.php:82
- CORE\src\Error\Middleware\ErrorHandlerMiddleware.php:115
- CORE\src\Http\Runner.php:82
- CORE\src\Http\Runner.php:60
- CORE\src\Http\Server.php:104
- ROOT\webroot\index.php:37
- [main]:

Request URL: /chestcounter/standard-chests/weights?show_all=1
Referer URL: http://127.0.0.1/chestcounter/standard-chests/weights
Client IP: 127.0.0.1
2025-06-01 00:37:26 warning: Unable to emit headers. Headers sent in file=C:\Apache24\htdocs\chestcounter\vendor\cakephp\cakephp\src\Error\Renderer\HtmlErrorRenderer.php line=37
Request URL: /score
Client IP: 127.0.0.1
Trace:
Cake\Error\ErrorTrap->handleError() [internal], line ??
C:\Apache24\htdocs\chestcounter\vendor\cakephp\cakephp\src\Http\ResponseEmitter.php C:\Apache24\htdocs\chestcounter\vendor\cakephp\cakephp\src\Http\ResponseEmitter.php, line 65
Cake\Http\ResponseEmitter->emit() C:\Apache24\htdocs\chestcounter\vendor\cakephp\cakephp\src\Http\Server.php, line 148
Cake\Http\Server->emit() C:\Apache24\htdocs\chestcounter\webroot\index.php, line 37
[main]

2025-06-01 00:37:26 warning: Cannot modify header information - headers already sent by (output started at C:\Apache24\htdocs\chestcounter\vendor\cakephp\cakephp\src\Error\Renderer\HtmlErrorRenderer.php:37)
Request URL: /score
Client IP: 127.0.0.1
Trace:
Cake\Error\ErrorTrap->handleError() [internal], line ??
C:\Apache24\htdocs\chestcounter\vendor\cakephp\cakephp\src\Http\ResponseEmitter.php C:\Apache24\htdocs\chestcounter\vendor\cakephp\cakephp\src\Http\ResponseEmitter.php, line 159
Cake\Http\ResponseEmitter->emitStatusLine() C:\Apache24\htdocs\chestcounter\vendor\cakephp\cakephp\src\Http\ResponseEmitter.php, line 68
Cake\Http\ResponseEmitter->emit() C:\Apache24\htdocs\chestcounter\vendor\cakephp\cakephp\src\Http\Server.php, line 148
Cake\Http\Server->emit() C:\Apache24\htdocs\chestcounter\webroot\index.php, line 37
[main]

2025-06-01 00:37:26 warning: Cannot modify header information - headers already sent by (output started at C:\Apache24\htdocs\chestcounter\vendor\cakephp\cakephp\src\Error\Renderer\HtmlErrorRenderer.php:37)
Request URL: /score
Client IP: 127.0.0.1
Trace:
Cake\Error\ErrorTrap->handleError() [internal], line ??
C:\Apache24\htdocs\chestcounter\vendor\cakephp\cakephp\src\Http\ResponseEmitter.php C:\Apache24\htdocs\chestcounter\vendor\cakephp\cakephp\src\Http\ResponseEmitter.php, line 192
Cake\Http\ResponseEmitter->emitHeaders() C:\Apache24\htdocs\chestcounter\vendor\cakephp\cakephp\src\Http\ResponseEmitter.php, line 69
Cake\Http\ResponseEmitter->emit() C:\Apache24\htdocs\chestcounter\vendor\cakephp\cakephp\src\Http\Server.php, line 148
Cake\Http\Server->emit() C:\Apache24\htdocs\chestcounter\webroot\index.php, line 37
[main]

2025-08-16 15:43:54 warning: Unable to emit headers. Headers sent in file=C:\Apache24\htdocs\chestcounter\vendor\cakephp\cakephp\src\Error\Renderer\HtmlErrorRenderer.php line=37
Request URL: /score
Referer URL: http://127.0.0.1/chestcounter/standard-chests/weights
Client IP: 127.0.0.1
Trace:
Cake\Error\ErrorTrap->handleError() [internal], line ??
C:\Apache24\htdocs\chestcounter\vendor\cakephp\cakephp\src\Http\ResponseEmitter.php C:\Apache24\htdocs\chestcounter\vendor\cakephp\cakephp\src\Http\ResponseEmitter.php, line 65
Cake\Http\ResponseEmitter->emit() C:\Apache24\htdocs\chestcounter\vendor\cakephp\cakephp\src\Http\Server.php, line 148
Cake\Http\Server->emit() C:\Apache24\htdocs\chestcounter\webroot\index.php, line 37
[main]

2025-08-16 15:43:54 warning: Cannot modify header information - headers already sent by (output started at C:\Apache24\htdocs\chestcounter\vendor\cakephp\cakephp\src\Error\Renderer\HtmlErrorRenderer.php:37)
Request URL: /score
Referer URL: http://127.0.0.1/chestcounter/standard-chests/weights
Client IP: 127.0.0.1
Trace:
Cake\Error\ErrorTrap->handleError() [internal], line ??
C:\Apache24\htdocs\chestcounter\vendor\cakephp\cakephp\src\Http\ResponseEmitter.php C:\Apache24\htdocs\chestcounter\vendor\cakephp\cakephp\src\Http\ResponseEmitter.php, line 159
Cake\Http\ResponseEmitter->emitStatusLine() C:\Apache24\htdocs\chestcounter\vendor\cakephp\cakephp\src\Http\ResponseEmitter.php, line 68
Cake\Http\ResponseEmitter->emit() C:\Apache24\htdocs\chestcounter\vendor\cakephp\cakephp\src\Http\Server.php, line 148
Cake\Http\Server->emit() C:\Apache24\htdocs\chestcounter\webroot\index.php, line 37
[main]

2025-08-16 15:43:54 warning: Cannot modify header information - headers already sent by (output started at C:\Apache24\htdocs\chestcounter\vendor\cakephp\cakephp\src\Error\Renderer\HtmlErrorRenderer.php:37)
Request URL: /score
Referer URL: http://127.0.0.1/chestcounter/standard-chests/weights
Client IP: 127.0.0.1
Trace:
Cake\Error\ErrorTrap->handleError() [internal], line ??
C:\Apache24\htdocs\chestcounter\vendor\cakephp\cakephp\src\Http\ResponseEmitter.php C:\Apache24\htdocs\chestcounter\vendor\cakephp\cakephp\src\Http\ResponseEmitter.php, line 192
Cake\Http\ResponseEmitter->emitHeaders() C:\Apache24\htdocs\chestcounter\vendor\cakephp\cakephp\src\Http\ResponseEmitter.php, line 69
Cake\Http\ResponseEmitter->emit() C:\Apache24\htdocs\chestcounter\vendor\cakephp\cakephp\src\Http\Server.php, line 148
Cake\Http\Server->emit() C:\Apache24\htdocs\chestcounter\webroot\index.php, line 37
[main]

2025-08-16 15:45:54 warning: Unable to emit headers. Headers sent in file=C:\Apache24\htdocs\chestcounter\vendor\cakephp\cakephp\src\Error\Renderer\HtmlErrorRenderer.php line=37
Request URL: /score
Client IP: 127.0.0.1
Trace:
Cake\Error\ErrorTrap->handleError() [internal], line ??
C:\Apache24\htdocs\chestcounter\vendor\cakephp\cakephp\src\Http\ResponseEmitter.php C:\Apache24\htdocs\chestcounter\vendor\cakephp\cakephp\src\Http\ResponseEmitter.php, line 65
Cake\Http\ResponseEmitter->emit() C:\Apache24\htdocs\chestcounter\vendor\cakephp\cakephp\src\Http\Server.php, line 148
Cake\Http\Server->emit() C:\Apache24\htdocs\chestcounter\webroot\index.php, line 37
[main]

2025-08-16 15:45:54 warning: Cannot modify header information - headers already sent by (output started at C:\Apache24\htdocs\chestcounter\vendor\cakephp\cakephp\src\Error\Renderer\HtmlErrorRenderer.php:37)
Request URL: /score
Client IP: 127.0.0.1
Trace:
Cake\Error\ErrorTrap->handleError() [internal], line ??
C:\Apache24\htdocs\chestcounter\vendor\cakephp\cakephp\src\Http\ResponseEmitter.php C:\Apache24\htdocs\chestcounter\vendor\cakephp\cakephp\src\Http\ResponseEmitter.php, line 159
Cake\Http\ResponseEmitter->emitStatusLine() C:\Apache24\htdocs\chestcounter\vendor\cakephp\cakephp\src\Http\ResponseEmitter.php, line 68
Cake\Http\ResponseEmitter->emit() C:\Apache24\htdocs\chestcounter\vendor\cakephp\cakephp\src\Http\Server.php, line 148
Cake\Http\Server->emit() C:\Apache24\htdocs\chestcounter\webroot\index.php, line 37
[main]

2025-08-16 15:45:54 warning: Cannot modify header information - headers already sent by (output started at C:\Apache24\htdocs\chestcounter\vendor\cakephp\cakephp\src\Error\Renderer\HtmlErrorRenderer.php:37)
Request URL: /score
Client IP: 127.0.0.1
Trace:
Cake\Error\ErrorTrap->handleError() [internal], line ??
C:\Apache24\htdocs\chestcounter\vendor\cakephp\cakephp\src\Http\ResponseEmitter.php C:\Apache24\htdocs\chestcounter\vendor\cakephp\cakephp\src\Http\ResponseEmitter.php, line 192
Cake\Http\ResponseEmitter->emitHeaders() C:\Apache24\htdocs\chestcounter\vendor\cakephp\cakephp\src\Http\ResponseEmitter.php, line 69
Cake\Http\ResponseEmitter->emit() C:\Apache24\htdocs\chestcounter\vendor\cakephp\cakephp\src\Http\Server.php, line 148
Cake\Http\Server->emit() C:\Apache24\htdocs\chestcounter\webroot\index.php, line 37
[main]

2025-08-16 15:47:16 warning: Unable to emit headers. Headers sent in file=C:\Apache24\htdocs\chestcounter\vendor\cakephp\cakephp\src\Error\Renderer\HtmlErrorRenderer.php line=37
Request URL: /score
Client IP: 127.0.0.1
Trace:
Cake\Error\ErrorTrap->handleError() [internal], line ??
C:\Apache24\htdocs\chestcounter\vendor\cakephp\cakephp\src\Http\ResponseEmitter.php C:\Apache24\htdocs\chestcounter\vendor\cakephp\cakephp\src\Http\ResponseEmitter.php, line 65
Cake\Http\ResponseEmitter->emit() C:\Apache24\htdocs\chestcounter\vendor\cakephp\cakephp\src\Http\Server.php, line 148
Cake\Http\Server->emit() C:\Apache24\htdocs\chestcounter\webroot\index.php, line 37
[main]

2025-08-16 15:47:16 warning: Cannot modify header information - headers already sent by (output started at C:\Apache24\htdocs\chestcounter\vendor\cakephp\cakephp\src\Error\Renderer\HtmlErrorRenderer.php:37)
Request URL: /score
Client IP: 127.0.0.1
Trace:
Cake\Error\ErrorTrap->handleError() [internal], line ??
C:\Apache24\htdocs\chestcounter\vendor\cakephp\cakephp\src\Http\ResponseEmitter.php C:\Apache24\htdocs\chestcounter\vendor\cakephp\cakephp\src\Http\ResponseEmitter.php, line 159
Cake\Http\ResponseEmitter->emitStatusLine() C:\Apache24\htdocs\chestcounter\vendor\cakephp\cakephp\src\Http\ResponseEmitter.php, line 68
Cake\Http\ResponseEmitter->emit() C:\Apache24\htdocs\chestcounter\vendor\cakephp\cakephp\src\Http\Server.php, line 148
Cake\Http\Server->emit() C:\Apache24\htdocs\chestcounter\webroot\index.php, line 37
[main]

2025-08-16 15:47:16 warning: Cannot modify header information - headers already sent by (output started at C:\Apache24\htdocs\chestcounter\vendor\cakephp\cakephp\src\Error\Renderer\HtmlErrorRenderer.php:37)
Request URL: /score
Client IP: 127.0.0.1
Trace:
Cake\Error\ErrorTrap->handleError() [internal], line ??
C:\Apache24\htdocs\chestcounter\vendor\cakephp\cakephp\src\Http\ResponseEmitter.php C:\Apache24\htdocs\chestcounter\vendor\cakephp\cakephp\src\Http\ResponseEmitter.php, line 192
Cake\Http\ResponseEmitter->emitHeaders() C:\Apache24\htdocs\chestcounter\vendor\cakephp\cakephp\src\Http\ResponseEmitter.php, line 69
Cake\Http\ResponseEmitter->emit() C:\Apache24\htdocs\chestcounter\vendor\cakephp\cakephp\src\Http\Server.php, line 148
Cake\Http\Server->emit() C:\Apache24\htdocs\chestcounter\webroot\index.php, line 37
[main]

2025-08-16 15:49:46 warning: Unable to emit headers. Headers sent in file=C:\Apache24\htdocs\chestcounter\vendor\cakephp\cakephp\src\Error\Renderer\HtmlErrorRenderer.php line=37
Request URL: /score
Client IP: 127.0.0.1
Trace:
Cake\Error\ErrorTrap->handleError() [internal], line ??
C:\Apache24\htdocs\chestcounter\vendor\cakephp\cakephp\src\Http\ResponseEmitter.php C:\Apache24\htdocs\chestcounter\vendor\cakephp\cakephp\src\Http\ResponseEmitter.php, line 65
Cake\Http\ResponseEmitter->emit() C:\Apache24\htdocs\chestcounter\vendor\cakephp\cakephp\src\Http\Server.php, line 148
Cake\Http\Server->emit() C:\Apache24\htdocs\chestcounter\webroot\index.php, line 37
[main]

2025-08-16 15:49:46 warning: Cannot modify header information - headers already sent by (output started at C:\Apache24\htdocs\chestcounter\vendor\cakephp\cakephp\src\Error\Renderer\HtmlErrorRenderer.php:37)
Request URL: /score
Client IP: 127.0.0.1
Trace:
Cake\Error\ErrorTrap->handleError() [internal], line ??
C:\Apache24\htdocs\chestcounter\vendor\cakephp\cakephp\src\Http\ResponseEmitter.php C:\Apache24\htdocs\chestcounter\vendor\cakephp\cakephp\src\Http\ResponseEmitter.php, line 159
Cake\Http\ResponseEmitter->emitStatusLine() C:\Apache24\htdocs\chestcounter\vendor\cakephp\cakephp\src\Http\ResponseEmitter.php, line 68
Cake\Http\ResponseEmitter->emit() C:\Apache24\htdocs\chestcounter\vendor\cakephp\cakephp\src\Http\Server.php, line 148
Cake\Http\Server->emit() C:\Apache24\htdocs\chestcounter\webroot\index.php, line 37
[main]

2025-08-16 15:49:46 warning: Cannot modify header information - headers already sent by (output started at C:\Apache24\htdocs\chestcounter\vendor\cakephp\cakephp\src\Error\Renderer\HtmlErrorRenderer.php:37)
Request URL: /score
Client IP: 127.0.0.1
Trace:
Cake\Error\ErrorTrap->handleError() [internal], line ??
C:\Apache24\htdocs\chestcounter\vendor\cakephp\cakephp\src\Http\ResponseEmitter.php C:\Apache24\htdocs\chestcounter\vendor\cakephp\cakephp\src\Http\ResponseEmitter.php, line 192
Cake\Http\ResponseEmitter->emitHeaders() C:\Apache24\htdocs\chestcounter\vendor\cakephp\cakephp\src\Http\ResponseEmitter.php, line 69
Cake\Http\ResponseEmitter->emit() C:\Apache24\htdocs\chestcounter\vendor\cakephp\cakephp\src\Http\Server.php, line 148
Cake\Http\Server->emit() C:\Apache24\htdocs\chestcounter\webroot\index.php, line 37
[main]

2025-08-16 15:52:28 warning: Unable to emit headers. Headers sent in file=C:\Apache24\htdocs\chestcounter\vendor\cakephp\cakephp\src\Error\Renderer\HtmlErrorRenderer.php line=37
Request URL: /score
Client IP: 127.0.0.1
Trace:
Cake\Error\ErrorTrap->handleError() [internal], line ??
C:\Apache24\htdocs\chestcounter\vendor\cakephp\cakephp\src\Http\ResponseEmitter.php C:\Apache24\htdocs\chestcounter\vendor\cakephp\cakephp\src\Http\ResponseEmitter.php, line 65
Cake\Http\ResponseEmitter->emit() C:\Apache24\htdocs\chestcounter\vendor\cakephp\cakephp\src\Http\Server.php, line 148
Cake\Http\Server->emit() C:\Apache24\htdocs\chestcounter\webroot\index.php, line 37
[main]

2025-08-16 15:52:28 warning: Cannot modify header information - headers already sent by (output started at C:\Apache24\htdocs\chestcounter\vendor\cakephp\cakephp\src\Error\Renderer\HtmlErrorRenderer.php:37)
Request URL: /score
Client IP: 127.0.0.1
Trace:
Cake\Error\ErrorTrap->handleError() [internal], line ??
C:\Apache24\htdocs\chestcounter\vendor\cakephp\cakephp\src\Http\ResponseEmitter.php C:\Apache24\htdocs\chestcounter\vendor\cakephp\cakephp\src\Http\ResponseEmitter.php, line 159
Cake\Http\ResponseEmitter->emitStatusLine() C:\Apache24\htdocs\chestcounter\vendor\cakephp\cakephp\src\Http\ResponseEmitter.php, line 68
Cake\Http\ResponseEmitter->emit() C:\Apache24\htdocs\chestcounter\vendor\cakephp\cakephp\src\Http\Server.php, line 148
Cake\Http\Server->emit() C:\Apache24\htdocs\chestcounter\webroot\index.php, line 37
[main]

2025-08-16 15:52:28 warning: Cannot modify header information - headers already sent by (output started at C:\Apache24\htdocs\chestcounter\vendor\cakephp\cakephp\src\Error\Renderer\HtmlErrorRenderer.php:37)
Request URL: /score
Client IP: 127.0.0.1
Trace:
Cake\Error\ErrorTrap->handleError() [internal], line ??
C:\Apache24\htdocs\chestcounter\vendor\cakephp\cakephp\src\Http\ResponseEmitter.php C:\Apache24\htdocs\chestcounter\vendor\cakephp\cakephp\src\Http\ResponseEmitter.php, line 192
Cake\Http\ResponseEmitter->emitHeaders() C:\Apache24\htdocs\chestcounter\vendor\cakephp\cakephp\src\Http\ResponseEmitter.php, line 69
Cake\Http\ResponseEmitter->emit() C:\Apache24\htdocs\chestcounter\vendor\cakephp\cakephp\src\Http\Server.php, line 148
Cake\Http\Server->emit() C:\Apache24\htdocs\chestcounter\webroot\index.php, line 37
[main]

2025-08-16 17:16:52 warning: Unable to emit headers. Headers sent in file=C:\Apache24\htdocs\chestcounter\vendor\cakephp\cakephp\src\Error\Renderer\HtmlErrorRenderer.php line=37
Request URL: /score
Client IP: 127.0.0.1
Trace:
Cake\Error\ErrorTrap->handleError() [internal], line ??
C:\Apache24\htdocs\chestcounter\vendor\cakephp\cakephp\src\Http\ResponseEmitter.php C:\Apache24\htdocs\chestcounter\vendor\cakephp\cakephp\src\Http\ResponseEmitter.php, line 65
Cake\Http\ResponseEmitter->emit() C:\Apache24\htdocs\chestcounter\vendor\cakephp\cakephp\src\Http\Server.php, line 148
Cake\Http\Server->emit() C:\Apache24\htdocs\chestcounter\webroot\index.php, line 37
[main]

2025-08-16 17:16:52 warning: Cannot modify header information - headers already sent by (output started at C:\Apache24\htdocs\chestcounter\vendor\cakephp\cakephp\src\Error\Renderer\HtmlErrorRenderer.php:37)
Request URL: /score
Client IP: 127.0.0.1
Trace:
Cake\Error\ErrorTrap->handleError() [internal], line ??
C:\Apache24\htdocs\chestcounter\vendor\cakephp\cakephp\src\Http\ResponseEmitter.php C:\Apache24\htdocs\chestcounter\vendor\cakephp\cakephp\src\Http\ResponseEmitter.php, line 159
Cake\Http\ResponseEmitter->emitStatusLine() C:\Apache24\htdocs\chestcounter\vendor\cakephp\cakephp\src\Http\ResponseEmitter.php, line 68
Cake\Http\ResponseEmitter->emit() C:\Apache24\htdocs\chestcounter\vendor\cakephp\cakephp\src\Http\Server.php, line 148
Cake\Http\Server->emit() C:\Apache24\htdocs\chestcounter\webroot\index.php, line 37
[main]

2025-08-16 17:16:52 warning: Cannot modify header information - headers already sent by (output started at C:\Apache24\htdocs\chestcounter\vendor\cakephp\cakephp\src\Error\Renderer\HtmlErrorRenderer.php:37)
Request URL: /score
Client IP: 127.0.0.1
Trace:
Cake\Error\ErrorTrap->handleError() [internal], line ??
C:\Apache24\htdocs\chestcounter\vendor\cakephp\cakephp\src\Http\ResponseEmitter.php C:\Apache24\htdocs\chestcounter\vendor\cakephp\cakephp\src\Http\ResponseEmitter.php, line 192
Cake\Http\ResponseEmitter->emitHeaders() C:\Apache24\htdocs\chestcounter\vendor\cakephp\cakephp\src\Http\ResponseEmitter.php, line 69
Cake\Http\ResponseEmitter->emit() C:\Apache24\htdocs\chestcounter\vendor\cakephp\cakephp\src\Http\Server.php, line 148
Cake\Http\Server->emit() C:\Apache24\htdocs\chestcounter\webroot\index.php, line 37
[main]

2025-08-16 17:43:12 warning: Unable to emit headers. Headers sent in file=C:\Apache24\htdocs\chestcounter\vendor\cakephp\cakephp\src\Error\Renderer\HtmlErrorRenderer.php line=37
Request URL: /
Referer URL: http://127.0.0.1/chestcounter/config/
Client IP: 127.0.0.1
Trace:
Cake\Error\ErrorTrap->handleError() [internal], line ??
C:\Apache24\htdocs\chestcounter\vendor\cakephp\cakephp\src\Http\ResponseEmitter.php C:\Apache24\htdocs\chestcounter\vendor\cakephp\cakephp\src\Http\ResponseEmitter.php, line 65
Cake\Http\ResponseEmitter->emit() C:\Apache24\htdocs\chestcounter\vendor\cakephp\cakephp\src\Http\Server.php, line 148
Cake\Http\Server->emit() C:\Apache24\htdocs\chestcounter\webroot\index.php, line 37
[main]

2025-08-16 17:43:12 warning: Cannot modify header information - headers already sent by (output started at C:\Apache24\htdocs\chestcounter\vendor\cakephp\cakephp\src\Error\Renderer\HtmlErrorRenderer.php:37)
Request URL: /
Referer URL: http://127.0.0.1/chestcounter/config/
Client IP: 127.0.0.1
Trace:
Cake\Error\ErrorTrap->handleError() [internal], line ??
C:\Apache24\htdocs\chestcounter\vendor\cakephp\cakephp\src\Http\ResponseEmitter.php C:\Apache24\htdocs\chestcounter\vendor\cakephp\cakephp\src\Http\ResponseEmitter.php, line 159
Cake\Http\ResponseEmitter->emitStatusLine() C:\Apache24\htdocs\chestcounter\vendor\cakephp\cakephp\src\Http\ResponseEmitter.php, line 68
Cake\Http\ResponseEmitter->emit() C:\Apache24\htdocs\chestcounter\vendor\cakephp\cakephp\src\Http\Server.php, line 148
Cake\Http\Server->emit() C:\Apache24\htdocs\chestcounter\webroot\index.php, line 37
[main]

2025-08-16 17:43:12 warning: Cannot modify header information - headers already sent by (output started at C:\Apache24\htdocs\chestcounter\vendor\cakephp\cakephp\src\Error\Renderer\HtmlErrorRenderer.php:37)
Request URL: /
Referer URL: http://127.0.0.1/chestcounter/config/
Client IP: 127.0.0.1
Trace:
Cake\Error\ErrorTrap->handleError() [internal], line ??
C:\Apache24\htdocs\chestcounter\vendor\cakephp\cakephp\src\Http\ResponseEmitter.php C:\Apache24\htdocs\chestcounter\vendor\cakephp\cakephp\src\Http\ResponseEmitter.php, line 192
Cake\Http\ResponseEmitter->emitHeaders() C:\Apache24\htdocs\chestcounter\vendor\cakephp\cakephp\src\Http\ResponseEmitter.php, line 69
Cake\Http\ResponseEmitter->emit() C:\Apache24\htdocs\chestcounter\vendor\cakephp\cakephp\src\Http\Server.php, line 148
Cake\Http\Server->emit() C:\Apache24\htdocs\chestcounter\webroot\index.php, line 37
[main]

2025-08-16 17:47:36 warning: Unable to emit headers. Headers sent in file=C:\Apache24\htdocs\chestcounter\vendor\cakephp\cakephp\src\Error\Renderer\HtmlErrorRenderer.php line=37
Request URL: /score
Client IP: 127.0.0.1
Trace:
Cake\Error\ErrorTrap->handleError() [internal], line ??
C:\Apache24\htdocs\chestcounter\vendor\cakephp\cakephp\src\Http\ResponseEmitter.php C:\Apache24\htdocs\chestcounter\vendor\cakephp\cakephp\src\Http\ResponseEmitter.php, line 65
Cake\Http\ResponseEmitter->emit() C:\Apache24\htdocs\chestcounter\vendor\cakephp\cakephp\src\Http\Server.php, line 148
Cake\Http\Server->emit() C:\Apache24\htdocs\chestcounter\webroot\index.php, line 37
[main]

2025-08-16 17:47:36 warning: Cannot modify header information - headers already sent by (output started at C:\Apache24\htdocs\chestcounter\vendor\cakephp\cakephp\src\Error\Renderer\HtmlErrorRenderer.php:37)
Request URL: /score
Client IP: 127.0.0.1
Trace:
Cake\Error\ErrorTrap->handleError() [internal], line ??
C:\Apache24\htdocs\chestcounter\vendor\cakephp\cakephp\src\Http\ResponseEmitter.php C:\Apache24\htdocs\chestcounter\vendor\cakephp\cakephp\src\Http\ResponseEmitter.php, line 159
Cake\Http\ResponseEmitter->emitStatusLine() C:\Apache24\htdocs\chestcounter\vendor\cakephp\cakephp\src\Http\ResponseEmitter.php, line 68
Cake\Http\ResponseEmitter->emit() C:\Apache24\htdocs\chestcounter\vendor\cakephp\cakephp\src\Http\Server.php, line 148
Cake\Http\Server->emit() C:\Apache24\htdocs\chestcounter\webroot\index.php, line 37
[main]

2025-08-16 17:47:36 warning: Cannot modify header information - headers already sent by (output started at C:\Apache24\htdocs\chestcounter\vendor\cakephp\cakephp\src\Error\Renderer\HtmlErrorRenderer.php:37)
Request URL: /score
Client IP: 127.0.0.1
Trace:
Cake\Error\ErrorTrap->handleError() [internal], line ??
C:\Apache24\htdocs\chestcounter\vendor\cakephp\cakephp\src\Http\ResponseEmitter.php C:\Apache24\htdocs\chestcounter\vendor\cakephp\cakephp\src\Http\ResponseEmitter.php, line 192
Cake\Http\ResponseEmitter->emitHeaders() C:\Apache24\htdocs\chestcounter\vendor\cakephp\cakephp\src\Http\ResponseEmitter.php, line 69
Cake\Http\ResponseEmitter->emit() C:\Apache24\htdocs\chestcounter\vendor\cakephp\cakephp\src\Http\Server.php, line 148
Cake\Http\Server->emit() C:\Apache24\htdocs\chestcounter\webroot\index.php, line 37
[main]

2025-08-16 17:47:39 warning: Unable to emit headers. Headers sent in file=C:\Apache24\htdocs\chestcounter\vendor\cakephp\cakephp\src\Error\Renderer\HtmlErrorRenderer.php line=37
Request URL: /score
Client IP: 127.0.0.1
Trace:
Cake\Error\ErrorTrap->handleError() [internal], line ??
C:\Apache24\htdocs\chestcounter\vendor\cakephp\cakephp\src\Http\ResponseEmitter.php C:\Apache24\htdocs\chestcounter\vendor\cakephp\cakephp\src\Http\ResponseEmitter.php, line 65
Cake\Http\ResponseEmitter->emit() C:\Apache24\htdocs\chestcounter\vendor\cakephp\cakephp\src\Http\Server.php, line 148
Cake\Http\Server->emit() C:\Apache24\htdocs\chestcounter\webroot\index.php, line 37
[main]

2025-08-16 17:47:39 warning: Cannot modify header information - headers already sent by (output started at C:\Apache24\htdocs\chestcounter\vendor\cakephp\cakephp\src\Error\Renderer\HtmlErrorRenderer.php:37)
Request URL: /score
Client IP: 127.0.0.1
Trace:
Cake\Error\ErrorTrap->handleError() [internal], line ??
C:\Apache24\htdocs\chestcounter\vendor\cakephp\cakephp\src\Http\ResponseEmitter.php C:\Apache24\htdocs\chestcounter\vendor\cakephp\cakephp\src\Http\ResponseEmitter.php, line 159
Cake\Http\ResponseEmitter->emitStatusLine() C:\Apache24\htdocs\chestcounter\vendor\cakephp\cakephp\src\Http\ResponseEmitter.php, line 68
Cake\Http\ResponseEmitter->emit() C:\Apache24\htdocs\chestcounter\vendor\cakephp\cakephp\src\Http\Server.php, line 148
Cake\Http\Server->emit() C:\Apache24\htdocs\chestcounter\webroot\index.php, line 37
[main]

2025-08-16 17:47:39 warning: Cannot modify header information - headers already sent by (output started at C:\Apache24\htdocs\chestcounter\vendor\cakephp\cakephp\src\Error\Renderer\HtmlErrorRenderer.php:37)
Request URL: /score
Client IP: 127.0.0.1
Trace:
Cake\Error\ErrorTrap->handleError() [internal], line ??
C:\Apache24\htdocs\chestcounter\vendor\cakephp\cakephp\src\Http\ResponseEmitter.php C:\Apache24\htdocs\chestcounter\vendor\cakephp\cakephp\src\Http\ResponseEmitter.php, line 192
Cake\Http\ResponseEmitter->emitHeaders() C:\Apache24\htdocs\chestcounter\vendor\cakephp\cakephp\src\Http\ResponseEmitter.php, line 69
Cake\Http\ResponseEmitter->emit() C:\Apache24\htdocs\chestcounter\vendor\cakephp\cakephp\src\Http\Server.php, line 148
Cake\Http\Server->emit() C:\Apache24\htdocs\chestcounter\webroot\index.php, line 37
[main]

2025-08-16 17:47:41 warning: Unable to emit headers. Headers sent in file=C:\Apache24\htdocs\chestcounter\vendor\cakephp\cakephp\src\Error\Renderer\HtmlErrorRenderer.php line=37
Request URL: /score
Client IP: 127.0.0.1
Trace:
Cake\Error\ErrorTrap->handleError() [internal], line ??
C:\Apache24\htdocs\chestcounter\vendor\cakephp\cakephp\src\Http\ResponseEmitter.php C:\Apache24\htdocs\chestcounter\vendor\cakephp\cakephp\src\Http\ResponseEmitter.php, line 65
Cake\Http\ResponseEmitter->emit() C:\Apache24\htdocs\chestcounter\vendor\cakephp\cakephp\src\Http\Server.php, line 148
Cake\Http\Server->emit() C:\Apache24\htdocs\chestcounter\webroot\index.php, line 37
[main]

2025-08-16 17:47:41 warning: Cannot modify header information - headers already sent by (output started at C:\Apache24\htdocs\chestcounter\vendor\cakephp\cakephp\src\Error\Renderer\HtmlErrorRenderer.php:37)
Request URL: /score
Client IP: 127.0.0.1
Trace:
Cake\Error\ErrorTrap->handleError() [internal], line ??
C:\Apache24\htdocs\chestcounter\vendor\cakephp\cakephp\src\Http\ResponseEmitter.php C:\Apache24\htdocs\chestcounter\vendor\cakephp\cakephp\src\Http\ResponseEmitter.php, line 159
Cake\Http\ResponseEmitter->emitStatusLine() C:\Apache24\htdocs\chestcounter\vendor\cakephp\cakephp\src\Http\ResponseEmitter.php, line 68
Cake\Http\ResponseEmitter->emit() C:\Apache24\htdocs\chestcounter\vendor\cakephp\cakephp\src\Http\Server.php, line 148
Cake\Http\Server->emit() C:\Apache24\htdocs\chestcounter\webroot\index.php, line 37
[main]

2025-08-16 17:47:41 warning: Cannot modify header information - headers already sent by (output started at C:\Apache24\htdocs\chestcounter\vendor\cakephp\cakephp\src\Error\Renderer\HtmlErrorRenderer.php:37)
Request URL: /score
Client IP: 127.0.0.1
Trace:
Cake\Error\ErrorTrap->handleError() [internal], line ??
C:\Apache24\htdocs\chestcounter\vendor\cakephp\cakephp\src\Http\ResponseEmitter.php C:\Apache24\htdocs\chestcounter\vendor\cakephp\cakephp\src\Http\ResponseEmitter.php, line 192
Cake\Http\ResponseEmitter->emitHeaders() C:\Apache24\htdocs\chestcounter\vendor\cakephp\cakephp\src\Http\ResponseEmitter.php, line 69
Cake\Http\ResponseEmitter->emit() C:\Apache24\htdocs\chestcounter\vendor\cakephp\cakephp\src\Http\Server.php, line 148
Cake\Http\Server->emit() C:\Apache24\htdocs\chestcounter\webroot\index.php, line 37
[main]

2025-08-16 17:48:10 warning: Unable to emit headers. Headers sent in file=C:\Apache24\htdocs\chestcounter\vendor\cakephp\cakephp\src\Error\Renderer\HtmlErrorRenderer.php line=37
Request URL: /score
Client IP: 127.0.0.1
Trace:
Cake\Error\ErrorTrap->handleError() [internal], line ??
C:\Apache24\htdocs\chestcounter\vendor\cakephp\cakephp\src\Http\ResponseEmitter.php C:\Apache24\htdocs\chestcounter\vendor\cakephp\cakephp\src\Http\ResponseEmitter.php, line 65
Cake\Http\ResponseEmitter->emit() C:\Apache24\htdocs\chestcounter\vendor\cakephp\cakephp\src\Http\Server.php, line 148
Cake\Http\Server->emit() C:\Apache24\htdocs\chestcounter\webroot\index.php, line 37
[main]

2025-08-16 17:48:10 warning: Cannot modify header information - headers already sent by (output started at C:\Apache24\htdocs\chestcounter\vendor\cakephp\cakephp\src\Error\Renderer\HtmlErrorRenderer.php:37)
Request URL: /score
Client IP: 127.0.0.1
Trace:
Cake\Error\ErrorTrap->handleError() [internal], line ??
C:\Apache24\htdocs\chestcounter\vendor\cakephp\cakephp\src\Http\ResponseEmitter.php C:\Apache24\htdocs\chestcounter\vendor\cakephp\cakephp\src\Http\ResponseEmitter.php, line 159
Cake\Http\ResponseEmitter->emitStatusLine() C:\Apache24\htdocs\chestcounter\vendor\cakephp\cakephp\src\Http\ResponseEmitter.php, line 68
Cake\Http\ResponseEmitter->emit() C:\Apache24\htdocs\chestcounter\vendor\cakephp\cakephp\src\Http\Server.php, line 148
Cake\Http\Server->emit() C:\Apache24\htdocs\chestcounter\webroot\index.php, line 37
[main]

2025-08-16 17:48:10 warning: Cannot modify header information - headers already sent by (output started at C:\Apache24\htdocs\chestcounter\vendor\cakephp\cakephp\src\Error\Renderer\HtmlErrorRenderer.php:37)
Request URL: /score
Client IP: 127.0.0.1
Trace:
Cake\Error\ErrorTrap->handleError() [internal], line ??
C:\Apache24\htdocs\chestcounter\vendor\cakephp\cakephp\src\Http\ResponseEmitter.php C:\Apache24\htdocs\chestcounter\vendor\cakephp\cakephp\src\Http\ResponseEmitter.php, line 192
Cake\Http\ResponseEmitter->emitHeaders() C:\Apache24\htdocs\chestcounter\vendor\cakephp\cakephp\src\Http\ResponseEmitter.php, line 69
Cake\Http\ResponseEmitter->emit() C:\Apache24\htdocs\chestcounter\vendor\cakephp\cakephp\src\Http\Server.php, line 148
Cake\Http\Server->emit() C:\Apache24\htdocs\chestcounter\webroot\index.php, line 37
[main]

2025-08-16 17:50:51 warning: Unable to emit headers. Headers sent in file=C:\Apache24\htdocs\chestcounter\vendor\cakephp\cakephp\src\Error\Renderer\HtmlErrorRenderer.php line=37
Request URL: /
Referer URL: http://127.0.0.1/chestcounter/config/
Client IP: 127.0.0.1
Trace:
Cake\Error\ErrorTrap->handleError() [internal], line ??
C:\Apache24\htdocs\chestcounter\vendor\cakephp\cakephp\src\Http\ResponseEmitter.php C:\Apache24\htdocs\chestcounter\vendor\cakephp\cakephp\src\Http\ResponseEmitter.php, line 65
Cake\Http\ResponseEmitter->emit() C:\Apache24\htdocs\chestcounter\vendor\cakephp\cakephp\src\Http\Server.php, line 148
Cake\Http\Server->emit() C:\Apache24\htdocs\chestcounter\webroot\index.php, line 37
[main]

2025-08-16 17:50:51 warning: Cannot modify header information - headers already sent by (output started at C:\Apache24\htdocs\chestcounter\vendor\cakephp\cakephp\src\Error\Renderer\HtmlErrorRenderer.php:37)
Request URL: /
Referer URL: http://127.0.0.1/chestcounter/config/
Client IP: 127.0.0.1
Trace:
Cake\Error\ErrorTrap->handleError() [internal], line ??
C:\Apache24\htdocs\chestcounter\vendor\cakephp\cakephp\src\Http\ResponseEmitter.php C:\Apache24\htdocs\chestcounter\vendor\cakephp\cakephp\src\Http\ResponseEmitter.php, line 159
Cake\Http\ResponseEmitter->emitStatusLine() C:\Apache24\htdocs\chestcounter\vendor\cakephp\cakephp\src\Http\ResponseEmitter.php, line 68
Cake\Http\ResponseEmitter->emit() C:\Apache24\htdocs\chestcounter\vendor\cakephp\cakephp\src\Http\Server.php, line 148
Cake\Http\Server->emit() C:\Apache24\htdocs\chestcounter\webroot\index.php, line 37
[main]

2025-08-16 17:50:51 warning: Cannot modify header information - headers already sent by (output started at C:\Apache24\htdocs\chestcounter\vendor\cakephp\cakephp\src\Error\Renderer\HtmlErrorRenderer.php:37)
Request URL: /
Referer URL: http://127.0.0.1/chestcounter/config/
Client IP: 127.0.0.1
Trace:
Cake\Error\ErrorTrap->handleError() [internal], line ??
C:\Apache24\htdocs\chestcounter\vendor\cakephp\cakephp\src\Http\ResponseEmitter.php C:\Apache24\htdocs\chestcounter\vendor\cakephp\cakephp\src\Http\ResponseEmitter.php, line 192
Cake\Http\ResponseEmitter->emitHeaders() C:\Apache24\htdocs\chestcounter\vendor\cakephp\cakephp\src\Http\ResponseEmitter.php, line 69
Cake\Http\ResponseEmitter->emit() C:\Apache24\htdocs\chestcounter\vendor\cakephp\cakephp\src\Http\Server.php, line 148
Cake\Http\Server->emit() C:\Apache24\htdocs\chestcounter\webroot\index.php, line 37
[main]

2025-08-16 17:50:52 warning: Unable to emit headers. Headers sent in file=C:\Apache24\htdocs\chestcounter\vendor\cakephp\cakephp\src\Error\Renderer\HtmlErrorRenderer.php line=37
Request URL: /
Referer URL: http://127.0.0.1/chestcounter/config/
Client IP: 127.0.0.1
Trace:
Cake\Error\ErrorTrap->handleError() [internal], line ??
C:\Apache24\htdocs\chestcounter\vendor\cakephp\cakephp\src\Http\ResponseEmitter.php C:\Apache24\htdocs\chestcounter\vendor\cakephp\cakephp\src\Http\ResponseEmitter.php, line 65
Cake\Http\ResponseEmitter->emit() C:\Apache24\htdocs\chestcounter\vendor\cakephp\cakephp\src\Http\Server.php, line 148
Cake\Http\Server->emit() C:\Apache24\htdocs\chestcounter\webroot\index.php, line 37
[main]

2025-08-16 17:50:52 warning: Cannot modify header information - headers already sent by (output started at C:\Apache24\htdocs\chestcounter\vendor\cakephp\cakephp\src\Error\Renderer\HtmlErrorRenderer.php:37)
Request URL: /
Referer URL: http://127.0.0.1/chestcounter/config/
Client IP: 127.0.0.1
Trace:
Cake\Error\ErrorTrap->handleError() [internal], line ??
C:\Apache24\htdocs\chestcounter\vendor\cakephp\cakephp\src\Http\ResponseEmitter.php C:\Apache24\htdocs\chestcounter\vendor\cakephp\cakephp\src\Http\ResponseEmitter.php, line 159
Cake\Http\ResponseEmitter->emitStatusLine() C:\Apache24\htdocs\chestcounter\vendor\cakephp\cakephp\src\Http\ResponseEmitter.php, line 68
Cake\Http\ResponseEmitter->emit() C:\Apache24\htdocs\chestcounter\vendor\cakephp\cakephp\src\Http\Server.php, line 148
Cake\Http\Server->emit() C:\Apache24\htdocs\chestcounter\webroot\index.php, line 37
[main]

2025-08-16 17:50:52 warning: Cannot modify header information - headers already sent by (output started at C:\Apache24\htdocs\chestcounter\vendor\cakephp\cakephp\src\Error\Renderer\HtmlErrorRenderer.php:37)
Request URL: /
Referer URL: http://127.0.0.1/chestcounter/config/
Client IP: 127.0.0.1
Trace:
Cake\Error\ErrorTrap->handleError() [internal], line ??
C:\Apache24\htdocs\chestcounter\vendor\cakephp\cakephp\src\Http\ResponseEmitter.php C:\Apache24\htdocs\chestcounter\vendor\cakephp\cakephp\src\Http\ResponseEmitter.php, line 192
Cake\Http\ResponseEmitter->emitHeaders() C:\Apache24\htdocs\chestcounter\vendor\cakephp\cakephp\src\Http\ResponseEmitter.php, line 69
Cake\Http\ResponseEmitter->emit() C:\Apache24\htdocs\chestcounter\vendor\cakephp\cakephp\src\Http\Server.php, line 148
Cake\Http\Server->emit() C:\Apache24\htdocs\chestcounter\webroot\index.php, line 37
[main]

2025-08-16 17:54:15 warning: Unable to emit headers. Headers sent in file=C:\Apache24\htdocs\chestcounter\vendor\cakephp\cakephp\src\Error\Renderer\HtmlErrorRenderer.php line=37
Request URL: /
Referer URL: http://127.0.0.1/chestcounter/config/
Client IP: 127.0.0.1
Trace:
Cake\Error\ErrorTrap->handleError() [internal], line ??
C:\Apache24\htdocs\chestcounter\vendor\cakephp\cakephp\src\Http\ResponseEmitter.php C:\Apache24\htdocs\chestcounter\vendor\cakephp\cakephp\src\Http\ResponseEmitter.php, line 65
Cake\Http\ResponseEmitter->emit() C:\Apache24\htdocs\chestcounter\vendor\cakephp\cakephp\src\Http\Server.php, line 148
Cake\Http\Server->emit() C:\Apache24\htdocs\chestcounter\webroot\index.php, line 37
[main]

2025-08-16 17:54:15 warning: Cannot modify header information - headers already sent by (output started at C:\Apache24\htdocs\chestcounter\vendor\cakephp\cakephp\src\Error\Renderer\HtmlErrorRenderer.php:37)
Request URL: /
Referer URL: http://127.0.0.1/chestcounter/config/
Client IP: 127.0.0.1
Trace:
Cake\Error\ErrorTrap->handleError() [internal], line ??
C:\Apache24\htdocs\chestcounter\vendor\cakephp\cakephp\src\Http\ResponseEmitter.php C:\Apache24\htdocs\chestcounter\vendor\cakephp\cakephp\src\Http\ResponseEmitter.php, line 159
Cake\Http\ResponseEmitter->emitStatusLine() C:\Apache24\htdocs\chestcounter\vendor\cakephp\cakephp\src\Http\ResponseEmitter.php, line 68
Cake\Http\ResponseEmitter->emit() C:\Apache24\htdocs\chestcounter\vendor\cakephp\cakephp\src\Http\Server.php, line 148
Cake\Http\Server->emit() C:\Apache24\htdocs\chestcounter\webroot\index.php, line 37
[main]

2025-08-16 17:54:15 warning: Cannot modify header information - headers already sent by (output started at C:\Apache24\htdocs\chestcounter\vendor\cakephp\cakephp\src\Error\Renderer\HtmlErrorRenderer.php:37)
Request URL: /
Referer URL: http://127.0.0.1/chestcounter/config/
Client IP: 127.0.0.1
Trace:
Cake\Error\ErrorTrap->handleError() [internal], line ??
C:\Apache24\htdocs\chestcounter\vendor\cakephp\cakephp\src\Http\ResponseEmitter.php C:\Apache24\htdocs\chestcounter\vendor\cakephp\cakephp\src\Http\ResponseEmitter.php, line 192
Cake\Http\ResponseEmitter->emitHeaders() C:\Apache24\htdocs\chestcounter\vendor\cakephp\cakephp\src\Http\ResponseEmitter.php, line 69
Cake\Http\ResponseEmitter->emit() C:\Apache24\htdocs\chestcounter\vendor\cakephp\cakephp\src\Http\Server.php, line 148
Cake\Http\Server->emit() C:\Apache24\htdocs\chestcounter\webroot\index.php, line 37
[main]

2025-08-16 17:55:37 warning: Unable to emit headers. Headers sent in file=C:\Apache24\htdocs\chestcounter\vendor\cakephp\cakephp\src\Error\Renderer\HtmlErrorRenderer.php line=37
Request URL: /
Client IP: 127.0.0.1
Trace:
Cake\Error\ErrorTrap->handleError() [internal], line ??
C:\Apache24\htdocs\chestcounter\vendor\cakephp\cakephp\src\Http\ResponseEmitter.php C:\Apache24\htdocs\chestcounter\vendor\cakephp\cakephp\src\Http\ResponseEmitter.php, line 65
Cake\Http\ResponseEmitter->emit() C:\Apache24\htdocs\chestcounter\vendor\cakephp\cakephp\src\Http\Server.php, line 148
Cake\Http\Server->emit() C:\Apache24\htdocs\chestcounter\webroot\index.php, line 37
[main]

2025-08-16 17:55:37 warning: Cannot modify header information - headers already sent by (output started at C:\Apache24\htdocs\chestcounter\vendor\cakephp\cakephp\src\Error\Renderer\HtmlErrorRenderer.php:37)
Request URL: /
Client IP: 127.0.0.1
Trace:
Cake\Error\ErrorTrap->handleError() [internal], line ??
C:\Apache24\htdocs\chestcounter\vendor\cakephp\cakephp\src\Http\ResponseEmitter.php C:\Apache24\htdocs\chestcounter\vendor\cakephp\cakephp\src\Http\ResponseEmitter.php, line 159
Cake\Http\ResponseEmitter->emitStatusLine() C:\Apache24\htdocs\chestcounter\vendor\cakephp\cakephp\src\Http\ResponseEmitter.php, line 68
Cake\Http\ResponseEmitter->emit() C:\Apache24\htdocs\chestcounter\vendor\cakephp\cakephp\src\Http\Server.php, line 148
Cake\Http\Server->emit() C:\Apache24\htdocs\chestcounter\webroot\index.php, line 37
[main]

2025-08-16 17:55:37 warning: Cannot modify header information - headers already sent by (output started at C:\Apache24\htdocs\chestcounter\vendor\cakephp\cakephp\src\Error\Renderer\HtmlErrorRenderer.php:37)
Request URL: /
Client IP: 127.0.0.1
Trace:
Cake\Error\ErrorTrap->handleError() [internal], line ??
C:\Apache24\htdocs\chestcounter\vendor\cakephp\cakephp\src\Http\ResponseEmitter.php C:\Apache24\htdocs\chestcounter\vendor\cakephp\cakephp\src\Http\ResponseEmitter.php, line 192
Cake\Http\ResponseEmitter->emitHeaders() C:\Apache24\htdocs\chestcounter\vendor\cakephp\cakephp\src\Http\ResponseEmitter.php, line 69
Cake\Http\ResponseEmitter->emit() C:\Apache24\htdocs\chestcounter\vendor\cakephp\cakephp\src\Http\Server.php, line 148
Cake\Http\Server->emit() C:\Apache24\htdocs\chestcounter\webroot\index.php, line 37
[main]

2025-08-16 17:55:39 warning: Unable to emit headers. Headers sent in file=C:\Apache24\htdocs\chestcounter\vendor\cakephp\cakephp\src\Error\Renderer\HtmlErrorRenderer.php line=37
Request URL: /
Client IP: 127.0.0.1
Trace:
Cake\Error\ErrorTrap->handleError() [internal], line ??
C:\Apache24\htdocs\chestcounter\vendor\cakephp\cakephp\src\Http\ResponseEmitter.php C:\Apache24\htdocs\chestcounter\vendor\cakephp\cakephp\src\Http\ResponseEmitter.php, line 65
Cake\Http\ResponseEmitter->emit() C:\Apache24\htdocs\chestcounter\vendor\cakephp\cakephp\src\Http\Server.php, line 148
Cake\Http\Server->emit() C:\Apache24\htdocs\chestcounter\webroot\index.php, line 37
[main]

2025-08-16 17:55:39 warning: Cannot modify header information - headers already sent by (output started at C:\Apache24\htdocs\chestcounter\vendor\cakephp\cakephp\src\Error\Renderer\HtmlErrorRenderer.php:37)
Request URL: /
Client IP: 127.0.0.1
Trace:
Cake\Error\ErrorTrap->handleError() [internal], line ??
C:\Apache24\htdocs\chestcounter\vendor\cakephp\cakephp\src\Http\ResponseEmitter.php C:\Apache24\htdocs\chestcounter\vendor\cakephp\cakephp\src\Http\ResponseEmitter.php, line 159
Cake\Http\ResponseEmitter->emitStatusLine() C:\Apache24\htdocs\chestcounter\vendor\cakephp\cakephp\src\Http\ResponseEmitter.php, line 68
Cake\Http\ResponseEmitter->emit() C:\Apache24\htdocs\chestcounter\vendor\cakephp\cakephp\src\Http\Server.php, line 148
Cake\Http\Server->emit() C:\Apache24\htdocs\chestcounter\webroot\index.php, line 37
[main]

2025-08-16 17:55:39 warning: Cannot modify header information - headers already sent by (output started at C:\Apache24\htdocs\chestcounter\vendor\cakephp\cakephp\src\Error\Renderer\HtmlErrorRenderer.php:37)
Request URL: /
Client IP: 127.0.0.1
Trace:
Cake\Error\ErrorTrap->handleError() [internal], line ??
C:\Apache24\htdocs\chestcounter\vendor\cakephp\cakephp\src\Http\ResponseEmitter.php C:\Apache24\htdocs\chestcounter\vendor\cakephp\cakephp\src\Http\ResponseEmitter.php, line 192
Cake\Http\ResponseEmitter->emitHeaders() C:\Apache24\htdocs\chestcounter\vendor\cakephp\cakephp\src\Http\ResponseEmitter.php, line 69
Cake\Http\ResponseEmitter->emit() C:\Apache24\htdocs\chestcounter\vendor\cakephp\cakephp\src\Http\Server.php, line 148
Cake\Http\Server->emit() C:\Apache24\htdocs\chestcounter\webroot\index.php, line 37
[main]

2025-08-16 17:55:40 warning: Unable to emit headers. Headers sent in file=C:\Apache24\htdocs\chestcounter\vendor\cakephp\cakephp\src\Error\Renderer\HtmlErrorRenderer.php line=37
Request URL: /
Client IP: 127.0.0.1
Trace:
Cake\Error\ErrorTrap->handleError() [internal], line ??
C:\Apache24\htdocs\chestcounter\vendor\cakephp\cakephp\src\Http\ResponseEmitter.php C:\Apache24\htdocs\chestcounter\vendor\cakephp\cakephp\src\Http\ResponseEmitter.php, line 65
Cake\Http\ResponseEmitter->emit() C:\Apache24\htdocs\chestcounter\vendor\cakephp\cakephp\src\Http\Server.php, line 148
Cake\Http\Server->emit() C:\Apache24\htdocs\chestcounter\webroot\index.php, line 37
[main]

2025-08-16 17:55:40 warning: Cannot modify header information - headers already sent by (output started at C:\Apache24\htdocs\chestcounter\vendor\cakephp\cakephp\src\Error\Renderer\HtmlErrorRenderer.php:37)
Request URL: /
Client IP: 127.0.0.1
Trace:
Cake\Error\ErrorTrap->handleError() [internal], line ??
C:\Apache24\htdocs\chestcounter\vendor\cakephp\cakephp\src\Http\ResponseEmitter.php C:\Apache24\htdocs\chestcounter\vendor\cakephp\cakephp\src\Http\ResponseEmitter.php, line 159
Cake\Http\ResponseEmitter->emitStatusLine() C:\Apache24\htdocs\chestcounter\vendor\cakephp\cakephp\src\Http\ResponseEmitter.php, line 68
Cake\Http\ResponseEmitter->emit() C:\Apache24\htdocs\chestcounter\vendor\cakephp\cakephp\src\Http\Server.php, line 148
Cake\Http\Server->emit() C:\Apache24\htdocs\chestcounter\webroot\index.php, line 37
[main]

2025-08-16 17:55:40 warning: Cannot modify header information - headers already sent by (output started at C:\Apache24\htdocs\chestcounter\vendor\cakephp\cakephp\src\Error\Renderer\HtmlErrorRenderer.php:37)
Request URL: /
Client IP: 127.0.0.1
Trace:
Cake\Error\ErrorTrap->handleError() [internal], line ??
C:\Apache24\htdocs\chestcounter\vendor\cakephp\cakephp\src\Http\ResponseEmitter.php C:\Apache24\htdocs\chestcounter\vendor\cakephp\cakephp\src\Http\ResponseEmitter.php, line 192
Cake\Http\ResponseEmitter->emitHeaders() C:\Apache24\htdocs\chestcounter\vendor\cakephp\cakephp\src\Http\ResponseEmitter.php, line 69
Cake\Http\ResponseEmitter->emit() C:\Apache24\htdocs\chestcounter\vendor\cakephp\cakephp\src\Http\Server.php, line 148
Cake\Http\Server->emit() C:\Apache24\htdocs\chestcounter\webroot\index.php, line 37
[main]

2025-08-16 17:55:46 warning: Unable to emit headers. Headers sent in file=C:\Apache24\htdocs\chestcounter\vendor\cakephp\cakephp\src\Error\Renderer\HtmlErrorRenderer.php line=37
Request URL: /
Referer URL: http://127.0.0.1/chestcounter/
Client IP: 127.0.0.1
Trace:
Cake\Error\ErrorTrap->handleError() [internal], line ??
C:\Apache24\htdocs\chestcounter\vendor\cakephp\cakephp\src\Http\ResponseEmitter.php C:\Apache24\htdocs\chestcounter\vendor\cakephp\cakephp\src\Http\ResponseEmitter.php, line 65
Cake\Http\ResponseEmitter->emit() C:\Apache24\htdocs\chestcounter\vendor\cakephp\cakephp\src\Http\Server.php, line 148
Cake\Http\Server->emit() C:\Apache24\htdocs\chestcounter\webroot\index.php, line 37
[main]

2025-08-16 17:55:46 warning: Cannot modify header information - headers already sent by (output started at C:\Apache24\htdocs\chestcounter\vendor\cakephp\cakephp\src\Error\Renderer\HtmlErrorRenderer.php:37)
Request URL: /
Referer URL: http://127.0.0.1/chestcounter/
Client IP: 127.0.0.1
Trace:
Cake\Error\ErrorTrap->handleError() [internal], line ??
C:\Apache24\htdocs\chestcounter\vendor\cakephp\cakephp\src\Http\ResponseEmitter.php C:\Apache24\htdocs\chestcounter\vendor\cakephp\cakephp\src\Http\ResponseEmitter.php, line 159
Cake\Http\ResponseEmitter->emitStatusLine() C:\Apache24\htdocs\chestcounter\vendor\cakephp\cakephp\src\Http\ResponseEmitter.php, line 68
Cake\Http\ResponseEmitter->emit() C:\Apache24\htdocs\chestcounter\vendor\cakephp\cakephp\src\Http\Server.php, line 148
Cake\Http\Server->emit() C:\Apache24\htdocs\chestcounter\webroot\index.php, line 37
[main]

2025-08-16 17:55:46 warning: Cannot modify header information - headers already sent by (output started at C:\Apache24\htdocs\chestcounter\vendor\cakephp\cakephp\src\Error\Renderer\HtmlErrorRenderer.php:37)
Request URL: /
Referer URL: http://127.0.0.1/chestcounter/
Client IP: 127.0.0.1
Trace:
Cake\Error\ErrorTrap->handleError() [internal], line ??
C:\Apache24\htdocs\chestcounter\vendor\cakephp\cakephp\src\Http\ResponseEmitter.php C:\Apache24\htdocs\chestcounter\vendor\cakephp\cakephp\src\Http\ResponseEmitter.php, line 192
Cake\Http\ResponseEmitter->emitHeaders() C:\Apache24\htdocs\chestcounter\vendor\cakephp\cakephp\src\Http\ResponseEmitter.php, line 69
Cake\Http\ResponseEmitter->emit() C:\Apache24\htdocs\chestcounter\vendor\cakephp\cakephp\src\Http\Server.php, line 148
Cake\Http\Server->emit() C:\Apache24\htdocs\chestcounter\webroot\index.php, line 37
[main]

2025-08-17 21:16:41 error: [TypeError] Cake\View\Helper\NumberHelper::format(): Argument #1 ($number) must be of type string|int|float, null given, called in C:\Apache24\htdocs\chestcounter\templates\PlayerCycleSummaries\index.php on line 89 in C:\Apache24\htdocs\chestcounter\vendor\cakephp\cakephp\src\View\Helper\NumberHelper.php on line 66
Stack Trace:
- ROOT\templates\PlayerCycleSummaries\index.php:89
- CORE\src\View\View.php:1188
- CORE\src\View\View.php:1145
- CORE\src\View\View.php:785
- CORE\src\Controller\Controller.php:712
- CORE\src\Controller\Controller.php:516
- CORE\src\Controller\ControllerFactory.php:166
- CORE\src\Controller\ControllerFactory.php:141
- CORE\src\Http\BaseApplication.php:362
- CORE\src\Http\Runner.php:86
- CORE\src\Http\Middleware\CsrfProtectionMiddleware.php:169
- CORE\src\Http\Runner.php:82
- ROOT\vendor\cakephp\authentication\src\Middleware\AuthenticationMiddleware.php:106
- CORE\src\Http\Runner.php:82
- CORE\src\Http\Middleware\BodyParserMiddleware.php:157
- CORE\src\Http\Runner.php:82
- CORE\src\Routing\Middleware\RoutingMiddleware.php:118
- CORE\src\Http\Runner.php:82
- CORE\src\Routing\Middleware\AssetMiddleware.php:69
- CORE\src\Http\Runner.php:82
- CORE\src\Error\Middleware\ErrorHandlerMiddleware.php:115
- CORE\src\Http\Runner.php:82
- CORE\src\Http\Runner.php:60
- CORE\src\Http\Server.php:104
- ROOT\webroot\index.php:37
- [main]:

Request URL: /history
Referer URL: http://127.0.0.1/chestcounter/score
Client IP: 127.0.0.1
2025-08-17 21:17:23 warning: Unable to emit headers. Headers sent in file=C:\Apache24\htdocs\chestcounter\vendor\cakephp\cakephp\src\Error\Renderer\HtmlErrorRenderer.php line=37
Request URL: /score
Referer URL: http://127.0.0.1/chestcounter/
Client IP: 127.0.0.1
Trace:
Cake\Error\ErrorTrap->handleError() [internal], line ??
C:\Apache24\htdocs\chestcounter\vendor\cakephp\cakephp\src\Http\ResponseEmitter.php C:\Apache24\htdocs\chestcounter\vendor\cakephp\cakephp\src\Http\ResponseEmitter.php, line 65
Cake\Http\ResponseEmitter->emit() C:\Apache24\htdocs\chestcounter\vendor\cakephp\cakephp\src\Http\Server.php, line 148
Cake\Http\Server->emit() C:\Apache24\htdocs\chestcounter\webroot\index.php, line 37
[main]

2025-08-17 21:17:23 warning: Cannot modify header information - headers already sent by (output started at C:\Apache24\htdocs\chestcounter\vendor\cakephp\cakephp\src\Error\Renderer\HtmlErrorRenderer.php:37)
Request URL: /score
Referer URL: http://127.0.0.1/chestcounter/
Client IP: 127.0.0.1
Trace:
Cake\Error\ErrorTrap->handleError() [internal], line ??
C:\Apache24\htdocs\chestcounter\vendor\cakephp\cakephp\src\Http\ResponseEmitter.php C:\Apache24\htdocs\chestcounter\vendor\cakephp\cakephp\src\Http\ResponseEmitter.php, line 159
Cake\Http\ResponseEmitter->emitStatusLine() C:\Apache24\htdocs\chestcounter\vendor\cakephp\cakephp\src\Http\ResponseEmitter.php, line 68
Cake\Http\ResponseEmitter->emit() C:\Apache24\htdocs\chestcounter\vendor\cakephp\cakephp\src\Http\Server.php, line 148
Cake\Http\Server->emit() C:\Apache24\htdocs\chestcounter\webroot\index.php, line 37
[main]

2025-08-17 21:17:23 warning: Cannot modify header information - headers already sent by (output started at C:\Apache24\htdocs\chestcounter\vendor\cakephp\cakephp\src\Error\Renderer\HtmlErrorRenderer.php:37)
Request URL: /score
Referer URL: http://127.0.0.1/chestcounter/
Client IP: 127.0.0.1
Trace:
Cake\Error\ErrorTrap->handleError() [internal], line ??
C:\Apache24\htdocs\chestcounter\vendor\cakephp\cakephp\src\Http\ResponseEmitter.php C:\Apache24\htdocs\chestcounter\vendor\cakephp\cakephp\src\Http\ResponseEmitter.php, line 192
Cake\Http\ResponseEmitter->emitHeaders() C:\Apache24\htdocs\chestcounter\vendor\cakephp\cakephp\src\Http\ResponseEmitter.php, line 69
Cake\Http\ResponseEmitter->emit() C:\Apache24\htdocs\chestcounter\vendor\cakephp\cakephp\src\Http\Server.php, line 148
Cake\Http\Server->emit() C:\Apache24\htdocs\chestcounter\webroot\index.php, line 37
[main]

2025-08-17 21:17:26 error: [TypeError] Cake\View\Helper\NumberHelper::format(): Argument #1 ($number) must be of type string|int|float, null given, called in C:\Apache24\htdocs\chestcounter\templates\PlayerCycleSummaries\index.php on line 89 in C:\Apache24\htdocs\chestcounter\vendor\cakephp\cakephp\src\View\Helper\NumberHelper.php on line 66
Stack Trace:
- ROOT\templates\PlayerCycleSummaries\index.php:89
- CORE\src\View\View.php:1188
- CORE\src\View\View.php:1145
- CORE\src\View\View.php:785
- CORE\src\Controller\Controller.php:712
- CORE\src\Controller\Controller.php:516
- CORE\src\Controller\ControllerFactory.php:166
- CORE\src\Controller\ControllerFactory.php:141
- CORE\src\Http\BaseApplication.php:362
- CORE\src\Http\Runner.php:86
- CORE\src\Http\Middleware\CsrfProtectionMiddleware.php:169
- CORE\src\Http\Runner.php:82
- ROOT\vendor\cakephp\authentication\src\Middleware\AuthenticationMiddleware.php:106
- CORE\src\Http\Runner.php:82
- CORE\src\Http\Middleware\BodyParserMiddleware.php:157
- CORE\src\Http\Runner.php:82
- CORE\src\Routing\Middleware\RoutingMiddleware.php:118
- CORE\src\Http\Runner.php:82
- CORE\src\Routing\Middleware\AssetMiddleware.php:69
- CORE\src\Http\Runner.php:82
- CORE\src\Error\Middleware\ErrorHandlerMiddleware.php:115
- CORE\src\Http\Runner.php:82
- CORE\src\Http\Runner.php:60
- CORE\src\Http\Server.php:104
- ROOT\webroot\index.php:37
- [main]:

Request URL: /history
Referer URL: http://127.0.0.1/chestcounter/score
Client IP: 127.0.0.1
2025-08-17 21:18:23 warning: Unable to emit headers. Headers sent in file=C:\Apache24\htdocs\chestcounter\vendor\cakephp\cakephp\src\Error\Renderer\HtmlErrorRenderer.php line=37
Request URL: /score
Referer URL: http://127.0.0.1/chestcounter/history
Client IP: 127.0.0.1
Trace:
Cake\Error\ErrorTrap->handleError() [internal], line ??
C:\Apache24\htdocs\chestcounter\vendor\cakephp\cakephp\src\Http\ResponseEmitter.php C:\Apache24\htdocs\chestcounter\vendor\cakephp\cakephp\src\Http\ResponseEmitter.php, line 65
Cake\Http\ResponseEmitter->emit() C:\Apache24\htdocs\chestcounter\vendor\cakephp\cakephp\src\Http\Server.php, line 148
Cake\Http\Server->emit() C:\Apache24\htdocs\chestcounter\webroot\index.php, line 37
[main]

2025-08-17 21:18:23 warning: Cannot modify header information - headers already sent by (output started at C:\Apache24\htdocs\chestcounter\vendor\cakephp\cakephp\src\Error\Renderer\HtmlErrorRenderer.php:37)
Request URL: /score
Referer URL: http://127.0.0.1/chestcounter/history
Client IP: 127.0.0.1
Trace:
Cake\Error\ErrorTrap->handleError() [internal], line ??
C:\Apache24\htdocs\chestcounter\vendor\cakephp\cakephp\src\Http\ResponseEmitter.php C:\Apache24\htdocs\chestcounter\vendor\cakephp\cakephp\src\Http\ResponseEmitter.php, line 159
Cake\Http\ResponseEmitter->emitStatusLine() C:\Apache24\htdocs\chestcounter\vendor\cakephp\cakephp\src\Http\ResponseEmitter.php, line 68
Cake\Http\ResponseEmitter->emit() C:\Apache24\htdocs\chestcounter\vendor\cakephp\cakephp\src\Http\Server.php, line 148
Cake\Http\Server->emit() C:\Apache24\htdocs\chestcounter\webroot\index.php, line 37
[main]

2025-08-17 21:18:23 warning: Cannot modify header information - headers already sent by (output started at C:\Apache24\htdocs\chestcounter\vendor\cakephp\cakephp\src\Error\Renderer\HtmlErrorRenderer.php:37)
Request URL: /score
Referer URL: http://127.0.0.1/chestcounter/history
Client IP: 127.0.0.1
Trace:
Cake\Error\ErrorTrap->handleError() [internal], line ??
C:\Apache24\htdocs\chestcounter\vendor\cakephp\cakephp\src\Http\ResponseEmitter.php C:\Apache24\htdocs\chestcounter\vendor\cakephp\cakephp\src\Http\ResponseEmitter.php, line 192
Cake\Http\ResponseEmitter->emitHeaders() C:\Apache24\htdocs\chestcounter\vendor\cakephp\cakephp\src\Http\ResponseEmitter.php, line 69
Cake\Http\ResponseEmitter->emit() C:\Apache24\htdocs\chestcounter\vendor\cakephp\cakephp\src\Http\Server.php, line 148
Cake\Http\Server->emit() C:\Apache24\htdocs\chestcounter\webroot\index.php, line 37
[main]

2025-08-17 21:18:28 warning: Unable to emit headers. Headers sent in file=C:\Apache24\htdocs\chestcounter\vendor\cakephp\cakephp\src\Error\Renderer\HtmlErrorRenderer.php line=37
Request URL: /score?cycle=1
Referer URL: http://127.0.0.1/chestcounter/score
Client IP: 127.0.0.1
Trace:
Cake\Error\ErrorTrap->handleError() [internal], line ??
C:\Apache24\htdocs\chestcounter\vendor\cakephp\cakephp\src\Http\ResponseEmitter.php C:\Apache24\htdocs\chestcounter\vendor\cakephp\cakephp\src\Http\ResponseEmitter.php, line 65
Cake\Http\ResponseEmitter->emit() C:\Apache24\htdocs\chestcounter\vendor\cakephp\cakephp\src\Http\Server.php, line 148
Cake\Http\Server->emit() C:\Apache24\htdocs\chestcounter\webroot\index.php, line 37
[main]

2025-08-17 21:18:28 warning: Cannot modify header information - headers already sent by (output started at C:\Apache24\htdocs\chestcounter\vendor\cakephp\cakephp\src\Error\Renderer\HtmlErrorRenderer.php:37)
Request URL: /score?cycle=1
Referer URL: http://127.0.0.1/chestcounter/score
Client IP: 127.0.0.1
Trace:
Cake\Error\ErrorTrap->handleError() [internal], line ??
C:\Apache24\htdocs\chestcounter\vendor\cakephp\cakephp\src\Http\ResponseEmitter.php C:\Apache24\htdocs\chestcounter\vendor\cakephp\cakephp\src\Http\ResponseEmitter.php, line 159
Cake\Http\ResponseEmitter->emitStatusLine() C:\Apache24\htdocs\chestcounter\vendor\cakephp\cakephp\src\Http\ResponseEmitter.php, line 68
Cake\Http\ResponseEmitter->emit() C:\Apache24\htdocs\chestcounter\vendor\cakephp\cakephp\src\Http\Server.php, line 148
Cake\Http\Server->emit() C:\Apache24\htdocs\chestcounter\webroot\index.php, line 37
[main]

2025-08-17 21:18:28 warning: Cannot modify header information - headers already sent by (output started at C:\Apache24\htdocs\chestcounter\vendor\cakephp\cakephp\src\Error\Renderer\HtmlErrorRenderer.php:37)
Request URL: /score?cycle=1
Referer URL: http://127.0.0.1/chestcounter/score
Client IP: 127.0.0.1
Trace:
Cake\Error\ErrorTrap->handleError() [internal], line ??
C:\Apache24\htdocs\chestcounter\vendor\cakephp\cakephp\src\Http\ResponseEmitter.php C:\Apache24\htdocs\chestcounter\vendor\cakephp\cakephp\src\Http\ResponseEmitter.php, line 192
Cake\Http\ResponseEmitter->emitHeaders() C:\Apache24\htdocs\chestcounter\vendor\cakephp\cakephp\src\Http\ResponseEmitter.php, line 69
Cake\Http\ResponseEmitter->emit() C:\Apache24\htdocs\chestcounter\vendor\cakephp\cakephp\src\Http\Server.php, line 148
Cake\Http\Server->emit() C:\Apache24\htdocs\chestcounter\webroot\index.php, line 37
[main]

2025-08-17 21:20:48 warning: Unable to emit headers. Headers sent in file=C:\Apache24\htdocs\chestcounter\vendor\cakephp\cakephp\src\Error\Renderer\HtmlErrorRenderer.php line=37
Request URL: /score
Referer URL: http://127.0.0.1/chestcounter/standard-chests/weights
Client IP: 127.0.0.1
Trace:
Cake\Error\ErrorTrap->handleError() [internal], line ??
C:\Apache24\htdocs\chestcounter\vendor\cakephp\cakephp\src\Http\ResponseEmitter.php C:\Apache24\htdocs\chestcounter\vendor\cakephp\cakephp\src\Http\ResponseEmitter.php, line 65
Cake\Http\ResponseEmitter->emit() C:\Apache24\htdocs\chestcounter\vendor\cakephp\cakephp\src\Http\Server.php, line 148
Cake\Http\Server->emit() C:\Apache24\htdocs\chestcounter\webroot\index.php, line 37
[main]

2025-08-17 21:20:48 warning: Cannot modify header information - headers already sent by (output started at C:\Apache24\htdocs\chestcounter\vendor\cakephp\cakephp\src\Error\Renderer\HtmlErrorRenderer.php:37)
Request URL: /score
Referer URL: http://127.0.0.1/chestcounter/standard-chests/weights
Client IP: 127.0.0.1
Trace:
Cake\Error\ErrorTrap->handleError() [internal], line ??
C:\Apache24\htdocs\chestcounter\vendor\cakephp\cakephp\src\Http\ResponseEmitter.php C:\Apache24\htdocs\chestcounter\vendor\cakephp\cakephp\src\Http\ResponseEmitter.php, line 159
Cake\Http\ResponseEmitter->emitStatusLine() C:\Apache24\htdocs\chestcounter\vendor\cakephp\cakephp\src\Http\ResponseEmitter.php, line 68
Cake\Http\ResponseEmitter->emit() C:\Apache24\htdocs\chestcounter\vendor\cakephp\cakephp\src\Http\Server.php, line 148
Cake\Http\Server->emit() C:\Apache24\htdocs\chestcounter\webroot\index.php, line 37
[main]

2025-08-17 21:20:48 warning: Cannot modify header information - headers already sent by (output started at C:\Apache24\htdocs\chestcounter\vendor\cakephp\cakephp\src\Error\Renderer\HtmlErrorRenderer.php:37)
Request URL: /score
Referer URL: http://127.0.0.1/chestcounter/standard-chests/weights
Client IP: 127.0.0.1
Trace:
Cake\Error\ErrorTrap->handleError() [internal], line ??
C:\Apache24\htdocs\chestcounter\vendor\cakephp\cakephp\src\Http\ResponseEmitter.php C:\Apache24\htdocs\chestcounter\vendor\cakephp\cakephp\src\Http\ResponseEmitter.php, line 192
Cake\Http\ResponseEmitter->emitHeaders() C:\Apache24\htdocs\chestcounter\vendor\cakephp\cakephp\src\Http\ResponseEmitter.php, line 69
Cake\Http\ResponseEmitter->emit() C:\Apache24\htdocs\chestcounter\vendor\cakephp\cakephp\src\Http\Server.php, line 148
Cake\Http\Server->emit() C:\Apache24\htdocs\chestcounter\webroot\index.php, line 37
[main]

2025-08-17 21:20:51 warning: Unable to emit headers. Headers sent in file=C:\Apache24\htdocs\chestcounter\vendor\cakephp\cakephp\src\Error\Renderer\HtmlErrorRenderer.php line=37
Request URL: /score?cycle=1
Referer URL: http://127.0.0.1/chestcounter/score
Client IP: 127.0.0.1
Trace:
Cake\Error\ErrorTrap->handleError() [internal], line ??
C:\Apache24\htdocs\chestcounter\vendor\cakephp\cakephp\src\Http\ResponseEmitter.php C:\Apache24\htdocs\chestcounter\vendor\cakephp\cakephp\src\Http\ResponseEmitter.php, line 65
Cake\Http\ResponseEmitter->emit() C:\Apache24\htdocs\chestcounter\vendor\cakephp\cakephp\src\Http\Server.php, line 148
Cake\Http\Server->emit() C:\Apache24\htdocs\chestcounter\webroot\index.php, line 37
[main]

2025-08-17 21:20:51 warning: Cannot modify header information - headers already sent by (output started at C:\Apache24\htdocs\chestcounter\vendor\cakephp\cakephp\src\Error\Renderer\HtmlErrorRenderer.php:37)
Request URL: /score?cycle=1
Referer URL: http://127.0.0.1/chestcounter/score
Client IP: 127.0.0.1
Trace:
Cake\Error\ErrorTrap->handleError() [internal], line ??
C:\Apache24\htdocs\chestcounter\vendor\cakephp\cakephp\src\Http\ResponseEmitter.php C:\Apache24\htdocs\chestcounter\vendor\cakephp\cakephp\src\Http\ResponseEmitter.php, line 159
Cake\Http\ResponseEmitter->emitStatusLine() C:\Apache24\htdocs\chestcounter\vendor\cakephp\cakephp\src\Http\ResponseEmitter.php, line 68
Cake\Http\ResponseEmitter->emit() C:\Apache24\htdocs\chestcounter\vendor\cakephp\cakephp\src\Http\Server.php, line 148
Cake\Http\Server->emit() C:\Apache24\htdocs\chestcounter\webroot\index.php, line 37
[main]

2025-08-17 21:20:51 warning: Cannot modify header information - headers already sent by (output started at C:\Apache24\htdocs\chestcounter\vendor\cakephp\cakephp\src\Error\Renderer\HtmlErrorRenderer.php:37)
Request URL: /score?cycle=1
Referer URL: http://127.0.0.1/chestcounter/score
Client IP: 127.0.0.1
Trace:
Cake\Error\ErrorTrap->handleError() [internal], line ??
C:\Apache24\htdocs\chestcounter\vendor\cakephp\cakephp\src\Http\ResponseEmitter.php C:\Apache24\htdocs\chestcounter\vendor\cakephp\cakephp\src\Http\ResponseEmitter.php, line 192
Cake\Http\ResponseEmitter->emitHeaders() C:\Apache24\htdocs\chestcounter\vendor\cakephp\cakephp\src\Http\ResponseEmitter.php, line 69
Cake\Http\ResponseEmitter->emit() C:\Apache24\htdocs\chestcounter\vendor\cakephp\cakephp\src\Http\Server.php, line 148
Cake\Http\Server->emit() C:\Apache24\htdocs\chestcounter\webroot\index.php, line 37
[main]

2025-08-17 21:26:23 warning: Unable to emit headers. Headers sent in file=C:\Apache24\htdocs\chestcounter\vendor\cakephp\cakephp\src\Error\Renderer\HtmlErrorRenderer.php line=37
Request URL: /score?cycle=1
Client IP: 127.0.0.1
Trace:
Cake\Error\ErrorTrap->handleError() [internal], line ??
C:\Apache24\htdocs\chestcounter\vendor\cakephp\cakephp\src\Http\ResponseEmitter.php C:\Apache24\htdocs\chestcounter\vendor\cakephp\cakephp\src\Http\ResponseEmitter.php, line 65
Cake\Http\ResponseEmitter->emit() C:\Apache24\htdocs\chestcounter\vendor\cakephp\cakephp\src\Http\Server.php, line 148
Cake\Http\Server->emit() C:\Apache24\htdocs\chestcounter\webroot\index.php, line 37
[main]

2025-08-17 21:26:23 warning: Cannot modify header information - headers already sent by (output started at C:\Apache24\htdocs\chestcounter\vendor\cakephp\cakephp\src\Error\Renderer\HtmlErrorRenderer.php:37)
Request URL: /score?cycle=1
Client IP: 127.0.0.1
Trace:
Cake\Error\ErrorTrap->handleError() [internal], line ??
C:\Apache24\htdocs\chestcounter\vendor\cakephp\cakephp\src\Http\ResponseEmitter.php C:\Apache24\htdocs\chestcounter\vendor\cakephp\cakephp\src\Http\ResponseEmitter.php, line 159
Cake\Http\ResponseEmitter->emitStatusLine() C:\Apache24\htdocs\chestcounter\vendor\cakephp\cakephp\src\Http\ResponseEmitter.php, line 68
Cake\Http\ResponseEmitter->emit() C:\Apache24\htdocs\chestcounter\vendor\cakephp\cakephp\src\Http\Server.php, line 148
Cake\Http\Server->emit() C:\Apache24\htdocs\chestcounter\webroot\index.php, line 37
[main]

2025-08-17 21:26:23 warning: Cannot modify header information - headers already sent by (output started at C:\Apache24\htdocs\chestcounter\vendor\cakephp\cakephp\src\Error\Renderer\HtmlErrorRenderer.php:37)
Request URL: /score?cycle=1
Client IP: 127.0.0.1
Trace:
Cake\Error\ErrorTrap->handleError() [internal], line ??
C:\Apache24\htdocs\chestcounter\vendor\cakephp\cakephp\src\Http\ResponseEmitter.php C:\Apache24\htdocs\chestcounter\vendor\cakephp\cakephp\src\Http\ResponseEmitter.php, line 192
Cake\Http\ResponseEmitter->emitHeaders() C:\Apache24\htdocs\chestcounter\vendor\cakephp\cakephp\src\Http\ResponseEmitter.php, line 69
Cake\Http\ResponseEmitter->emit() C:\Apache24\htdocs\chestcounter\vendor\cakephp\cakephp\src\Http\Server.php, line 148
Cake\Http\Server->emit() C:\Apache24\htdocs\chestcounter\webroot\index.php, line 37
[main]

2025-08-17 21:54:09 warning: Unable to emit headers. Headers sent in file=C:\Apache24\htdocs\chestcounter\vendor\cakephp\cakephp\src\Error\Renderer\HtmlErrorRenderer.php line=37
Request URL: /score
Referer URL: http://127.0.0.1/chestcounter/standard-chests/weights
Client IP: 127.0.0.1
Trace:
Cake\Error\ErrorTrap->handleError() [internal], line ??
C:\Apache24\htdocs\chestcounter\vendor\cakephp\cakephp\src\Http\ResponseEmitter.php C:\Apache24\htdocs\chestcounter\vendor\cakephp\cakephp\src\Http\ResponseEmitter.php, line 65
Cake\Http\ResponseEmitter->emit() C:\Apache24\htdocs\chestcounter\vendor\cakephp\cakephp\src\Http\Server.php, line 148
Cake\Http\Server->emit() C:\Apache24\htdocs\chestcounter\webroot\index.php, line 37
[main]

2025-08-17 21:54:09 warning: Cannot modify header information - headers already sent by (output started at C:\Apache24\htdocs\chestcounter\vendor\cakephp\cakephp\src\Error\Renderer\HtmlErrorRenderer.php:37)
Request URL: /score
Referer URL: http://127.0.0.1/chestcounter/standard-chests/weights
Client IP: 127.0.0.1
Trace:
Cake\Error\ErrorTrap->handleError() [internal], line ??
C:\Apache24\htdocs\chestcounter\vendor\cakephp\cakephp\src\Http\ResponseEmitter.php C:\Apache24\htdocs\chestcounter\vendor\cakephp\cakephp\src\Http\ResponseEmitter.php, line 159
Cake\Http\ResponseEmitter->emitStatusLine() C:\Apache24\htdocs\chestcounter\vendor\cakephp\cakephp\src\Http\ResponseEmitter.php, line 68
Cake\Http\ResponseEmitter->emit() C:\Apache24\htdocs\chestcounter\vendor\cakephp\cakephp\src\Http\Server.php, line 148
Cake\Http\Server->emit() C:\Apache24\htdocs\chestcounter\webroot\index.php, line 37
[main]

2025-08-17 21:54:09 warning: Cannot modify header information - headers already sent by (output started at C:\Apache24\htdocs\chestcounter\vendor\cakephp\cakephp\src\Error\Renderer\HtmlErrorRenderer.php:37)
Request URL: /score
Referer URL: http://127.0.0.1/chestcounter/standard-chests/weights
Client IP: 127.0.0.1
Trace:
Cake\Error\ErrorTrap->handleError() [internal], line ??
C:\Apache24\htdocs\chestcounter\vendor\cakephp\cakephp\src\Http\ResponseEmitter.php C:\Apache24\htdocs\chestcounter\vendor\cakephp\cakephp\src\Http\ResponseEmitter.php, line 192
Cake\Http\ResponseEmitter->emitHeaders() C:\Apache24\htdocs\chestcounter\vendor\cakephp\cakephp\src\Http\ResponseEmitter.php, line 69
Cake\Http\ResponseEmitter->emit() C:\Apache24\htdocs\chestcounter\vendor\cakephp\cakephp\src\Http\Server.php, line 148
Cake\Http\Server->emit() C:\Apache24\htdocs\chestcounter\webroot\index.php, line 37
[main]

2025-08-17 21:54:13 warning: Unable to emit headers. Headers sent in file=C:\Apache24\htdocs\chestcounter\vendor\cakephp\cakephp\src\Error\Renderer\HtmlErrorRenderer.php line=37
Request URL: /score?cycle=1
Referer URL: http://127.0.0.1/chestcounter/score
Client IP: 127.0.0.1
Trace:
Cake\Error\ErrorTrap->handleError() [internal], line ??
C:\Apache24\htdocs\chestcounter\vendor\cakephp\cakephp\src\Http\ResponseEmitter.php C:\Apache24\htdocs\chestcounter\vendor\cakephp\cakephp\src\Http\ResponseEmitter.php, line 65
Cake\Http\ResponseEmitter->emit() C:\Apache24\htdocs\chestcounter\vendor\cakephp\cakephp\src\Http\Server.php, line 148
Cake\Http\Server->emit() C:\Apache24\htdocs\chestcounter\webroot\index.php, line 37
[main]

2025-08-17 21:54:13 warning: Cannot modify header information - headers already sent by (output started at C:\Apache24\htdocs\chestcounter\vendor\cakephp\cakephp\src\Error\Renderer\HtmlErrorRenderer.php:37)
Request URL: /score?cycle=1
Referer URL: http://127.0.0.1/chestcounter/score
Client IP: 127.0.0.1
Trace:
Cake\Error\ErrorTrap->handleError() [internal], line ??
C:\Apache24\htdocs\chestcounter\vendor\cakephp\cakephp\src\Http\ResponseEmitter.php C:\Apache24\htdocs\chestcounter\vendor\cakephp\cakephp\src\Http\ResponseEmitter.php, line 159
Cake\Http\ResponseEmitter->emitStatusLine() C:\Apache24\htdocs\chestcounter\vendor\cakephp\cakephp\src\Http\ResponseEmitter.php, line 68
Cake\Http\ResponseEmitter->emit() C:\Apache24\htdocs\chestcounter\vendor\cakephp\cakephp\src\Http\Server.php, line 148
Cake\Http\Server->emit() C:\Apache24\htdocs\chestcounter\webroot\index.php, line 37
[main]

2025-08-17 21:54:13 warning: Cannot modify header information - headers already sent by (output started at C:\Apache24\htdocs\chestcounter\vendor\cakephp\cakephp\src\Error\Renderer\HtmlErrorRenderer.php:37)
Request URL: /score?cycle=1
Referer URL: http://127.0.0.1/chestcounter/score
Client IP: 127.0.0.1
Trace:
Cake\Error\ErrorTrap->handleError() [internal], line ??
C:\Apache24\htdocs\chestcounter\vendor\cakephp\cakephp\src\Http\ResponseEmitter.php C:\Apache24\htdocs\chestcounter\vendor\cakephp\cakephp\src\Http\ResponseEmitter.php, line 192
Cake\Http\ResponseEmitter->emitHeaders() C:\Apache24\htdocs\chestcounter\vendor\cakephp\cakephp\src\Http\ResponseEmitter.php, line 69
Cake\Http\ResponseEmitter->emit() C:\Apache24\htdocs\chestcounter\vendor\cakephp\cakephp\src\Http\Server.php, line 148
Cake\Http\Server->emit() C:\Apache24\htdocs\chestcounter\webroot\index.php, line 37
[main]

2025-08-17 21:55:16 warning: Unable to emit headers. Headers sent in file=C:\Apache24\htdocs\chestcounter\vendor\cakephp\cakephp\src\Error\Renderer\HtmlErrorRenderer.php line=37
Request URL: /score?cycle=1
Client IP: 127.0.0.1
Trace:
Cake\Error\ErrorTrap->handleError() [internal], line ??
C:\Apache24\htdocs\chestcounter\vendor\cakephp\cakephp\src\Http\ResponseEmitter.php C:\Apache24\htdocs\chestcounter\vendor\cakephp\cakephp\src\Http\ResponseEmitter.php, line 65
Cake\Http\ResponseEmitter->emit() C:\Apache24\htdocs\chestcounter\vendor\cakephp\cakephp\src\Http\Server.php, line 148
Cake\Http\Server->emit() C:\Apache24\htdocs\chestcounter\webroot\index.php, line 37
[main]

2025-08-17 21:55:16 warning: Cannot modify header information - headers already sent by (output started at C:\Apache24\htdocs\chestcounter\vendor\cakephp\cakephp\src\Error\Renderer\HtmlErrorRenderer.php:37)
Request URL: /score?cycle=1
Client IP: 127.0.0.1
Trace:
Cake\Error\ErrorTrap->handleError() [internal], line ??
C:\Apache24\htdocs\chestcounter\vendor\cakephp\cakephp\src\Http\ResponseEmitter.php C:\Apache24\htdocs\chestcounter\vendor\cakephp\cakephp\src\Http\ResponseEmitter.php, line 159
Cake\Http\ResponseEmitter->emitStatusLine() C:\Apache24\htdocs\chestcounter\vendor\cakephp\cakephp\src\Http\ResponseEmitter.php, line 68
Cake\Http\ResponseEmitter->emit() C:\Apache24\htdocs\chestcounter\vendor\cakephp\cakephp\src\Http\Server.php, line 148
Cake\Http\Server->emit() C:\Apache24\htdocs\chestcounter\webroot\index.php, line 37
[main]

2025-08-17 21:55:16 warning: Cannot modify header information - headers already sent by (output started at C:\Apache24\htdocs\chestcounter\vendor\cakephp\cakephp\src\Error\Renderer\HtmlErrorRenderer.php:37)
Request URL: /score?cycle=1
Client IP: 127.0.0.1
Trace:
Cake\Error\ErrorTrap->handleError() [internal], line ??
C:\Apache24\htdocs\chestcounter\vendor\cakephp\cakephp\src\Http\ResponseEmitter.php C:\Apache24\htdocs\chestcounter\vendor\cakephp\cakephp\src\Http\ResponseEmitter.php, line 192
Cake\Http\ResponseEmitter->emitHeaders() C:\Apache24\htdocs\chestcounter\vendor\cakephp\cakephp\src\Http\ResponseEmitter.php, line 69
Cake\Http\ResponseEmitter->emit() C:\Apache24\htdocs\chestcounter\vendor\cakephp\cakephp\src\Http\Server.php, line 148
Cake\Http\Server->emit() C:\Apache24\htdocs\chestcounter\webroot\index.php, line 37
[main]

2025-08-17 21:57:13 warning: Unable to emit headers. Headers sent in file=C:\Apache24\htdocs\chestcounter\vendor\cakephp\cakephp\src\Error\Renderer\HtmlErrorRenderer.php line=37
Request URL: /score?cycle=1
Client IP: 127.0.0.1
Trace:
Cake\Error\ErrorTrap->handleError() [internal], line ??
C:\Apache24\htdocs\chestcounter\vendor\cakephp\cakephp\src\Http\ResponseEmitter.php C:\Apache24\htdocs\chestcounter\vendor\cakephp\cakephp\src\Http\ResponseEmitter.php, line 65
Cake\Http\ResponseEmitter->emit() C:\Apache24\htdocs\chestcounter\vendor\cakephp\cakephp\src\Http\Server.php, line 148
Cake\Http\Server->emit() C:\Apache24\htdocs\chestcounter\webroot\index.php, line 37
[main]

2025-08-17 21:57:13 warning: Cannot modify header information - headers already sent by (output started at C:\Apache24\htdocs\chestcounter\vendor\cakephp\cakephp\src\Error\Renderer\HtmlErrorRenderer.php:37)
Request URL: /score?cycle=1
Client IP: 127.0.0.1
Trace:
Cake\Error\ErrorTrap->handleError() [internal], line ??
C:\Apache24\htdocs\chestcounter\vendor\cakephp\cakephp\src\Http\ResponseEmitter.php C:\Apache24\htdocs\chestcounter\vendor\cakephp\cakephp\src\Http\ResponseEmitter.php, line 159
Cake\Http\ResponseEmitter->emitStatusLine() C:\Apache24\htdocs\chestcounter\vendor\cakephp\cakephp\src\Http\ResponseEmitter.php, line 68
Cake\Http\ResponseEmitter->emit() C:\Apache24\htdocs\chestcounter\vendor\cakephp\cakephp\src\Http\Server.php, line 148
Cake\Http\Server->emit() C:\Apache24\htdocs\chestcounter\webroot\index.php, line 37
[main]

2025-08-17 21:57:13 warning: Cannot modify header information - headers already sent by (output started at C:\Apache24\htdocs\chestcounter\vendor\cakephp\cakephp\src\Error\Renderer\HtmlErrorRenderer.php:37)
Request URL: /score?cycle=1
Client IP: 127.0.0.1
Trace:
Cake\Error\ErrorTrap->handleError() [internal], line ??
C:\Apache24\htdocs\chestcounter\vendor\cakephp\cakephp\src\Http\ResponseEmitter.php C:\Apache24\htdocs\chestcounter\vendor\cakephp\cakephp\src\Http\ResponseEmitter.php, line 192
Cake\Http\ResponseEmitter->emitHeaders() C:\Apache24\htdocs\chestcounter\vendor\cakephp\cakephp\src\Http\ResponseEmitter.php, line 69
Cake\Http\ResponseEmitter->emit() C:\Apache24\htdocs\chestcounter\vendor\cakephp\cakephp\src\Http\Server.php, line 148
Cake\Http\Server->emit() C:\Apache24\htdocs\chestcounter\webroot\index.php, line 37
[main]

2025-08-26 17:16:06 warning: Unable to emit headers. Headers sent in file=C:\Apache24\htdocs\chestcounter\vendor\cakephp\cakephp\src\Error\Renderer\HtmlErrorRenderer.php line=37
Request URL: /score?cycle=1
Referer URL: http://127.0.0.1/chestcounter/score
Client IP: 127.0.0.1
Trace:
Cake\Error\ErrorTrap->handleError() [internal], line ??
C:\Apache24\htdocs\chestcounter\vendor\cakephp\cakephp\src\Http\ResponseEmitter.php C:\Apache24\htdocs\chestcounter\vendor\cakephp\cakephp\src\Http\ResponseEmitter.php, line 65
Cake\Http\ResponseEmitter->emit() C:\Apache24\htdocs\chestcounter\vendor\cakephp\cakephp\src\Http\Server.php, line 148
Cake\Http\Server->emit() C:\Apache24\htdocs\chestcounter\webroot\index.php, line 37
[main]

2025-08-26 17:16:06 warning: Cannot modify header information - headers already sent by (output started at C:\Apache24\htdocs\chestcounter\vendor\cakephp\cakephp\src\Error\Renderer\HtmlErrorRenderer.php:37)
Request URL: /score?cycle=1
Referer URL: http://127.0.0.1/chestcounter/score
Client IP: 127.0.0.1
Trace:
Cake\Error\ErrorTrap->handleError() [internal], line ??
C:\Apache24\htdocs\chestcounter\vendor\cakephp\cakephp\src\Http\ResponseEmitter.php C:\Apache24\htdocs\chestcounter\vendor\cakephp\cakephp\src\Http\ResponseEmitter.php, line 159
Cake\Http\ResponseEmitter->emitStatusLine() C:\Apache24\htdocs\chestcounter\vendor\cakephp\cakephp\src\Http\ResponseEmitter.php, line 68
Cake\Http\ResponseEmitter->emit() C:\Apache24\htdocs\chestcounter\vendor\cakephp\cakephp\src\Http\Server.php, line 148
Cake\Http\Server->emit() C:\Apache24\htdocs\chestcounter\webroot\index.php, line 37
[main]

2025-08-26 17:16:06 warning: Cannot modify header information - headers already sent by (output started at C:\Apache24\htdocs\chestcounter\vendor\cakephp\cakephp\src\Error\Renderer\HtmlErrorRenderer.php:37)
Request URL: /score?cycle=1
Referer URL: http://127.0.0.1/chestcounter/score
Client IP: 127.0.0.1
Trace:
Cake\Error\ErrorTrap->handleError() [internal], line ??
C:\Apache24\htdocs\chestcounter\vendor\cakephp\cakephp\src\Http\ResponseEmitter.php C:\Apache24\htdocs\chestcounter\vendor\cakephp\cakephp\src\Http\ResponseEmitter.php, line 192
Cake\Http\ResponseEmitter->emitHeaders() C:\Apache24\htdocs\chestcounter\vendor\cakephp\cakephp\src\Http\ResponseEmitter.php, line 69
Cake\Http\ResponseEmitter->emit() C:\Apache24\htdocs\chestcounter\vendor\cakephp\cakephp\src\Http\Server.php, line 148
Cake\Http\Server->emit() C:\Apache24\htdocs\chestcounter\webroot\index.php, line 37
[main]

2025-09-12 02:41:59 warning: Unable to emit headers. Headers sent in file=C:\Apache24\htdocs\chestcounter\vendor\cakephp\cakephp\src\Error\Renderer\HtmlErrorRenderer.php line=37
Request URL: /score
Client IP: 127.0.0.1
Trace:
Cake\Error\ErrorTrap->handleError() [internal], line ??
C:\Apache24\htdocs\chestcounter\vendor\cakephp\cakephp\src\Http\ResponseEmitter.php C:\Apache24\htdocs\chestcounter\vendor\cakephp\cakephp\src\Http\ResponseEmitter.php, line 65
Cake\Http\ResponseEmitter->emit() C:\Apache24\htdocs\chestcounter\vendor\cakephp\cakephp\src\Http\Server.php, line 148
Cake\Http\Server->emit() C:\Apache24\htdocs\chestcounter\webroot\index.php, line 37
[main]

2025-09-12 02:41:59 warning: Cannot modify header information - headers already sent by (output started at C:\Apache24\htdocs\chestcounter\vendor\cakephp\cakephp\src\Error\Renderer\HtmlErrorRenderer.php:37)
Request URL: /score
Client IP: 127.0.0.1
Trace:
Cake\Error\ErrorTrap->handleError() [internal], line ??
C:\Apache24\htdocs\chestcounter\vendor\cakephp\cakephp\src\Http\ResponseEmitter.php C:\Apache24\htdocs\chestcounter\vendor\cakephp\cakephp\src\Http\ResponseEmitter.php, line 159
Cake\Http\ResponseEmitter->emitStatusLine() C:\Apache24\htdocs\chestcounter\vendor\cakephp\cakephp\src\Http\ResponseEmitter.php, line 68
Cake\Http\ResponseEmitter->emit() C:\Apache24\htdocs\chestcounter\vendor\cakephp\cakephp\src\Http\Server.php, line 148
Cake\Http\Server->emit() C:\Apache24\htdocs\chestcounter\webroot\index.php, line 37
[main]

2025-09-12 02:41:59 warning: Cannot modify header information - headers already sent by (output started at C:\Apache24\htdocs\chestcounter\vendor\cakephp\cakephp\src\Error\Renderer\HtmlErrorRenderer.php:37)
Request URL: /score
Client IP: 127.0.0.1
Trace:
Cake\Error\ErrorTrap->handleError() [internal], line ??
C:\Apache24\htdocs\chestcounter\vendor\cakephp\cakephp\src\Http\ResponseEmitter.php C:\Apache24\htdocs\chestcounter\vendor\cakephp\cakephp\src\Http\ResponseEmitter.php, line 192
Cake\Http\ResponseEmitter->emitHeaders() C:\Apache24\htdocs\chestcounter\vendor\cakephp\cakephp\src\Http\ResponseEmitter.php, line 69
Cake\Http\ResponseEmitter->emit() C:\Apache24\htdocs\chestcounter\vendor\cakephp\cakephp\src\Http\Server.php, line 148
Cake\Http\Server->emit() C:\Apache24\htdocs\chestcounter\webroot\index.php, line 37
[main]

2025-09-12 02:41:59 warning: Cannot modify header information - headers already sent by (output started at C:\Apache24\htdocs\chestcounter\vendor\cakephp\cakephp\src\Error\Renderer\HtmlErrorRenderer.php:37)
Request URL: /score
Client IP: 127.0.0.1
Trace:
Cake\Error\ErrorTrap->handleError() [internal], line ??
C:\Apache24\htdocs\chestcounter\vendor\cakephp\cakephp\src\Http\ResponseEmitter.php C:\Apache24\htdocs\chestcounter\vendor\cakephp\cakephp\src\Http\ResponseEmitter.php, line 229
Cake\Http\ResponseEmitter->setCookie() C:\Apache24\htdocs\chestcounter\vendor\cakephp\cakephp\src\Http\ResponseEmitter.php, line 213
Cake\Http\ResponseEmitter->emitCookies() C:\Apache24\htdocs\chestcounter\vendor\cakephp\cakephp\src\Http\ResponseEmitter.php, line 201
Cake\Http\ResponseEmitter->emitHeaders() C:\Apache24\htdocs\chestcounter\vendor\cakephp\cakephp\src\Http\ResponseEmitter.php, line 69
Cake\Http\ResponseEmitter->emit() C:\Apache24\htdocs\chestcounter\vendor\cakephp\cakephp\src\Http\Server.php, line 148
Cake\Http\Server->emit() C:\Apache24\htdocs\chestcounter\webroot\index.php, line 37
[main]

2025-09-12 02:42:13 warning: Unable to emit headers. Headers sent in file=C:\Apache24\htdocs\chestcounter\vendor\cakephp\cakephp\src\Error\Renderer\HtmlErrorRenderer.php line=37
Request URL: /score
Referer URL: http://127.0.0.1/chestcounter/users/login
Client IP: 127.0.0.1
Trace:
Cake\Error\ErrorTrap->handleError() [internal], line ??
C:\Apache24\htdocs\chestcounter\vendor\cakephp\cakephp\src\Http\ResponseEmitter.php C:\Apache24\htdocs\chestcounter\vendor\cakephp\cakephp\src\Http\ResponseEmitter.php, line 65
Cake\Http\ResponseEmitter->emit() C:\Apache24\htdocs\chestcounter\vendor\cakephp\cakephp\src\Http\Server.php, line 148
Cake\Http\Server->emit() C:\Apache24\htdocs\chestcounter\webroot\index.php, line 37
[main]

2025-09-12 02:42:13 warning: Cannot modify header information - headers already sent by (output started at C:\Apache24\htdocs\chestcounter\vendor\cakephp\cakephp\src\Error\Renderer\HtmlErrorRenderer.php:37)
Request URL: /score
Referer URL: http://127.0.0.1/chestcounter/users/login
Client IP: 127.0.0.1
Trace:
Cake\Error\ErrorTrap->handleError() [internal], line ??
C:\Apache24\htdocs\chestcounter\vendor\cakephp\cakephp\src\Http\ResponseEmitter.php C:\Apache24\htdocs\chestcounter\vendor\cakephp\cakephp\src\Http\ResponseEmitter.php, line 159
Cake\Http\ResponseEmitter->emitStatusLine() C:\Apache24\htdocs\chestcounter\vendor\cakephp\cakephp\src\Http\ResponseEmitter.php, line 68
Cake\Http\ResponseEmitter->emit() C:\Apache24\htdocs\chestcounter\vendor\cakephp\cakephp\src\Http\Server.php, line 148
Cake\Http\Server->emit() C:\Apache24\htdocs\chestcounter\webroot\index.php, line 37
[main]

2025-09-12 02:42:13 warning: Cannot modify header information - headers already sent by (output started at C:\Apache24\htdocs\chestcounter\vendor\cakephp\cakephp\src\Error\Renderer\HtmlErrorRenderer.php:37)
Request URL: /score
Referer URL: http://127.0.0.1/chestcounter/users/login
Client IP: 127.0.0.1
Trace:
Cake\Error\ErrorTrap->handleError() [internal], line ??
C:\Apache24\htdocs\chestcounter\vendor\cakephp\cakephp\src\Http\ResponseEmitter.php C:\Apache24\htdocs\chestcounter\vendor\cakephp\cakephp\src\Http\ResponseEmitter.php, line 192
Cake\Http\ResponseEmitter->emitHeaders() C:\Apache24\htdocs\chestcounter\vendor\cakephp\cakephp\src\Http\ResponseEmitter.php, line 69
Cake\Http\ResponseEmitter->emit() C:\Apache24\htdocs\chestcounter\vendor\cakephp\cakephp\src\Http\Server.php, line 148
Cake\Http\Server->emit() C:\Apache24\htdocs\chestcounter\webroot\index.php, line 37
[main]

2025-09-12 02:42:34 warning: Unable to emit headers. Headers sent in file=C:\Apache24\htdocs\chestcounter\vendor\cakephp\cakephp\src\Error\Renderer\HtmlErrorRenderer.php line=37
Request URL: /score
Referer URL: http://127.0.0.1/chestcounter/config/
Client IP: 127.0.0.1
Trace:
Cake\Error\ErrorTrap->handleError() [internal], line ??
C:\Apache24\htdocs\chestcounter\vendor\cakephp\cakephp\src\Http\ResponseEmitter.php C:\Apache24\htdocs\chestcounter\vendor\cakephp\cakephp\src\Http\ResponseEmitter.php, line 65
Cake\Http\ResponseEmitter->emit() C:\Apache24\htdocs\chestcounter\vendor\cakephp\cakephp\src\Http\Server.php, line 148
Cake\Http\Server->emit() C:\Apache24\htdocs\chestcounter\webroot\index.php, line 37
[main]

2025-09-12 02:42:34 warning: Cannot modify header information - headers already sent by (output started at C:\Apache24\htdocs\chestcounter\vendor\cakephp\cakephp\src\Error\Renderer\HtmlErrorRenderer.php:37)
Request URL: /score
Referer URL: http://127.0.0.1/chestcounter/config/
Client IP: 127.0.0.1
Trace:
Cake\Error\ErrorTrap->handleError() [internal], line ??
C:\Apache24\htdocs\chestcounter\vendor\cakephp\cakephp\src\Http\ResponseEmitter.php C:\Apache24\htdocs\chestcounter\vendor\cakephp\cakephp\src\Http\ResponseEmitter.php, line 159
Cake\Http\ResponseEmitter->emitStatusLine() C:\Apache24\htdocs\chestcounter\vendor\cakephp\cakephp\src\Http\ResponseEmitter.php, line 68
Cake\Http\ResponseEmitter->emit() C:\Apache24\htdocs\chestcounter\vendor\cakephp\cakephp\src\Http\Server.php, line 148
Cake\Http\Server->emit() C:\Apache24\htdocs\chestcounter\webroot\index.php, line 37
[main]

2025-09-12 02:42:34 warning: Cannot modify header information - headers already sent by (output started at C:\Apache24\htdocs\chestcounter\vendor\cakephp\cakephp\src\Error\Renderer\HtmlErrorRenderer.php:37)
Request URL: /score
Referer URL: http://127.0.0.1/chestcounter/config/
Client IP: 127.0.0.1
Trace:
Cake\Error\ErrorTrap->handleError() [internal], line ??
C:\Apache24\htdocs\chestcounter\vendor\cakephp\cakephp\src\Http\ResponseEmitter.php C:\Apache24\htdocs\chestcounter\vendor\cakephp\cakephp\src\Http\ResponseEmitter.php, line 192
Cake\Http\ResponseEmitter->emitHeaders() C:\Apache24\htdocs\chestcounter\vendor\cakephp\cakephp\src\Http\ResponseEmitter.php, line 69
Cake\Http\ResponseEmitter->emit() C:\Apache24\htdocs\chestcounter\vendor\cakephp\cakephp\src\Http\Server.php, line 148
Cake\Http\Server->emit() C:\Apache24\htdocs\chestcounter\webroot\index.php, line 37
[main]

2025-09-12 02:48:31 warning: Unable to emit headers. Headers sent in file=C:\Apache24\htdocs\chestcounter\vendor\cakephp\cakephp\src\Error\Renderer\HtmlErrorRenderer.php line=37
Request URL: /score
Referer URL: http://127.0.0.1/chestcounter/config/
Client IP: 127.0.0.1
Trace:
Cake\Error\ErrorTrap->handleError() [internal], line ??
C:\Apache24\htdocs\chestcounter\vendor\cakephp\cakephp\src\Http\ResponseEmitter.php C:\Apache24\htdocs\chestcounter\vendor\cakephp\cakephp\src\Http\ResponseEmitter.php, line 65
Cake\Http\ResponseEmitter->emit() C:\Apache24\htdocs\chestcounter\vendor\cakephp\cakephp\src\Http\Server.php, line 148
Cake\Http\Server->emit() C:\Apache24\htdocs\chestcounter\webroot\index.php, line 37
[main]

2025-09-12 02:48:31 warning: Cannot modify header information - headers already sent by (output started at C:\Apache24\htdocs\chestcounter\vendor\cakephp\cakephp\src\Error\Renderer\HtmlErrorRenderer.php:37)
Request URL: /score
Referer URL: http://127.0.0.1/chestcounter/config/
Client IP: 127.0.0.1
Trace:
Cake\Error\ErrorTrap->handleError() [internal], line ??
C:\Apache24\htdocs\chestcounter\vendor\cakephp\cakephp\src\Http\ResponseEmitter.php C:\Apache24\htdocs\chestcounter\vendor\cakephp\cakephp\src\Http\ResponseEmitter.php, line 159
Cake\Http\ResponseEmitter->emitStatusLine() C:\Apache24\htdocs\chestcounter\vendor\cakephp\cakephp\src\Http\ResponseEmitter.php, line 68
Cake\Http\ResponseEmitter->emit() C:\Apache24\htdocs\chestcounter\vendor\cakephp\cakephp\src\Http\Server.php, line 148
Cake\Http\Server->emit() C:\Apache24\htdocs\chestcounter\webroot\index.php, line 37
[main]

2025-09-12 02:48:31 warning: Cannot modify header information - headers already sent by (output started at C:\Apache24\htdocs\chestcounter\vendor\cakephp\cakephp\src\Error\Renderer\HtmlErrorRenderer.php:37)
Request URL: /score
Referer URL: http://127.0.0.1/chestcounter/config/
Client IP: 127.0.0.1
Trace:
Cake\Error\ErrorTrap->handleError() [internal], line ??
C:\Apache24\htdocs\chestcounter\vendor\cakephp\cakephp\src\Http\ResponseEmitter.php C:\Apache24\htdocs\chestcounter\vendor\cakephp\cakephp\src\Http\ResponseEmitter.php, line 192
Cake\Http\ResponseEmitter->emitHeaders() C:\Apache24\htdocs\chestcounter\vendor\cakephp\cakephp\src\Http\ResponseEmitter.php, line 69
Cake\Http\ResponseEmitter->emit() C:\Apache24\htdocs\chestcounter\vendor\cakephp\cakephp\src\Http\Server.php, line 148
Cake\Http\Server->emit() C:\Apache24\htdocs\chestcounter\webroot\index.php, line 37
[main]

2025-09-12 09:57:15 warning: Unable to emit headers. Headers sent in file=C:\Apache24\htdocs\chestcounter\vendor\cakephp\cakephp\src\Error\Renderer\HtmlErrorRenderer.php line=37
Request URL: /score
Referer URL: http://127.0.0.1/chestcounter/config/
Client IP: 127.0.0.1
Trace:
Cake\Error\ErrorTrap->handleError() [internal], line ??
C:\Apache24\htdocs\chestcounter\vendor\cakephp\cakephp\src\Http\ResponseEmitter.php C:\Apache24\htdocs\chestcounter\vendor\cakephp\cakephp\src\Http\ResponseEmitter.php, line 65
Cake\Http\ResponseEmitter->emit() C:\Apache24\htdocs\chestcounter\vendor\cakephp\cakephp\src\Http\Server.php, line 148
Cake\Http\Server->emit() C:\Apache24\htdocs\chestcounter\webroot\index.php, line 37
[main]

2025-09-12 09:57:15 warning: Cannot modify header information - headers already sent by (output started at C:\Apache24\htdocs\chestcounter\vendor\cakephp\cakephp\src\Error\Renderer\HtmlErrorRenderer.php:37)
Request URL: /score
Referer URL: http://127.0.0.1/chestcounter/config/
Client IP: 127.0.0.1
Trace:
Cake\Error\ErrorTrap->handleError() [internal], line ??
C:\Apache24\htdocs\chestcounter\vendor\cakephp\cakephp\src\Http\ResponseEmitter.php C:\Apache24\htdocs\chestcounter\vendor\cakephp\cakephp\src\Http\ResponseEmitter.php, line 159
Cake\Http\ResponseEmitter->emitStatusLine() C:\Apache24\htdocs\chestcounter\vendor\cakephp\cakephp\src\Http\ResponseEmitter.php, line 68
Cake\Http\ResponseEmitter->emit() C:\Apache24\htdocs\chestcounter\vendor\cakephp\cakephp\src\Http\Server.php, line 148
Cake\Http\Server->emit() C:\Apache24\htdocs\chestcounter\webroot\index.php, line 37
[main]

2025-09-12 09:57:15 warning: Cannot modify header information - headers already sent by (output started at C:\Apache24\htdocs\chestcounter\vendor\cakephp\cakephp\src\Error\Renderer\HtmlErrorRenderer.php:37)
Request URL: /score
Referer URL: http://127.0.0.1/chestcounter/config/
Client IP: 127.0.0.1
Trace:
Cake\Error\ErrorTrap->handleError() [internal], line ??
C:\Apache24\htdocs\chestcounter\vendor\cakephp\cakephp\src\Http\ResponseEmitter.php C:\Apache24\htdocs\chestcounter\vendor\cakephp\cakephp\src\Http\ResponseEmitter.php, line 192
Cake\Http\ResponseEmitter->emitHeaders() C:\Apache24\htdocs\chestcounter\vendor\cakephp\cakephp\src\Http\ResponseEmitter.php, line 69
Cake\Http\ResponseEmitter->emit() C:\Apache24\htdocs\chestcounter\vendor\cakephp\cakephp\src\Http\Server.php, line 148
Cake\Http\Server->emit() C:\Apache24\htdocs\chestcounter\webroot\index.php, line 37
[main]

2025-09-25 00:55:11 warning: Unable to emit headers. Headers sent in file=C:\Apache24\htdocs\chestcounter\vendor\cakephp\cakephp\src\Error\Renderer\HtmlErrorRenderer.php line=37
Request URL: /score
Client IP: 127.0.0.1
Trace:
Cake\Error\ErrorTrap->handleError() [internal], line ??
C:\Apache24\htdocs\chestcounter\vendor\cakephp\cakephp\src\Http\ResponseEmitter.php C:\Apache24\htdocs\chestcounter\vendor\cakephp\cakephp\src\Http\ResponseEmitter.php, line 65
Cake\Http\ResponseEmitter->emit() C:\Apache24\htdocs\chestcounter\vendor\cakephp\cakephp\src\Http\Server.php, line 148
Cake\Http\Server->emit() C:\Apache24\htdocs\chestcounter\webroot\index.php, line 37
[main]

2025-09-25 00:55:11 warning: Cannot modify header information - headers already sent by (output started at C:\Apache24\htdocs\chestcounter\vendor\cakephp\cakephp\src\Error\Renderer\HtmlErrorRenderer.php:37)
Request URL: /score
Client IP: 127.0.0.1
Trace:
Cake\Error\ErrorTrap->handleError() [internal], line ??
C:\Apache24\htdocs\chestcounter\vendor\cakephp\cakephp\src\Http\ResponseEmitter.php C:\Apache24\htdocs\chestcounter\vendor\cakephp\cakephp\src\Http\ResponseEmitter.php, line 159
Cake\Http\ResponseEmitter->emitStatusLine() C:\Apache24\htdocs\chestcounter\vendor\cakephp\cakephp\src\Http\ResponseEmitter.php, line 68
Cake\Http\ResponseEmitter->emit() C:\Apache24\htdocs\chestcounter\vendor\cakephp\cakephp\src\Http\Server.php, line 148
Cake\Http\Server->emit() C:\Apache24\htdocs\chestcounter\webroot\index.php, line 37
[main]

2025-09-25 00:55:11 warning: Cannot modify header information - headers already sent by (output started at C:\Apache24\htdocs\chestcounter\vendor\cakephp\cakephp\src\Error\Renderer\HtmlErrorRenderer.php:37)
Request URL: /score
Client IP: 127.0.0.1
Trace:
Cake\Error\ErrorTrap->handleError() [internal], line ??
C:\Apache24\htdocs\chestcounter\vendor\cakephp\cakephp\src\Http\ResponseEmitter.php C:\Apache24\htdocs\chestcounter\vendor\cakephp\cakephp\src\Http\ResponseEmitter.php, line 192
Cake\Http\ResponseEmitter->emitHeaders() C:\Apache24\htdocs\chestcounter\vendor\cakephp\cakephp\src\Http\ResponseEmitter.php, line 69
Cake\Http\ResponseEmitter->emit() C:\Apache24\htdocs\chestcounter\vendor\cakephp\cakephp\src\Http\Server.php, line 148
Cake\Http\Server->emit() C:\Apache24\htdocs\chestcounter\webroot\index.php, line 37
[main]

2025-09-25 00:55:11 warning: Cannot modify header information - headers already sent by (output started at C:\Apache24\htdocs\chestcounter\vendor\cakephp\cakephp\src\Error\Renderer\HtmlErrorRenderer.php:37)
Request URL: /score
Client IP: 127.0.0.1
Trace:
Cake\Error\ErrorTrap->handleError() [internal], line ??
C:\Apache24\htdocs\chestcounter\vendor\cakephp\cakephp\src\Http\ResponseEmitter.php C:\Apache24\htdocs\chestcounter\vendor\cakephp\cakephp\src\Http\ResponseEmitter.php, line 229
Cake\Http\ResponseEmitter->setCookie() C:\Apache24\htdocs\chestcounter\vendor\cakephp\cakephp\src\Http\ResponseEmitter.php, line 213
Cake\Http\ResponseEmitter->emitCookies() C:\Apache24\htdocs\chestcounter\vendor\cakephp\cakephp\src\Http\ResponseEmitter.php, line 201
Cake\Http\ResponseEmitter->emitHeaders() C:\Apache24\htdocs\chestcounter\vendor\cakephp\cakephp\src\Http\ResponseEmitter.php, line 69
Cake\Http\ResponseEmitter->emit() C:\Apache24\htdocs\chestcounter\vendor\cakephp\cakephp\src\Http\Server.php, line 148
Cake\Http\Server->emit() C:\Apache24\htdocs\chestcounter\webroot\index.php, line 37
[main]

2025-09-25 00:55:25 warning: Unable to emit headers. Headers sent in file=C:\Apache24\htdocs\chestcounter\vendor\cakephp\cakephp\src\Error\Renderer\HtmlErrorRenderer.php line=37
Request URL: /score
Referer URL: http://127.0.0.1/chestcounter/users/login
Client IP: 127.0.0.1
Trace:
Cake\Error\ErrorTrap->handleError() [internal], line ??
C:\Apache24\htdocs\chestcounter\vendor\cakephp\cakephp\src\Http\ResponseEmitter.php C:\Apache24\htdocs\chestcounter\vendor\cakephp\cakephp\src\Http\ResponseEmitter.php, line 65
Cake\Http\ResponseEmitter->emit() C:\Apache24\htdocs\chestcounter\vendor\cakephp\cakephp\src\Http\Server.php, line 148
Cake\Http\Server->emit() C:\Apache24\htdocs\chestcounter\webroot\index.php, line 37
[main]

2025-09-25 00:55:25 warning: Cannot modify header information - headers already sent by (output started at C:\Apache24\htdocs\chestcounter\vendor\cakephp\cakephp\src\Error\Renderer\HtmlErrorRenderer.php:37)
Request URL: /score
Referer URL: http://127.0.0.1/chestcounter/users/login
Client IP: 127.0.0.1
Trace:
Cake\Error\ErrorTrap->handleError() [internal], line ??
C:\Apache24\htdocs\chestcounter\vendor\cakephp\cakephp\src\Http\ResponseEmitter.php C:\Apache24\htdocs\chestcounter\vendor\cakephp\cakephp\src\Http\ResponseEmitter.php, line 159
Cake\Http\ResponseEmitter->emitStatusLine() C:\Apache24\htdocs\chestcounter\vendor\cakephp\cakephp\src\Http\ResponseEmitter.php, line 68
Cake\Http\ResponseEmitter->emit() C:\Apache24\htdocs\chestcounter\vendor\cakephp\cakephp\src\Http\Server.php, line 148
Cake\Http\Server->emit() C:\Apache24\htdocs\chestcounter\webroot\index.php, line 37
[main]

2025-09-25 00:55:25 warning: Cannot modify header information - headers already sent by (output started at C:\Apache24\htdocs\chestcounter\vendor\cakephp\cakephp\src\Error\Renderer\HtmlErrorRenderer.php:37)
Request URL: /score
Referer URL: http://127.0.0.1/chestcounter/users/login
Client IP: 127.0.0.1
Trace:
Cake\Error\ErrorTrap->handleError() [internal], line ??
C:\Apache24\htdocs\chestcounter\vendor\cakephp\cakephp\src\Http\ResponseEmitter.php C:\Apache24\htdocs\chestcounter\vendor\cakephp\cakephp\src\Http\ResponseEmitter.php, line 192
Cake\Http\ResponseEmitter->emitHeaders() C:\Apache24\htdocs\chestcounter\vendor\cakephp\cakephp\src\Http\ResponseEmitter.php, line 69
Cake\Http\ResponseEmitter->emit() C:\Apache24\htdocs\chestcounter\vendor\cakephp\cakephp\src\Http\Server.php, line 148
Cake\Http\Server->emit() C:\Apache24\htdocs\chestcounter\webroot\index.php, line 37
[main]

2025-09-25 00:55:52 warning: Unable to emit headers. Headers sent in file=C:\Apache24\htdocs\chestcounter\vendor\cakephp\cakephp\src\Error\Renderer\HtmlErrorRenderer.php line=37
Request URL: /users/add
Referer URL: http://127.0.0.1/chestcounter/users
Client IP: 127.0.0.1
Trace:
Cake\Error\ErrorTrap->handleError() [internal], line ??
C:\Apache24\htdocs\chestcounter\vendor\cakephp\cakephp\src\Http\ResponseEmitter.php C:\Apache24\htdocs\chestcounter\vendor\cakephp\cakephp\src\Http\ResponseEmitter.php, line 65
Cake\Http\ResponseEmitter->emit() C:\Apache24\htdocs\chestcounter\vendor\cakephp\cakephp\src\Http\Server.php, line 148
Cake\Http\Server->emit() C:\Apache24\htdocs\chestcounter\webroot\index.php, line 37
[main]

2025-09-25 00:55:52 warning: Cannot modify header information - headers already sent by (output started at C:\Apache24\htdocs\chestcounter\vendor\cakephp\cakephp\src\Error\Renderer\HtmlErrorRenderer.php:37)
Request URL: /users/add
Referer URL: http://127.0.0.1/chestcounter/users
Client IP: 127.0.0.1
Trace:
Cake\Error\ErrorTrap->handleError() [internal], line ??
C:\Apache24\htdocs\chestcounter\vendor\cakephp\cakephp\src\Http\ResponseEmitter.php C:\Apache24\htdocs\chestcounter\vendor\cakephp\cakephp\src\Http\ResponseEmitter.php, line 159
Cake\Http\ResponseEmitter->emitStatusLine() C:\Apache24\htdocs\chestcounter\vendor\cakephp\cakephp\src\Http\ResponseEmitter.php, line 68
Cake\Http\ResponseEmitter->emit() C:\Apache24\htdocs\chestcounter\vendor\cakephp\cakephp\src\Http\Server.php, line 148
Cake\Http\Server->emit() C:\Apache24\htdocs\chestcounter\webroot\index.php, line 37
[main]

2025-09-25 00:55:52 warning: Cannot modify header information - headers already sent by (output started at C:\Apache24\htdocs\chestcounter\vendor\cakephp\cakephp\src\Error\Renderer\HtmlErrorRenderer.php:37)
Request URL: /users/add
Referer URL: http://127.0.0.1/chestcounter/users
Client IP: 127.0.0.1
Trace:
Cake\Error\ErrorTrap->handleError() [internal], line ??
C:\Apache24\htdocs\chestcounter\vendor\cakephp\cakephp\src\Http\ResponseEmitter.php C:\Apache24\htdocs\chestcounter\vendor\cakephp\cakephp\src\Http\ResponseEmitter.php, line 192
Cake\Http\ResponseEmitter->emitHeaders() C:\Apache24\htdocs\chestcounter\vendor\cakephp\cakephp\src\Http\ResponseEmitter.php, line 69
Cake\Http\ResponseEmitter->emit() C:\Apache24\htdocs\chestcounter\vendor\cakephp\cakephp\src\Http\Server.php, line 148
Cake\Http\Server->emit() C:\Apache24\htdocs\chestcounter\webroot\index.php, line 37
[main]

2025-09-25 01:06:07 warning: Unable to emit headers. Headers sent in file=C:\Apache24\htdocs\chestcounter\vendor\cakephp\cakephp\src\Error\Renderer\HtmlErrorRenderer.php line=37
Request URL: /users/add
Referer URL: http://127.0.0.1/chestcounter/users
Client IP: 127.0.0.1
Trace:
Cake\Error\ErrorTrap->handleError() [internal], line ??
C:\Apache24\htdocs\chestcounter\vendor\cakephp\cakephp\src\Http\ResponseEmitter.php C:\Apache24\htdocs\chestcounter\vendor\cakephp\cakephp\src\Http\ResponseEmitter.php, line 65
Cake\Http\ResponseEmitter->emit() C:\Apache24\htdocs\chestcounter\vendor\cakephp\cakephp\src\Http\Server.php, line 148
Cake\Http\Server->emit() C:\Apache24\htdocs\chestcounter\webroot\index.php, line 37
[main]

2025-09-25 01:06:07 warning: Cannot modify header information - headers already sent by (output started at C:\Apache24\htdocs\chestcounter\vendor\cakephp\cakephp\src\Error\Renderer\HtmlErrorRenderer.php:37)
Request URL: /users/add
Referer URL: http://127.0.0.1/chestcounter/users
Client IP: 127.0.0.1
Trace:
Cake\Error\ErrorTrap->handleError() [internal], line ??
C:\Apache24\htdocs\chestcounter\vendor\cakephp\cakephp\src\Http\ResponseEmitter.php C:\Apache24\htdocs\chestcounter\vendor\cakephp\cakephp\src\Http\ResponseEmitter.php, line 159
Cake\Http\ResponseEmitter->emitStatusLine() C:\Apache24\htdocs\chestcounter\vendor\cakephp\cakephp\src\Http\ResponseEmitter.php, line 68
Cake\Http\ResponseEmitter->emit() C:\Apache24\htdocs\chestcounter\vendor\cakephp\cakephp\src\Http\Server.php, line 148
Cake\Http\Server->emit() C:\Apache24\htdocs\chestcounter\webroot\index.php, line 37
[main]

2025-09-25 01:06:07 warning: Cannot modify header information - headers already sent by (output started at C:\Apache24\htdocs\chestcounter\vendor\cakephp\cakephp\src\Error\Renderer\HtmlErrorRenderer.php:37)
Request URL: /users/add
Referer URL: http://127.0.0.1/chestcounter/users
Client IP: 127.0.0.1
Trace:
Cake\Error\ErrorTrap->handleError() [internal], line ??
C:\Apache24\htdocs\chestcounter\vendor\cakephp\cakephp\src\Http\ResponseEmitter.php C:\Apache24\htdocs\chestcounter\vendor\cakephp\cakephp\src\Http\ResponseEmitter.php, line 192
Cake\Http\ResponseEmitter->emitHeaders() C:\Apache24\htdocs\chestcounter\vendor\cakephp\cakephp\src\Http\ResponseEmitter.php, line 69
Cake\Http\ResponseEmitter->emit() C:\Apache24\htdocs\chestcounter\vendor\cakephp\cakephp\src\Http\Server.php, line 148
Cake\Http\Server->emit() C:\Apache24\htdocs\chestcounter\webroot\index.php, line 37
[main]

2025-09-25 01:08:50 warning: Unable to emit headers. Headers sent in file=C:\Apache24\htdocs\chestcounter\vendor\cakephp\cakephp\src\Error\Renderer\HtmlErrorRenderer.php line=37
Request URL: /users/add
Referer URL: http://127.0.0.1/chestcounter/users
Client IP: 127.0.0.1
Trace:
Cake\Error\ErrorTrap->handleError() [internal], line ??
C:\Apache24\htdocs\chestcounter\vendor\cakephp\cakephp\src\Http\ResponseEmitter.php C:\Apache24\htdocs\chestcounter\vendor\cakephp\cakephp\src\Http\ResponseEmitter.php, line 65
Cake\Http\ResponseEmitter->emit() C:\Apache24\htdocs\chestcounter\vendor\cakephp\cakephp\src\Http\Server.php, line 148
Cake\Http\Server->emit() C:\Apache24\htdocs\chestcounter\webroot\index.php, line 37
[main]

2025-09-25 01:08:50 warning: Cannot modify header information - headers already sent by (output started at C:\Apache24\htdocs\chestcounter\vendor\cakephp\cakephp\src\Error\Renderer\HtmlErrorRenderer.php:37)
Request URL: /users/add
Referer URL: http://127.0.0.1/chestcounter/users
Client IP: 127.0.0.1
Trace:
Cake\Error\ErrorTrap->handleError() [internal], line ??
C:\Apache24\htdocs\chestcounter\vendor\cakephp\cakephp\src\Http\ResponseEmitter.php C:\Apache24\htdocs\chestcounter\vendor\cakephp\cakephp\src\Http\ResponseEmitter.php, line 159
Cake\Http\ResponseEmitter->emitStatusLine() C:\Apache24\htdocs\chestcounter\vendor\cakephp\cakephp\src\Http\ResponseEmitter.php, line 68
Cake\Http\ResponseEmitter->emit() C:\Apache24\htdocs\chestcounter\vendor\cakephp\cakephp\src\Http\Server.php, line 148
Cake\Http\Server->emit() C:\Apache24\htdocs\chestcounter\webroot\index.php, line 37
[main]

2025-09-25 01:08:50 warning: Cannot modify header information - headers already sent by (output started at C:\Apache24\htdocs\chestcounter\vendor\cakephp\cakephp\src\Error\Renderer\HtmlErrorRenderer.php:37)
Request URL: /users/add
Referer URL: http://127.0.0.1/chestcounter/users
Client IP: 127.0.0.1
Trace:
Cake\Error\ErrorTrap->handleError() [internal], line ??
C:\Apache24\htdocs\chestcounter\vendor\cakephp\cakephp\src\Http\ResponseEmitter.php C:\Apache24\htdocs\chestcounter\vendor\cakephp\cakephp\src\Http\ResponseEmitter.php, line 192
Cake\Http\ResponseEmitter->emitHeaders() C:\Apache24\htdocs\chestcounter\vendor\cakephp\cakephp\src\Http\ResponseEmitter.php, line 69
Cake\Http\ResponseEmitter->emit() C:\Apache24\htdocs\chestcounter\vendor\cakephp\cakephp\src\Http\Server.php, line 148
Cake\Http\Server->emit() C:\Apache24\htdocs\chestcounter\webroot\index.php, line 37
[main]

2025-09-25 01:10:21 warning: Unable to emit headers. Headers sent in file=C:\Apache24\htdocs\chestcounter\vendor\cakephp\cakephp\src\Error\Renderer\HtmlErrorRenderer.php line=37
Request URL: /users/add
Referer URL: http://127.0.0.1/chestcounter/users
Client IP: 127.0.0.1
Trace:
Cake\Error\ErrorTrap->handleError() [internal], line ??
C:\Apache24\htdocs\chestcounter\vendor\cakephp\cakephp\src\Http\ResponseEmitter.php C:\Apache24\htdocs\chestcounter\vendor\cakephp\cakephp\src\Http\ResponseEmitter.php, line 65
Cake\Http\ResponseEmitter->emit() C:\Apache24\htdocs\chestcounter\vendor\cakephp\cakephp\src\Http\Server.php, line 148
Cake\Http\Server->emit() C:\Apache24\htdocs\chestcounter\webroot\index.php, line 37
[main]

2025-09-25 01:10:22 warning: Cannot modify header information - headers already sent by (output started at C:\Apache24\htdocs\chestcounter\vendor\cakephp\cakephp\src\Error\Renderer\HtmlErrorRenderer.php:37)
Request URL: /users/add
Referer URL: http://127.0.0.1/chestcounter/users
Client IP: 127.0.0.1
Trace:
Cake\Error\ErrorTrap->handleError() [internal], line ??
C:\Apache24\htdocs\chestcounter\vendor\cakephp\cakephp\src\Http\ResponseEmitter.php C:\Apache24\htdocs\chestcounter\vendor\cakephp\cakephp\src\Http\ResponseEmitter.php, line 159
Cake\Http\ResponseEmitter->emitStatusLine() C:\Apache24\htdocs\chestcounter\vendor\cakephp\cakephp\src\Http\ResponseEmitter.php, line 68
Cake\Http\ResponseEmitter->emit() C:\Apache24\htdocs\chestcounter\vendor\cakephp\cakephp\src\Http\Server.php, line 148
Cake\Http\Server->emit() C:\Apache24\htdocs\chestcounter\webroot\index.php, line 37
[main]

2025-09-25 01:10:22 warning: Cannot modify header information - headers already sent by (output started at C:\Apache24\htdocs\chestcounter\vendor\cakephp\cakephp\src\Error\Renderer\HtmlErrorRenderer.php:37)
Request URL: /users/add
Referer URL: http://127.0.0.1/chestcounter/users
Client IP: 127.0.0.1
Trace:
Cake\Error\ErrorTrap->handleError() [internal], line ??
C:\Apache24\htdocs\chestcounter\vendor\cakephp\cakephp\src\Http\ResponseEmitter.php C:\Apache24\htdocs\chestcounter\vendor\cakephp\cakephp\src\Http\ResponseEmitter.php, line 192
Cake\Http\ResponseEmitter->emitHeaders() C:\Apache24\htdocs\chestcounter\vendor\cakephp\cakephp\src\Http\ResponseEmitter.php, line 69
Cake\Http\ResponseEmitter->emit() C:\Apache24\htdocs\chestcounter\vendor\cakephp\cakephp\src\Http\Server.php, line 148
Cake\Http\Server->emit() C:\Apache24\htdocs\chestcounter\webroot\index.php, line 37
[main]

2025-09-25 01:11:57 warning: Unable to emit headers. Headers sent in file=C:\Apache24\htdocs\chestcounter\vendor\cakephp\cakephp\src\Error\Renderer\HtmlErrorRenderer.php line=37
Request URL: /users/add
Client IP: 127.0.0.1
Trace:
Cake\Error\ErrorTrap->handleError() [internal], line ??
C:\Apache24\htdocs\chestcounter\vendor\cakephp\cakephp\src\Http\ResponseEmitter.php C:\Apache24\htdocs\chestcounter\vendor\cakephp\cakephp\src\Http\ResponseEmitter.php, line 65
Cake\Http\ResponseEmitter->emit() C:\Apache24\htdocs\chestcounter\vendor\cakephp\cakephp\src\Http\Server.php, line 148
Cake\Http\Server->emit() C:\Apache24\htdocs\chestcounter\webroot\index.php, line 37
[main]

2025-09-25 01:11:57 warning: Cannot modify header information - headers already sent by (output started at C:\Apache24\htdocs\chestcounter\vendor\cakephp\cakephp\src\Error\Renderer\HtmlErrorRenderer.php:37)
Request URL: /users/add
Client IP: 127.0.0.1
Trace:
Cake\Error\ErrorTrap->handleError() [internal], line ??
C:\Apache24\htdocs\chestcounter\vendor\cakephp\cakephp\src\Http\ResponseEmitter.php C:\Apache24\htdocs\chestcounter\vendor\cakephp\cakephp\src\Http\ResponseEmitter.php, line 159
Cake\Http\ResponseEmitter->emitStatusLine() C:\Apache24\htdocs\chestcounter\vendor\cakephp\cakephp\src\Http\ResponseEmitter.php, line 68
Cake\Http\ResponseEmitter->emit() C:\Apache24\htdocs\chestcounter\vendor\cakephp\cakephp\src\Http\Server.php, line 148
Cake\Http\Server->emit() C:\Apache24\htdocs\chestcounter\webroot\index.php, line 37
[main]

2025-09-25 01:11:57 warning: Cannot modify header information - headers already sent by (output started at C:\Apache24\htdocs\chestcounter\vendor\cakephp\cakephp\src\Error\Renderer\HtmlErrorRenderer.php:37)
Request URL: /users/add
Client IP: 127.0.0.1
Trace:
Cake\Error\ErrorTrap->handleError() [internal], line ??
C:\Apache24\htdocs\chestcounter\vendor\cakephp\cakephp\src\Http\ResponseEmitter.php C:\Apache24\htdocs\chestcounter\vendor\cakephp\cakephp\src\Http\ResponseEmitter.php, line 192
Cake\Http\ResponseEmitter->emitHeaders() C:\Apache24\htdocs\chestcounter\vendor\cakephp\cakephp\src\Http\ResponseEmitter.php, line 69
Cake\Http\ResponseEmitter->emit() C:\Apache24\htdocs\chestcounter\vendor\cakephp\cakephp\src\Http\Server.php, line 148
Cake\Http\Server->emit() C:\Apache24\htdocs\chestcounter\webroot\index.php, line 37
[main]

2025-09-25 01:14:19 error: [Cake\Database\Exception\QueryException] SQLSTATE[42S22]: Column not found: 1054 Unknown column 'Users.member_id' in 'on clause'
Query: SELECT Users.id AS Users__id, Users.name AS Users__name, Users.email AS Users__email, Users.password AS Users__password, Users.created AS Users__created, Users.modified AS Users__modified, Members.id AS Members__id, Members.player AS Members__player, Members.active AS Members__active, Members.created_at AS Members__created_at, Members.modified_at AS Members__modified_at, Members.power AS Members__power, Members.guards AS Members__guards, Members.specialists AS Members__specialists, Members.monsters AS Members__monsters, Members.engineers AS Members__engineers FROM users Users INNER JOIN members Members ON Members.id = Users.member_id LIMIT 20 OFFSET 0 in C:\Apache24\htdocs\chestcounter\vendor\cakephp\cakephp\src\Database\Driver.php on line 382
Stack Trace:
- CORE\src\Database\Driver.php:329
- CORE\src\Database\Driver\Mysql.php:178
- CORE\src\Database\Connection.php:280
- CORE\src\Core\Retry\CommandRetry.php:71
- CORE\src\Database\Connection.php:280
- CORE\src\Database\Query.php:223
- CORE\src\Database\Query\SelectQuery.php:122
- CORE\src\ORM\Query\SelectQuery.php:1570
- CORE\src\ORM\Query\SelectQuery.php:382
- CORE\src\Datasource\Paging\NumericPaginator.php:299
- CORE\src\Datasource\Paging\NumericPaginator.php:225
- CORE\src\Controller\Controller.php:885
- APP/Controller\UsersController.php:30
- CORE\src\Controller\Controller.php:505
- CORE\src\Controller\ControllerFactory.php:166
- CORE\src\Controller\ControllerFactory.php:141
- CORE\src\Http\BaseApplication.php:362
- CORE\src\Http\Runner.php:86
- CORE\src\Http\Middleware\CsrfProtectionMiddleware.php:169
- CORE\src\Http\Runner.php:82
- ROOT\vendor\cakephp\authentication\src\Middleware\AuthenticationMiddleware.php:106
- CORE\src\Http\Runner.php:82
- CORE\src\Http\Middleware\BodyParserMiddleware.php:157
- CORE\src\Http\Runner.php:82
- CORE\src\Routing\Middleware\RoutingMiddleware.php:118
- CORE\src\Http\Runner.php:82
- CORE\src\Routing\Middleware\AssetMiddleware.php:69
- CORE\src\Http\Runner.php:82
- CORE\src\Error\Middleware\ErrorHandlerMiddleware.php:115
- CORE\src\Http\Runner.php:82
- CORE\src\Http\Runner.php:60
- CORE\src\Http\Server.php:104
- ROOT\webroot\index.php:37
- [main]:

Caused by: [PDOException] SQLSTATE[42S22]: Column not found: 1054 Unknown column 'Users.member_id' in 'on clause' in C:\Apache24\htdocs\chestcounter\vendor\cakephp\cakephp\src\Database\Statement\Statement.php on line 146
Stack Trace:
- CORE\src\Database\Statement\Statement.php:146
- CORE\src\Database\Driver.php:327
- CORE\src\Database\Driver\Mysql.php:178
- CORE\src\Database\Connection.php:280
- CORE\src\Core\Retry\CommandRetry.php:71
- CORE\src\Database\Connection.php:280
- CORE\src\Database\Query.php:223
- CORE\src\Database\Query\SelectQuery.php:122
- CORE\src\ORM\Query\SelectQuery.php:1570
- CORE\src\ORM\Query\SelectQuery.php:382
- CORE\src\Datasource\Paging\NumericPaginator.php:299
- CORE\src\Datasource\Paging\NumericPaginator.php:225
- CORE\src\Controller\Controller.php:885
- APP/Controller\UsersController.php:30
- CORE\src\Controller\Controller.php:505
- CORE\src\Controller\ControllerFactory.php:166
- CORE\src\Controller\ControllerFactory.php:141
- CORE\src\Http\BaseApplication.php:362
- CORE\src\Http\Runner.php:86
- CORE\src\Http\Middleware\CsrfProtectionMiddleware.php:169
- CORE\src\Http\Runner.php:82
- ROOT\vendor\cakephp\authentication\src\Middleware\AuthenticationMiddleware.php:106
- CORE\src\Http\Runner.php:82
- CORE\src\Http\Middleware\BodyParserMiddleware.php:157
- CORE\src\Http\Runner.php:82
- CORE\src\Routing\Middleware\RoutingMiddleware.php:118
- CORE\src\Http\Runner.php:82
- CORE\src\Routing\Middleware\AssetMiddleware.php:69
- CORE\src\Http\Runner.php:82
- CORE\src\Error\Middleware\ErrorHandlerMiddleware.php:115
- CORE\src\Http\Runner.php:82
- CORE\src\Http\Runner.php:60
- CORE\src\Http\Server.php:104
- ROOT\webroot\index.php:37
- [main]:

Request URL: /users
Referer URL: http://127.0.0.1/chestcounter/users
Client IP: 127.0.0.1
2025-09-25 01:17:22 warning: Attempt to read property "player" on null
Request URL: /users
Referer URL: http://127.0.0.1/chestcounter/users
Client IP: 127.0.0.1
Trace:
Cake\Error\ErrorTrap->handleError() C:\Apache24\htdocs\chestcounter\templates\Users\index.php, line 50
C:\Apache24\htdocs\chestcounter\vendor\cakephp\cakephp\src\View\View.php C:\Apache24\htdocs\chestcounter\vendor\cakephp\cakephp\src\View\View.php, line 1188
Cake\View\View->_evaluate() C:\Apache24\htdocs\chestcounter\vendor\cakephp\cakephp\src\View\View.php, line 1145
Cake\View\View->_render() C:\Apache24\htdocs\chestcounter\vendor\cakephp\cakephp\src\View\View.php, line 785
Cake\View\View->render() C:\Apache24\htdocs\chestcounter\vendor\cakephp\cakephp\src\Controller\Controller.php, line 712
Cake\Controller\Controller->render() C:\Apache24\htdocs\chestcounter\vendor\cakephp\cakephp\src\Controller\Controller.php, line 516
Cake\Controller\Controller->invokeAction() C:\Apache24\htdocs\chestcounter\vendor\cakephp\cakephp\src\Controller\ControllerFactory.php, line 166
Cake\Controller\ControllerFactory->handle() C:\Apache24\htdocs\chestcounter\vendor\cakephp\cakephp\src\Controller\ControllerFactory.php, line 141
Cake\Controller\ControllerFactory->invoke() C:\Apache24\htdocs\chestcounter\vendor\cakephp\cakephp\src\Http\BaseApplication.php, line 362
Cake\Http\BaseApplication->handle() C:\Apache24\htdocs\chestcounter\vendor\cakephp\cakephp\src\Http\Runner.php, line 86
Cake\Http\Runner->handle() C:\Apache24\htdocs\chestcounter\vendor\cakephp\cakephp\src\Http\Middleware\CsrfProtectionMiddleware.php, line 169
Cake\Http\Middleware\CsrfProtectionMiddleware->process() C:\Apache24\htdocs\chestcounter\vendor\cakephp\cakephp\src\Http\Runner.php, line 82
Cake\Http\Runner->handle() C:\Apache24\htdocs\chestcounter\vendor\cakephp\authentication\src\Middleware\AuthenticationMiddleware.php, line 106
Authentication\Middleware\AuthenticationMiddleware->process() C:\Apache24\htdocs\chestcounter\vendor\cakephp\cakephp\src\Http\Runner.php, line 82
Cake\Http\Runner->handle() C:\Apache24\htdocs\chestcounter\vendor\cakephp\cakephp\src\Http\Middleware\BodyParserMiddleware.php, line 157
Cake\Http\Middleware\BodyParserMiddleware->process() C:\Apache24\htdocs\chestcounter\vendor\cakephp\cakephp\src\Http\Runner.php, line 82
Cake\Http\Runner->handle() C:\Apache24\htdocs\chestcounter\vendor\cakephp\cakephp\src\Routing\Middleware\RoutingMiddleware.php, line 118
Cake\Routing\Middleware\RoutingMiddleware->process() C:\Apache24\htdocs\chestcounter\vendor\cakephp\cakephp\src\Http\Runner.php, line 82
Cake\Http\Runner->handle() C:\Apache24\htdocs\chestcounter\vendor\cakephp\cakephp\src\Routing\Middleware\AssetMiddleware.php, line 69
Cake\Routing\Middleware\AssetMiddleware->process() C:\Apache24\htdocs\chestcounter\vendor\cakephp\cakephp\src\Http\Runner.php, line 82
Cake\Http\Runner->handle() C:\Apache24\htdocs\chestcounter\vendor\cakephp\cakephp\src\Error\Middleware\ErrorHandlerMiddleware.php, line 115
Cake\Error\Middleware\ErrorHandlerMiddleware->process() C:\Apache24\htdocs\chestcounter\vendor\cakephp\cakephp\src\Http\Runner.php, line 82
Cake\Http\Runner->handle() C:\Apache24\htdocs\chestcounter\vendor\cakephp\cakephp\src\Http\Runner.php, line 60
Cake\Http\Runner->run() C:\Apache24\htdocs\chestcounter\vendor\cakephp\cakephp\src\Http\Server.php, line 104
Cake\Http\Server->run() C:\Apache24\htdocs\chestcounter\webroot\index.php, line 37
[main]

2025-09-25 01:17:22 warning: Attempt to read property "id" on null
Request URL: /users
Referer URL: http://127.0.0.1/chestcounter/users
Client IP: 127.0.0.1
Trace:
Cake\Error\ErrorTrap->handleError() C:\Apache24\htdocs\chestcounter\templates\Users\index.php, line 50
C:\Apache24\htdocs\chestcounter\vendor\cakephp\cakephp\src\View\View.php C:\Apache24\htdocs\chestcounter\vendor\cakephp\cakephp\src\View\View.php, line 1188
Cake\View\View->_evaluate() C:\Apache24\htdocs\chestcounter\vendor\cakephp\cakephp\src\View\View.php, line 1145
Cake\View\View->_render() C:\Apache24\htdocs\chestcounter\vendor\cakephp\cakephp\src\View\View.php, line 785
Cake\View\View->render() C:\Apache24\htdocs\chestcounter\vendor\cakephp\cakephp\src\Controller\Controller.php, line 712
Cake\Controller\Controller->render() C:\Apache24\htdocs\chestcounter\vendor\cakephp\cakephp\src\Controller\Controller.php, line 516
Cake\Controller\Controller->invokeAction() C:\Apache24\htdocs\chestcounter\vendor\cakephp\cakephp\src\Controller\ControllerFactory.php, line 166
Cake\Controller\ControllerFactory->handle() C:\Apache24\htdocs\chestcounter\vendor\cakephp\cakephp\src\Controller\ControllerFactory.php, line 141
Cake\Controller\ControllerFactory->invoke() C:\Apache24\htdocs\chestcounter\vendor\cakephp\cakephp\src\Http\BaseApplication.php, line 362
Cake\Http\BaseApplication->handle() C:\Apache24\htdocs\chestcounter\vendor\cakephp\cakephp\src\Http\Runner.php, line 86
Cake\Http\Runner->handle() C:\Apache24\htdocs\chestcounter\vendor\cakephp\cakephp\src\Http\Middleware\CsrfProtectionMiddleware.php, line 169
Cake\Http\Middleware\CsrfProtectionMiddleware->process() C:\Apache24\htdocs\chestcounter\vendor\cakephp\cakephp\src\Http\Runner.php, line 82
Cake\Http\Runner->handle() C:\Apache24\htdocs\chestcounter\vendor\cakephp\authentication\src\Middleware\AuthenticationMiddleware.php, line 106
Authentication\Middleware\AuthenticationMiddleware->process() C:\Apache24\htdocs\chestcounter\vendor\cakephp\cakephp\src\Http\Runner.php, line 82
Cake\Http\Runner->handle() C:\Apache24\htdocs\chestcounter\vendor\cakephp\cakephp\src\Http\Middleware\BodyParserMiddleware.php, line 157
Cake\Http\Middleware\BodyParserMiddleware->process() C:\Apache24\htdocs\chestcounter\vendor\cakephp\cakephp\src\Http\Runner.php, line 82
Cake\Http\Runner->handle() C:\Apache24\htdocs\chestcounter\vendor\cakephp\cakephp\src\Routing\Middleware\RoutingMiddleware.php, line 118
Cake\Routing\Middleware\RoutingMiddleware->process() C:\Apache24\htdocs\chestcounter\vendor\cakephp\cakephp\src\Http\Runner.php, line 82
Cake\Http\Runner->handle() C:\Apache24\htdocs\chestcounter\vendor\cakephp\cakephp\src\Routing\Middleware\AssetMiddleware.php, line 69
Cake\Routing\Middleware\AssetMiddleware->process() C:\Apache24\htdocs\chestcounter\vendor\cakephp\cakephp\src\Http\Runner.php, line 82
Cake\Http\Runner->handle() C:\Apache24\htdocs\chestcounter\vendor\cakephp\cakephp\src\Error\Middleware\ErrorHandlerMiddleware.php, line 115
Cake\Error\Middleware\ErrorHandlerMiddleware->process() C:\Apache24\htdocs\chestcounter\vendor\cakephp\cakephp\src\Http\Runner.php, line 82
Cake\Http\Runner->handle() C:\Apache24\htdocs\chestcounter\vendor\cakephp\cakephp\src\Http\Runner.php, line 60
Cake\Http\Runner->run() C:\Apache24\htdocs\chestcounter\vendor\cakephp\cakephp\src\Http\Server.php, line 104
Cake\Http\Server->run() C:\Apache24\htdocs\chestcounter\webroot\index.php, line 37
[main]

2025-09-25 01:17:22 error: [TypeError] Cake\View\Helper\HtmlHelper::link(): Argument #1 ($title) must be of type array|string, null given, called in C:\Apache24\htdocs\chestcounter\templates\Users\index.php on line 50 in C:\Apache24\htdocs\chestcounter\vendor\cakephp\cakephp\src\View\Helper\HtmlHelper.php on line 259
Stack Trace:
- ROOT\templates\Users\index.php:50
- CORE\src\View\View.php:1188
- CORE\src\View\View.php:1145
- CORE\src\View\View.php:785
- CORE\src\Controller\Controller.php:712
- CORE\src\Controller\Controller.php:516
- CORE\src\Controller\ControllerFactory.php:166
- CORE\src\Controller\ControllerFactory.php:141
- CORE\src\Http\BaseApplication.php:362
- CORE\src\Http\Runner.php:86
- CORE\src\Http\Middleware\CsrfProtectionMiddleware.php:169
- CORE\src\Http\Runner.php:82
- ROOT\vendor\cakephp\authentication\src\Middleware\AuthenticationMiddleware.php:106
- CORE\src\Http\Runner.php:82
- CORE\src\Http\Middleware\BodyParserMiddleware.php:157
- CORE\src\Http\Runner.php:82
- CORE\src\Routing\Middleware\RoutingMiddleware.php:118
- CORE\src\Http\Runner.php:82
- CORE\src\Routing\Middleware\AssetMiddleware.php:69
- CORE\src\Http\Runner.php:82
- CORE\src\Error\Middleware\ErrorHandlerMiddleware.php:115
- CORE\src\Http\Runner.php:82
- CORE\src\Http\Runner.php:60
- CORE\src\Http\Server.php:104
- ROOT\webroot\index.php:37
- [main]:

Request URL: /users
Referer URL: http://127.0.0.1/chestcounter/users
Client IP: 127.0.0.1
2025-09-25 01:17:44 warning: Attempt to read property "player" on null
Request URL: /users
Client IP: 127.0.0.1
Trace:
Cake\Error\ErrorTrap->handleError() C:\Apache24\htdocs\chestcounter\templates\Users\index.php, line 50
C:\Apache24\htdocs\chestcounter\vendor\cakephp\cakephp\src\View\View.php C:\Apache24\htdocs\chestcounter\vendor\cakephp\cakephp\src\View\View.php, line 1188
Cake\View\View->_evaluate() C:\Apache24\htdocs\chestcounter\vendor\cakephp\cakephp\src\View\View.php, line 1145
Cake\View\View->_render() C:\Apache24\htdocs\chestcounter\vendor\cakephp\cakephp\src\View\View.php, line 785
Cake\View\View->render() C:\Apache24\htdocs\chestcounter\vendor\cakephp\cakephp\src\Controller\Controller.php, line 712
Cake\Controller\Controller->render() C:\Apache24\htdocs\chestcounter\vendor\cakephp\cakephp\src\Controller\Controller.php, line 516
Cake\Controller\Controller->invokeAction() C:\Apache24\htdocs\chestcounter\vendor\cakephp\cakephp\src\Controller\ControllerFactory.php, line 166
Cake\Controller\ControllerFactory->handle() C:\Apache24\htdocs\chestcounter\vendor\cakephp\cakephp\src\Controller\ControllerFactory.php, line 141
Cake\Controller\ControllerFactory->invoke() C:\Apache24\htdocs\chestcounter\vendor\cakephp\cakephp\src\Http\BaseApplication.php, line 362
Cake\Http\BaseApplication->handle() C:\Apache24\htdocs\chestcounter\vendor\cakephp\cakephp\src\Http\Runner.php, line 86
Cake\Http\Runner->handle() C:\Apache24\htdocs\chestcounter\vendor\cakephp\cakephp\src\Http\Middleware\CsrfProtectionMiddleware.php, line 169
Cake\Http\Middleware\CsrfProtectionMiddleware->process() C:\Apache24\htdocs\chestcounter\vendor\cakephp\cakephp\src\Http\Runner.php, line 82
Cake\Http\Runner->handle() C:\Apache24\htdocs\chestcounter\vendor\cakephp\authentication\src\Middleware\AuthenticationMiddleware.php, line 106
Authentication\Middleware\AuthenticationMiddleware->process() C:\Apache24\htdocs\chestcounter\vendor\cakephp\cakephp\src\Http\Runner.php, line 82
Cake\Http\Runner->handle() C:\Apache24\htdocs\chestcounter\vendor\cakephp\cakephp\src\Http\Middleware\BodyParserMiddleware.php, line 157
Cake\Http\Middleware\BodyParserMiddleware->process() C:\Apache24\htdocs\chestcounter\vendor\cakephp\cakephp\src\Http\Runner.php, line 82
Cake\Http\Runner->handle() C:\Apache24\htdocs\chestcounter\vendor\cakephp\cakephp\src\Routing\Middleware\RoutingMiddleware.php, line 118
Cake\Routing\Middleware\RoutingMiddleware->process() C:\Apache24\htdocs\chestcounter\vendor\cakephp\cakephp\src\Http\Runner.php, line 82
Cake\Http\Runner->handle() C:\Apache24\htdocs\chestcounter\vendor\cakephp\cakephp\src\Routing\Middleware\AssetMiddleware.php, line 69
Cake\Routing\Middleware\AssetMiddleware->process() C:\Apache24\htdocs\chestcounter\vendor\cakephp\cakephp\src\Http\Runner.php, line 82
Cake\Http\Runner->handle() C:\Apache24\htdocs\chestcounter\vendor\cakephp\cakephp\src\Error\Middleware\ErrorHandlerMiddleware.php, line 115
Cake\Error\Middleware\ErrorHandlerMiddleware->process() C:\Apache24\htdocs\chestcounter\vendor\cakephp\cakephp\src\Http\Runner.php, line 82
Cake\Http\Runner->handle() C:\Apache24\htdocs\chestcounter\vendor\cakephp\cakephp\src\Http\Runner.php, line 60
Cake\Http\Runner->run() C:\Apache24\htdocs\chestcounter\vendor\cakephp\cakephp\src\Http\Server.php, line 104
Cake\Http\Server->run() C:\Apache24\htdocs\chestcounter\webroot\index.php, line 37
[main]

2025-09-25 01:17:44 warning: Attempt to read property "id" on null
Request URL: /users
Client IP: 127.0.0.1
Trace:
Cake\Error\ErrorTrap->handleError() C:\Apache24\htdocs\chestcounter\templates\Users\index.php, line 50
C:\Apache24\htdocs\chestcounter\vendor\cakephp\cakephp\src\View\View.php C:\Apache24\htdocs\chestcounter\vendor\cakephp\cakephp\src\View\View.php, line 1188
Cake\View\View->_evaluate() C:\Apache24\htdocs\chestcounter\vendor\cakephp\cakephp\src\View\View.php, line 1145
Cake\View\View->_render() C:\Apache24\htdocs\chestcounter\vendor\cakephp\cakephp\src\View\View.php, line 785
Cake\View\View->render() C:\Apache24\htdocs\chestcounter\vendor\cakephp\cakephp\src\Controller\Controller.php, line 712
Cake\Controller\Controller->render() C:\Apache24\htdocs\chestcounter\vendor\cakephp\cakephp\src\Controller\Controller.php, line 516
Cake\Controller\Controller->invokeAction() C:\Apache24\htdocs\chestcounter\vendor\cakephp\cakephp\src\Controller\ControllerFactory.php, line 166
Cake\Controller\ControllerFactory->handle() C:\Apache24\htdocs\chestcounter\vendor\cakephp\cakephp\src\Controller\ControllerFactory.php, line 141
Cake\Controller\ControllerFactory->invoke() C:\Apache24\htdocs\chestcounter\vendor\cakephp\cakephp\src\Http\BaseApplication.php, line 362
Cake\Http\BaseApplication->handle() C:\Apache24\htdocs\chestcounter\vendor\cakephp\cakephp\src\Http\Runner.php, line 86
Cake\Http\Runner->handle() C:\Apache24\htdocs\chestcounter\vendor\cakephp\cakephp\src\Http\Middleware\CsrfProtectionMiddleware.php, line 169
Cake\Http\Middleware\CsrfProtectionMiddleware->process() C:\Apache24\htdocs\chestcounter\vendor\cakephp\cakephp\src\Http\Runner.php, line 82
Cake\Http\Runner->handle() C:\Apache24\htdocs\chestcounter\vendor\cakephp\authentication\src\Middleware\AuthenticationMiddleware.php, line 106
Authentication\Middleware\AuthenticationMiddleware->process() C:\Apache24\htdocs\chestcounter\vendor\cakephp\cakephp\src\Http\Runner.php, line 82
Cake\Http\Runner->handle() C:\Apache24\htdocs\chestcounter\vendor\cakephp\cakephp\src\Http\Middleware\BodyParserMiddleware.php, line 157
Cake\Http\Middleware\BodyParserMiddleware->process() C:\Apache24\htdocs\chestcounter\vendor\cakephp\cakephp\src\Http\Runner.php, line 82
Cake\Http\Runner->handle() C:\Apache24\htdocs\chestcounter\vendor\cakephp\cakephp\src\Routing\Middleware\RoutingMiddleware.php, line 118
Cake\Routing\Middleware\RoutingMiddleware->process() C:\Apache24\htdocs\chestcounter\vendor\cakephp\cakephp\src\Http\Runner.php, line 82
Cake\Http\Runner->handle() C:\Apache24\htdocs\chestcounter\vendor\cakephp\cakephp\src\Routing\Middleware\AssetMiddleware.php, line 69
Cake\Routing\Middleware\AssetMiddleware->process() C:\Apache24\htdocs\chestcounter\vendor\cakephp\cakephp\src\Http\Runner.php, line 82
Cake\Http\Runner->handle() C:\Apache24\htdocs\chestcounter\vendor\cakephp\cakephp\src\Error\Middleware\ErrorHandlerMiddleware.php, line 115
Cake\Error\Middleware\ErrorHandlerMiddleware->process() C:\Apache24\htdocs\chestcounter\vendor\cakephp\cakephp\src\Http\Runner.php, line 82
Cake\Http\Runner->handle() C:\Apache24\htdocs\chestcounter\vendor\cakephp\cakephp\src\Http\Runner.php, line 60
Cake\Http\Runner->run() C:\Apache24\htdocs\chestcounter\vendor\cakephp\cakephp\src\Http\Server.php, line 104
Cake\Http\Server->run() C:\Apache24\htdocs\chestcounter\webroot\index.php, line 37
[main]

2025-09-25 01:17:44 error: [TypeError] Cake\View\Helper\HtmlHelper::link(): Argument #1 ($title) must be of type array|string, null given, called in C:\Apache24\htdocs\chestcounter\templates\Users\index.php on line 50 in C:\Apache24\htdocs\chestcounter\vendor\cakephp\cakephp\src\View\Helper\HtmlHelper.php on line 259
Stack Trace:
- ROOT\templates\Users\index.php:50
- CORE\src\View\View.php:1188
- CORE\src\View\View.php:1145
- CORE\src\View\View.php:785
- CORE\src\Controller\Controller.php:712
- CORE\src\Controller\Controller.php:516
- CORE\src\Controller\ControllerFactory.php:166
- CORE\src\Controller\ControllerFactory.php:141
- CORE\src\Http\BaseApplication.php:362
- CORE\src\Http\Runner.php:86
- CORE\src\Http\Middleware\CsrfProtectionMiddleware.php:169
- CORE\src\Http\Runner.php:82
- ROOT\vendor\cakephp\authentication\src\Middleware\AuthenticationMiddleware.php:106
- CORE\src\Http\Runner.php:82
- CORE\src\Http\Middleware\BodyParserMiddleware.php:157
- CORE\src\Http\Runner.php:82
- CORE\src\Routing\Middleware\RoutingMiddleware.php:118
- CORE\src\Http\Runner.php:82
- CORE\src\Routing\Middleware\AssetMiddleware.php:69
- CORE\src\Http\Runner.php:82
- CORE\src\Error\Middleware\ErrorHandlerMiddleware.php:115
- CORE\src\Http\Runner.php:82
- CORE\src\Http\Runner.php:60
- CORE\src\Http\Server.php:104
- ROOT\webroot\index.php:37
- [main]:

Request URL: /users
Client IP: 127.0.0.1
2025-09-25 01:19:33 warning: Unable to emit headers. Headers sent in file=C:\Apache24\htdocs\chestcounter\vendor\cakephp\cakephp\src\Error\Renderer\HtmlErrorRenderer.php line=37
Request URL: /users/edit/3
Client IP: 127.0.0.1
Trace:
Cake\Error\ErrorTrap->handleError() [internal], line ??
C:\Apache24\htdocs\chestcounter\vendor\cakephp\cakephp\src\Http\ResponseEmitter.php C:\Apache24\htdocs\chestcounter\vendor\cakephp\cakephp\src\Http\ResponseEmitter.php, line 65
Cake\Http\ResponseEmitter->emit() C:\Apache24\htdocs\chestcounter\vendor\cakephp\cakephp\src\Http\Server.php, line 148
Cake\Http\Server->emit() C:\Apache24\htdocs\chestcounter\webroot\index.php, line 37
[main]

2025-09-25 01:19:33 warning: Cannot modify header information - headers already sent by (output started at C:\Apache24\htdocs\chestcounter\vendor\cakephp\cakephp\src\Error\Renderer\HtmlErrorRenderer.php:37)
Request URL: /users/edit/3
Client IP: 127.0.0.1
Trace:
Cake\Error\ErrorTrap->handleError() [internal], line ??
C:\Apache24\htdocs\chestcounter\vendor\cakephp\cakephp\src\Http\ResponseEmitter.php C:\Apache24\htdocs\chestcounter\vendor\cakephp\cakephp\src\Http\ResponseEmitter.php, line 159
Cake\Http\ResponseEmitter->emitStatusLine() C:\Apache24\htdocs\chestcounter\vendor\cakephp\cakephp\src\Http\ResponseEmitter.php, line 68
Cake\Http\ResponseEmitter->emit() C:\Apache24\htdocs\chestcounter\vendor\cakephp\cakephp\src\Http\Server.php, line 148
Cake\Http\Server->emit() C:\Apache24\htdocs\chestcounter\webroot\index.php, line 37
[main]

2025-09-25 01:19:33 warning: Cannot modify header information - headers already sent by (output started at C:\Apache24\htdocs\chestcounter\vendor\cakephp\cakephp\src\Error\Renderer\HtmlErrorRenderer.php:37)
Request URL: /users/edit/3
Client IP: 127.0.0.1
Trace:
Cake\Error\ErrorTrap->handleError() [internal], line ??
C:\Apache24\htdocs\chestcounter\vendor\cakephp\cakephp\src\Http\ResponseEmitter.php C:\Apache24\htdocs\chestcounter\vendor\cakephp\cakephp\src\Http\ResponseEmitter.php, line 192
Cake\Http\ResponseEmitter->emitHeaders() C:\Apache24\htdocs\chestcounter\vendor\cakephp\cakephp\src\Http\ResponseEmitter.php, line 69
Cake\Http\ResponseEmitter->emit() C:\Apache24\htdocs\chestcounter\vendor\cakephp\cakephp\src\Http\Server.php, line 148
Cake\Http\Server->emit() C:\Apache24\htdocs\chestcounter\webroot\index.php, line 37
[main]

2025-09-25 01:20:27 warning: Unable to emit headers. Headers sent in file=C:\Apache24\htdocs\chestcounter\vendor\cakephp\cakephp\src\Error\Renderer\HtmlErrorRenderer.php line=37
Request URL: /users/edit/4
Referer URL: http://127.0.0.1/chestcounter/users
Client IP: 127.0.0.1
Trace:
Cake\Error\ErrorTrap->handleError() [internal], line ??
C:\Apache24\htdocs\chestcounter\vendor\cakephp\cakephp\src\Http\ResponseEmitter.php C:\Apache24\htdocs\chestcounter\vendor\cakephp\cakephp\src\Http\ResponseEmitter.php, line 65
Cake\Http\ResponseEmitter->emit() C:\Apache24\htdocs\chestcounter\vendor\cakephp\cakephp\src\Http\Server.php, line 148
Cake\Http\Server->emit() C:\Apache24\htdocs\chestcounter\webroot\index.php, line 37
[main]

2025-09-25 01:20:27 warning: Cannot modify header information - headers already sent by (output started at C:\Apache24\htdocs\chestcounter\vendor\cakephp\cakephp\src\Error\Renderer\HtmlErrorRenderer.php:37)
Request URL: /users/edit/4
Referer URL: http://127.0.0.1/chestcounter/users
Client IP: 127.0.0.1
Trace:
Cake\Error\ErrorTrap->handleError() [internal], line ??
C:\Apache24\htdocs\chestcounter\vendor\cakephp\cakephp\src\Http\ResponseEmitter.php C:\Apache24\htdocs\chestcounter\vendor\cakephp\cakephp\src\Http\ResponseEmitter.php, line 159
Cake\Http\ResponseEmitter->emitStatusLine() C:\Apache24\htdocs\chestcounter\vendor\cakephp\cakephp\src\Http\ResponseEmitter.php, line 68
Cake\Http\ResponseEmitter->emit() C:\Apache24\htdocs\chestcounter\vendor\cakephp\cakephp\src\Http\Server.php, line 148
Cake\Http\Server->emit() C:\Apache24\htdocs\chestcounter\webroot\index.php, line 37
[main]

2025-09-25 01:20:27 warning: Cannot modify header information - headers already sent by (output started at C:\Apache24\htdocs\chestcounter\vendor\cakephp\cakephp\src\Error\Renderer\HtmlErrorRenderer.php:37)
Request URL: /users/edit/4
Referer URL: http://127.0.0.1/chestcounter/users
Client IP: 127.0.0.1
Trace:
Cake\Error\ErrorTrap->handleError() [internal], line ??
C:\Apache24\htdocs\chestcounter\vendor\cakephp\cakephp\src\Http\ResponseEmitter.php C:\Apache24\htdocs\chestcounter\vendor\cakephp\cakephp\src\Http\ResponseEmitter.php, line 192
Cake\Http\ResponseEmitter->emitHeaders() C:\Apache24\htdocs\chestcounter\vendor\cakephp\cakephp\src\Http\ResponseEmitter.php, line 69
Cake\Http\ResponseEmitter->emit() C:\Apache24\htdocs\chestcounter\vendor\cakephp\cakephp\src\Http\Server.php, line 148
Cake\Http\Server->emit() C:\Apache24\htdocs\chestcounter\webroot\index.php, line 37
[main]

2025-09-25 01:20:40 warning: Unable to emit headers. Headers sent in file=C:\Apache24\htdocs\chestcounter\vendor\cakephp\cakephp\src\Error\Renderer\HtmlErrorRenderer.php line=37
Request URL: /users/edit/3
Referer URL: http://127.0.0.1/chestcounter/users
Client IP: 127.0.0.1
Trace:
Cake\Error\ErrorTrap->handleError() [internal], line ??
C:\Apache24\htdocs\chestcounter\vendor\cakephp\cakephp\src\Http\ResponseEmitter.php C:\Apache24\htdocs\chestcounter\vendor\cakephp\cakephp\src\Http\ResponseEmitter.php, line 65
Cake\Http\ResponseEmitter->emit() C:\Apache24\htdocs\chestcounter\vendor\cakephp\cakephp\src\Http\Server.php, line 148
Cake\Http\Server->emit() C:\Apache24\htdocs\chestcounter\webroot\index.php, line 37
[main]

2025-09-25 01:20:40 warning: Cannot modify header information - headers already sent by (output started at C:\Apache24\htdocs\chestcounter\vendor\cakephp\cakephp\src\Error\Renderer\HtmlErrorRenderer.php:37)
Request URL: /users/edit/3
Referer URL: http://127.0.0.1/chestcounter/users
Client IP: 127.0.0.1
Trace:
Cake\Error\ErrorTrap->handleError() [internal], line ??
C:\Apache24\htdocs\chestcounter\vendor\cakephp\cakephp\src\Http\ResponseEmitter.php C:\Apache24\htdocs\chestcounter\vendor\cakephp\cakephp\src\Http\ResponseEmitter.php, line 159
Cake\Http\ResponseEmitter->emitStatusLine() C:\Apache24\htdocs\chestcounter\vendor\cakephp\cakephp\src\Http\ResponseEmitter.php, line 68
Cake\Http\ResponseEmitter->emit() C:\Apache24\htdocs\chestcounter\vendor\cakephp\cakephp\src\Http\Server.php, line 148
Cake\Http\Server->emit() C:\Apache24\htdocs\chestcounter\webroot\index.php, line 37
[main]

2025-09-25 01:20:40 warning: Cannot modify header information - headers already sent by (output started at C:\Apache24\htdocs\chestcounter\vendor\cakephp\cakephp\src\Error\Renderer\HtmlErrorRenderer.php:37)
Request URL: /users/edit/3
Referer URL: http://127.0.0.1/chestcounter/users
Client IP: 127.0.0.1
Trace:
Cake\Error\ErrorTrap->handleError() [internal], line ??
C:\Apache24\htdocs\chestcounter\vendor\cakephp\cakephp\src\Http\ResponseEmitter.php C:\Apache24\htdocs\chestcounter\vendor\cakephp\cakephp\src\Http\ResponseEmitter.php, line 192
Cake\Http\ResponseEmitter->emitHeaders() C:\Apache24\htdocs\chestcounter\vendor\cakephp\cakephp\src\Http\ResponseEmitter.php, line 69
Cake\Http\ResponseEmitter->emit() C:\Apache24\htdocs\chestcounter\vendor\cakephp\cakephp\src\Http\Server.php, line 148
Cake\Http\Server->emit() C:\Apache24\htdocs\chestcounter\webroot\index.php, line 37
[main]

2025-09-25 01:25:49 error: [Cake\Database\Exception\QueryException] SQLSTATE[42S22]: Column not found: 1054 Unknown column 'Members.user_id' in 'where clause'
Query: SELECT Members.id AS Members__id, Members.player AS Members__player, Members.active AS Members__active, Members.created_at AS Members__created_at, Members.modified_at AS Members__modified_at, Members.power AS Members__power, Members.guards AS Members__guards, Members.specialists AS Members__specialists, Members.monsters AS Members__monsters, Members.engineers AS Members__engineers FROM members Members WHERE Members.user_id IN ('3','4') in C:\Apache24\htdocs\chestcounter\vendor\cakephp\cakephp\src\Database\Driver.php on line 382
Stack Trace:
- CORE\src\Database\Driver.php:329
- CORE\src\Database\Driver\Mysql.php:178
- CORE\src\Database\Connection.php:280
- CORE\src\Core\Retry\CommandRetry.php:71
- CORE\src\Database\Connection.php:280
- CORE\src\Database\Query.php:223
- CORE\src\Database\Query\SelectQuery.php:122
- CORE\src\ORM\Query\SelectQuery.php:1570
- CORE\src\ORM\Query\SelectQuery.php:382
- CORE\src\ORM\Association\Loader\SelectLoader.php:490
- CORE\src\ORM\Association\Loader\SelectLoader.php:129
- CORE\src\ORM\Association\HasMany.php:674
- CORE\src\ORM\EagerLoader.php:662
- CORE\src\ORM\Query\SelectQuery.php:1574
- CORE\src\ORM\Query\SelectQuery.php:382
- CORE\src\Datasource\Paging\NumericPaginator.php:299
- CORE\src\Datasource\Paging\NumericPaginator.php:225
- CORE\src\Controller\Controller.php:885
- APP/Controller\UsersController.php:30
- CORE\src\Controller\Controller.php:505
- CORE\src\Controller\ControllerFactory.php:166
- CORE\src\Controller\ControllerFactory.php:141
- CORE\src\Http\BaseApplication.php:362
- CORE\src\Http\Runner.php:86
- CORE\src\Http\Middleware\CsrfProtectionMiddleware.php:169
- CORE\src\Http\Runner.php:82
- ROOT\vendor\cakephp\authentication\src\Middleware\AuthenticationMiddleware.php:106
- CORE\src\Http\Runner.php:82
- CORE\src\Http\Middleware\BodyParserMiddleware.php:157
- CORE\src\Http\Runner.php:82
- CORE\src\Routing\Middleware\RoutingMiddleware.php:118
- CORE\src\Http\Runner.php:82
- CORE\src\Routing\Middleware\AssetMiddleware.php:69
- CORE\src\Http\Runner.php:82
- CORE\src\Error\Middleware\ErrorHandlerMiddleware.php:115
- CORE\src\Http\Runner.php:82
- CORE\src\Http\Runner.php:60
- CORE\src\Http\Server.php:104
- ROOT\webroot\index.php:37
- [main]:

Caused by: [PDOException] SQLSTATE[42S22]: Column not found: 1054 Unknown column 'Members.user_id' in 'where clause' in C:\Apache24\htdocs\chestcounter\vendor\cakephp\cakephp\src\Database\Statement\Statement.php on line 146
Stack Trace:
- CORE\src\Database\Statement\Statement.php:146
- CORE\src\Database\Driver.php:327
- CORE\src\Database\Driver\Mysql.php:178
- CORE\src\Database\Connection.php:280
- CORE\src\Core\Retry\CommandRetry.php:71
- CORE\src\Database\Connection.php:280
- CORE\src\Database\Query.php:223
- CORE\src\Database\Query\SelectQuery.php:122
- CORE\src\ORM\Query\SelectQuery.php:1570
- CORE\src\ORM\Query\SelectQuery.php:382
- CORE\src\ORM\Association\Loader\SelectLoader.php:490
- CORE\src\ORM\Association\Loader\SelectLoader.php:129
- CORE\src\ORM\Association\HasMany.php:674
- CORE\src\ORM\EagerLoader.php:662
- CORE\src\ORM\Query\SelectQuery.php:1574
- CORE\src\ORM\Query\SelectQuery.php:382
- CORE\src\Datasource\Paging\NumericPaginator.php:299
- CORE\src\Datasource\Paging\NumericPaginator.php:225
- CORE\src\Controller\Controller.php:885
- APP/Controller\UsersController.php:30
- CORE\src\Controller\Controller.php:505
- CORE\src\Controller\ControllerFactory.php:166
- CORE\src\Controller\ControllerFactory.php:141
- CORE\src\Http\BaseApplication.php:362
- CORE\src\Http\Runner.php:86
- CORE\src\Http\Middleware\CsrfProtectionMiddleware.php:169
- CORE\src\Http\Runner.php:82
- ROOT\vendor\cakephp\authentication\src\Middleware\AuthenticationMiddleware.php:106
- CORE\src\Http\Runner.php:82
- CORE\src\Http\Middleware\BodyParserMiddleware.php:157
- CORE\src\Http\Runner.php:82
- CORE\src\Routing\Middleware\RoutingMiddleware.php:118
- CORE\src\Http\Runner.php:82
- CORE\src\Routing\Middleware\AssetMiddleware.php:69
- CORE\src\Http\Runner.php:82
- CORE\src\Error\Middleware\ErrorHandlerMiddleware.php:115
- CORE\src\Http\Runner.php:82
- CORE\src\Http\Runner.php:60
- CORE\src\Http\Server.php:104
- ROOT\webroot\index.php:37
- [main]:

Request URL: /users
Client IP: 127.0.0.1
2025-09-25 01:28:36 error: [Error] Call to undefined method Cake\Database\Expression\QueryExpression::or_() in C:\Apache24\htdocs\chestcounter\src\Controller\UsersController.php on line 140
Stack Trace:
- CORE\src\Database\Query.php:1748
- CORE\src\Database\Query.php:902
- APP/Controller\UsersController.php:139
- CORE\src\Controller\Controller.php:505
- CORE\src\Controller\ControllerFactory.php:166
- CORE\src\Controller\ControllerFactory.php:141
- CORE\src\Http\BaseApplication.php:362
- CORE\src\Http\Runner.php:86
- CORE\src\Http\Middleware\CsrfProtectionMiddleware.php:169
- CORE\src\Http\Runner.php:82
- ROOT\vendor\cakephp\authentication\src\Middleware\AuthenticationMiddleware.php:106
- CORE\src\Http\Runner.php:82
- CORE\src\Http\Middleware\BodyParserMiddleware.php:157
- CORE\src\Http\Runner.php:82
- CORE\src\Routing\Middleware\RoutingMiddleware.php:118
- CORE\src\Http\Runner.php:82
- CORE\src\Routing\Middleware\AssetMiddleware.php:69
- CORE\src\Http\Runner.php:82
- CORE\src\Error\Middleware\ErrorHandlerMiddleware.php:115
- CORE\src\Http\Runner.php:82
- CORE\src\Http\Runner.php:60
- CORE\src\Http\Server.php:104
- ROOT\webroot\index.php:37
- [main]:

Request URL: /users/edit/3
Referer URL: http://127.0.0.1/chestcounter/users
Client IP: 127.0.0.1
2025-09-25 01:28:48 error: [Error] Call to undefined method Cake\Database\Expression\QueryExpression::or_() in C:\Apache24\htdocs\chestcounter\src\Controller\UsersController.php on line 140
Stack Trace:
- CORE\src\Database\Query.php:1748
- CORE\src\Database\Query.php:902
- APP/Controller\UsersController.php:139
- CORE\src\Controller\Controller.php:505
- CORE\src\Controller\ControllerFactory.php:166
- CORE\src\Controller\ControllerFactory.php:141
- CORE\src\Http\BaseApplication.php:362
- CORE\src\Http\Runner.php:86
- CORE\src\Http\Middleware\CsrfProtectionMiddleware.php:169
- CORE\src\Http\Runner.php:82
- ROOT\vendor\cakephp\authentication\src\Middleware\AuthenticationMiddleware.php:106
- CORE\src\Http\Runner.php:82
- CORE\src\Http\Middleware\BodyParserMiddleware.php:157
- CORE\src\Http\Runner.php:82
- CORE\src\Routing\Middleware\RoutingMiddleware.php:118
- CORE\src\Http\Runner.php:82
- CORE\src\Routing\Middleware\AssetMiddleware.php:69
- CORE\src\Http\Runner.php:82
- CORE\src\Error\Middleware\ErrorHandlerMiddleware.php:115
- CORE\src\Http\Runner.php:82
- CORE\src\Http\Runner.php:60
- CORE\src\Http\Server.php:104
- ROOT\webroot\index.php:37
- [main]:

Request URL: /users/edit/6
Referer URL: http://127.0.0.1/chestcounter/users
Client IP: 127.0.0.1
2025-09-25 01:28:57 error: [Error] Call to undefined method Cake\Database\Expression\QueryExpression::or_() in C:\Apache24\htdocs\chestcounter\src\Controller\UsersController.php on line 140
Stack Trace:
- CORE\src\Database\Query.php:1748
- CORE\src\Database\Query.php:902
- APP/Controller\UsersController.php:139
- CORE\src\Controller\Controller.php:505
- CORE\src\Controller\ControllerFactory.php:166
- CORE\src\Controller\ControllerFactory.php:141
- CORE\src\Http\BaseApplication.php:362
- CORE\src\Http\Runner.php:86
- CORE\src\Http\Middleware\CsrfProtectionMiddleware.php:169
- CORE\src\Http\Runner.php:82
- ROOT\vendor\cakephp\authentication\src\Middleware\AuthenticationMiddleware.php:106
- CORE\src\Http\Runner.php:82
- CORE\src\Http\Middleware\BodyParserMiddleware.php:157
- CORE\src\Http\Runner.php:82
- CORE\src\Routing\Middleware\RoutingMiddleware.php:118
- CORE\src\Http\Runner.php:82
- CORE\src\Routing\Middleware\AssetMiddleware.php:69
- CORE\src\Http\Runner.php:82
- CORE\src\Error\Middleware\ErrorHandlerMiddleware.php:115
- CORE\src\Http\Runner.php:82
- CORE\src\Http\Runner.php:60
- CORE\src\Http\Server.php:104
- ROOT\webroot\index.php:37
- [main]:

Request URL: /users/edit/3
Referer URL: http://127.0.0.1/chestcounter/users
Client IP: 127.0.0.1
2025-09-28 16:51:48 warning: Unable to emit headers. Headers sent in file=C:\Apache24\htdocs\chestcounter\vendor\cakephp\cakephp\src\Error\Renderer\HtmlErrorRenderer.php line=37
Request URL: /score
Referer URL: http://127.0.0.1/chestcounter/users
Client IP: 127.0.0.1
Trace:
Cake\Error\ErrorTrap->handleError() [internal], line ??
C:\Apache24\htdocs\chestcounter\vendor\cakephp\cakephp\src\Http\ResponseEmitter.php C:\Apache24\htdocs\chestcounter\vendor\cakephp\cakephp\src\Http\ResponseEmitter.php, line 65
Cake\Http\ResponseEmitter->emit() C:\Apache24\htdocs\chestcounter\vendor\cakephp\cakephp\src\Http\Server.php, line 148
Cake\Http\Server->emit() C:\Apache24\htdocs\chestcounter\webroot\index.php, line 37
[main]

2025-09-28 16:51:48 warning: Cannot modify header information - headers already sent by (output started at C:\Apache24\htdocs\chestcounter\vendor\cakephp\cakephp\src\Error\Renderer\HtmlErrorRenderer.php:37)
Request URL: /score
Referer URL: http://127.0.0.1/chestcounter/users
Client IP: 127.0.0.1
Trace:
Cake\Error\ErrorTrap->handleError() [internal], line ??
C:\Apache24\htdocs\chestcounter\vendor\cakephp\cakephp\src\Http\ResponseEmitter.php C:\Apache24\htdocs\chestcounter\vendor\cakephp\cakephp\src\Http\ResponseEmitter.php, line 159
Cake\Http\ResponseEmitter->emitStatusLine() C:\Apache24\htdocs\chestcounter\vendor\cakephp\cakephp\src\Http\ResponseEmitter.php, line 68
Cake\Http\ResponseEmitter->emit() C:\Apache24\htdocs\chestcounter\vendor\cakephp\cakephp\src\Http\Server.php, line 148
Cake\Http\Server->emit() C:\Apache24\htdocs\chestcounter\webroot\index.php, line 37
[main]

2025-09-28 16:51:48 warning: Cannot modify header information - headers already sent by (output started at C:\Apache24\htdocs\chestcounter\vendor\cakephp\cakephp\src\Error\Renderer\HtmlErrorRenderer.php:37)
Request URL: /score
Referer URL: http://127.0.0.1/chestcounter/users
Client IP: 127.0.0.1
Trace:
Cake\Error\ErrorTrap->handleError() [internal], line ??
C:\Apache24\htdocs\chestcounter\vendor\cakephp\cakephp\src\Http\ResponseEmitter.php C:\Apache24\htdocs\chestcounter\vendor\cakephp\cakephp\src\Http\ResponseEmitter.php, line 192
Cake\Http\ResponseEmitter->emitHeaders() C:\Apache24\htdocs\chestcounter\vendor\cakephp\cakephp\src\Http\ResponseEmitter.php, line 69
Cake\Http\ResponseEmitter->emit() C:\Apache24\htdocs\chestcounter\vendor\cakephp\cakephp\src\Http\Server.php, line 148
Cake\Http\Server->emit() C:\Apache24\htdocs\chestcounter\webroot\index.php, line 37
[main]

2025-09-28 16:55:32 warning: Unable to emit headers. Headers sent in file=C:\Apache24\htdocs\chestcounter\vendor\cakephp\cakephp\src\Error\Renderer\HtmlErrorRenderer.php line=37
Request URL: /score
Client IP: 127.0.0.1
Trace:
Cake\Error\ErrorTrap->handleError() [internal], line ??
C:\Apache24\htdocs\chestcounter\vendor\cakephp\cakephp\src\Http\ResponseEmitter.php C:\Apache24\htdocs\chestcounter\vendor\cakephp\cakephp\src\Http\ResponseEmitter.php, line 65
Cake\Http\ResponseEmitter->emit() C:\Apache24\htdocs\chestcounter\vendor\cakephp\cakephp\src\Http\Server.php, line 148
Cake\Http\Server->emit() C:\Apache24\htdocs\chestcounter\webroot\index.php, line 37
[main]

2025-09-28 16:55:32 warning: Cannot modify header information - headers already sent by (output started at C:\Apache24\htdocs\chestcounter\vendor\cakephp\cakephp\src\Error\Renderer\HtmlErrorRenderer.php:37)
Request URL: /score
Client IP: 127.0.0.1
Trace:
Cake\Error\ErrorTrap->handleError() [internal], line ??
C:\Apache24\htdocs\chestcounter\vendor\cakephp\cakephp\src\Http\ResponseEmitter.php C:\Apache24\htdocs\chestcounter\vendor\cakephp\cakephp\src\Http\ResponseEmitter.php, line 159
Cake\Http\ResponseEmitter->emitStatusLine() C:\Apache24\htdocs\chestcounter\vendor\cakephp\cakephp\src\Http\ResponseEmitter.php, line 68
Cake\Http\ResponseEmitter->emit() C:\Apache24\htdocs\chestcounter\vendor\cakephp\cakephp\src\Http\Server.php, line 148
Cake\Http\Server->emit() C:\Apache24\htdocs\chestcounter\webroot\index.php, line 37
[main]

2025-09-28 16:55:32 warning: Cannot modify header information - headers already sent by (output started at C:\Apache24\htdocs\chestcounter\vendor\cakephp\cakephp\src\Error\Renderer\HtmlErrorRenderer.php:37)
Request URL: /score
Client IP: 127.0.0.1
Trace:
Cake\Error\ErrorTrap->handleError() [internal], line ??
C:\Apache24\htdocs\chestcounter\vendor\cakephp\cakephp\src\Http\ResponseEmitter.php C:\Apache24\htdocs\chestcounter\vendor\cakephp\cakephp\src\Http\ResponseEmitter.php, line 192
Cake\Http\ResponseEmitter->emitHeaders() C:\Apache24\htdocs\chestcounter\vendor\cakephp\cakephp\src\Http\ResponseEmitter.php, line 69
Cake\Http\ResponseEmitter->emit() C:\Apache24\htdocs\chestcounter\vendor\cakephp\cakephp\src\Http\Server.php, line 148
Cake\Http\Server->emit() C:\Apache24\htdocs\chestcounter\webroot\index.php, line 37
[main]

2025-09-28 16:55:43 warning: Unable to emit headers. Headers sent in file=C:\Apache24\htdocs\chestcounter\vendor\cakephp\cakephp\src\Error\Renderer\HtmlErrorRenderer.php line=37
Request URL: /score?sort=player&direction=asc
Referer URL: http://127.0.0.1/chestcounter/score
Client IP: 127.0.0.1
Trace:
Cake\Error\ErrorTrap->handleError() [internal], line ??
C:\Apache24\htdocs\chestcounter\vendor\cakephp\cakephp\src\Http\ResponseEmitter.php C:\Apache24\htdocs\chestcounter\vendor\cakephp\cakephp\src\Http\ResponseEmitter.php, line 65
Cake\Http\ResponseEmitter->emit() C:\Apache24\htdocs\chestcounter\vendor\cakephp\cakephp\src\Http\Server.php, line 148
Cake\Http\Server->emit() C:\Apache24\htdocs\chestcounter\webroot\index.php, line 37
[main]

2025-09-28 16:55:43 warning: Cannot modify header information - headers already sent by (output started at C:\Apache24\htdocs\chestcounter\vendor\cakephp\cakephp\src\Error\Renderer\HtmlErrorRenderer.php:37)
Request URL: /score?sort=player&direction=asc
Referer URL: http://127.0.0.1/chestcounter/score
Client IP: 127.0.0.1
Trace:
Cake\Error\ErrorTrap->handleError() [internal], line ??
C:\Apache24\htdocs\chestcounter\vendor\cakephp\cakephp\src\Http\ResponseEmitter.php C:\Apache24\htdocs\chestcounter\vendor\cakephp\cakephp\src\Http\ResponseEmitter.php, line 159
Cake\Http\ResponseEmitter->emitStatusLine() C:\Apache24\htdocs\chestcounter\vendor\cakephp\cakephp\src\Http\ResponseEmitter.php, line 68
Cake\Http\ResponseEmitter->emit() C:\Apache24\htdocs\chestcounter\vendor\cakephp\cakephp\src\Http\Server.php, line 148
Cake\Http\Server->emit() C:\Apache24\htdocs\chestcounter\webroot\index.php, line 37
[main]

2025-09-28 16:55:43 warning: Cannot modify header information - headers already sent by (output started at C:\Apache24\htdocs\chestcounter\vendor\cakephp\cakephp\src\Error\Renderer\HtmlErrorRenderer.php:37)
Request URL: /score?sort=player&direction=asc
Referer URL: http://127.0.0.1/chestcounter/score
Client IP: 127.0.0.1
Trace:
Cake\Error\ErrorTrap->handleError() [internal], line ??
C:\Apache24\htdocs\chestcounter\vendor\cakephp\cakephp\src\Http\ResponseEmitter.php C:\Apache24\htdocs\chestcounter\vendor\cakephp\cakephp\src\Http\ResponseEmitter.php, line 192
Cake\Http\ResponseEmitter->emitHeaders() C:\Apache24\htdocs\chestcounter\vendor\cakephp\cakephp\src\Http\ResponseEmitter.php, line 69
Cake\Http\ResponseEmitter->emit() C:\Apache24\htdocs\chestcounter\vendor\cakephp\cakephp\src\Http\Server.php, line 148
Cake\Http\Server->emit() C:\Apache24\htdocs\chestcounter\webroot\index.php, line 37
[main]

2025-09-28 16:55:48 warning: Unable to emit headers. Headers sent in file=C:\Apache24\htdocs\chestcounter\vendor\cakephp\cakephp\src\Error\Renderer\HtmlErrorRenderer.php line=37
Request URL: /score?sort=epic_crypt_score&direction=asc
Referer URL: http://127.0.0.1/chestcounter/score?sort=player&direction=asc
Client IP: 127.0.0.1
Trace:
Cake\Error\ErrorTrap->handleError() [internal], line ??
C:\Apache24\htdocs\chestcounter\vendor\cakephp\cakephp\src\Http\ResponseEmitter.php C:\Apache24\htdocs\chestcounter\vendor\cakephp\cakephp\src\Http\ResponseEmitter.php, line 65
Cake\Http\ResponseEmitter->emit() C:\Apache24\htdocs\chestcounter\vendor\cakephp\cakephp\src\Http\Server.php, line 148
Cake\Http\Server->emit() C:\Apache24\htdocs\chestcounter\webroot\index.php, line 37
[main]

2025-09-28 16:55:48 warning: Cannot modify header information - headers already sent by (output started at C:\Apache24\htdocs\chestcounter\vendor\cakephp\cakephp\src\Error\Renderer\HtmlErrorRenderer.php:37)
Request URL: /score?sort=epic_crypt_score&direction=asc
Referer URL: http://127.0.0.1/chestcounter/score?sort=player&direction=asc
Client IP: 127.0.0.1
Trace:
Cake\Error\ErrorTrap->handleError() [internal], line ??
C:\Apache24\htdocs\chestcounter\vendor\cakephp\cakephp\src\Http\ResponseEmitter.php C:\Apache24\htdocs\chestcounter\vendor\cakephp\cakephp\src\Http\ResponseEmitter.php, line 159
Cake\Http\ResponseEmitter->emitStatusLine() C:\Apache24\htdocs\chestcounter\vendor\cakephp\cakephp\src\Http\ResponseEmitter.php, line 68
Cake\Http\ResponseEmitter->emit() C:\Apache24\htdocs\chestcounter\vendor\cakephp\cakephp\src\Http\Server.php, line 148
Cake\Http\Server->emit() C:\Apache24\htdocs\chestcounter\webroot\index.php, line 37
[main]

2025-09-28 16:55:48 warning: Cannot modify header information - headers already sent by (output started at C:\Apache24\htdocs\chestcounter\vendor\cakephp\cakephp\src\Error\Renderer\HtmlErrorRenderer.php:37)
Request URL: /score?sort=epic_crypt_score&direction=asc
Referer URL: http://127.0.0.1/chestcounter/score?sort=player&direction=asc
Client IP: 127.0.0.1
Trace:
Cake\Error\ErrorTrap->handleError() [internal], line ??
C:\Apache24\htdocs\chestcounter\vendor\cakephp\cakephp\src\Http\ResponseEmitter.php C:\Apache24\htdocs\chestcounter\vendor\cakephp\cakephp\src\Http\ResponseEmitter.php, line 192
Cake\Http\ResponseEmitter->emitHeaders() C:\Apache24\htdocs\chestcounter\vendor\cakephp\cakephp\src\Http\ResponseEmitter.php, line 69
Cake\Http\ResponseEmitter->emit() C:\Apache24\htdocs\chestcounter\vendor\cakephp\cakephp\src\Http\Server.php, line 148
Cake\Http\Server->emit() C:\Apache24\htdocs\chestcounter\webroot\index.php, line 37
[main]

2025-10-19 17:59:56 warning: Unable to emit headers. Headers sent in file=C:\Apache24\htdocs\chestcounter\vendor\cakephp\cakephp\src\Error\Renderer\HtmlErrorRenderer.php line=37
Request URL: /score
Client IP: 127.0.0.1
Trace:
Cake\Error\ErrorTrap->handleError() [internal], line ??
C:\Apache24\htdocs\chestcounter\vendor\cakephp\cakephp\src\Http\ResponseEmitter.php C:\Apache24\htdocs\chestcounter\vendor\cakephp\cakephp\src\Http\ResponseEmitter.php, line 65
Cake\Http\ResponseEmitter->emit() C:\Apache24\htdocs\chestcounter\vendor\cakephp\cakephp\src\Http\Server.php, line 148
Cake\Http\Server->emit() C:\Apache24\htdocs\chestcounter\webroot\index.php, line 37
[main]

2025-10-19 17:59:56 warning: Cannot modify header information - headers already sent by (output started at C:\Apache24\htdocs\chestcounter\vendor\cakephp\cakephp\src\Error\Renderer\HtmlErrorRenderer.php:37)
Request URL: /score
Client IP: 127.0.0.1
Trace:
Cake\Error\ErrorTrap->handleError() [internal], line ??
C:\Apache24\htdocs\chestcounter\vendor\cakephp\cakephp\src\Http\ResponseEmitter.php C:\Apache24\htdocs\chestcounter\vendor\cakephp\cakephp\src\Http\ResponseEmitter.php, line 159
Cake\Http\ResponseEmitter->emitStatusLine() C:\Apache24\htdocs\chestcounter\vendor\cakephp\cakephp\src\Http\ResponseEmitter.php, line 68
Cake\Http\ResponseEmitter->emit() C:\Apache24\htdocs\chestcounter\vendor\cakephp\cakephp\src\Http\Server.php, line 148
Cake\Http\Server->emit() C:\Apache24\htdocs\chestcounter\webroot\index.php, line 37
[main]

2025-10-19 17:59:56 warning: Cannot modify header information - headers already sent by (output started at C:\Apache24\htdocs\chestcounter\vendor\cakephp\cakephp\src\Error\Renderer\HtmlErrorRenderer.php:37)
Request URL: /score
Client IP: 127.0.0.1
Trace:
Cake\Error\ErrorTrap->handleError() [internal], line ??
C:\Apache24\htdocs\chestcounter\vendor\cakephp\cakephp\src\Http\ResponseEmitter.php C:\Apache24\htdocs\chestcounter\vendor\cakephp\cakephp\src\Http\ResponseEmitter.php, line 192
Cake\Http\ResponseEmitter->emitHeaders() C:\Apache24\htdocs\chestcounter\vendor\cakephp\cakephp\src\Http\ResponseEmitter.php, line 69
Cake\Http\ResponseEmitter->emit() C:\Apache24\htdocs\chestcounter\vendor\cakephp\cakephp\src\Http\Server.php, line 148
Cake\Http\Server->emit() C:\Apache24\htdocs\chestcounter\webroot\index.php, line 37
[main]

2025-10-19 17:59:56 warning: Cannot modify header information - headers already sent by (output started at C:\Apache24\htdocs\chestcounter\vendor\cakephp\cakephp\src\Error\Renderer\HtmlErrorRenderer.php:37)
Request URL: /score
Client IP: 127.0.0.1
Trace:
Cake\Error\ErrorTrap->handleError() [internal], line ??
C:\Apache24\htdocs\chestcounter\vendor\cakephp\cakephp\src\Http\ResponseEmitter.php C:\Apache24\htdocs\chestcounter\vendor\cakephp\cakephp\src\Http\ResponseEmitter.php, line 229
Cake\Http\ResponseEmitter->setCookie() C:\Apache24\htdocs\chestcounter\vendor\cakephp\cakephp\src\Http\ResponseEmitter.php, line 213
Cake\Http\ResponseEmitter->emitCookies() C:\Apache24\htdocs\chestcounter\vendor\cakephp\cakephp\src\Http\ResponseEmitter.php, line 201
Cake\Http\ResponseEmitter->emitHeaders() C:\Apache24\htdocs\chestcounter\vendor\cakephp\cakephp\src\Http\ResponseEmitter.php, line 69
Cake\Http\ResponseEmitter->emit() C:\Apache24\htdocs\chestcounter\vendor\cakephp\cakephp\src\Http\Server.php, line 148
Cake\Http\Server->emit() C:\Apache24\htdocs\chestcounter\webroot\index.php, line 37
[main]

2025-10-19 18:38:02 warning: Unable to emit headers. Headers sent in file=C:\Apache24\htdocs\chestcounter\vendor\cakephp\cakephp\src\Error\Renderer\HtmlErrorRenderer.php line=37
Request URL: /score
Client IP: 127.0.0.1
Trace:
Cake\Error\ErrorTrap->handleError() [internal], line ??
C:\Apache24\htdocs\chestcounter\vendor\cakephp\cakephp\src\Http\ResponseEmitter.php C:\Apache24\htdocs\chestcounter\vendor\cakephp\cakephp\src\Http\ResponseEmitter.php, line 65
Cake\Http\ResponseEmitter->emit() C:\Apache24\htdocs\chestcounter\vendor\cakephp\cakephp\src\Http\Server.php, line 148
Cake\Http\Server->emit() C:\Apache24\htdocs\chestcounter\webroot\index.php, line 37
[main]

2025-10-19 18:38:02 warning: Cannot modify header information - headers already sent by (output started at C:\Apache24\htdocs\chestcounter\vendor\cakephp\cakephp\src\Error\Renderer\HtmlErrorRenderer.php:37)
Request URL: /score
Client IP: 127.0.0.1
Trace:
Cake\Error\ErrorTrap->handleError() [internal], line ??
C:\Apache24\htdocs\chestcounter\vendor\cakephp\cakephp\src\Http\ResponseEmitter.php C:\Apache24\htdocs\chestcounter\vendor\cakephp\cakephp\src\Http\ResponseEmitter.php, line 159
Cake\Http\ResponseEmitter->emitStatusLine() C:\Apache24\htdocs\chestcounter\vendor\cakephp\cakephp\src\Http\ResponseEmitter.php, line 68
Cake\Http\ResponseEmitter->emit() C:\Apache24\htdocs\chestcounter\vendor\cakephp\cakephp\src\Http\Server.php, line 148
Cake\Http\Server->emit() C:\Apache24\htdocs\chestcounter\webroot\index.php, line 37
[main]

2025-10-19 18:38:02 warning: Cannot modify header information - headers already sent by (output started at C:\Apache24\htdocs\chestcounter\vendor\cakephp\cakephp\src\Error\Renderer\HtmlErrorRenderer.php:37)
Request URL: /score
Client IP: 127.0.0.1
Trace:
Cake\Error\ErrorTrap->handleError() [internal], line ??
C:\Apache24\htdocs\chestcounter\vendor\cakephp\cakephp\src\Http\ResponseEmitter.php C:\Apache24\htdocs\chestcounter\vendor\cakephp\cakephp\src\Http\ResponseEmitter.php, line 192
Cake\Http\ResponseEmitter->emitHeaders() C:\Apache24\htdocs\chestcounter\vendor\cakephp\cakephp\src\Http\ResponseEmitter.php, line 69
Cake\Http\ResponseEmitter->emit() C:\Apache24\htdocs\chestcounter\vendor\cakephp\cakephp\src\Http\Server.php, line 148
Cake\Http\Server->emit() C:\Apache24\htdocs\chestcounter\webroot\index.php, line 37
[main]

2025-10-19 18:38:02 warning: Cannot modify header information - headers already sent by (output started at C:\Apache24\htdocs\chestcounter\vendor\cakephp\cakephp\src\Error\Renderer\HtmlErrorRenderer.php:37)
Request URL: /score
Client IP: 127.0.0.1
Trace:
Cake\Error\ErrorTrap->handleError() [internal], line ??
C:\Apache24\htdocs\chestcounter\vendor\cakephp\cakephp\src\Http\ResponseEmitter.php C:\Apache24\htdocs\chestcounter\vendor\cakephp\cakephp\src\Http\ResponseEmitter.php, line 229
Cake\Http\ResponseEmitter->setCookie() C:\Apache24\htdocs\chestcounter\vendor\cakephp\cakephp\src\Http\ResponseEmitter.php, line 213
Cake\Http\ResponseEmitter->emitCookies() C:\Apache24\htdocs\chestcounter\vendor\cakephp\cakephp\src\Http\ResponseEmitter.php, line 201
Cake\Http\ResponseEmitter->emitHeaders() C:\Apache24\htdocs\chestcounter\vendor\cakephp\cakephp\src\Http\ResponseEmitter.php, line 69
Cake\Http\ResponseEmitter->emit() C:\Apache24\htdocs\chestcounter\vendor\cakephp\cakephp\src\Http\Server.php, line 148
Cake\Http\Server->emit() C:\Apache24\htdocs\chestcounter\webroot\index.php, line 37
[main]

2025-10-19 18:55:17 warning: Unable to emit headers. Headers sent in file=C:\Apache24\htdocs\chestcounter\vendor\cakephp\cakephp\src\Error\Renderer\HtmlErrorRenderer.php line=37
Request URL: /score
Referer URL: http://127.0.0.1/chestcounter/users/login
Client IP: 127.0.0.1
Trace:
Cake\Error\ErrorTrap->handleError() [internal], line ??
C:\Apache24\htdocs\chestcounter\vendor\cakephp\cakephp\src\Http\ResponseEmitter.php C:\Apache24\htdocs\chestcounter\vendor\cakephp\cakephp\src\Http\ResponseEmitter.php, line 65
Cake\Http\ResponseEmitter->emit() C:\Apache24\htdocs\chestcounter\vendor\cakephp\cakephp\src\Http\Server.php, line 148
Cake\Http\Server->emit() C:\Apache24\htdocs\chestcounter\webroot\index.php, line 37
[main]

2025-10-19 18:55:17 warning: Cannot modify header information - headers already sent by (output started at C:\Apache24\htdocs\chestcounter\vendor\cakephp\cakephp\src\Error\Renderer\HtmlErrorRenderer.php:37)
Request URL: /score
Referer URL: http://127.0.0.1/chestcounter/users/login
Client IP: 127.0.0.1
Trace:
Cake\Error\ErrorTrap->handleError() [internal], line ??
C:\Apache24\htdocs\chestcounter\vendor\cakephp\cakephp\src\Http\ResponseEmitter.php C:\Apache24\htdocs\chestcounter\vendor\cakephp\cakephp\src\Http\ResponseEmitter.php, line 159
Cake\Http\ResponseEmitter->emitStatusLine() C:\Apache24\htdocs\chestcounter\vendor\cakephp\cakephp\src\Http\ResponseEmitter.php, line 68
Cake\Http\ResponseEmitter->emit() C:\Apache24\htdocs\chestcounter\vendor\cakephp\cakephp\src\Http\Server.php, line 148
Cake\Http\Server->emit() C:\Apache24\htdocs\chestcounter\webroot\index.php, line 37
[main]

2025-10-19 18:55:17 warning: Cannot modify header information - headers already sent by (output started at C:\Apache24\htdocs\chestcounter\vendor\cakephp\cakephp\src\Error\Renderer\HtmlErrorRenderer.php:37)
Request URL: /score
Referer URL: http://127.0.0.1/chestcounter/users/login
Client IP: 127.0.0.1
Trace:
Cake\Error\ErrorTrap->handleError() [internal], line ??
C:\Apache24\htdocs\chestcounter\vendor\cakephp\cakephp\src\Http\ResponseEmitter.php C:\Apache24\htdocs\chestcounter\vendor\cakephp\cakephp\src\Http\ResponseEmitter.php, line 192
Cake\Http\ResponseEmitter->emitHeaders() C:\Apache24\htdocs\chestcounter\vendor\cakephp\cakephp\src\Http\ResponseEmitter.php, line 69
Cake\Http\ResponseEmitter->emit() C:\Apache24\htdocs\chestcounter\vendor\cakephp\cakephp\src\Http\Server.php, line 148
Cake\Http\Server->emit() C:\Apache24\htdocs\chestcounter\webroot\index.php, line 37
[main]

2025-10-19 21:32:18 warning: Unable to emit headers. Headers sent in file=C:\Apache24\htdocs\chestcounter\vendor\cakephp\cakephp\src\Error\Renderer\HtmlErrorRenderer.php line=37
Request URL: /score
Client IP: 127.0.0.1
Trace:
Cake\Error\ErrorTrap->handleError() [internal], line ??
C:\Apache24\htdocs\chestcounter\vendor\cakephp\cakephp\src\Http\ResponseEmitter.php C:\Apache24\htdocs\chestcounter\vendor\cakephp\cakephp\src\Http\ResponseEmitter.php, line 65
Cake\Http\ResponseEmitter->emit() C:\Apache24\htdocs\chestcounter\vendor\cakephp\cakephp\src\Http\Server.php, line 148
Cake\Http\Server->emit() C:\Apache24\htdocs\chestcounter\webroot\index.php, line 37
[main]

2025-10-19 21:32:18 warning: Cannot modify header information - headers already sent by (output started at C:\Apache24\htdocs\chestcounter\vendor\cakephp\cakephp\src\Error\Renderer\HtmlErrorRenderer.php:37)
Request URL: /score
Client IP: 127.0.0.1
Trace:
Cake\Error\ErrorTrap->handleError() [internal], line ??
C:\Apache24\htdocs\chestcounter\vendor\cakephp\cakephp\src\Http\ResponseEmitter.php C:\Apache24\htdocs\chestcounter\vendor\cakephp\cakephp\src\Http\ResponseEmitter.php, line 159
Cake\Http\ResponseEmitter->emitStatusLine() C:\Apache24\htdocs\chestcounter\vendor\cakephp\cakephp\src\Http\ResponseEmitter.php, line 68
Cake\Http\ResponseEmitter->emit() C:\Apache24\htdocs\chestcounter\vendor\cakephp\cakephp\src\Http\Server.php, line 148
Cake\Http\Server->emit() C:\Apache24\htdocs\chestcounter\webroot\index.php, line 37
[main]

2025-10-19 21:32:18 warning: Cannot modify header information - headers already sent by (output started at C:\Apache24\htdocs\chestcounter\vendor\cakephp\cakephp\src\Error\Renderer\HtmlErrorRenderer.php:37)
Request URL: /score
Client IP: 127.0.0.1
Trace:
Cake\Error\ErrorTrap->handleError() [internal], line ??
C:\Apache24\htdocs\chestcounter\vendor\cakephp\cakephp\src\Http\ResponseEmitter.php C:\Apache24\htdocs\chestcounter\vendor\cakephp\cakephp\src\Http\ResponseEmitter.php, line 192
Cake\Http\ResponseEmitter->emitHeaders() C:\Apache24\htdocs\chestcounter\vendor\cakephp\cakephp\src\Http\ResponseEmitter.php, line 69
Cake\Http\ResponseEmitter->emit() C:\Apache24\htdocs\chestcounter\vendor\cakephp\cakephp\src\Http\Server.php, line 148
Cake\Http\Server->emit() C:\Apache24\htdocs\chestcounter\webroot\index.php, line 37
[main]

2025-10-19 21:34:38 warning: Unable to emit headers. Headers sent in file=C:\Apache24\htdocs\chestcounter\vendor\cakephp\cakephp\src\Error\Renderer\HtmlErrorRenderer.php line=37
Request URL: /score
Referer URL: http://127.0.0.1/chestcounter/standard-chests?page=4
Client IP: 127.0.0.1
Trace:
Cake\Error\ErrorTrap->handleError() [internal], line ??
C:\Apache24\htdocs\chestcounter\vendor\cakephp\cakephp\src\Http\ResponseEmitter.php C:\Apache24\htdocs\chestcounter\vendor\cakephp\cakephp\src\Http\ResponseEmitter.php, line 65
Cake\Http\ResponseEmitter->emit() C:\Apache24\htdocs\chestcounter\vendor\cakephp\cakephp\src\Http\Server.php, line 148
Cake\Http\Server->emit() C:\Apache24\htdocs\chestcounter\webroot\index.php, line 37
[main]

2025-10-19 21:34:38 warning: Cannot modify header information - headers already sent by (output started at C:\Apache24\htdocs\chestcounter\vendor\cakephp\cakephp\src\Error\Renderer\HtmlErrorRenderer.php:37)
Request URL: /score
Referer URL: http://127.0.0.1/chestcounter/standard-chests?page=4
Client IP: 127.0.0.1
Trace:
Cake\Error\ErrorTrap->handleError() [internal], line ??
C:\Apache24\htdocs\chestcounter\vendor\cakephp\cakephp\src\Http\ResponseEmitter.php C:\Apache24\htdocs\chestcounter\vendor\cakephp\cakephp\src\Http\ResponseEmitter.php, line 159
Cake\Http\ResponseEmitter->emitStatusLine() C:\Apache24\htdocs\chestcounter\vendor\cakephp\cakephp\src\Http\ResponseEmitter.php, line 68
Cake\Http\ResponseEmitter->emit() C:\Apache24\htdocs\chestcounter\vendor\cakephp\cakephp\src\Http\Server.php, line 148
Cake\Http\Server->emit() C:\Apache24\htdocs\chestcounter\webroot\index.php, line 37
[main]

2025-10-19 21:34:38 warning: Cannot modify header information - headers already sent by (output started at C:\Apache24\htdocs\chestcounter\vendor\cakephp\cakephp\src\Error\Renderer\HtmlErrorRenderer.php:37)
Request URL: /score
Referer URL: http://127.0.0.1/chestcounter/standard-chests?page=4
Client IP: 127.0.0.1
Trace:
Cake\Error\ErrorTrap->handleError() [internal], line ??
C:\Apache24\htdocs\chestcounter\vendor\cakephp\cakephp\src\Http\ResponseEmitter.php C:\Apache24\htdocs\chestcounter\vendor\cakephp\cakephp\src\Http\ResponseEmitter.php, line 192
Cake\Http\ResponseEmitter->emitHeaders() C:\Apache24\htdocs\chestcounter\vendor\cakephp\cakephp\src\Http\ResponseEmitter.php, line 69
Cake\Http\ResponseEmitter->emit() C:\Apache24\htdocs\chestcounter\vendor\cakephp\cakephp\src\Http\Server.php, line 148
Cake\Http\Server->emit() C:\Apache24\htdocs\chestcounter\webroot\index.php, line 37
[main]

2025-10-19 21:41:58 warning: Unable to emit headers. Headers sent in file=C:\Apache24\htdocs\chestcounter\vendor\cakephp\cakephp\src\Error\Renderer\HtmlErrorRenderer.php line=37
Request URL: /score
Client IP: 127.0.0.1
Trace:
Cake\Error\ErrorTrap->handleError() [internal], line ??
C:\Apache24\htdocs\chestcounter\vendor\cakephp\cakephp\src\Http\ResponseEmitter.php C:\Apache24\htdocs\chestcounter\vendor\cakephp\cakephp\src\Http\ResponseEmitter.php, line 65
Cake\Http\ResponseEmitter->emit() C:\Apache24\htdocs\chestcounter\vendor\cakephp\cakephp\src\Http\Server.php, line 148
Cake\Http\Server->emit() C:\Apache24\htdocs\chestcounter\webroot\index.php, line 37
[main]

2025-10-19 21:41:58 warning: Cannot modify header information - headers already sent by (output started at C:\Apache24\htdocs\chestcounter\vendor\cakephp\cakephp\src\Error\Renderer\HtmlErrorRenderer.php:37)
Request URL: /score
Client IP: 127.0.0.1
Trace:
Cake\Error\ErrorTrap->handleError() [internal], line ??
C:\Apache24\htdocs\chestcounter\vendor\cakephp\cakephp\src\Http\ResponseEmitter.php C:\Apache24\htdocs\chestcounter\vendor\cakephp\cakephp\src\Http\ResponseEmitter.php, line 159
Cake\Http\ResponseEmitter->emitStatusLine() C:\Apache24\htdocs\chestcounter\vendor\cakephp\cakephp\src\Http\ResponseEmitter.php, line 68
Cake\Http\ResponseEmitter->emit() C:\Apache24\htdocs\chestcounter\vendor\cakephp\cakephp\src\Http\Server.php, line 148
Cake\Http\Server->emit() C:\Apache24\htdocs\chestcounter\webroot\index.php, line 37
[main]

2025-10-19 21:41:58 warning: Cannot modify header information - headers already sent by (output started at C:\Apache24\htdocs\chestcounter\vendor\cakephp\cakephp\src\Error\Renderer\HtmlErrorRenderer.php:37)
Request URL: /score
Client IP: 127.0.0.1
Trace:
Cake\Error\ErrorTrap->handleError() [internal], line ??
C:\Apache24\htdocs\chestcounter\vendor\cakephp\cakephp\src\Http\ResponseEmitter.php C:\Apache24\htdocs\chestcounter\vendor\cakephp\cakephp\src\Http\ResponseEmitter.php, line 192
Cake\Http\ResponseEmitter->emitHeaders() C:\Apache24\htdocs\chestcounter\vendor\cakephp\cakephp\src\Http\ResponseEmitter.php, line 69
Cake\Http\ResponseEmitter->emit() C:\Apache24\htdocs\chestcounter\vendor\cakephp\cakephp\src\Http\Server.php, line 148
Cake\Http\Server->emit() C:\Apache24\htdocs\chestcounter\webroot\index.php, line 37
[main]

2025-10-19 21:42:02 error: [Cake\Database\Exception\QueryException] SQLSTATE[42S22]: Column not found: 1054 Unknown column 'cycle_id' in 'order clause'
Query: SELECT PlayerCycleSummaries.id AS PlayerCycleSummaries__id, PlayerCycleSummaries.player_name AS PlayerCycleSummaries__player_name, PlayerCycleSummaries.cycle_start_date AS PlayerCycleSummaries__cycle_start_date, PlayerCycleSummaries.cycle_end_date AS PlayerCycleSummaries__cycle_end_date, PlayerCycleSummaries.total_chests AS PlayerCycleSummaries__total_chests, PlayerCycleSummaries.total_score AS PlayerCycleSummaries__total_score, PlayerCycleSummaries.goal_achieved AS PlayerCycleSummaries__goal_achieved, PlayerCycleSummaries.fine_due AS PlayerCycleSummaries__fine_due, PlayerCycleSummaries.fine_paid AS PlayerCycleSummaries__fine_paid, PlayerCycleSummaries.created AS PlayerCycleSummaries__created, PlayerCycleSummaries.modified AS PlayerCycleSummaries__modified FROM player_cycle_summaries PlayerCycleSummaries WHERE player_name = 'Rainfury' ORDER BY cycle_id DESC in C:\Apache24\htdocs\chestcounter\vendor\cakephp\cakephp\src\Database\Driver.php on line 382
Stack Trace:
- CORE\src\Database\Driver.php:329
- CORE\src\Database\Driver\Mysql.php:178
- CORE\src\Database\Connection.php:280
- CORE\src\Core\Retry\CommandRetry.php:71
- CORE\src\Database\Connection.php:280
- CORE\src\Database\Query.php:223
- CORE\src\Database\Query\SelectQuery.php:122
- CORE\src\ORM\Query\SelectQuery.php:1570
- CORE\src\ORM\Query\SelectQuery.php:382
- CORE\src\ORM\Query\SelectQuery.php:234
- ROOT\templates\PlayerCycleSummaries\player_history.php:21
- CORE\src\View\View.php:1188
- CORE\src\View\View.php:1145
- CORE\src\View\View.php:785
- CORE\src\Controller\Controller.php:712
- CORE\src\Controller\Controller.php:516
- CORE\src\Controller\ControllerFactory.php:166
- CORE\src\Controller\ControllerFactory.php:141
- CORE\src\Http\BaseApplication.php:362
- CORE\src\Http\Runner.php:86
- CORE\src\Http\Middleware\CsrfProtectionMiddleware.php:169
- CORE\src\Http\Runner.php:82
- ROOT\vendor\cakephp\authentication\src\Middleware\AuthenticationMiddleware.php:106
- CORE\src\Http\Runner.php:82
- CORE\src\Http\Middleware\BodyParserMiddleware.php:157
- CORE\src\Http\Runner.php:82
- CORE\src\Routing\Middleware\RoutingMiddleware.php:118
- CORE\src\Http\Runner.php:82
- CORE\src\Routing\Middleware\AssetMiddleware.php:69
- CORE\src\Http\Runner.php:82
- CORE\src\Error\Middleware\ErrorHandlerMiddleware.php:115
- CORE\src\Http\Runner.php:82
- CORE\src\Http\Runner.php:60
- CORE\src\Http\Server.php:104
- ROOT\webroot\index.php:37
- [main]:

Caused by: [PDOException] SQLSTATE[42S22]: Column not found: 1054 Unknown column 'cycle_id' in 'order clause' in C:\Apache24\htdocs\chestcounter\vendor\cakephp\cakephp\src\Database\Statement\Statement.php on line 146
Stack Trace:
- CORE\src\Database\Statement\Statement.php:146
- CORE\src\Database\Driver.php:327
- CORE\src\Database\Driver\Mysql.php:178
- CORE\src\Database\Connection.php:280
- CORE\src\Core\Retry\CommandRetry.php:71
- CORE\src\Database\Connection.php:280
- CORE\src\Database\Query.php:223
- CORE\src\Database\Query\SelectQuery.php:122
- CORE\src\ORM\Query\SelectQuery.php:1570
- CORE\src\ORM\Query\SelectQuery.php:382
- CORE\src\ORM\Query\SelectQuery.php:234
- ROOT\templates\PlayerCycleSummaries\player_history.php:21
- CORE\src\View\View.php:1188
- CORE\src\View\View.php:1145
- CORE\src\View\View.php:785
- CORE\src\Controller\Controller.php:712
- CORE\src\Controller\Controller.php:516
- CORE\src\Controller\ControllerFactory.php:166
- CORE\src\Controller\ControllerFactory.php:141
- CORE\src\Http\BaseApplication.php:362
- CORE\src\Http\Runner.php:86
- CORE\src\Http\Middleware\CsrfProtectionMiddleware.php:169
- CORE\src\Http\Runner.php:82
- ROOT\vendor\cakephp\authentication\src\Middleware\AuthenticationMiddleware.php:106
- CORE\src\Http\Runner.php:82
- CORE\src\Http\Middleware\BodyParserMiddleware.php:157
- CORE\src\Http\Runner.php:82
- CORE\src\Routing\Middleware\RoutingMiddleware.php:118
- CORE\src\Http\Runner.php:82
- CORE\src\Routing\Middleware\AssetMiddleware.php:69
- CORE\src\Http\Runner.php:82
- CORE\src\Error\Middleware\ErrorHandlerMiddleware.php:115
- CORE\src\Http\Runner.php:82
- CORE\src\Http\Runner.php:60
- CORE\src\Http\Server.php:104
- ROOT\webroot\index.php:37
- [main]:

Request URL: /player-cycle-summaries/player-history/Rainfury
Referer URL: http://127.0.0.1/chestcounter/score
Client IP: 127.0.0.1
2025-10-19 21:43:28 warning: Unable to emit headers. Headers sent in file=C:\Apache24\htdocs\chestcounter\vendor\cakephp\cakephp\src\Error\Renderer\HtmlErrorRenderer.php line=37
Request URL: /score
Client IP: 127.0.0.1
Trace:
Cake\Error\ErrorTrap->handleError() [internal], line ??
C:\Apache24\htdocs\chestcounter\vendor\cakephp\cakephp\src\Http\ResponseEmitter.php C:\Apache24\htdocs\chestcounter\vendor\cakephp\cakephp\src\Http\ResponseEmitter.php, line 65
Cake\Http\ResponseEmitter->emit() C:\Apache24\htdocs\chestcounter\vendor\cakephp\cakephp\src\Http\Server.php, line 148
Cake\Http\Server->emit() C:\Apache24\htdocs\chestcounter\webroot\index.php, line 37
[main]

2025-10-19 21:43:28 warning: Cannot modify header information - headers already sent by (output started at C:\Apache24\htdocs\chestcounter\vendor\cakephp\cakephp\src\Error\Renderer\HtmlErrorRenderer.php:37)
Request URL: /score
Client IP: 127.0.0.1
Trace:
Cake\Error\ErrorTrap->handleError() [internal], line ??
C:\Apache24\htdocs\chestcounter\vendor\cakephp\cakephp\src\Http\ResponseEmitter.php C:\Apache24\htdocs\chestcounter\vendor\cakephp\cakephp\src\Http\ResponseEmitter.php, line 159
Cake\Http\ResponseEmitter->emitStatusLine() C:\Apache24\htdocs\chestcounter\vendor\cakephp\cakephp\src\Http\ResponseEmitter.php, line 68
Cake\Http\ResponseEmitter->emit() C:\Apache24\htdocs\chestcounter\vendor\cakephp\cakephp\src\Http\Server.php, line 148
Cake\Http\Server->emit() C:\Apache24\htdocs\chestcounter\webroot\index.php, line 37
[main]

2025-10-19 21:43:28 warning: Cannot modify header information - headers already sent by (output started at C:\Apache24\htdocs\chestcounter\vendor\cakephp\cakephp\src\Error\Renderer\HtmlErrorRenderer.php:37)
Request URL: /score
Client IP: 127.0.0.1
Trace:
Cake\Error\ErrorTrap->handleError() [internal], line ??
C:\Apache24\htdocs\chestcounter\vendor\cakephp\cakephp\src\Http\ResponseEmitter.php C:\Apache24\htdocs\chestcounter\vendor\cakephp\cakephp\src\Http\ResponseEmitter.php, line 192
Cake\Http\ResponseEmitter->emitHeaders() C:\Apache24\htdocs\chestcounter\vendor\cakephp\cakephp\src\Http\ResponseEmitter.php, line 69
Cake\Http\ResponseEmitter->emit() C:\Apache24\htdocs\chestcounter\vendor\cakephp\cakephp\src\Http\Server.php, line 148
Cake\Http\Server->emit() C:\Apache24\htdocs\chestcounter\webroot\index.php, line 37
[main]

2025-10-19 21:44:09 warning: Passing query options as paginator settings is no longer supported. Use a custom finder through the `finder` config or pass a SelectQuery instance to paginate(). Extra keys found are: `contain`. - C:\Apache24\htdocs\chestcounter\vendor\cakephp\cakephp\src\Datasource\Paging\NumericPaginator.php, line: 222
Request URL: /history
Referer URL: http://127.0.0.1/chestcounter/score
Client IP: 127.0.0.1
Trace:
Cake\Error\ErrorTrap->handleError() [internal], line ??
C:\Apache24\htdocs\chestcounter\vendor\cakephp\cakephp\src\Core\functions.php C:\Apache24\htdocs\chestcounter\vendor\cakephp\cakephp\src\Core\functions.php, line 322
C:\Apache24\htdocs\chestcounter\vendor\cakephp\cakephp\src\Datasource\Paging\NumericPaginator.php C:\Apache24\htdocs\chestcounter\vendor\cakephp\cakephp\src\Datasource\Paging\NumericPaginator.php, line 331
Cake\Datasource\Paging\NumericPaginator->extractData() C:\Apache24\htdocs\chestcounter\vendor\cakephp\cakephp\src\Datasource\Paging\NumericPaginator.php, line 222
Cake\Datasource\Paging\NumericPaginator->paginate() C:\Apache24\htdocs\chestcounter\vendor\cakephp\cakephp\src\Controller\Controller.php, line 885
Cake\Controller\Controller->paginate() C:\Apache24\htdocs\chestcounter\src\Controller\PlayerCycleSummariesController.php, line 33
App\Controller\PlayerCycleSummariesController->index() C:\Apache24\htdocs\chestcounter\vendor\cakephp\cakephp\src\Controller\Controller.php, line 505
Cake\Controller\Controller->invokeAction() C:\Apache24\htdocs\chestcounter\vendor\cakephp\cakephp\src\Controller\ControllerFactory.php, line 166
Cake\Controller\ControllerFactory->handle() C:\Apache24\htdocs\chestcounter\vendor\cakephp\cakephp\src\Controller\ControllerFactory.php, line 141
Cake\Controller\ControllerFactory->invoke() C:\Apache24\htdocs\chestcounter\vendor\cakephp\cakephp\src\Http\BaseApplication.php, line 362
Cake\Http\BaseApplication->handle() C:\Apache24\htdocs\chestcounter\vendor\cakephp\cakephp\src\Http\Runner.php, line 86
Cake\Http\Runner->handle() C:\Apache24\htdocs\chestcounter\vendor\cakephp\cakephp\src\Http\Middleware\CsrfProtectionMiddleware.php, line 169
Cake\Http\Middleware\CsrfProtectionMiddleware->process() C:\Apache24\htdocs\chestcounter\vendor\cakephp\cakephp\src\Http\Runner.php, line 82
Cake\Http\Runner->handle() C:\Apache24\htdocs\chestcounter\vendor\cakephp\authentication\src\Middleware\AuthenticationMiddleware.php, line 106
Authentication\Middleware\AuthenticationMiddleware->process() C:\Apache24\htdocs\chestcounter\vendor\cakephp\cakephp\src\Http\Runner.php, line 82
Cake\Http\Runner->handle() C:\Apache24\htdocs\chestcounter\vendor\cakephp\cakephp\src\Http\Middleware\BodyParserMiddleware.php, line 157
Cake\Http\Middleware\BodyParserMiddleware->process() C:\Apache24\htdocs\chestcounter\vendor\cakephp\cakephp\src\Http\Runner.php, line 82
Cake\Http\Runner->handle() C:\Apache24\htdocs\chestcounter\vendor\cakephp\cakephp\src\Routing\Middleware\RoutingMiddleware.php, line 118
Cake\Routing\Middleware\RoutingMiddleware->process() C:\Apache24\htdocs\chestcounter\vendor\cakephp\cakephp\src\Http\Runner.php, line 82
Cake\Http\Runner->handle() C:\Apache24\htdocs\chestcounter\vendor\cakephp\cakephp\src\Routing\Middleware\AssetMiddleware.php, line 69
Cake\Routing\Middleware\AssetMiddleware->process() C:\Apache24\htdocs\chestcounter\vendor\cakephp\cakephp\src\Http\Runner.php, line 82
Cake\Http\Runner->handle() C:\Apache24\htdocs\chestcounter\vendor\cakephp\cakephp\src\Error\Middleware\ErrorHandlerMiddleware.php, line 115
Cake\Error\Middleware\ErrorHandlerMiddleware->process() C:\Apache24\htdocs\chestcounter\vendor\cakephp\cakephp\src\Http\Runner.php, line 82
Cake\Http\Runner->handle() C:\Apache24\htdocs\chestcounter\vendor\cakephp\cakephp\src\Http\Runner.php, line 60
Cake\Http\Runner->run() C:\Apache24\htdocs\chestcounter\vendor\cakephp\cakephp\src\Http\Server.php, line 104
Cake\Http\Server->run() C:\Apache24\htdocs\chestcounter\webroot\index.php, line 37
[main]

2025-10-19 21:44:09 warning: Unable to emit headers. Headers sent in file=C:\Apache24\htdocs\chestcounter\vendor\cakephp\cakephp\src\Error\Renderer\HtmlErrorRenderer.php line=37
Request URL: /history
Referer URL: http://127.0.0.1/chestcounter/score
Client IP: 127.0.0.1
Trace:
Cake\Error\ErrorTrap->handleError() [internal], line ??
C:\Apache24\htdocs\chestcounter\vendor\cakephp\cakephp\src\Http\ResponseEmitter.php C:\Apache24\htdocs\chestcounter\vendor\cakephp\cakephp\src\Http\ResponseEmitter.php, line 65
Cake\Http\ResponseEmitter->emit() C:\Apache24\htdocs\chestcounter\vendor\cakephp\cakephp\src\Http\Server.php, line 148
Cake\Http\Server->emit() C:\Apache24\htdocs\chestcounter\webroot\index.php, line 37
[main]

2025-10-19 21:44:09 warning: Cannot modify header information - headers already sent by (output started at C:\Apache24\htdocs\chestcounter\vendor\cakephp\cakephp\src\Error\Renderer\HtmlErrorRenderer.php:37)
Request URL: /history
Referer URL: http://127.0.0.1/chestcounter/score
Client IP: 127.0.0.1
Trace:
Cake\Error\ErrorTrap->handleError() [internal], line ??
C:\Apache24\htdocs\chestcounter\vendor\cakephp\cakephp\src\Http\ResponseEmitter.php C:\Apache24\htdocs\chestcounter\vendor\cakephp\cakephp\src\Http\ResponseEmitter.php, line 159
Cake\Http\ResponseEmitter->emitStatusLine() C:\Apache24\htdocs\chestcounter\vendor\cakephp\cakephp\src\Http\ResponseEmitter.php, line 68
Cake\Http\ResponseEmitter->emit() C:\Apache24\htdocs\chestcounter\vendor\cakephp\cakephp\src\Http\Server.php, line 148
Cake\Http\Server->emit() C:\Apache24\htdocs\chestcounter\webroot\index.php, line 37
[main]

2025-10-19 21:44:09 warning: Cannot modify header information - headers already sent by (output started at C:\Apache24\htdocs\chestcounter\vendor\cakephp\cakephp\src\Error\Renderer\HtmlErrorRenderer.php:37)
Request URL: /history
Referer URL: http://127.0.0.1/chestcounter/score
Client IP: 127.0.0.1
Trace:
Cake\Error\ErrorTrap->handleError() [internal], line ??
C:\Apache24\htdocs\chestcounter\vendor\cakephp\cakephp\src\Http\ResponseEmitter.php C:\Apache24\htdocs\chestcounter\vendor\cakephp\cakephp\src\Http\ResponseEmitter.php, line 192
Cake\Http\ResponseEmitter->emitHeaders() C:\Apache24\htdocs\chestcounter\vendor\cakephp\cakephp\src\Http\ResponseEmitter.php, line 69
Cake\Http\ResponseEmitter->emit() C:\Apache24\htdocs\chestcounter\vendor\cakephp\cakephp\src\Http\Server.php, line 148
Cake\Http\Server->emit() C:\Apache24\htdocs\chestcounter\webroot\index.php, line 37
[main]

2025-10-19 21:44:38 warning: Passing query options as paginator settings is no longer supported. Use a custom finder through the `finder` config or pass a SelectQuery instance to paginate(). Extra keys found are: `contain`. - C:\Apache24\htdocs\chestcounter\vendor\cakephp\cakephp\src\Datasource\Paging\NumericPaginator.php, line: 222
Request URL: /history
Client IP: 127.0.0.1
Trace:
Cake\Error\ErrorTrap->handleError() [internal], line ??
C:\Apache24\htdocs\chestcounter\vendor\cakephp\cakephp\src\Core\functions.php C:\Apache24\htdocs\chestcounter\vendor\cakephp\cakephp\src\Core\functions.php, line 322
C:\Apache24\htdocs\chestcounter\vendor\cakephp\cakephp\src\Datasource\Paging\NumericPaginator.php C:\Apache24\htdocs\chestcounter\vendor\cakephp\cakephp\src\Datasource\Paging\NumericPaginator.php, line 331
Cake\Datasource\Paging\NumericPaginator->extractData() C:\Apache24\htdocs\chestcounter\vendor\cakephp\cakephp\src\Datasource\Paging\NumericPaginator.php, line 222
Cake\Datasource\Paging\NumericPaginator->paginate() C:\Apache24\htdocs\chestcounter\vendor\cakephp\cakephp\src\Controller\Controller.php, line 885
Cake\Controller\Controller->paginate() C:\Apache24\htdocs\chestcounter\src\Controller\PlayerCycleSummariesController.php, line 33
App\Controller\PlayerCycleSummariesController->index() C:\Apache24\htdocs\chestcounter\vendor\cakephp\cakephp\src\Controller\Controller.php, line 505
Cake\Controller\Controller->invokeAction() C:\Apache24\htdocs\chestcounter\vendor\cakephp\cakephp\src\Controller\ControllerFactory.php, line 166
Cake\Controller\ControllerFactory->handle() C:\Apache24\htdocs\chestcounter\vendor\cakephp\cakephp\src\Controller\ControllerFactory.php, line 141
Cake\Controller\ControllerFactory->invoke() C:\Apache24\htdocs\chestcounter\vendor\cakephp\cakephp\src\Http\BaseApplication.php, line 362
Cake\Http\BaseApplication->handle() C:\Apache24\htdocs\chestcounter\vendor\cakephp\cakephp\src\Http\Runner.php, line 86
Cake\Http\Runner->handle() C:\Apache24\htdocs\chestcounter\vendor\cakephp\cakephp\src\Http\Middleware\CsrfProtectionMiddleware.php, line 169
Cake\Http\Middleware\CsrfProtectionMiddleware->process() C:\Apache24\htdocs\chestcounter\vendor\cakephp\cakephp\src\Http\Runner.php, line 82
Cake\Http\Runner->handle() C:\Apache24\htdocs\chestcounter\vendor\cakephp\authentication\src\Middleware\AuthenticationMiddleware.php, line 106
Authentication\Middleware\AuthenticationMiddleware->process() C:\Apache24\htdocs\chestcounter\vendor\cakephp\cakephp\src\Http\Runner.php, line 82
Cake\Http\Runner->handle() C:\Apache24\htdocs\chestcounter\vendor\cakephp\cakephp\src\Http\Middleware\BodyParserMiddleware.php, line 157
Cake\Http\Middleware\BodyParserMiddleware->process() C:\Apache24\htdocs\chestcounter\vendor\cakephp\cakephp\src\Http\Runner.php, line 82
Cake\Http\Runner->handle() C:\Apache24\htdocs\chestcounter\vendor\cakephp\cakephp\src\Routing\Middleware\RoutingMiddleware.php, line 118
Cake\Routing\Middleware\RoutingMiddleware->process() C:\Apache24\htdocs\chestcounter\vendor\cakephp\cakephp\src\Http\Runner.php, line 82
Cake\Http\Runner->handle() C:\Apache24\htdocs\chestcounter\vendor\cakephp\cakephp\src\Routing\Middleware\AssetMiddleware.php, line 69
Cake\Routing\Middleware\AssetMiddleware->process() C:\Apache24\htdocs\chestcounter\vendor\cakephp\cakephp\src\Http\Runner.php, line 82
Cake\Http\Runner->handle() C:\Apache24\htdocs\chestcounter\vendor\cakephp\cakephp\src\Error\Middleware\ErrorHandlerMiddleware.php, line 115
Cake\Error\Middleware\ErrorHandlerMiddleware->process() C:\Apache24\htdocs\chestcounter\vendor\cakephp\cakephp\src\Http\Runner.php, line 82
Cake\Http\Runner->handle() C:\Apache24\htdocs\chestcounter\vendor\cakephp\cakephp\src\Http\Runner.php, line 60
Cake\Http\Runner->run() C:\Apache24\htdocs\chestcounter\vendor\cakephp\cakephp\src\Http\Server.php, line 104
Cake\Http\Server->run() C:\Apache24\htdocs\chestcounter\webroot\index.php, line 37
[main]

2025-10-19 21:44:38 warning: Unable to emit headers. Headers sent in file=C:\Apache24\htdocs\chestcounter\vendor\cakephp\cakephp\src\Error\Renderer\HtmlErrorRenderer.php line=37
Request URL: /history
Client IP: 127.0.0.1
Trace:
Cake\Error\ErrorTrap->handleError() [internal], line ??
C:\Apache24\htdocs\chestcounter\vendor\cakephp\cakephp\src\Http\ResponseEmitter.php C:\Apache24\htdocs\chestcounter\vendor\cakephp\cakephp\src\Http\ResponseEmitter.php, line 65
Cake\Http\ResponseEmitter->emit() C:\Apache24\htdocs\chestcounter\vendor\cakephp\cakephp\src\Http\Server.php, line 148
Cake\Http\Server->emit() C:\Apache24\htdocs\chestcounter\webroot\index.php, line 37
[main]

2025-10-19 21:44:38 warning: Cannot modify header information - headers already sent by (output started at C:\Apache24\htdocs\chestcounter\vendor\cakephp\cakephp\src\Error\Renderer\HtmlErrorRenderer.php:37)
Request URL: /history
Client IP: 127.0.0.1
Trace:
Cake\Error\ErrorTrap->handleError() [internal], line ??
C:\Apache24\htdocs\chestcounter\vendor\cakephp\cakephp\src\Http\ResponseEmitter.php C:\Apache24\htdocs\chestcounter\vendor\cakephp\cakephp\src\Http\ResponseEmitter.php, line 159
Cake\Http\ResponseEmitter->emitStatusLine() C:\Apache24\htdocs\chestcounter\vendor\cakephp\cakephp\src\Http\ResponseEmitter.php, line 68
Cake\Http\ResponseEmitter->emit() C:\Apache24\htdocs\chestcounter\vendor\cakephp\cakephp\src\Http\Server.php, line 148
Cake\Http\Server->emit() C:\Apache24\htdocs\chestcounter\webroot\index.php, line 37
[main]

2025-10-19 21:44:38 warning: Cannot modify header information - headers already sent by (output started at C:\Apache24\htdocs\chestcounter\vendor\cakephp\cakephp\src\Error\Renderer\HtmlErrorRenderer.php:37)
Request URL: /history
Client IP: 127.0.0.1
Trace:
Cake\Error\ErrorTrap->handleError() [internal], line ??
C:\Apache24\htdocs\chestcounter\vendor\cakephp\cakephp\src\Http\ResponseEmitter.php C:\Apache24\htdocs\chestcounter\vendor\cakephp\cakephp\src\Http\ResponseEmitter.php, line 192
Cake\Http\ResponseEmitter->emitHeaders() C:\Apache24\htdocs\chestcounter\vendor\cakephp\cakephp\src\Http\ResponseEmitter.php, line 69
Cake\Http\ResponseEmitter->emit() C:\Apache24\htdocs\chestcounter\vendor\cakephp\cakephp\src\Http\Server.php, line 148
Cake\Http\Server->emit() C:\Apache24\htdocs\chestcounter\webroot\index.php, line 37
[main]

2025-10-19 21:44:40 warning: Passing query options as paginator settings is no longer supported. Use a custom finder through the `finder` config or pass a SelectQuery instance to paginate(). Extra keys found are: `contain`. - C:\Apache24\htdocs\chestcounter\vendor\cakephp\cakephp\src\Datasource\Paging\NumericPaginator.php, line: 222
Request URL: /history
Client IP: 127.0.0.1
Trace:
Cake\Error\ErrorTrap->handleError() [internal], line ??
C:\Apache24\htdocs\chestcounter\vendor\cakephp\cakephp\src\Core\functions.php C:\Apache24\htdocs\chestcounter\vendor\cakephp\cakephp\src\Core\functions.php, line 322
C:\Apache24\htdocs\chestcounter\vendor\cakephp\cakephp\src\Datasource\Paging\NumericPaginator.php C:\Apache24\htdocs\chestcounter\vendor\cakephp\cakephp\src\Datasource\Paging\NumericPaginator.php, line 331
Cake\Datasource\Paging\NumericPaginator->extractData() C:\Apache24\htdocs\chestcounter\vendor\cakephp\cakephp\src\Datasource\Paging\NumericPaginator.php, line 222
Cake\Datasource\Paging\NumericPaginator->paginate() C:\Apache24\htdocs\chestcounter\vendor\cakephp\cakephp\src\Controller\Controller.php, line 885
Cake\Controller\Controller->paginate() C:\Apache24\htdocs\chestcounter\src\Controller\PlayerCycleSummariesController.php, line 33
App\Controller\PlayerCycleSummariesController->index() C:\Apache24\htdocs\chestcounter\vendor\cakephp\cakephp\src\Controller\Controller.php, line 505
Cake\Controller\Controller->invokeAction() C:\Apache24\htdocs\chestcounter\vendor\cakephp\cakephp\src\Controller\ControllerFactory.php, line 166
Cake\Controller\ControllerFactory->handle() C:\Apache24\htdocs\chestcounter\vendor\cakephp\cakephp\src\Controller\ControllerFactory.php, line 141
Cake\Controller\ControllerFactory->invoke() C:\Apache24\htdocs\chestcounter\vendor\cakephp\cakephp\src\Http\BaseApplication.php, line 362
Cake\Http\BaseApplication->handle() C:\Apache24\htdocs\chestcounter\vendor\cakephp\cakephp\src\Http\Runner.php, line 86
Cake\Http\Runner->handle() C:\Apache24\htdocs\chestcounter\vendor\cakephp\cakephp\src\Http\Middleware\CsrfProtectionMiddleware.php, line 169
Cake\Http\Middleware\CsrfProtectionMiddleware->process() C:\Apache24\htdocs\chestcounter\vendor\cakephp\cakephp\src\Http\Runner.php, line 82
Cake\Http\Runner->handle() C:\Apache24\htdocs\chestcounter\vendor\cakephp\authentication\src\Middleware\AuthenticationMiddleware.php, line 106
Authentication\Middleware\AuthenticationMiddleware->process() C:\Apache24\htdocs\chestcounter\vendor\cakephp\cakephp\src\Http\Runner.php, line 82
Cake\Http\Runner->handle() C:\Apache24\htdocs\chestcounter\vendor\cakephp\cakephp\src\Http\Middleware\BodyParserMiddleware.php, line 157
Cake\Http\Middleware\BodyParserMiddleware->process() C:\Apache24\htdocs\chestcounter\vendor\cakephp\cakephp\src\Http\Runner.php, line 82
Cake\Http\Runner->handle() C:\Apache24\htdocs\chestcounter\vendor\cakephp\cakephp\src\Routing\Middleware\RoutingMiddleware.php, line 118
Cake\Routing\Middleware\RoutingMiddleware->process() C:\Apache24\htdocs\chestcounter\vendor\cakephp\cakephp\src\Http\Runner.php, line 82
Cake\Http\Runner->handle() C:\Apache24\htdocs\chestcounter\vendor\cakephp\cakephp\src\Routing\Middleware\AssetMiddleware.php, line 69
Cake\Routing\Middleware\AssetMiddleware->process() C:\Apache24\htdocs\chestcounter\vendor\cakephp\cakephp\src\Http\Runner.php, line 82
Cake\Http\Runner->handle() C:\Apache24\htdocs\chestcounter\vendor\cakephp\cakephp\src\Error\Middleware\ErrorHandlerMiddleware.php, line 115
Cake\Error\Middleware\ErrorHandlerMiddleware->process() C:\Apache24\htdocs\chestcounter\vendor\cakephp\cakephp\src\Http\Runner.php, line 82
Cake\Http\Runner->handle() C:\Apache24\htdocs\chestcounter\vendor\cakephp\cakephp\src\Http\Runner.php, line 60
Cake\Http\Runner->run() C:\Apache24\htdocs\chestcounter\vendor\cakephp\cakephp\src\Http\Server.php, line 104
Cake\Http\Server->run() C:\Apache24\htdocs\chestcounter\webroot\index.php, line 37
[main]

2025-10-19 21:44:40 warning: Unable to emit headers. Headers sent in file=C:\Apache24\htdocs\chestcounter\vendor\cakephp\cakephp\src\Error\Renderer\HtmlErrorRenderer.php line=37
Request URL: /history
Client IP: 127.0.0.1
Trace:
Cake\Error\ErrorTrap->handleError() [internal], line ??
C:\Apache24\htdocs\chestcounter\vendor\cakephp\cakephp\src\Http\ResponseEmitter.php C:\Apache24\htdocs\chestcounter\vendor\cakephp\cakephp\src\Http\ResponseEmitter.php, line 65
Cake\Http\ResponseEmitter->emit() C:\Apache24\htdocs\chestcounter\vendor\cakephp\cakephp\src\Http\Server.php, line 148
Cake\Http\Server->emit() C:\Apache24\htdocs\chestcounter\webroot\index.php, line 37
[main]

2025-10-19 21:44:40 warning: Cannot modify header information - headers already sent by (output started at C:\Apache24\htdocs\chestcounter\vendor\cakephp\cakephp\src\Error\Renderer\HtmlErrorRenderer.php:37)
Request URL: /history
Client IP: 127.0.0.1
Trace:
Cake\Error\ErrorTrap->handleError() [internal], line ??
C:\Apache24\htdocs\chestcounter\vendor\cakephp\cakephp\src\Http\ResponseEmitter.php C:\Apache24\htdocs\chestcounter\vendor\cakephp\cakephp\src\Http\ResponseEmitter.php, line 159
Cake\Http\ResponseEmitter->emitStatusLine() C:\Apache24\htdocs\chestcounter\vendor\cakephp\cakephp\src\Http\ResponseEmitter.php, line 68
Cake\Http\ResponseEmitter->emit() C:\Apache24\htdocs\chestcounter\vendor\cakephp\cakephp\src\Http\Server.php, line 148
Cake\Http\Server->emit() C:\Apache24\htdocs\chestcounter\webroot\index.php, line 37
[main]

2025-10-19 21:44:40 warning: Cannot modify header information - headers already sent by (output started at C:\Apache24\htdocs\chestcounter\vendor\cakephp\cakephp\src\Error\Renderer\HtmlErrorRenderer.php:37)
Request URL: /history
Client IP: 127.0.0.1
Trace:
Cake\Error\ErrorTrap->handleError() [internal], line ??
C:\Apache24\htdocs\chestcounter\vendor\cakephp\cakephp\src\Http\ResponseEmitter.php C:\Apache24\htdocs\chestcounter\vendor\cakephp\cakephp\src\Http\ResponseEmitter.php, line 192
Cake\Http\ResponseEmitter->emitHeaders() C:\Apache24\htdocs\chestcounter\vendor\cakephp\cakephp\src\Http\ResponseEmitter.php, line 69
Cake\Http\ResponseEmitter->emit() C:\Apache24\htdocs\chestcounter\vendor\cakephp\cakephp\src\Http\Server.php, line 148
Cake\Http\Server->emit() C:\Apache24\htdocs\chestcounter\webroot\index.php, line 37
[main]

2025-10-19 21:46:06 warning: Passing query options as paginator settings is no longer supported. Use a custom finder through the `finder` config or pass a SelectQuery instance to paginate(). Extra keys found are: `contain`. - C:\Apache24\htdocs\chestcounter\vendor\cakephp\cakephp\src\Datasource\Paging\NumericPaginator.php, line: 222
Request URL: /history
Client IP: 127.0.0.1
Trace:
Cake\Error\ErrorTrap->handleError() [internal], line ??
C:\Apache24\htdocs\chestcounter\vendor\cakephp\cakephp\src\Core\functions.php C:\Apache24\htdocs\chestcounter\vendor\cakephp\cakephp\src\Core\functions.php, line 322
C:\Apache24\htdocs\chestcounter\vendor\cakephp\cakephp\src\Datasource\Paging\NumericPaginator.php C:\Apache24\htdocs\chestcounter\vendor\cakephp\cakephp\src\Datasource\Paging\NumericPaginator.php, line 331
Cake\Datasource\Paging\NumericPaginator->extractData() C:\Apache24\htdocs\chestcounter\vendor\cakephp\cakephp\src\Datasource\Paging\NumericPaginator.php, line 222
Cake\Datasource\Paging\NumericPaginator->paginate() C:\Apache24\htdocs\chestcounter\vendor\cakephp\cakephp\src\Controller\Controller.php, line 885
Cake\Controller\Controller->paginate() C:\Apache24\htdocs\chestcounter\src\Controller\PlayerCycleSummariesController.php, line 33
App\Controller\PlayerCycleSummariesController->index() C:\Apache24\htdocs\chestcounter\vendor\cakephp\cakephp\src\Controller\Controller.php, line 505
Cake\Controller\Controller->invokeAction() C:\Apache24\htdocs\chestcounter\vendor\cakephp\cakephp\src\Controller\ControllerFactory.php, line 166
Cake\Controller\ControllerFactory->handle() C:\Apache24\htdocs\chestcounter\vendor\cakephp\cakephp\src\Controller\ControllerFactory.php, line 141
Cake\Controller\ControllerFactory->invoke() C:\Apache24\htdocs\chestcounter\vendor\cakephp\cakephp\src\Http\BaseApplication.php, line 362
Cake\Http\BaseApplication->handle() C:\Apache24\htdocs\chestcounter\vendor\cakephp\cakephp\src\Http\Runner.php, line 86
Cake\Http\Runner->handle() C:\Apache24\htdocs\chestcounter\vendor\cakephp\cakephp\src\Http\Middleware\CsrfProtectionMiddleware.php, line 169
Cake\Http\Middleware\CsrfProtectionMiddleware->process() C:\Apache24\htdocs\chestcounter\vendor\cakephp\cakephp\src\Http\Runner.php, line 82
Cake\Http\Runner->handle() C:\Apache24\htdocs\chestcounter\vendor\cakephp\authentication\src\Middleware\AuthenticationMiddleware.php, line 106
Authentication\Middleware\AuthenticationMiddleware->process() C:\Apache24\htdocs\chestcounter\vendor\cakephp\cakephp\src\Http\Runner.php, line 82
Cake\Http\Runner->handle() C:\Apache24\htdocs\chestcounter\vendor\cakephp\cakephp\src\Http\Middleware\BodyParserMiddleware.php, line 157
Cake\Http\Middleware\BodyParserMiddleware->process() C:\Apache24\htdocs\chestcounter\vendor\cakephp\cakephp\src\Http\Runner.php, line 82
Cake\Http\Runner->handle() C:\Apache24\htdocs\chestcounter\vendor\cakephp\cakephp\src\Routing\Middleware\RoutingMiddleware.php, line 118
Cake\Routing\Middleware\RoutingMiddleware->process() C:\Apache24\htdocs\chestcounter\vendor\cakephp\cakephp\src\Http\Runner.php, line 82
Cake\Http\Runner->handle() C:\Apache24\htdocs\chestcounter\vendor\cakephp\cakephp\src\Routing\Middleware\AssetMiddleware.php, line 69
Cake\Routing\Middleware\AssetMiddleware->process() C:\Apache24\htdocs\chestcounter\vendor\cakephp\cakephp\src\Http\Runner.php, line 82
Cake\Http\Runner->handle() C:\Apache24\htdocs\chestcounter\vendor\cakephp\cakephp\src\Error\Middleware\ErrorHandlerMiddleware.php, line 115
Cake\Error\Middleware\ErrorHandlerMiddleware->process() C:\Apache24\htdocs\chestcounter\vendor\cakephp\cakephp\src\Http\Runner.php, line 82
Cake\Http\Runner->handle() C:\Apache24\htdocs\chestcounter\vendor\cakephp\cakephp\src\Http\Runner.php, line 60
Cake\Http\Runner->run() C:\Apache24\htdocs\chestcounter\vendor\cakephp\cakephp\src\Http\Server.php, line 104
Cake\Http\Server->run() C:\Apache24\htdocs\chestcounter\webroot\index.php, line 37
[main]

2025-10-19 21:46:06 warning: Unable to emit headers. Headers sent in file=C:\Apache24\htdocs\chestcounter\vendor\cakephp\cakephp\src\Error\Renderer\HtmlErrorRenderer.php line=37
Request URL: /history
Client IP: 127.0.0.1
Trace:
Cake\Error\ErrorTrap->handleError() [internal], line ??
C:\Apache24\htdocs\chestcounter\vendor\cakephp\cakephp\src\Http\ResponseEmitter.php C:\Apache24\htdocs\chestcounter\vendor\cakephp\cakephp\src\Http\ResponseEmitter.php, line 65
Cake\Http\ResponseEmitter->emit() C:\Apache24\htdocs\chestcounter\vendor\cakephp\cakephp\src\Http\Server.php, line 148
Cake\Http\Server->emit() C:\Apache24\htdocs\chestcounter\webroot\index.php, line 37
[main]

2025-10-19 21:46:06 warning: Cannot modify header information - headers already sent by (output started at C:\Apache24\htdocs\chestcounter\vendor\cakephp\cakephp\src\Error\Renderer\HtmlErrorRenderer.php:37)
Request URL: /history
Client IP: 127.0.0.1
Trace:
Cake\Error\ErrorTrap->handleError() [internal], line ??
C:\Apache24\htdocs\chestcounter\vendor\cakephp\cakephp\src\Http\ResponseEmitter.php C:\Apache24\htdocs\chestcounter\vendor\cakephp\cakephp\src\Http\ResponseEmitter.php, line 159
Cake\Http\ResponseEmitter->emitStatusLine() C:\Apache24\htdocs\chestcounter\vendor\cakephp\cakephp\src\Http\ResponseEmitter.php, line 68
Cake\Http\ResponseEmitter->emit() C:\Apache24\htdocs\chestcounter\vendor\cakephp\cakephp\src\Http\Server.php, line 148
Cake\Http\Server->emit() C:\Apache24\htdocs\chestcounter\webroot\index.php, line 37
[main]

2025-10-19 21:46:06 warning: Cannot modify header information - headers already sent by (output started at C:\Apache24\htdocs\chestcounter\vendor\cakephp\cakephp\src\Error\Renderer\HtmlErrorRenderer.php:37)
Request URL: /history
Client IP: 127.0.0.1
Trace:
Cake\Error\ErrorTrap->handleError() [internal], line ??
C:\Apache24\htdocs\chestcounter\vendor\cakephp\cakephp\src\Http\ResponseEmitter.php C:\Apache24\htdocs\chestcounter\vendor\cakephp\cakephp\src\Http\ResponseEmitter.php, line 192
Cake\Http\ResponseEmitter->emitHeaders() C:\Apache24\htdocs\chestcounter\vendor\cakephp\cakephp\src\Http\ResponseEmitter.php, line 69
Cake\Http\ResponseEmitter->emit() C:\Apache24\htdocs\chestcounter\vendor\cakephp\cakephp\src\Http\Server.php, line 148
Cake\Http\Server->emit() C:\Apache24\htdocs\chestcounter\webroot\index.php, line 37
[main]

2025-10-19 21:46:12 warning: Unable to emit headers. Headers sent in file=C:\Apache24\htdocs\chestcounter\vendor\cakephp\cakephp\src\Error\Renderer\HtmlErrorRenderer.php line=37
Request URL: /score
Referer URL: http://127.0.0.1/chestcounter/history
Client IP: 127.0.0.1
Trace:
Cake\Error\ErrorTrap->handleError() [internal], line ??
C:\Apache24\htdocs\chestcounter\vendor\cakephp\cakephp\src\Http\ResponseEmitter.php C:\Apache24\htdocs\chestcounter\vendor\cakephp\cakephp\src\Http\ResponseEmitter.php, line 65
Cake\Http\ResponseEmitter->emit() C:\Apache24\htdocs\chestcounter\vendor\cakephp\cakephp\src\Http\Server.php, line 148
Cake\Http\Server->emit() C:\Apache24\htdocs\chestcounter\webroot\index.php, line 37
[main]

2025-10-19 21:46:12 warning: Cannot modify header information - headers already sent by (output started at C:\Apache24\htdocs\chestcounter\vendor\cakephp\cakephp\src\Error\Renderer\HtmlErrorRenderer.php:37)
Request URL: /score
Referer URL: http://127.0.0.1/chestcounter/history
Client IP: 127.0.0.1
Trace:
Cake\Error\ErrorTrap->handleError() [internal], line ??
C:\Apache24\htdocs\chestcounter\vendor\cakephp\cakephp\src\Http\ResponseEmitter.php C:\Apache24\htdocs\chestcounter\vendor\cakephp\cakephp\src\Http\ResponseEmitter.php, line 159
Cake\Http\ResponseEmitter->emitStatusLine() C:\Apache24\htdocs\chestcounter\vendor\cakephp\cakephp\src\Http\ResponseEmitter.php, line 68
Cake\Http\ResponseEmitter->emit() C:\Apache24\htdocs\chestcounter\vendor\cakephp\cakephp\src\Http\Server.php, line 148
Cake\Http\Server->emit() C:\Apache24\htdocs\chestcounter\webroot\index.php, line 37
[main]

2025-10-19 21:46:12 warning: Cannot modify header information - headers already sent by (output started at C:\Apache24\htdocs\chestcounter\vendor\cakephp\cakephp\src\Error\Renderer\HtmlErrorRenderer.php:37)
Request URL: /score
Referer URL: http://127.0.0.1/chestcounter/history
Client IP: 127.0.0.1
Trace:
Cake\Error\ErrorTrap->handleError() [internal], line ??
C:\Apache24\htdocs\chestcounter\vendor\cakephp\cakephp\src\Http\ResponseEmitter.php C:\Apache24\htdocs\chestcounter\vendor\cakephp\cakephp\src\Http\ResponseEmitter.php, line 192
Cake\Http\ResponseEmitter->emitHeaders() C:\Apache24\htdocs\chestcounter\vendor\cakephp\cakephp\src\Http\ResponseEmitter.php, line 69
Cake\Http\ResponseEmitter->emit() C:\Apache24\htdocs\chestcounter\vendor\cakephp\cakephp\src\Http\Server.php, line 148
Cake\Http\Server->emit() C:\Apache24\htdocs\chestcounter\webroot\index.php, line 37
[main]

2025-10-19 21:46:14 error: [InvalidArgumentException] The `Cycles` association is not defined on `PlayerCycleSummaries`. in C:\Apache24\htdocs\chestcounter\vendor\cakephp\cakephp\src\ORM\Table.php on line 900
Stack Trace:
- CORE\src\ORM\EagerLoader.php:480
- CORE\src\ORM\EagerLoader.php:303
- CORE\src\ORM\EagerLoader.php:436
- CORE\src\ORM\EagerLoader.php:407
- CORE\src\ORM\Query\SelectQuery.php:1613
- CORE\src\ORM\Query\SelectQuery.php:1552
- CORE\src\Database\Driver.php:394
- CORE\src\Database\Driver\Mysql.php:172
- CORE\src\Database\Connection.php:280
- CORE\src\Core\Retry\CommandRetry.php:71
- CORE\src\Database\Connection.php:280
- CORE\src\Database\Query.php:223
- CORE\src\Database\Query\SelectQuery.php:122
- CORE\src\ORM\Query\SelectQuery.php:1570
- CORE\src\ORM\Query\SelectQuery.php:382
- CORE\src\ORM\Query\SelectQuery.php:234
- ROOT\templates\PlayerCycleSummaries\player_history.php:21
- CORE\src\View\View.php:1188
- CORE\src\View\View.php:1145
- CORE\src\View\View.php:785
- CORE\src\Controller\Controller.php:712
- CORE\src\Controller\Controller.php:516
- CORE\src\Controller\ControllerFactory.php:166
- CORE\src\Controller\ControllerFactory.php:141
- CORE\src\Http\BaseApplication.php:362
- CORE\src\Http\Runner.php:86
- CORE\src\Http\Middleware\CsrfProtectionMiddleware.php:169
- CORE\src\Http\Runner.php:82
- ROOT\vendor\cakephp\authentication\src\Middleware\AuthenticationMiddleware.php:106
- CORE\src\Http\Runner.php:82
- CORE\src\Http\Middleware\BodyParserMiddleware.php:157
- CORE\src\Http\Runner.php:82
- CORE\src\Routing\Middleware\RoutingMiddleware.php:118
- CORE\src\Http\Runner.php:82
- CORE\src\Routing\Middleware\AssetMiddleware.php:69
- CORE\src\Http\Runner.php:82
- CORE\src\Error\Middleware\ErrorHandlerMiddleware.php:115
- CORE\src\Http\Runner.php:82
- CORE\src\Http\Runner.php:60
- CORE\src\Http\Server.php:104
- ROOT\webroot\index.php:37
- [main]:

Request URL: /player-cycle-summaries/player-history/Rainfury
Referer URL: http://127.0.0.1/chestcounter/score
Client IP: 127.0.0.1
2025-10-19 21:48:09 warning: Unable to emit headers. Headers sent in file=C:\Apache24\htdocs\chestcounter\vendor\cakephp\cakephp\src\Error\Renderer\HtmlErrorRenderer.php line=37
Request URL: /score
Referer URL: http://127.0.0.1/chestcounter/history
Client IP: 127.0.0.1
Trace:
Cake\Error\ErrorTrap->handleError() [internal], line ??
C:\Apache24\htdocs\chestcounter\vendor\cakephp\cakephp\src\Http\ResponseEmitter.php C:\Apache24\htdocs\chestcounter\vendor\cakephp\cakephp\src\Http\ResponseEmitter.php, line 65
Cake\Http\ResponseEmitter->emit() C:\Apache24\htdocs\chestcounter\vendor\cakephp\cakephp\src\Http\Server.php, line 148
Cake\Http\Server->emit() C:\Apache24\htdocs\chestcounter\webroot\index.php, line 37
[main]

2025-10-19 21:48:09 warning: Cannot modify header information - headers already sent by (output started at C:\Apache24\htdocs\chestcounter\vendor\cakephp\cakephp\src\Error\Renderer\HtmlErrorRenderer.php:37)
Request URL: /score
Referer URL: http://127.0.0.1/chestcounter/history
Client IP: 127.0.0.1
Trace:
Cake\Error\ErrorTrap->handleError() [internal], line ??
C:\Apache24\htdocs\chestcounter\vendor\cakephp\cakephp\src\Http\ResponseEmitter.php C:\Apache24\htdocs\chestcounter\vendor\cakephp\cakephp\src\Http\ResponseEmitter.php, line 159
Cake\Http\ResponseEmitter->emitStatusLine() C:\Apache24\htdocs\chestcounter\vendor\cakephp\cakephp\src\Http\ResponseEmitter.php, line 68
Cake\Http\ResponseEmitter->emit() C:\Apache24\htdocs\chestcounter\vendor\cakephp\cakephp\src\Http\Server.php, line 148
Cake\Http\Server->emit() C:\Apache24\htdocs\chestcounter\webroot\index.php, line 37
[main]

2025-10-19 21:48:09 warning: Cannot modify header information - headers already sent by (output started at C:\Apache24\htdocs\chestcounter\vendor\cakephp\cakephp\src\Error\Renderer\HtmlErrorRenderer.php:37)
Request URL: /score
Referer URL: http://127.0.0.1/chestcounter/history
Client IP: 127.0.0.1
Trace:
Cake\Error\ErrorTrap->handleError() [internal], line ??
C:\Apache24\htdocs\chestcounter\vendor\cakephp\cakephp\src\Http\ResponseEmitter.php C:\Apache24\htdocs\chestcounter\vendor\cakephp\cakephp\src\Http\ResponseEmitter.php, line 192
Cake\Http\ResponseEmitter->emitHeaders() C:\Apache24\htdocs\chestcounter\vendor\cakephp\cakephp\src\Http\ResponseEmitter.php, line 69
Cake\Http\ResponseEmitter->emit() C:\Apache24\htdocs\chestcounter\vendor\cakephp\cakephp\src\Http\Server.php, line 148
Cake\Http\Server->emit() C:\Apache24\htdocs\chestcounter\webroot\index.php, line 37
[main]

2025-10-19 22:08:20 warning: Unable to emit headers. Headers sent in file=C:\Apache24\htdocs\chestcounter\vendor\cakephp\cakephp\src\Error\Renderer\HtmlErrorRenderer.php line=37
Request URL: /score
Referer URL: http://127.0.0.1/chestcounter/history
Client IP: 127.0.0.1
Trace:
Cake\Error\ErrorTrap->handleError() [internal], line ??
C:\Apache24\htdocs\chestcounter\vendor\cakephp\cakephp\src\Http\ResponseEmitter.php C:\Apache24\htdocs\chestcounter\vendor\cakephp\cakephp\src\Http\ResponseEmitter.php, line 65
Cake\Http\ResponseEmitter->emit() C:\Apache24\htdocs\chestcounter\vendor\cakephp\cakephp\src\Http\Server.php, line 148
Cake\Http\Server->emit() C:\Apache24\htdocs\chestcounter\webroot\index.php, line 37
[main]

2025-10-19 22:08:20 warning: Cannot modify header information - headers already sent by (output started at C:\Apache24\htdocs\chestcounter\vendor\cakephp\cakephp\src\Error\Renderer\HtmlErrorRenderer.php:37)
Request URL: /score
Referer URL: http://127.0.0.1/chestcounter/history
Client IP: 127.0.0.1
Trace:
Cake\Error\ErrorTrap->handleError() [internal], line ??
C:\Apache24\htdocs\chestcounter\vendor\cakephp\cakephp\src\Http\ResponseEmitter.php C:\Apache24\htdocs\chestcounter\vendor\cakephp\cakephp\src\Http\ResponseEmitter.php, line 159
Cake\Http\ResponseEmitter->emitStatusLine() C:\Apache24\htdocs\chestcounter\vendor\cakephp\cakephp\src\Http\ResponseEmitter.php, line 68
Cake\Http\ResponseEmitter->emit() C:\Apache24\htdocs\chestcounter\vendor\cakephp\cakephp\src\Http\Server.php, line 148
Cake\Http\Server->emit() C:\Apache24\htdocs\chestcounter\webroot\index.php, line 37
[main]

2025-10-19 22:08:20 warning: Cannot modify header information - headers already sent by (output started at C:\Apache24\htdocs\chestcounter\vendor\cakephp\cakephp\src\Error\Renderer\HtmlErrorRenderer.php:37)
Request URL: /score
Referer URL: http://127.0.0.1/chestcounter/history
Client IP: 127.0.0.1
Trace:
Cake\Error\ErrorTrap->handleError() [internal], line ??
C:\Apache24\htdocs\chestcounter\vendor\cakephp\cakephp\src\Http\ResponseEmitter.php C:\Apache24\htdocs\chestcounter\vendor\cakephp\cakephp\src\Http\ResponseEmitter.php, line 192
Cake\Http\ResponseEmitter->emitHeaders() C:\Apache24\htdocs\chestcounter\vendor\cakephp\cakephp\src\Http\ResponseEmitter.php, line 69
Cake\Http\ResponseEmitter->emit() C:\Apache24\htdocs\chestcounter\vendor\cakephp\cakephp\src\Http\Server.php, line 148
Cake\Http\Server->emit() C:\Apache24\htdocs\chestcounter\webroot\index.php, line 37
[main]

2025-10-19 22:10:45 warning: Unable to emit headers. Headers sent in file=C:\Apache24\htdocs\chestcounter\vendor\cakephp\cakephp\src\Error\Renderer\HtmlErrorRenderer.php line=37
Request URL: /score
Referer URL: http://127.0.0.1/chestcounter/player-cycle-summaries/player-history/Rainfury
Client IP: 127.0.0.1
Trace:
Cake\Error\ErrorTrap->handleError() [internal], line ??
C:\Apache24\htdocs\chestcounter\vendor\cakephp\cakephp\src\Http\ResponseEmitter.php C:\Apache24\htdocs\chestcounter\vendor\cakephp\cakephp\src\Http\ResponseEmitter.php, line 65
Cake\Http\ResponseEmitter->emit() C:\Apache24\htdocs\chestcounter\vendor\cakephp\cakephp\src\Http\Server.php, line 148
Cake\Http\Server->emit() C:\Apache24\htdocs\chestcounter\webroot\index.php, line 37
[main]

2025-10-19 22:10:45 warning: Cannot modify header information - headers already sent by (output started at C:\Apache24\htdocs\chestcounter\vendor\cakephp\cakephp\src\Error\Renderer\HtmlErrorRenderer.php:37)
Request URL: /score
Referer URL: http://127.0.0.1/chestcounter/player-cycle-summaries/player-history/Rainfury
Client IP: 127.0.0.1
Trace:
Cake\Error\ErrorTrap->handleError() [internal], line ??
C:\Apache24\htdocs\chestcounter\vendor\cakephp\cakephp\src\Http\ResponseEmitter.php C:\Apache24\htdocs\chestcounter\vendor\cakephp\cakephp\src\Http\ResponseEmitter.php, line 159
Cake\Http\ResponseEmitter->emitStatusLine() C:\Apache24\htdocs\chestcounter\vendor\cakephp\cakephp\src\Http\ResponseEmitter.php, line 68
Cake\Http\ResponseEmitter->emit() C:\Apache24\htdocs\chestcounter\vendor\cakephp\cakephp\src\Http\Server.php, line 148
Cake\Http\Server->emit() C:\Apache24\htdocs\chestcounter\webroot\index.php, line 37
[main]

2025-10-19 22:10:45 warning: Cannot modify header information - headers already sent by (output started at C:\Apache24\htdocs\chestcounter\vendor\cakephp\cakephp\src\Error\Renderer\HtmlErrorRenderer.php:37)
Request URL: /score
Referer URL: http://127.0.0.1/chestcounter/player-cycle-summaries/player-history/Rainfury
Client IP: 127.0.0.1
Trace:
Cake\Error\ErrorTrap->handleError() [internal], line ??
C:\Apache24\htdocs\chestcounter\vendor\cakephp\cakephp\src\Http\ResponseEmitter.php C:\Apache24\htdocs\chestcounter\vendor\cakephp\cakephp\src\Http\ResponseEmitter.php, line 192
Cake\Http\ResponseEmitter->emitHeaders() C:\Apache24\htdocs\chestcounter\vendor\cakephp\cakephp\src\Http\ResponseEmitter.php, line 69
Cake\Http\ResponseEmitter->emit() C:\Apache24\htdocs\chestcounter\vendor\cakephp\cakephp\src\Http\Server.php, line 148
Cake\Http\Server->emit() C:\Apache24\htdocs\chestcounter\webroot\index.php, line 37
[main]

2025-10-19 22:12:22 warning: Unable to emit headers. Headers sent in file=C:\Apache24\htdocs\chestcounter\vendor\cakephp\cakephp\src\Error\Renderer\HtmlErrorRenderer.php line=37
Request URL: /player-cycle-summaries/player-history/NuTs%2BB%2BLandin
Referer URL: http://127.0.0.1/chestcounter/score
Client IP: 127.0.0.1
Trace:
Cake\Error\ErrorTrap->handleError() [internal], line ??
C:\Apache24\htdocs\chestcounter\vendor\cakephp\cakephp\src\Http\ResponseEmitter.php C:\Apache24\htdocs\chestcounter\vendor\cakephp\cakephp\src\Http\ResponseEmitter.php, line 65
Cake\Http\ResponseEmitter->emit() C:\Apache24\htdocs\chestcounter\vendor\cakephp\cakephp\src\Http\Server.php, line 148
Cake\Http\Server->emit() C:\Apache24\htdocs\chestcounter\webroot\index.php, line 37
[main]

2025-10-19 22:12:22 warning: Cannot modify header information - headers already sent by (output started at C:\Apache24\htdocs\chestcounter\vendor\cakephp\cakephp\src\Error\Renderer\HtmlErrorRenderer.php:37)
Request URL: /player-cycle-summaries/player-history/NuTs%2BB%2BLandin
Referer URL: http://127.0.0.1/chestcounter/score
Client IP: 127.0.0.1
Trace:
Cake\Error\ErrorTrap->handleError() [internal], line ??
C:\Apache24\htdocs\chestcounter\vendor\cakephp\cakephp\src\Http\ResponseEmitter.php C:\Apache24\htdocs\chestcounter\vendor\cakephp\cakephp\src\Http\ResponseEmitter.php, line 159
Cake\Http\ResponseEmitter->emitStatusLine() C:\Apache24\htdocs\chestcounter\vendor\cakephp\cakephp\src\Http\ResponseEmitter.php, line 68
Cake\Http\ResponseEmitter->emit() C:\Apache24\htdocs\chestcounter\vendor\cakephp\cakephp\src\Http\Server.php, line 148
Cake\Http\Server->emit() C:\Apache24\htdocs\chestcounter\webroot\index.php, line 37
[main]

2025-10-19 22:12:22 warning: Cannot modify header information - headers already sent by (output started at C:\Apache24\htdocs\chestcounter\vendor\cakephp\cakephp\src\Error\Renderer\HtmlErrorRenderer.php:37)
Request URL: /player-cycle-summaries/player-history/NuTs%2BB%2BLandin
Referer URL: http://127.0.0.1/chestcounter/score
Client IP: 127.0.0.1
Trace:
Cake\Error\ErrorTrap->handleError() [internal], line ??
C:\Apache24\htdocs\chestcounter\vendor\cakephp\cakephp\src\Http\ResponseEmitter.php C:\Apache24\htdocs\chestcounter\vendor\cakephp\cakephp\src\Http\ResponseEmitter.php, line 192
Cake\Http\ResponseEmitter->emitHeaders() C:\Apache24\htdocs\chestcounter\vendor\cakephp\cakephp\src\Http\ResponseEmitter.php, line 69
Cake\Http\ResponseEmitter->emit() C:\Apache24\htdocs\chestcounter\vendor\cakephp\cakephp\src\Http\Server.php, line 148
Cake\Http\Server->emit() C:\Apache24\htdocs\chestcounter\webroot\index.php, line 37
[main]

2025-10-19 22:21:53 error: [TypeError] urldecode(): Argument #1 ($string) must be of type string, null given in C:\Apache24\htdocs\chestcounter\src\Controller\PlayerCycleSummariesController.php on line 91
Stack Trace:
- APP/Controller\PlayerCycleSummariesController.php:91
- CORE\src\Controller\Controller.php:505
- CORE\src\Controller\ControllerFactory.php:166
- CORE\src\Controller\ControllerFactory.php:141
- CORE\src\Http\BaseApplication.php:362
- CORE\src\Http\Runner.php:86
- CORE\src\Http\Middleware\CsrfProtectionMiddleware.php:169
- CORE\src\Http\Runner.php:82
- ROOT\vendor\cakephp\authentication\src\Middleware\AuthenticationMiddleware.php:106
- CORE\src\Http\Runner.php:82
- CORE\src\Http\Middleware\BodyParserMiddleware.php:157
- CORE\src\Http\Runner.php:82
- CORE\src\Routing\Middleware\RoutingMiddleware.php:118
- CORE\src\Http\Runner.php:82
- CORE\src\Routing\Middleware\AssetMiddleware.php:69
- CORE\src\Http\Runner.php:82
- CORE\src\Error\Middleware\ErrorHandlerMiddleware.php:115
- CORE\src\Http\Runner.php:82
- CORE\src\Http\Runner.php:60
- CORE\src\Http\Server.php:104
- ROOT\webroot\index.php:37
- [main]:

Request URL: /player-cycle-summaries/player-history/
Client IP: 127.0.0.1
2025-10-19 22:21:57 error: [TypeError] urldecode(): Argument #1 ($string) must be of type string, null given in C:\Apache24\htdocs\chestcounter\src\Controller\PlayerCycleSummariesController.php on line 91
Stack Trace:
- APP/Controller\PlayerCycleSummariesController.php:91
- CORE\src\Controller\Controller.php:505
- CORE\src\Controller\ControllerFactory.php:166
- CORE\src\Controller\ControllerFactory.php:141
- CORE\src\Http\BaseApplication.php:362
- CORE\src\Http\Runner.php:86
- CORE\src\Http\Middleware\CsrfProtectionMiddleware.php:169
- CORE\src\Http\Runner.php:82
- ROOT\vendor\cakephp\authentication\src\Middleware\AuthenticationMiddleware.php:106
- CORE\src\Http\Runner.php:82
- CORE\src\Http\Middleware\BodyParserMiddleware.php:157
- CORE\src\Http\Runner.php:82
- CORE\src\Routing\Middleware\RoutingMiddleware.php:118
- CORE\src\Http\Runner.php:82
- CORE\src\Routing\Middleware\AssetMiddleware.php:69
- CORE\src\Http\Runner.php:82
- CORE\src\Error\Middleware\ErrorHandlerMiddleware.php:115
- CORE\src\Http\Runner.php:82
- CORE\src\Http\Runner.php:60
- CORE\src\Http\Server.php:104
- ROOT\webroot\index.php:37
- [main]:

Request URL: /player-cycle-summaries/player-history
Client IP: 127.0.0.1
2025-10-19 22:22:09 error: [Cake\Controller\Exception\MissingActionException] Action `PlayerCycleSummariesController::playerhistory()` could not be found, or is not accessible. in C:\Apache24\htdocs\chestcounter\vendor\cakephp\cakephp\src\Controller\Controller.php on line 487
Exception Attributes: array (
  0 => 'PlayerCycleSummariesController',
  1 => 'playerhistory',
)
Stack Trace:
- CORE\src\Controller\ControllerFactory.php:161
- CORE\src\Controller\ControllerFactory.php:141
- CORE\src\Http\BaseApplication.php:362
- CORE\src\Http\Runner.php:86
- CORE\src\Http\Middleware\CsrfProtectionMiddleware.php:169
- CORE\src\Http\Runner.php:82
- ROOT\vendor\cakephp\authentication\src\Middleware\AuthenticationMiddleware.php:106
- CORE\src\Http\Runner.php:82
- CORE\src\Http\Middleware\BodyParserMiddleware.php:157
- CORE\src\Http\Runner.php:82
- CORE\src\Routing\Middleware\RoutingMiddleware.php:118
- CORE\src\Http\Runner.php:82
- CORE\src\Routing\Middleware\AssetMiddleware.php:69
- CORE\src\Http\Runner.php:82
- CORE\src\Error\Middleware\ErrorHandlerMiddleware.php:115
- CORE\src\Http\Runner.php:82
- CORE\src\Http\Runner.php:60
- CORE\src\Http\Server.php:104
- ROOT\webroot\index.php:37
- [main]:

Request URL: /player-cycle-summaries/playerhistory
Client IP: 127.0.0.1
2025-10-19 22:22:09 warning: Undefined variable $type
Request URL: /player-cycle-summaries/playerhistory
Client IP: 127.0.0.1
Trace:
Cake\Error\ErrorTrap->handleError() C:\Apache24\htdocs\chestcounter\vendor\cakephp\cakephp\templates\Error\missing_action.php, line 49
C:\Apache24\htdocs\chestcounter\vendor\cakephp\cakephp\src\View\View.php C:\Apache24\htdocs\chestcounter\vendor\cakephp\cakephp\src\View\View.php, line 1188
Cake\View\View->_evaluate() C:\Apache24\htdocs\chestcounter\vendor\cakephp\cakephp\src\View\View.php, line 1145
Cake\View\View->_render() C:\Apache24\htdocs\chestcounter\vendor\cakephp\cakephp\src\View\View.php, line 785
Cake\View\View->render() C:\Apache24\htdocs\chestcounter\vendor\cakephp\cakephp\src\Controller\Controller.php, line 712
Cake\Controller\Controller->render() C:\Apache24\htdocs\chestcounter\vendor\cakephp\cakephp\src\Error\Renderer\WebExceptionRenderer.php, line 419
Cake\Error\Renderer\WebExceptionRenderer->_outputMessage() C:\Apache24\htdocs\chestcounter\vendor\cakephp\cakephp\src\Error\Renderer\WebExceptionRenderer.php, line 290
Cake\Error\Renderer\WebExceptionRenderer->render() C:\Apache24\htdocs\chestcounter\vendor\cakephp\cakephp\src\Error\Middleware\ErrorHandlerMiddleware.php, line 149
Cake\Error\Middleware\ErrorHandlerMiddleware->handleException() C:\Apache24\htdocs\chestcounter\vendor\cakephp\cakephp\src\Error\Middleware\ErrorHandlerMiddleware.php, line 119
Cake\Error\Middleware\ErrorHandlerMiddleware->process() C:\Apache24\htdocs\chestcounter\vendor\cakephp\cakephp\src\Http\Runner.php, line 82
Cake\Http\Runner->handle() C:\Apache24\htdocs\chestcounter\vendor\cakephp\cakephp\src\Http\Runner.php, line 60
Cake\Http\Runner->run() C:\Apache24\htdocs\chestcounter\vendor\cakephp\cakephp\src\Http\Server.php, line 104
Cake\Http\Server->run() C:\Apache24\htdocs\chestcounter\webroot\index.php, line 37
[main]

2025-10-19 22:22:09 warning: Undefined variable $class
Request URL: /player-cycle-summaries/playerhistory
Client IP: 127.0.0.1
Trace:
Cake\Error\ErrorTrap->handleError() C:\Apache24\htdocs\chestcounter\vendor\cakephp\cakephp\templates\Error\missing_action.php, line 49
C:\Apache24\htdocs\chestcounter\vendor\cakephp\cakephp\src\View\View.php C:\Apache24\htdocs\chestcounter\vendor\cakephp\cakephp\src\View\View.php, line 1188
Cake\View\View->_evaluate() C:\Apache24\htdocs\chestcounter\vendor\cakephp\cakephp\src\View\View.php, line 1145
Cake\View\View->_render() C:\Apache24\htdocs\chestcounter\vendor\cakephp\cakephp\src\View\View.php, line 785
Cake\View\View->render() C:\Apache24\htdocs\chestcounter\vendor\cakephp\cakephp\src\Controller\Controller.php, line 712
Cake\Controller\Controller->render() C:\Apache24\htdocs\chestcounter\vendor\cakephp\cakephp\src\Error\Renderer\WebExceptionRenderer.php, line 419
Cake\Error\Renderer\WebExceptionRenderer->_outputMessage() C:\Apache24\htdocs\chestcounter\vendor\cakephp\cakephp\src\Error\Renderer\WebExceptionRenderer.php, line 290
Cake\Error\Renderer\WebExceptionRenderer->render() C:\Apache24\htdocs\chestcounter\vendor\cakephp\cakephp\src\Error\Middleware\ErrorHandlerMiddleware.php, line 149
Cake\Error\Middleware\ErrorHandlerMiddleware->handleException() C:\Apache24\htdocs\chestcounter\vendor\cakephp\cakephp\src\Error\Middleware\ErrorHandlerMiddleware.php, line 119
Cake\Error\Middleware\ErrorHandlerMiddleware->process() C:\Apache24\htdocs\chestcounter\vendor\cakephp\cakephp\src\Http\Runner.php, line 82
Cake\Http\Runner->handle() C:\Apache24\htdocs\chestcounter\vendor\cakephp\cakephp\src\Http\Runner.php, line 60
Cake\Http\Runner->run() C:\Apache24\htdocs\chestcounter\vendor\cakephp\cakephp\src\Http\Server.php, line 104
Cake\Http\Server->run() C:\Apache24\htdocs\chestcounter\webroot\index.php, line 37
[main]

2025-10-19 22:22:09 warning: Undefined variable $class
Request URL: /player-cycle-summaries/playerhistory
Client IP: 127.0.0.1
Trace:
Cake\Error\ErrorTrap->handleError() C:\Apache24\htdocs\chestcounter\vendor\cakephp\cakephp\templates\Error\missing_action.php, line 56
C:\Apache24\htdocs\chestcounter\vendor\cakephp\cakephp\src\View\View.php C:\Apache24\htdocs\chestcounter\vendor\cakephp\cakephp\src\View\View.php, line 1188
Cake\View\View->_evaluate() C:\Apache24\htdocs\chestcounter\vendor\cakephp\cakephp\src\View\View.php, line 1145
Cake\View\View->_render() C:\Apache24\htdocs\chestcounter\vendor\cakephp\cakephp\src\View\View.php, line 785
Cake\View\View->render() C:\Apache24\htdocs\chestcounter\vendor\cakephp\cakephp\src\Controller\Controller.php, line 712
Cake\Controller\Controller->render() C:\Apache24\htdocs\chestcounter\vendor\cakephp\cakephp\src\Error\Renderer\WebExceptionRenderer.php, line 419
Cake\Error\Renderer\WebExceptionRenderer->_outputMessage() C:\Apache24\htdocs\chestcounter\vendor\cakephp\cakephp\src\Error\Renderer\WebExceptionRenderer.php, line 290
Cake\Error\Renderer\WebExceptionRenderer->render() C:\Apache24\htdocs\chestcounter\vendor\cakephp\cakephp\src\Error\Middleware\ErrorHandlerMiddleware.php, line 149
Cake\Error\Middleware\ErrorHandlerMiddleware->handleException() C:\Apache24\htdocs\chestcounter\vendor\cakephp\cakephp\src\Error\Middleware\ErrorHandlerMiddleware.php, line 119
Cake\Error\Middleware\ErrorHandlerMiddleware->process() C:\Apache24\htdocs\chestcounter\vendor\cakephp\cakephp\src\Http\Runner.php, line 82
Cake\Http\Runner->handle() C:\Apache24\htdocs\chestcounter\vendor\cakephp\cakephp\src\Http\Runner.php, line 60
Cake\Http\Runner->run() C:\Apache24\htdocs\chestcounter\vendor\cakephp\cakephp\src\Http\Server.php, line 104
Cake\Http\Server->run() C:\Apache24\htdocs\chestcounter\webroot\index.php, line 37
[main]

2025-10-19 22:22:09 warning: Undefined variable $action
Request URL: /player-cycle-summaries/playerhistory
Client IP: 127.0.0.1
Trace:
Cake\Error\ErrorTrap->handleError() C:\Apache24\htdocs\chestcounter\vendor\cakephp\cakephp\templates\Error\missing_action.php, line 59
C:\Apache24\htdocs\chestcounter\vendor\cakephp\cakephp\src\View\View.php C:\Apache24\htdocs\chestcounter\vendor\cakephp\cakephp\src\View\View.php, line 1188
Cake\View\View->_evaluate() C:\Apache24\htdocs\chestcounter\vendor\cakephp\cakephp\src\View\View.php, line 1145
Cake\View\View->_render() C:\Apache24\htdocs\chestcounter\vendor\cakephp\cakephp\src\View\View.php, line 785
Cake\View\View->render() C:\Apache24\htdocs\chestcounter\vendor\cakephp\cakephp\src\Controller\Controller.php, line 712
Cake\Controller\Controller->render() C:\Apache24\htdocs\chestcounter\vendor\cakephp\cakephp\src\Error\Renderer\WebExceptionRenderer.php, line 419
Cake\Error\Renderer\WebExceptionRenderer->_outputMessage() C:\Apache24\htdocs\chestcounter\vendor\cakephp\cakephp\src\Error\Renderer\WebExceptionRenderer.php, line 290
Cake\Error\Renderer\WebExceptionRenderer->render() C:\Apache24\htdocs\chestcounter\vendor\cakephp\cakephp\src\Error\Middleware\ErrorHandlerMiddleware.php, line 149
Cake\Error\Middleware\ErrorHandlerMiddleware->handleException() C:\Apache24\htdocs\chestcounter\vendor\cakephp\cakephp\src\Error\Middleware\ErrorHandlerMiddleware.php, line 119
Cake\Error\Middleware\ErrorHandlerMiddleware->process() C:\Apache24\htdocs\chestcounter\vendor\cakephp\cakephp\src\Http\Runner.php, line 82
Cake\Http\Runner->handle() C:\Apache24\htdocs\chestcounter\vendor\cakephp\cakephp\src\Http\Runner.php, line 60
Cake\Http\Runner->run() C:\Apache24\htdocs\chestcounter\vendor\cakephp\cakephp\src\Http\Server.php, line 104
Cake\Http\Server->run() C:\Apache24\htdocs\chestcounter\webroot\index.php, line 37
[main]

2025-10-19 22:22:09 warning: Undefined variable $class
Request URL: /player-cycle-summaries/playerhistory
Client IP: 127.0.0.1
Trace:
Cake\Error\ErrorTrap->handleError() C:\Apache24\htdocs\chestcounter\vendor\cakephp\cakephp\templates\Error\missing_action.php, line 59
C:\Apache24\htdocs\chestcounter\vendor\cakephp\cakephp\src\View\View.php C:\Apache24\htdocs\chestcounter\vendor\cakephp\cakephp\src\View\View.php, line 1188
Cake\View\View->_evaluate() C:\Apache24\htdocs\chestcounter\vendor\cakephp\cakephp\src\View\View.php, line 1145
Cake\View\View->_render() C:\Apache24\htdocs\chestcounter\vendor\cakephp\cakephp\src\View\View.php, line 785
Cake\View\View->render() C:\Apache24\htdocs\chestcounter\vendor\cakephp\cakephp\src\Controller\Controller.php, line 712
Cake\Controller\Controller->render() C:\Apache24\htdocs\chestcounter\vendor\cakephp\cakephp\src\Error\Renderer\WebExceptionRenderer.php, line 419
Cake\Error\Renderer\WebExceptionRenderer->_outputMessage() C:\Apache24\htdocs\chestcounter\vendor\cakephp\cakephp\src\Error\Renderer\WebExceptionRenderer.php, line 290
Cake\Error\Renderer\WebExceptionRenderer->render() C:\Apache24\htdocs\chestcounter\vendor\cakephp\cakephp\src\Error\Middleware\ErrorHandlerMiddleware.php, line 149
Cake\Error\Middleware\ErrorHandlerMiddleware->handleException() C:\Apache24\htdocs\chestcounter\vendor\cakephp\cakephp\src\Error\Middleware\ErrorHandlerMiddleware.php, line 119
Cake\Error\Middleware\ErrorHandlerMiddleware->process() C:\Apache24\htdocs\chestcounter\vendor\cakephp\cakephp\src\Http\Runner.php, line 82
Cake\Http\Runner->handle() C:\Apache24\htdocs\chestcounter\vendor\cakephp\cakephp\src\Http\Runner.php, line 60
Cake\Http\Runner->run() C:\Apache24\htdocs\chestcounter\vendor\cakephp\cakephp\src\Http\Server.php, line 104
Cake\Http\Server->run() C:\Apache24\htdocs\chestcounter\webroot\index.php, line 37
[main]

2025-10-19 22:22:09 warning: Undefined variable $class
Request URL: /player-cycle-summaries/playerhistory
Client IP: 127.0.0.1
Trace:
Cake\Error\ErrorTrap->handleError() C:\Apache24\htdocs\chestcounter\vendor\cakephp\cakephp\templates\Error\missing_action.php, line 67
C:\Apache24\htdocs\chestcounter\vendor\cakephp\cakephp\src\View\View.php C:\Apache24\htdocs\chestcounter\vendor\cakephp\cakephp\src\View\View.php, line 1188
Cake\View\View->_evaluate() C:\Apache24\htdocs\chestcounter\vendor\cakephp\cakephp\src\View\View.php, line 1145
Cake\View\View->_render() C:\Apache24\htdocs\chestcounter\vendor\cakephp\cakephp\src\View\View.php, line 785
Cake\View\View->render() C:\Apache24\htdocs\chestcounter\vendor\cakephp\cakephp\src\Controller\Controller.php, line 712
Cake\Controller\Controller->render() C:\Apache24\htdocs\chestcounter\vendor\cakephp\cakephp\src\Error\Renderer\WebExceptionRenderer.php, line 419
Cake\Error\Renderer\WebExceptionRenderer->_outputMessage() C:\Apache24\htdocs\chestcounter\vendor\cakephp\cakephp\src\Error\Renderer\WebExceptionRenderer.php, line 290
Cake\Error\Renderer\WebExceptionRenderer->render() C:\Apache24\htdocs\chestcounter\vendor\cakephp\cakephp\src\Error\Middleware\ErrorHandlerMiddleware.php, line 149
Cake\Error\Middleware\ErrorHandlerMiddleware->handleException() C:\Apache24\htdocs\chestcounter\vendor\cakephp\cakephp\src\Error\Middleware\ErrorHandlerMiddleware.php, line 119
Cake\Error\Middleware\ErrorHandlerMiddleware->process() C:\Apache24\htdocs\chestcounter\vendor\cakephp\cakephp\src\Http\Runner.php, line 82
Cake\Http\Runner->handle() C:\Apache24\htdocs\chestcounter\vendor\cakephp\cakephp\src\Http\Runner.php, line 60
Cake\Http\Runner->run() C:\Apache24\htdocs\chestcounter\vendor\cakephp\cakephp\src\Http\Server.php, line 104
Cake\Http\Server->run() C:\Apache24\htdocs\chestcounter\webroot\index.php, line 37
[main]

2025-10-19 22:22:09 warning: Undefined variable $action
Request URL: /player-cycle-summaries/playerhistory
Client IP: 127.0.0.1
Trace:
Cake\Error\ErrorTrap->handleError() C:\Apache24\htdocs\chestcounter\vendor\cakephp\cakephp\templates\Error\missing_action.php, line 67
C:\Apache24\htdocs\chestcounter\vendor\cakephp\cakephp\src\View\View.php C:\Apache24\htdocs\chestcounter\vendor\cakephp\cakephp\src\View\View.php, line 1188
Cake\View\View->_evaluate() C:\Apache24\htdocs\chestcounter\vendor\cakephp\cakephp\src\View\View.php, line 1145
Cake\View\View->_render() C:\Apache24\htdocs\chestcounter\vendor\cakephp\cakephp\src\View\View.php, line 785
Cake\View\View->render() C:\Apache24\htdocs\chestcounter\vendor\cakephp\cakephp\src\Controller\Controller.php, line 712
Cake\Controller\Controller->render() C:\Apache24\htdocs\chestcounter\vendor\cakephp\cakephp\src\Error\Renderer\WebExceptionRenderer.php, line 419
Cake\Error\Renderer\WebExceptionRenderer->_outputMessage() C:\Apache24\htdocs\chestcounter\vendor\cakephp\cakephp\src\Error\Renderer\WebExceptionRenderer.php, line 290
Cake\Error\Renderer\WebExceptionRenderer->render() C:\Apache24\htdocs\chestcounter\vendor\cakephp\cakephp\src\Error\Middleware\ErrorHandlerMiddleware.php, line 149
Cake\Error\Middleware\ErrorHandlerMiddleware->handleException() C:\Apache24\htdocs\chestcounter\vendor\cakephp\cakephp\src\Error\Middleware\ErrorHandlerMiddleware.php, line 119
Cake\Error\Middleware\ErrorHandlerMiddleware->process() C:\Apache24\htdocs\chestcounter\vendor\cakephp\cakephp\src\Http\Runner.php, line 82
Cake\Http\Runner->handle() C:\Apache24\htdocs\chestcounter\vendor\cakephp\cakephp\src\Http\Runner.php, line 60
Cake\Http\Runner->run() C:\Apache24\htdocs\chestcounter\vendor\cakephp\cakephp\src\Http\Server.php, line 104
Cake\Http\Server->run() C:\Apache24\htdocs\chestcounter\webroot\index.php, line 37
[main]

2025-10-19 22:22:09 warning: Undefined variable $type
Request URL: /player-cycle-summaries/playerhistory
Client IP: 127.0.0.1
Trace:
Cake\Error\ErrorTrap->handleError() C:\Apache24\htdocs\chestcounter\vendor\cakephp\cakephp\templates\Error\missing_action.php, line 73
C:\Apache24\htdocs\chestcounter\vendor\cakephp\cakephp\src\View\View.php C:\Apache24\htdocs\chestcounter\vendor\cakephp\cakephp\src\View\View.php, line 1188
Cake\View\View->_evaluate() C:\Apache24\htdocs\chestcounter\vendor\cakephp\cakephp\src\View\View.php, line 1145
Cake\View\View->_render() C:\Apache24\htdocs\chestcounter\vendor\cakephp\cakephp\src\View\View.php, line 785
Cake\View\View->render() C:\Apache24\htdocs\chestcounter\vendor\cakephp\cakephp\src\Controller\Controller.php, line 712
Cake\Controller\Controller->render() C:\Apache24\htdocs\chestcounter\vendor\cakephp\cakephp\src\Error\Renderer\WebExceptionRenderer.php, line 419
Cake\Error\Renderer\WebExceptionRenderer->_outputMessage() C:\Apache24\htdocs\chestcounter\vendor\cakephp\cakephp\src\Error\Renderer\WebExceptionRenderer.php, line 290
Cake\Error\Renderer\WebExceptionRenderer->render() C:\Apache24\htdocs\chestcounter\vendor\cakephp\cakephp\src\Error\Middleware\ErrorHandlerMiddleware.php, line 149
Cake\Error\Middleware\ErrorHandlerMiddleware->handleException() C:\Apache24\htdocs\chestcounter\vendor\cakephp\cakephp\src\Error\Middleware\ErrorHandlerMiddleware.php, line 119
Cake\Error\Middleware\ErrorHandlerMiddleware->process() C:\Apache24\htdocs\chestcounter\vendor\cakephp\cakephp\src\Http\Runner.php, line 82
Cake\Http\Runner->handle() C:\Apache24\htdocs\chestcounter\vendor\cakephp\cakephp\src\Http\Runner.php, line 60
Cake\Http\Runner->run() C:\Apache24\htdocs\chestcounter\vendor\cakephp\cakephp\src\Http\Server.php, line 104
Cake\Http\Server->run() C:\Apache24\htdocs\chestcounter\webroot\index.php, line 37
[main]

2025-10-19 22:22:09 warning: Undefined variable $baseClass
Request URL: /player-cycle-summaries/playerhistory
Client IP: 127.0.0.1
Trace:
Cake\Error\ErrorTrap->handleError() C:\Apache24\htdocs\chestcounter\vendor\cakephp\cakephp\templates\Error\missing_action.php, line 75
C:\Apache24\htdocs\chestcounter\vendor\cakephp\cakephp\src\View\View.php C:\Apache24\htdocs\chestcounter\vendor\cakephp\cakephp\src\View\View.php, line 1188
Cake\View\View->_evaluate() C:\Apache24\htdocs\chestcounter\vendor\cakephp\cakephp\src\View\View.php, line 1145
Cake\View\View->_render() C:\Apache24\htdocs\chestcounter\vendor\cakephp\cakephp\src\View\View.php, line 785
Cake\View\View->render() C:\Apache24\htdocs\chestcounter\vendor\cakephp\cakephp\src\Controller\Controller.php, line 712
Cake\Controller\Controller->render() C:\Apache24\htdocs\chestcounter\vendor\cakephp\cakephp\src\Error\Renderer\WebExceptionRenderer.php, line 419
Cake\Error\Renderer\WebExceptionRenderer->_outputMessage() C:\Apache24\htdocs\chestcounter\vendor\cakephp\cakephp\src\Error\Renderer\WebExceptionRenderer.php, line 290
Cake\Error\Renderer\WebExceptionRenderer->render() C:\Apache24\htdocs\chestcounter\vendor\cakephp\cakephp\src\Error\Middleware\ErrorHandlerMiddleware.php, line 149
Cake\Error\Middleware\ErrorHandlerMiddleware->handleException() C:\Apache24\htdocs\chestcounter\vendor\cakephp\cakephp\src\Error\Middleware\ErrorHandlerMiddleware.php, line 119
Cake\Error\Middleware\ErrorHandlerMiddleware->process() C:\Apache24\htdocs\chestcounter\vendor\cakephp\cakephp\src\Http\Runner.php, line 82
Cake\Http\Runner->handle() C:\Apache24\htdocs\chestcounter\vendor\cakephp\cakephp\src\Http\Runner.php, line 60
Cake\Http\Runner->run() C:\Apache24\htdocs\chestcounter\vendor\cakephp\cakephp\src\Http\Server.php, line 104
Cake\Http\Server->run() C:\Apache24\htdocs\chestcounter\webroot\index.php, line 37
[main]

2025-10-19 22:22:09 warning: Undefined variable $class
Request URL: /player-cycle-summaries/playerhistory
Client IP: 127.0.0.1
Trace:
Cake\Error\ErrorTrap->handleError() C:\Apache24\htdocs\chestcounter\vendor\cakephp\cakephp\templates\Error\missing_action.php, line 77
C:\Apache24\htdocs\chestcounter\vendor\cakephp\cakephp\src\View\View.php C:\Apache24\htdocs\chestcounter\vendor\cakephp\cakephp\src\View\View.php, line 1188
Cake\View\View->_evaluate() C:\Apache24\htdocs\chestcounter\vendor\cakephp\cakephp\src\View\View.php, line 1145
Cake\View\View->_render() C:\Apache24\htdocs\chestcounter\vendor\cakephp\cakephp\src\View\View.php, line 785
Cake\View\View->render() C:\Apache24\htdocs\chestcounter\vendor\cakephp\cakephp\src\Controller\Controller.php, line 712
Cake\Controller\Controller->render() C:\Apache24\htdocs\chestcounter\vendor\cakephp\cakephp\src\Error\Renderer\WebExceptionRenderer.php, line 419
Cake\Error\Renderer\WebExceptionRenderer->_outputMessage() C:\Apache24\htdocs\chestcounter\vendor\cakephp\cakephp\src\Error\Renderer\WebExceptionRenderer.php, line 290
Cake\Error\Renderer\WebExceptionRenderer->render() C:\Apache24\htdocs\chestcounter\vendor\cakephp\cakephp\src\Error\Middleware\ErrorHandlerMiddleware.php, line 149
Cake\Error\Middleware\ErrorHandlerMiddleware->handleException() C:\Apache24\htdocs\chestcounter\vendor\cakephp\cakephp\src\Error\Middleware\ErrorHandlerMiddleware.php, line 119
Cake\Error\Middleware\ErrorHandlerMiddleware->process() C:\Apache24\htdocs\chestcounter\vendor\cakephp\cakephp\src\Http\Runner.php, line 82
Cake\Http\Runner->handle() C:\Apache24\htdocs\chestcounter\vendor\cakephp\cakephp\src\Http\Runner.php, line 60
Cake\Http\Runner->run() C:\Apache24\htdocs\chestcounter\vendor\cakephp\cakephp\src\Http\Server.php, line 104
Cake\Http\Server->run() C:\Apache24\htdocs\chestcounter\webroot\index.php, line 37
[main]

2025-10-19 22:22:09 warning: Undefined variable $extends
Request URL: /player-cycle-summaries/playerhistory
Client IP: 127.0.0.1
Trace:
Cake\Error\ErrorTrap->handleError() C:\Apache24\htdocs\chestcounter\vendor\cakephp\cakephp\templates\Error\missing_action.php, line 77
C:\Apache24\htdocs\chestcounter\vendor\cakephp\cakephp\src\View\View.php C:\Apache24\htdocs\chestcounter\vendor\cakephp\cakephp\src\View\View.php, line 1188
Cake\View\View->_evaluate() C:\Apache24\htdocs\chestcounter\vendor\cakephp\cakephp\src\View\View.php, line 1145
Cake\View\View->_render() C:\Apache24\htdocs\chestcounter\vendor\cakephp\cakephp\src\View\View.php, line 785
Cake\View\View->render() C:\Apache24\htdocs\chestcounter\vendor\cakephp\cakephp\src\Controller\Controller.php, line 712
Cake\Controller\Controller->render() C:\Apache24\htdocs\chestcounter\vendor\cakephp\cakephp\src\Error\Renderer\WebExceptionRenderer.php, line 419
Cake\Error\Renderer\WebExceptionRenderer->_outputMessage() C:\Apache24\htdocs\chestcounter\vendor\cakephp\cakephp\src\Error\Renderer\WebExceptionRenderer.php, line 290
Cake\Error\Renderer\WebExceptionRenderer->render() C:\Apache24\htdocs\chestcounter\vendor\cakephp\cakephp\src\Error\Middleware\ErrorHandlerMiddleware.php, line 149
Cake\Error\Middleware\ErrorHandlerMiddleware->handleException() C:\Apache24\htdocs\chestcounter\vendor\cakephp\cakephp\src\Error\Middleware\ErrorHandlerMiddleware.php, line 119
Cake\Error\Middleware\ErrorHandlerMiddleware->process() C:\Apache24\htdocs\chestcounter\vendor\cakephp\cakephp\src\Http\Runner.php, line 82
Cake\Http\Runner->handle() C:\Apache24\htdocs\chestcounter\vendor\cakephp\cakephp\src\Http\Runner.php, line 60
Cake\Http\Runner->run() C:\Apache24\htdocs\chestcounter\vendor\cakephp\cakephp\src\Http\Server.php, line 104
Cake\Http\Server->run() C:\Apache24\htdocs\chestcounter\webroot\index.php, line 37
[main]

2025-10-19 22:22:09 warning: Undefined variable $action
Request URL: /player-cycle-summaries/playerhistory
Client IP: 127.0.0.1
Trace:
Cake\Error\ErrorTrap->handleError() C:\Apache24\htdocs\chestcounter\vendor\cakephp\cakephp\templates\Error\missing_action.php, line 80
C:\Apache24\htdocs\chestcounter\vendor\cakephp\cakephp\src\View\View.php C:\Apache24\htdocs\chestcounter\vendor\cakephp\cakephp\src\View\View.php, line 1188
Cake\View\View->_evaluate() C:\Apache24\htdocs\chestcounter\vendor\cakephp\cakephp\src\View\View.php, line 1145
Cake\View\View->_render() C:\Apache24\htdocs\chestcounter\vendor\cakephp\cakephp\src\View\View.php, line 785
Cake\View\View->render() C:\Apache24\htdocs\chestcounter\vendor\cakephp\cakephp\src\Controller\Controller.php, line 712
Cake\Controller\Controller->render() C:\Apache24\htdocs\chestcounter\vendor\cakephp\cakephp\src\Error\Renderer\WebExceptionRenderer.php, line 419
Cake\Error\Renderer\WebExceptionRenderer->_outputMessage() C:\Apache24\htdocs\chestcounter\vendor\cakephp\cakephp\src\Error\Renderer\WebExceptionRenderer.php, line 290
Cake\Error\Renderer\WebExceptionRenderer->render() C:\Apache24\htdocs\chestcounter\vendor\cakephp\cakephp\src\Error\Middleware\ErrorHandlerMiddleware.php, line 149
Cake\Error\Middleware\ErrorHandlerMiddleware->handleException() C:\Apache24\htdocs\chestcounter\vendor\cakephp\cakephp\src\Error\Middleware\ErrorHandlerMiddleware.php, line 119
Cake\Error\Middleware\ErrorHandlerMiddleware->process() C:\Apache24\htdocs\chestcounter\vendor\cakephp\cakephp\src\Http\Runner.php, line 82
Cake\Http\Runner->handle() C:\Apache24\htdocs\chestcounter\vendor\cakephp\cakephp\src\Http\Runner.php, line 60
Cake\Http\Runner->run() C:\Apache24\htdocs\chestcounter\vendor\cakephp\cakephp\src\Http\Server.php, line 104
Cake\Http\Server->run() C:\Apache24\htdocs\chestcounter\webroot\index.php, line 37
[main]

2025-10-19 22:22:16 error: [TypeError] urldecode(): Argument #1 ($string) must be of type string, null given in C:\Apache24\htdocs\chestcounter\src\Controller\PlayerCycleSummariesController.php on line 91
Stack Trace:
- APP/Controller\PlayerCycleSummariesController.php:91
- CORE\src\Controller\Controller.php:505
- CORE\src\Controller\ControllerFactory.php:166
- CORE\src\Controller\ControllerFactory.php:141
- CORE\src\Http\BaseApplication.php:362
- CORE\src\Http\Runner.php:86
- CORE\src\Http\Middleware\CsrfProtectionMiddleware.php:169
- CORE\src\Http\Runner.php:82
- ROOT\vendor\cakephp\authentication\src\Middleware\AuthenticationMiddleware.php:106
- CORE\src\Http\Runner.php:82
- CORE\src\Http\Middleware\BodyParserMiddleware.php:157
- CORE\src\Http\Runner.php:82
- CORE\src\Routing\Middleware\RoutingMiddleware.php:118
- CORE\src\Http\Runner.php:82
- CORE\src\Routing\Middleware\AssetMiddleware.php:69
- CORE\src\Http\Runner.php:82
- CORE\src\Error\Middleware\ErrorHandlerMiddleware.php:115
- CORE\src\Http\Runner.php:82
- CORE\src\Http\Runner.php:60
- CORE\src\Http\Server.php:104
- ROOT\webroot\index.php:37
- [main]:

Request URL: /player-cycle-summaries/player_history
Client IP: 127.0.0.1
2025-10-19 22:24:04 error: [Cake\Controller\Exception\MissingActionException] Action `PlayerCycleSummariesController::playerhistory()` could not be found, or is not accessible. in C:\Apache24\htdocs\chestcounter\vendor\cakephp\cakephp\src\Controller\Controller.php on line 487
Exception Attributes: array (
  0 => 'PlayerCycleSummariesController',
  1 => 'playerhistory',
)
Stack Trace:
- CORE\src\Controller\ControllerFactory.php:161
- CORE\src\Controller\ControllerFactory.php:141
- CORE\src\Http\BaseApplication.php:362
- CORE\src\Http\Runner.php:86
- CORE\src\Http\Middleware\CsrfProtectionMiddleware.php:169
- CORE\src\Http\Runner.php:82
- ROOT\vendor\cakephp\authentication\src\Middleware\AuthenticationMiddleware.php:106
- CORE\src\Http\Runner.php:82
- CORE\src\Http\Middleware\BodyParserMiddleware.php:157
- CORE\src\Http\Runner.php:82
- CORE\src\Routing\Middleware\RoutingMiddleware.php:118
- CORE\src\Http\Runner.php:82
- CORE\src\Routing\Middleware\AssetMiddleware.php:69
- CORE\src\Http\Runner.php:82
- CORE\src\Error\Middleware\ErrorHandlerMiddleware.php:115
- CORE\src\Http\Runner.php:82
- CORE\src\Http\Runner.php:60
- CORE\src\Http\Server.php:104
- ROOT\webroot\index.php:37
- [main]:

Request URL: /player-cycle-summaries/playerhistory
Client IP: 127.0.0.1
2025-10-19 22:24:04 warning: Undefined variable $type
Request URL: /player-cycle-summaries/playerhistory
Client IP: 127.0.0.1
Trace:
Cake\Error\ErrorTrap->handleError() C:\Apache24\htdocs\chestcounter\vendor\cakephp\cakephp\templates\Error\missing_action.php, line 49
C:\Apache24\htdocs\chestcounter\vendor\cakephp\cakephp\src\View\View.php C:\Apache24\htdocs\chestcounter\vendor\cakephp\cakephp\src\View\View.php, line 1188
Cake\View\View->_evaluate() C:\Apache24\htdocs\chestcounter\vendor\cakephp\cakephp\src\View\View.php, line 1145
Cake\View\View->_render() C:\Apache24\htdocs\chestcounter\vendor\cakephp\cakephp\src\View\View.php, line 785
Cake\View\View->render() C:\Apache24\htdocs\chestcounter\vendor\cakephp\cakephp\src\Controller\Controller.php, line 712
Cake\Controller\Controller->render() C:\Apache24\htdocs\chestcounter\vendor\cakephp\cakephp\src\Error\Renderer\WebExceptionRenderer.php, line 419
Cake\Error\Renderer\WebExceptionRenderer->_outputMessage() C:\Apache24\htdocs\chestcounter\vendor\cakephp\cakephp\src\Error\Renderer\WebExceptionRenderer.php, line 290
Cake\Error\Renderer\WebExceptionRenderer->render() C:\Apache24\htdocs\chestcounter\vendor\cakephp\cakephp\src\Error\Middleware\ErrorHandlerMiddleware.php, line 149
Cake\Error\Middleware\ErrorHandlerMiddleware->handleException() C:\Apache24\htdocs\chestcounter\vendor\cakephp\cakephp\src\Error\Middleware\ErrorHandlerMiddleware.php, line 119
Cake\Error\Middleware\ErrorHandlerMiddleware->process() C:\Apache24\htdocs\chestcounter\vendor\cakephp\cakephp\src\Http\Runner.php, line 82
Cake\Http\Runner->handle() C:\Apache24\htdocs\chestcounter\vendor\cakephp\cakephp\src\Http\Runner.php, line 60
Cake\Http\Runner->run() C:\Apache24\htdocs\chestcounter\vendor\cakephp\cakephp\src\Http\Server.php, line 104
Cake\Http\Server->run() C:\Apache24\htdocs\chestcounter\webroot\index.php, line 37
[main]

2025-10-19 22:24:04 warning: Undefined variable $class
Request URL: /player-cycle-summaries/playerhistory
Client IP: 127.0.0.1
Trace:
Cake\Error\ErrorTrap->handleError() C:\Apache24\htdocs\chestcounter\vendor\cakephp\cakephp\templates\Error\missing_action.php, line 49
C:\Apache24\htdocs\chestcounter\vendor\cakephp\cakephp\src\View\View.php C:\Apache24\htdocs\chestcounter\vendor\cakephp\cakephp\src\View\View.php, line 1188
Cake\View\View->_evaluate() C:\Apache24\htdocs\chestcounter\vendor\cakephp\cakephp\src\View\View.php, line 1145
Cake\View\View->_render() C:\Apache24\htdocs\chestcounter\vendor\cakephp\cakephp\src\View\View.php, line 785
Cake\View\View->render() C:\Apache24\htdocs\chestcounter\vendor\cakephp\cakephp\src\Controller\Controller.php, line 712
Cake\Controller\Controller->render() C:\Apache24\htdocs\chestcounter\vendor\cakephp\cakephp\src\Error\Renderer\WebExceptionRenderer.php, line 419
Cake\Error\Renderer\WebExceptionRenderer->_outputMessage() C:\Apache24\htdocs\chestcounter\vendor\cakephp\cakephp\src\Error\Renderer\WebExceptionRenderer.php, line 290
Cake\Error\Renderer\WebExceptionRenderer->render() C:\Apache24\htdocs\chestcounter\vendor\cakephp\cakephp\src\Error\Middleware\ErrorHandlerMiddleware.php, line 149
Cake\Error\Middleware\ErrorHandlerMiddleware->handleException() C:\Apache24\htdocs\chestcounter\vendor\cakephp\cakephp\src\Error\Middleware\ErrorHandlerMiddleware.php, line 119
Cake\Error\Middleware\ErrorHandlerMiddleware->process() C:\Apache24\htdocs\chestcounter\vendor\cakephp\cakephp\src\Http\Runner.php, line 82
Cake\Http\Runner->handle() C:\Apache24\htdocs\chestcounter\vendor\cakephp\cakephp\src\Http\Runner.php, line 60
Cake\Http\Runner->run() C:\Apache24\htdocs\chestcounter\vendor\cakephp\cakephp\src\Http\Server.php, line 104
Cake\Http\Server->run() C:\Apache24\htdocs\chestcounter\webroot\index.php, line 37
[main]

2025-10-19 22:24:04 warning: Undefined variable $class
Request URL: /player-cycle-summaries/playerhistory
Client IP: 127.0.0.1
Trace:
Cake\Error\ErrorTrap->handleError() C:\Apache24\htdocs\chestcounter\vendor\cakephp\cakephp\templates\Error\missing_action.php, line 56
C:\Apache24\htdocs\chestcounter\vendor\cakephp\cakephp\src\View\View.php C:\Apache24\htdocs\chestcounter\vendor\cakephp\cakephp\src\View\View.php, line 1188
Cake\View\View->_evaluate() C:\Apache24\htdocs\chestcounter\vendor\cakephp\cakephp\src\View\View.php, line 1145
Cake\View\View->_render() C:\Apache24\htdocs\chestcounter\vendor\cakephp\cakephp\src\View\View.php, line 785
Cake\View\View->render() C:\Apache24\htdocs\chestcounter\vendor\cakephp\cakephp\src\Controller\Controller.php, line 712
Cake\Controller\Controller->render() C:\Apache24\htdocs\chestcounter\vendor\cakephp\cakephp\src\Error\Renderer\WebExceptionRenderer.php, line 419
Cake\Error\Renderer\WebExceptionRenderer->_outputMessage() C:\Apache24\htdocs\chestcounter\vendor\cakephp\cakephp\src\Error\Renderer\WebExceptionRenderer.php, line 290
Cake\Error\Renderer\WebExceptionRenderer->render() C:\Apache24\htdocs\chestcounter\vendor\cakephp\cakephp\src\Error\Middleware\ErrorHandlerMiddleware.php, line 149
Cake\Error\Middleware\ErrorHandlerMiddleware->handleException() C:\Apache24\htdocs\chestcounter\vendor\cakephp\cakephp\src\Error\Middleware\ErrorHandlerMiddleware.php, line 119
Cake\Error\Middleware\ErrorHandlerMiddleware->process() C:\Apache24\htdocs\chestcounter\vendor\cakephp\cakephp\src\Http\Runner.php, line 82
Cake\Http\Runner->handle() C:\Apache24\htdocs\chestcounter\vendor\cakephp\cakephp\src\Http\Runner.php, line 60
Cake\Http\Runner->run() C:\Apache24\htdocs\chestcounter\vendor\cakephp\cakephp\src\Http\Server.php, line 104
Cake\Http\Server->run() C:\Apache24\htdocs\chestcounter\webroot\index.php, line 37
[main]

2025-10-19 22:24:04 warning: Undefined variable $action
Request URL: /player-cycle-summaries/playerhistory
Client IP: 127.0.0.1
Trace:
Cake\Error\ErrorTrap->handleError() C:\Apache24\htdocs\chestcounter\vendor\cakephp\cakephp\templates\Error\missing_action.php, line 59
C:\Apache24\htdocs\chestcounter\vendor\cakephp\cakephp\src\View\View.php C:\Apache24\htdocs\chestcounter\vendor\cakephp\cakephp\src\View\View.php, line 1188
Cake\View\View->_evaluate() C:\Apache24\htdocs\chestcounter\vendor\cakephp\cakephp\src\View\View.php, line 1145
Cake\View\View->_render() C:\Apache24\htdocs\chestcounter\vendor\cakephp\cakephp\src\View\View.php, line 785
Cake\View\View->render() C:\Apache24\htdocs\chestcounter\vendor\cakephp\cakephp\src\Controller\Controller.php, line 712
Cake\Controller\Controller->render() C:\Apache24\htdocs\chestcounter\vendor\cakephp\cakephp\src\Error\Renderer\WebExceptionRenderer.php, line 419
Cake\Error\Renderer\WebExceptionRenderer->_outputMessage() C:\Apache24\htdocs\chestcounter\vendor\cakephp\cakephp\src\Error\Renderer\WebExceptionRenderer.php, line 290
Cake\Error\Renderer\WebExceptionRenderer->render() C:\Apache24\htdocs\chestcounter\vendor\cakephp\cakephp\src\Error\Middleware\ErrorHandlerMiddleware.php, line 149
Cake\Error\Middleware\ErrorHandlerMiddleware->handleException() C:\Apache24\htdocs\chestcounter\vendor\cakephp\cakephp\src\Error\Middleware\ErrorHandlerMiddleware.php, line 119
Cake\Error\Middleware\ErrorHandlerMiddleware->process() C:\Apache24\htdocs\chestcounter\vendor\cakephp\cakephp\src\Http\Runner.php, line 82
Cake\Http\Runner->handle() C:\Apache24\htdocs\chestcounter\vendor\cakephp\cakephp\src\Http\Runner.php, line 60
Cake\Http\Runner->run() C:\Apache24\htdocs\chestcounter\vendor\cakephp\cakephp\src\Http\Server.php, line 104
Cake\Http\Server->run() C:\Apache24\htdocs\chestcounter\webroot\index.php, line 37
[main]

2025-10-19 22:24:04 warning: Undefined variable $class
Request URL: /player-cycle-summaries/playerhistory
Client IP: 127.0.0.1
Trace:
Cake\Error\ErrorTrap->handleError() C:\Apache24\htdocs\chestcounter\vendor\cakephp\cakephp\templates\Error\missing_action.php, line 59
C:\Apache24\htdocs\chestcounter\vendor\cakephp\cakephp\src\View\View.php C:\Apache24\htdocs\chestcounter\vendor\cakephp\cakephp\src\View\View.php, line 1188
Cake\View\View->_evaluate() C:\Apache24\htdocs\chestcounter\vendor\cakephp\cakephp\src\View\View.php, line 1145
Cake\View\View->_render() C:\Apache24\htdocs\chestcounter\vendor\cakephp\cakephp\src\View\View.php, line 785
Cake\View\View->render() C:\Apache24\htdocs\chestcounter\vendor\cakephp\cakephp\src\Controller\Controller.php, line 712
Cake\Controller\Controller->render() C:\Apache24\htdocs\chestcounter\vendor\cakephp\cakephp\src\Error\Renderer\WebExceptionRenderer.php, line 419
Cake\Error\Renderer\WebExceptionRenderer->_outputMessage() C:\Apache24\htdocs\chestcounter\vendor\cakephp\cakephp\src\Error\Renderer\WebExceptionRenderer.php, line 290
Cake\Error\Renderer\WebExceptionRenderer->render() C:\Apache24\htdocs\chestcounter\vendor\cakephp\cakephp\src\Error\Middleware\ErrorHandlerMiddleware.php, line 149
Cake\Error\Middleware\ErrorHandlerMiddleware->handleException() C:\Apache24\htdocs\chestcounter\vendor\cakephp\cakephp\src\Error\Middleware\ErrorHandlerMiddleware.php, line 119
Cake\Error\Middleware\ErrorHandlerMiddleware->process() C:\Apache24\htdocs\chestcounter\vendor\cakephp\cakephp\src\Http\Runner.php, line 82
Cake\Http\Runner->handle() C:\Apache24\htdocs\chestcounter\vendor\cakephp\cakephp\src\Http\Runner.php, line 60
Cake\Http\Runner->run() C:\Apache24\htdocs\chestcounter\vendor\cakephp\cakephp\src\Http\Server.php, line 104
Cake\Http\Server->run() C:\Apache24\htdocs\chestcounter\webroot\index.php, line 37
[main]

2025-10-19 22:24:04 warning: Undefined variable $class
Request URL: /player-cycle-summaries/playerhistory
Client IP: 127.0.0.1
Trace:
Cake\Error\ErrorTrap->handleError() C:\Apache24\htdocs\chestcounter\vendor\cakephp\cakephp\templates\Error\missing_action.php, line 67
C:\Apache24\htdocs\chestcounter\vendor\cakephp\cakephp\src\View\View.php C:\Apache24\htdocs\chestcounter\vendor\cakephp\cakephp\src\View\View.php, line 1188
Cake\View\View->_evaluate() C:\Apache24\htdocs\chestcounter\vendor\cakephp\cakephp\src\View\View.php, line 1145
Cake\View\View->_render() C:\Apache24\htdocs\chestcounter\vendor\cakephp\cakephp\src\View\View.php, line 785
Cake\View\View->render() C:\Apache24\htdocs\chestcounter\vendor\cakephp\cakephp\src\Controller\Controller.php, line 712
Cake\Controller\Controller->render() C:\Apache24\htdocs\chestcounter\vendor\cakephp\cakephp\src\Error\Renderer\WebExceptionRenderer.php, line 419
Cake\Error\Renderer\WebExceptionRenderer->_outputMessage() C:\Apache24\htdocs\chestcounter\vendor\cakephp\cakephp\src\Error\Renderer\WebExceptionRenderer.php, line 290
Cake\Error\Renderer\WebExceptionRenderer->render() C:\Apache24\htdocs\chestcounter\vendor\cakephp\cakephp\src\Error\Middleware\ErrorHandlerMiddleware.php, line 149
Cake\Error\Middleware\ErrorHandlerMiddleware->handleException() C:\Apache24\htdocs\chestcounter\vendor\cakephp\cakephp\src\Error\Middleware\ErrorHandlerMiddleware.php, line 119
Cake\Error\Middleware\ErrorHandlerMiddleware->process() C:\Apache24\htdocs\chestcounter\vendor\cakephp\cakephp\src\Http\Runner.php, line 82
Cake\Http\Runner->handle() C:\Apache24\htdocs\chestcounter\vendor\cakephp\cakephp\src\Http\Runner.php, line 60
Cake\Http\Runner->run() C:\Apache24\htdocs\chestcounter\vendor\cakephp\cakephp\src\Http\Server.php, line 104
Cake\Http\Server->run() C:\Apache24\htdocs\chestcounter\webroot\index.php, line 37
[main]

2025-10-19 22:24:04 warning: Undefined variable $action
Request URL: /player-cycle-summaries/playerhistory
Client IP: 127.0.0.1
Trace:
Cake\Error\ErrorTrap->handleError() C:\Apache24\htdocs\chestcounter\vendor\cakephp\cakephp\templates\Error\missing_action.php, line 67
C:\Apache24\htdocs\chestcounter\vendor\cakephp\cakephp\src\View\View.php C:\Apache24\htdocs\chestcounter\vendor\cakephp\cakephp\src\View\View.php, line 1188
Cake\View\View->_evaluate() C:\Apache24\htdocs\chestcounter\vendor\cakephp\cakephp\src\View\View.php, line 1145
Cake\View\View->_render() C:\Apache24\htdocs\chestcounter\vendor\cakephp\cakephp\src\View\View.php, line 785
Cake\View\View->render() C:\Apache24\htdocs\chestcounter\vendor\cakephp\cakephp\src\Controller\Controller.php, line 712
Cake\Controller\Controller->render() C:\Apache24\htdocs\chestcounter\vendor\cakephp\cakephp\src\Error\Renderer\WebExceptionRenderer.php, line 419
Cake\Error\Renderer\WebExceptionRenderer->_outputMessage() C:\Apache24\htdocs\chestcounter\vendor\cakephp\cakephp\src\Error\Renderer\WebExceptionRenderer.php, line 290
Cake\Error\Renderer\WebExceptionRenderer->render() C:\Apache24\htdocs\chestcounter\vendor\cakephp\cakephp\src\Error\Middleware\ErrorHandlerMiddleware.php, line 149
Cake\Error\Middleware\ErrorHandlerMiddleware->handleException() C:\Apache24\htdocs\chestcounter\vendor\cakephp\cakephp\src\Error\Middleware\ErrorHandlerMiddleware.php, line 119
Cake\Error\Middleware\ErrorHandlerMiddleware->process() C:\Apache24\htdocs\chestcounter\vendor\cakephp\cakephp\src\Http\Runner.php, line 82
Cake\Http\Runner->handle() C:\Apache24\htdocs\chestcounter\vendor\cakephp\cakephp\src\Http\Runner.php, line 60
Cake\Http\Runner->run() C:\Apache24\htdocs\chestcounter\vendor\cakephp\cakephp\src\Http\Server.php, line 104
Cake\Http\Server->run() C:\Apache24\htdocs\chestcounter\webroot\index.php, line 37
[main]

2025-10-19 22:24:04 warning: Undefined variable $type
Request URL: /player-cycle-summaries/playerhistory
Client IP: 127.0.0.1
Trace:
Cake\Error\ErrorTrap->handleError() C:\Apache24\htdocs\chestcounter\vendor\cakephp\cakephp\templates\Error\missing_action.php, line 73
C:\Apache24\htdocs\chestcounter\vendor\cakephp\cakephp\src\View\View.php C:\Apache24\htdocs\chestcounter\vendor\cakephp\cakephp\src\View\View.php, line 1188
Cake\View\View->_evaluate() C:\Apache24\htdocs\chestcounter\vendor\cakephp\cakephp\src\View\View.php, line 1145
Cake\View\View->_render() C:\Apache24\htdocs\chestcounter\vendor\cakephp\cakephp\src\View\View.php, line 785
Cake\View\View->render() C:\Apache24\htdocs\chestcounter\vendor\cakephp\cakephp\src\Controller\Controller.php, line 712
Cake\Controller\Controller->render() C:\Apache24\htdocs\chestcounter\vendor\cakephp\cakephp\src\Error\Renderer\WebExceptionRenderer.php, line 419
Cake\Error\Renderer\WebExceptionRenderer->_outputMessage() C:\Apache24\htdocs\chestcounter\vendor\cakephp\cakephp\src\Error\Renderer\WebExceptionRenderer.php, line 290
Cake\Error\Renderer\WebExceptionRenderer->render() C:\Apache24\htdocs\chestcounter\vendor\cakephp\cakephp\src\Error\Middleware\ErrorHandlerMiddleware.php, line 149
Cake\Error\Middleware\ErrorHandlerMiddleware->handleException() C:\Apache24\htdocs\chestcounter\vendor\cakephp\cakephp\src\Error\Middleware\ErrorHandlerMiddleware.php, line 119
Cake\Error\Middleware\ErrorHandlerMiddleware->process() C:\Apache24\htdocs\chestcounter\vendor\cakephp\cakephp\src\Http\Runner.php, line 82
Cake\Http\Runner->handle() C:\Apache24\htdocs\chestcounter\vendor\cakephp\cakephp\src\Http\Runner.php, line 60
Cake\Http\Runner->run() C:\Apache24\htdocs\chestcounter\vendor\cakephp\cakephp\src\Http\Server.php, line 104
Cake\Http\Server->run() C:\Apache24\htdocs\chestcounter\webroot\index.php, line 37
[main]

2025-10-19 22:24:04 warning: Undefined variable $baseClass
Request URL: /player-cycle-summaries/playerhistory
Client IP: 127.0.0.1
Trace:
Cake\Error\ErrorTrap->handleError() C:\Apache24\htdocs\chestcounter\vendor\cakephp\cakephp\templates\Error\missing_action.php, line 75
C:\Apache24\htdocs\chestcounter\vendor\cakephp\cakephp\src\View\View.php C:\Apache24\htdocs\chestcounter\vendor\cakephp\cakephp\src\View\View.php, line 1188
Cake\View\View->_evaluate() C:\Apache24\htdocs\chestcounter\vendor\cakephp\cakephp\src\View\View.php, line 1145
Cake\View\View->_render() C:\Apache24\htdocs\chestcounter\vendor\cakephp\cakephp\src\View\View.php, line 785
Cake\View\View->render() C:\Apache24\htdocs\chestcounter\vendor\cakephp\cakephp\src\Controller\Controller.php, line 712
Cake\Controller\Controller->render() C:\Apache24\htdocs\chestcounter\vendor\cakephp\cakephp\src\Error\Renderer\WebExceptionRenderer.php, line 419
Cake\Error\Renderer\WebExceptionRenderer->_outputMessage() C:\Apache24\htdocs\chestcounter\vendor\cakephp\cakephp\src\Error\Renderer\WebExceptionRenderer.php, line 290
Cake\Error\Renderer\WebExceptionRenderer->render() C:\Apache24\htdocs\chestcounter\vendor\cakephp\cakephp\src\Error\Middleware\ErrorHandlerMiddleware.php, line 149
Cake\Error\Middleware\ErrorHandlerMiddleware->handleException() C:\Apache24\htdocs\chestcounter\vendor\cakephp\cakephp\src\Error\Middleware\ErrorHandlerMiddleware.php, line 119
Cake\Error\Middleware\ErrorHandlerMiddleware->process() C:\Apache24\htdocs\chestcounter\vendor\cakephp\cakephp\src\Http\Runner.php, line 82
Cake\Http\Runner->handle() C:\Apache24\htdocs\chestcounter\vendor\cakephp\cakephp\src\Http\Runner.php, line 60
Cake\Http\Runner->run() C:\Apache24\htdocs\chestcounter\vendor\cakephp\cakephp\src\Http\Server.php, line 104
Cake\Http\Server->run() C:\Apache24\htdocs\chestcounter\webroot\index.php, line 37
[main]

2025-10-19 22:24:04 warning: Undefined variable $class
Request URL: /player-cycle-summaries/playerhistory
Client IP: 127.0.0.1
Trace:
Cake\Error\ErrorTrap->handleError() C:\Apache24\htdocs\chestcounter\vendor\cakephp\cakephp\templates\Error\missing_action.php, line 77
C:\Apache24\htdocs\chestcounter\vendor\cakephp\cakephp\src\View\View.php C:\Apache24\htdocs\chestcounter\vendor\cakephp\cakephp\src\View\View.php, line 1188
Cake\View\View->_evaluate() C:\Apache24\htdocs\chestcounter\vendor\cakephp\cakephp\src\View\View.php, line 1145
Cake\View\View->_render() C:\Apache24\htdocs\chestcounter\vendor\cakephp\cakephp\src\View\View.php, line 785
Cake\View\View->render() C:\Apache24\htdocs\chestcounter\vendor\cakephp\cakephp\src\Controller\Controller.php, line 712
Cake\Controller\Controller->render() C:\Apache24\htdocs\chestcounter\vendor\cakephp\cakephp\src\Error\Renderer\WebExceptionRenderer.php, line 419
Cake\Error\Renderer\WebExceptionRenderer->_outputMessage() C:\Apache24\htdocs\chestcounter\vendor\cakephp\cakephp\src\Error\Renderer\WebExceptionRenderer.php, line 290
Cake\Error\Renderer\WebExceptionRenderer->render() C:\Apache24\htdocs\chestcounter\vendor\cakephp\cakephp\src\Error\Middleware\ErrorHandlerMiddleware.php, line 149
Cake\Error\Middleware\ErrorHandlerMiddleware->handleException() C:\Apache24\htdocs\chestcounter\vendor\cakephp\cakephp\src\Error\Middleware\ErrorHandlerMiddleware.php, line 119
Cake\Error\Middleware\ErrorHandlerMiddleware->process() C:\Apache24\htdocs\chestcounter\vendor\cakephp\cakephp\src\Http\Runner.php, line 82
Cake\Http\Runner->handle() C:\Apache24\htdocs\chestcounter\vendor\cakephp\cakephp\src\Http\Runner.php, line 60
Cake\Http\Runner->run() C:\Apache24\htdocs\chestcounter\vendor\cakephp\cakephp\src\Http\Server.php, line 104
Cake\Http\Server->run() C:\Apache24\htdocs\chestcounter\webroot\index.php, line 37
[main]

2025-10-19 22:24:04 warning: Undefined variable $extends
Request URL: /player-cycle-summaries/playerhistory
Client IP: 127.0.0.1
Trace:
Cake\Error\ErrorTrap->handleError() C:\Apache24\htdocs\chestcounter\vendor\cakephp\cakephp\templates\Error\missing_action.php, line 77
C:\Apache24\htdocs\chestcounter\vendor\cakephp\cakephp\src\View\View.php C:\Apache24\htdocs\chestcounter\vendor\cakephp\cakephp\src\View\View.php, line 1188
Cake\View\View->_evaluate() C:\Apache24\htdocs\chestcounter\vendor\cakephp\cakephp\src\View\View.php, line 1145
Cake\View\View->_render() C:\Apache24\htdocs\chestcounter\vendor\cakephp\cakephp\src\View\View.php, line 785
Cake\View\View->render() C:\Apache24\htdocs\chestcounter\vendor\cakephp\cakephp\src\Controller\Controller.php, line 712
Cake\Controller\Controller->render() C:\Apache24\htdocs\chestcounter\vendor\cakephp\cakephp\src\Error\Renderer\WebExceptionRenderer.php, line 419
Cake\Error\Renderer\WebExceptionRenderer->_outputMessage() C:\Apache24\htdocs\chestcounter\vendor\cakephp\cakephp\src\Error\Renderer\WebExceptionRenderer.php, line 290
Cake\Error\Renderer\WebExceptionRenderer->render() C:\Apache24\htdocs\chestcounter\vendor\cakephp\cakephp\src\Error\Middleware\ErrorHandlerMiddleware.php, line 149
Cake\Error\Middleware\ErrorHandlerMiddleware->handleException() C:\Apache24\htdocs\chestcounter\vendor\cakephp\cakephp\src\Error\Middleware\ErrorHandlerMiddleware.php, line 119
Cake\Error\Middleware\ErrorHandlerMiddleware->process() C:\Apache24\htdocs\chestcounter\vendor\cakephp\cakephp\src\Http\Runner.php, line 82
Cake\Http\Runner->handle() C:\Apache24\htdocs\chestcounter\vendor\cakephp\cakephp\src\Http\Runner.php, line 60
Cake\Http\Runner->run() C:\Apache24\htdocs\chestcounter\vendor\cakephp\cakephp\src\Http\Server.php, line 104
Cake\Http\Server->run() C:\Apache24\htdocs\chestcounter\webroot\index.php, line 37
[main]

2025-10-19 22:24:04 warning: Undefined variable $action
Request URL: /player-cycle-summaries/playerhistory
Client IP: 127.0.0.1
Trace:
Cake\Error\ErrorTrap->handleError() C:\Apache24\htdocs\chestcounter\vendor\cakephp\cakephp\templates\Error\missing_action.php, line 80
C:\Apache24\htdocs\chestcounter\vendor\cakephp\cakephp\src\View\View.php C:\Apache24\htdocs\chestcounter\vendor\cakephp\cakephp\src\View\View.php, line 1188
Cake\View\View->_evaluate() C:\Apache24\htdocs\chestcounter\vendor\cakephp\cakephp\src\View\View.php, line 1145
Cake\View\View->_render() C:\Apache24\htdocs\chestcounter\vendor\cakephp\cakephp\src\View\View.php, line 785
Cake\View\View->render() C:\Apache24\htdocs\chestcounter\vendor\cakephp\cakephp\src\Controller\Controller.php, line 712
Cake\Controller\Controller->render() C:\Apache24\htdocs\chestcounter\vendor\cakephp\cakephp\src\Error\Renderer\WebExceptionRenderer.php, line 419
Cake\Error\Renderer\WebExceptionRenderer->_outputMessage() C:\Apache24\htdocs\chestcounter\vendor\cakephp\cakephp\src\Error\Renderer\WebExceptionRenderer.php, line 290
Cake\Error\Renderer\WebExceptionRenderer->render() C:\Apache24\htdocs\chestcounter\vendor\cakephp\cakephp\src\Error\Middleware\ErrorHandlerMiddleware.php, line 149
Cake\Error\Middleware\ErrorHandlerMiddleware->handleException() C:\Apache24\htdocs\chestcounter\vendor\cakephp\cakephp\src\Error\Middleware\ErrorHandlerMiddleware.php, line 119
Cake\Error\Middleware\ErrorHandlerMiddleware->process() C:\Apache24\htdocs\chestcounter\vendor\cakephp\cakephp\src\Http\Runner.php, line 82
Cake\Http\Runner->handle() C:\Apache24\htdocs\chestcounter\vendor\cakephp\cakephp\src\Http\Runner.php, line 60
Cake\Http\Runner->run() C:\Apache24\htdocs\chestcounter\vendor\cakephp\cakephp\src\Http\Server.php, line 104
Cake\Http\Server->run() C:\Apache24\htdocs\chestcounter\webroot\index.php, line 37
[main]

2025-10-19 22:24:13 warning: Unable to emit headers. Headers sent in file=C:\Apache24\htdocs\chestcounter\vendor\cakephp\cakephp\src\Error\Renderer\HtmlErrorRenderer.php line=37
Request URL: /
Client IP: 127.0.0.1
Trace:
Cake\Error\ErrorTrap->handleError() [internal], line ??
C:\Apache24\htdocs\chestcounter\vendor\cakephp\cakephp\src\Http\ResponseEmitter.php C:\Apache24\htdocs\chestcounter\vendor\cakephp\cakephp\src\Http\ResponseEmitter.php, line 65
Cake\Http\ResponseEmitter->emit() C:\Apache24\htdocs\chestcounter\vendor\cakephp\cakephp\src\Http\Server.php, line 148
Cake\Http\Server->emit() C:\Apache24\htdocs\chestcounter\webroot\index.php, line 37
[main]

2025-10-19 22:24:13 warning: Cannot modify header information - headers already sent by (output started at C:\Apache24\htdocs\chestcounter\vendor\cakephp\cakephp\src\Error\Renderer\HtmlErrorRenderer.php:37)
Request URL: /
Client IP: 127.0.0.1
Trace:
Cake\Error\ErrorTrap->handleError() [internal], line ??
C:\Apache24\htdocs\chestcounter\vendor\cakephp\cakephp\src\Http\ResponseEmitter.php C:\Apache24\htdocs\chestcounter\vendor\cakephp\cakephp\src\Http\ResponseEmitter.php, line 159
Cake\Http\ResponseEmitter->emitStatusLine() C:\Apache24\htdocs\chestcounter\vendor\cakephp\cakephp\src\Http\ResponseEmitter.php, line 68
Cake\Http\ResponseEmitter->emit() C:\Apache24\htdocs\chestcounter\vendor\cakephp\cakephp\src\Http\Server.php, line 148
Cake\Http\Server->emit() C:\Apache24\htdocs\chestcounter\webroot\index.php, line 37
[main]

2025-10-19 22:24:13 warning: Cannot modify header information - headers already sent by (output started at C:\Apache24\htdocs\chestcounter\vendor\cakephp\cakephp\src\Error\Renderer\HtmlErrorRenderer.php:37)
Request URL: /
Client IP: 127.0.0.1
Trace:
Cake\Error\ErrorTrap->handleError() [internal], line ??
C:\Apache24\htdocs\chestcounter\vendor\cakephp\cakephp\src\Http\ResponseEmitter.php C:\Apache24\htdocs\chestcounter\vendor\cakephp\cakephp\src\Http\ResponseEmitter.php, line 192
Cake\Http\ResponseEmitter->emitHeaders() C:\Apache24\htdocs\chestcounter\vendor\cakephp\cakephp\src\Http\ResponseEmitter.php, line 69
Cake\Http\ResponseEmitter->emit() C:\Apache24\htdocs\chestcounter\vendor\cakephp\cakephp\src\Http\Server.php, line 148
Cake\Http\Server->emit() C:\Apache24\htdocs\chestcounter\webroot\index.php, line 37
[main]

2025-10-19 22:24:18 warning: Unable to emit headers. Headers sent in file=C:\Apache24\htdocs\chestcounter\vendor\cakephp\cakephp\src\Error\Renderer\HtmlErrorRenderer.php line=37
Request URL: /player-cycle-summaries/player-history/Rainfury
Referer URL: http://127.0.0.1/chestcounter/
Client IP: 127.0.0.1
Trace:
Cake\Error\ErrorTrap->handleError() [internal], line ??
C:\Apache24\htdocs\chestcounter\vendor\cakephp\cakephp\src\Http\ResponseEmitter.php C:\Apache24\htdocs\chestcounter\vendor\cakephp\cakephp\src\Http\ResponseEmitter.php, line 65
Cake\Http\ResponseEmitter->emit() C:\Apache24\htdocs\chestcounter\vendor\cakephp\cakephp\src\Http\Server.php, line 148
Cake\Http\Server->emit() C:\Apache24\htdocs\chestcounter\webroot\index.php, line 37
[main]

2025-10-19 22:24:18 warning: Cannot modify header information - headers already sent by (output started at C:\Apache24\htdocs\chestcounter\vendor\cakephp\cakephp\src\Error\Renderer\HtmlErrorRenderer.php:37)
Request URL: /player-cycle-summaries/player-history/Rainfury
Referer URL: http://127.0.0.1/chestcounter/
Client IP: 127.0.0.1
Trace:
Cake\Error\ErrorTrap->handleError() [internal], line ??
C:\Apache24\htdocs\chestcounter\vendor\cakephp\cakephp\src\Http\ResponseEmitter.php C:\Apache24\htdocs\chestcounter\vendor\cakephp\cakephp\src\Http\ResponseEmitter.php, line 159
Cake\Http\ResponseEmitter->emitStatusLine() C:\Apache24\htdocs\chestcounter\vendor\cakephp\cakephp\src\Http\ResponseEmitter.php, line 68
Cake\Http\ResponseEmitter->emit() C:\Apache24\htdocs\chestcounter\vendor\cakephp\cakephp\src\Http\Server.php, line 148
Cake\Http\Server->emit() C:\Apache24\htdocs\chestcounter\webroot\index.php, line 37
[main]

2025-10-19 22:24:18 warning: Cannot modify header information - headers already sent by (output started at C:\Apache24\htdocs\chestcounter\vendor\cakephp\cakephp\src\Error\Renderer\HtmlErrorRenderer.php:37)
Request URL: /player-cycle-summaries/player-history/Rainfury
Referer URL: http://127.0.0.1/chestcounter/
Client IP: 127.0.0.1
Trace:
Cake\Error\ErrorTrap->handleError() [internal], line ??
C:\Apache24\htdocs\chestcounter\vendor\cakephp\cakephp\src\Http\ResponseEmitter.php C:\Apache24\htdocs\chestcounter\vendor\cakephp\cakephp\src\Http\ResponseEmitter.php, line 192
Cake\Http\ResponseEmitter->emitHeaders() C:\Apache24\htdocs\chestcounter\vendor\cakephp\cakephp\src\Http\ResponseEmitter.php, line 69
Cake\Http\ResponseEmitter->emit() C:\Apache24\htdocs\chestcounter\vendor\cakephp\cakephp\src\Http\Server.php, line 148
Cake\Http\Server->emit() C:\Apache24\htdocs\chestcounter\webroot\index.php, line 37
[main]

2025-10-19 22:24:26 warning: Unable to emit headers. Headers sent in file=C:\Apache24\htdocs\chestcounter\vendor\cakephp\cakephp\src\Error\Renderer\HtmlErrorRenderer.php line=37
Request URL: /score
Client IP: 127.0.0.1
Trace:
Cake\Error\ErrorTrap->handleError() [internal], line ??
C:\Apache24\htdocs\chestcounter\vendor\cakephp\cakephp\src\Http\ResponseEmitter.php C:\Apache24\htdocs\chestcounter\vendor\cakephp\cakephp\src\Http\ResponseEmitter.php, line 65
Cake\Http\ResponseEmitter->emit() C:\Apache24\htdocs\chestcounter\vendor\cakephp\cakephp\src\Http\Server.php, line 148
Cake\Http\Server->emit() C:\Apache24\htdocs\chestcounter\webroot\index.php, line 37
[main]

2025-10-19 22:24:26 warning: Cannot modify header information - headers already sent by (output started at C:\Apache24\htdocs\chestcounter\vendor\cakephp\cakephp\src\Error\Renderer\HtmlErrorRenderer.php:37)
Request URL: /score
Client IP: 127.0.0.1
Trace:
Cake\Error\ErrorTrap->handleError() [internal], line ??
C:\Apache24\htdocs\chestcounter\vendor\cakephp\cakephp\src\Http\ResponseEmitter.php C:\Apache24\htdocs\chestcounter\vendor\cakephp\cakephp\src\Http\ResponseEmitter.php, line 159
Cake\Http\ResponseEmitter->emitStatusLine() C:\Apache24\htdocs\chestcounter\vendor\cakephp\cakephp\src\Http\ResponseEmitter.php, line 68
Cake\Http\ResponseEmitter->emit() C:\Apache24\htdocs\chestcounter\vendor\cakephp\cakephp\src\Http\Server.php, line 148
Cake\Http\Server->emit() C:\Apache24\htdocs\chestcounter\webroot\index.php, line 37
[main]

2025-10-19 22:24:26 warning: Cannot modify header information - headers already sent by (output started at C:\Apache24\htdocs\chestcounter\vendor\cakephp\cakephp\src\Error\Renderer\HtmlErrorRenderer.php:37)
Request URL: /score
Client IP: 127.0.0.1
Trace:
Cake\Error\ErrorTrap->handleError() [internal], line ??
C:\Apache24\htdocs\chestcounter\vendor\cakephp\cakephp\src\Http\ResponseEmitter.php C:\Apache24\htdocs\chestcounter\vendor\cakephp\cakephp\src\Http\ResponseEmitter.php, line 192
Cake\Http\ResponseEmitter->emitHeaders() C:\Apache24\htdocs\chestcounter\vendor\cakephp\cakephp\src\Http\ResponseEmitter.php, line 69
Cake\Http\ResponseEmitter->emit() C:\Apache24\htdocs\chestcounter\vendor\cakephp\cakephp\src\Http\Server.php, line 148
Cake\Http\Server->emit() C:\Apache24\htdocs\chestcounter\webroot\index.php, line 37
[main]

2025-10-19 22:24:32 warning: Unable to emit headers. Headers sent in file=C:\Apache24\htdocs\chestcounter\vendor\cakephp\cakephp\src\Error\Renderer\HtmlErrorRenderer.php line=37
Request URL: /player-cycle-summaries/player-history/Rainfury
Referer URL: http://127.0.0.1/chestcounter/score
Client IP: 127.0.0.1
Trace:
Cake\Error\ErrorTrap->handleError() [internal], line ??
C:\Apache24\htdocs\chestcounter\vendor\cakephp\cakephp\src\Http\ResponseEmitter.php C:\Apache24\htdocs\chestcounter\vendor\cakephp\cakephp\src\Http\ResponseEmitter.php, line 65
Cake\Http\ResponseEmitter->emit() C:\Apache24\htdocs\chestcounter\vendor\cakephp\cakephp\src\Http\Server.php, line 148
Cake\Http\Server->emit() C:\Apache24\htdocs\chestcounter\webroot\index.php, line 37
[main]

2025-10-19 22:24:32 warning: Cannot modify header information - headers already sent by (output started at C:\Apache24\htdocs\chestcounter\vendor\cakephp\cakephp\src\Error\Renderer\HtmlErrorRenderer.php:37)
Request URL: /player-cycle-summaries/player-history/Rainfury
Referer URL: http://127.0.0.1/chestcounter/score
Client IP: 127.0.0.1
Trace:
Cake\Error\ErrorTrap->handleError() [internal], line ??
C:\Apache24\htdocs\chestcounter\vendor\cakephp\cakephp\src\Http\ResponseEmitter.php C:\Apache24\htdocs\chestcounter\vendor\cakephp\cakephp\src\Http\ResponseEmitter.php, line 159
Cake\Http\ResponseEmitter->emitStatusLine() C:\Apache24\htdocs\chestcounter\vendor\cakephp\cakephp\src\Http\ResponseEmitter.php, line 68
Cake\Http\ResponseEmitter->emit() C:\Apache24\htdocs\chestcounter\vendor\cakephp\cakephp\src\Http\Server.php, line 148
Cake\Http\Server->emit() C:\Apache24\htdocs\chestcounter\webroot\index.php, line 37
[main]

2025-10-19 22:24:32 warning: Cannot modify header information - headers already sent by (output started at C:\Apache24\htdocs\chestcounter\vendor\cakephp\cakephp\src\Error\Renderer\HtmlErrorRenderer.php:37)
Request URL: /player-cycle-summaries/player-history/Rainfury
Referer URL: http://127.0.0.1/chestcounter/score
Client IP: 127.0.0.1
Trace:
Cake\Error\ErrorTrap->handleError() [internal], line ??
C:\Apache24\htdocs\chestcounter\vendor\cakephp\cakephp\src\Http\ResponseEmitter.php C:\Apache24\htdocs\chestcounter\vendor\cakephp\cakephp\src\Http\ResponseEmitter.php, line 192
Cake\Http\ResponseEmitter->emitHeaders() C:\Apache24\htdocs\chestcounter\vendor\cakephp\cakephp\src\Http\ResponseEmitter.php, line 69
Cake\Http\ResponseEmitter->emit() C:\Apache24\htdocs\chestcounter\vendor\cakephp\cakephp\src\Http\Server.php, line 148
Cake\Http\Server->emit() C:\Apache24\htdocs\chestcounter\webroot\index.php, line 37
[main]

2025-10-19 22:24:36 warning: Unable to emit headers. Headers sent in file=C:\Apache24\htdocs\chestcounter\vendor\cakephp\cakephp\src\Error\Renderer\HtmlErrorRenderer.php line=37
Request URL: /score
Client IP: 127.0.0.1
Trace:
Cake\Error\ErrorTrap->handleError() [internal], line ??
C:\Apache24\htdocs\chestcounter\vendor\cakephp\cakephp\src\Http\ResponseEmitter.php C:\Apache24\htdocs\chestcounter\vendor\cakephp\cakephp\src\Http\ResponseEmitter.php, line 65
Cake\Http\ResponseEmitter->emit() C:\Apache24\htdocs\chestcounter\vendor\cakephp\cakephp\src\Http\Server.php, line 148
Cake\Http\Server->emit() C:\Apache24\htdocs\chestcounter\webroot\index.php, line 37
[main]

2025-10-19 22:24:36 warning: Cannot modify header information - headers already sent by (output started at C:\Apache24\htdocs\chestcounter\vendor\cakephp\cakephp\src\Error\Renderer\HtmlErrorRenderer.php:37)
Request URL: /score
Client IP: 127.0.0.1
Trace:
Cake\Error\ErrorTrap->handleError() [internal], line ??
C:\Apache24\htdocs\chestcounter\vendor\cakephp\cakephp\src\Http\ResponseEmitter.php C:\Apache24\htdocs\chestcounter\vendor\cakephp\cakephp\src\Http\ResponseEmitter.php, line 159
Cake\Http\ResponseEmitter->emitStatusLine() C:\Apache24\htdocs\chestcounter\vendor\cakephp\cakephp\src\Http\ResponseEmitter.php, line 68
Cake\Http\ResponseEmitter->emit() C:\Apache24\htdocs\chestcounter\vendor\cakephp\cakephp\src\Http\Server.php, line 148
Cake\Http\Server->emit() C:\Apache24\htdocs\chestcounter\webroot\index.php, line 37
[main]

2025-10-19 22:24:36 warning: Cannot modify header information - headers already sent by (output started at C:\Apache24\htdocs\chestcounter\vendor\cakephp\cakephp\src\Error\Renderer\HtmlErrorRenderer.php:37)
Request URL: /score
Client IP: 127.0.0.1
Trace:
Cake\Error\ErrorTrap->handleError() [internal], line ??
C:\Apache24\htdocs\chestcounter\vendor\cakephp\cakephp\src\Http\ResponseEmitter.php C:\Apache24\htdocs\chestcounter\vendor\cakephp\cakephp\src\Http\ResponseEmitter.php, line 192
Cake\Http\ResponseEmitter->emitHeaders() C:\Apache24\htdocs\chestcounter\vendor\cakephp\cakephp\src\Http\ResponseEmitter.php, line 69
Cake\Http\ResponseEmitter->emit() C:\Apache24\htdocs\chestcounter\vendor\cakephp\cakephp\src\Http\Server.php, line 148
Cake\Http\Server->emit() C:\Apache24\htdocs\chestcounter\webroot\index.php, line 37
[main]

2025-10-19 22:25:29 warning: Unable to emit headers. Headers sent in file=C:\Apache24\htdocs\chestcounter\vendor\cakephp\cakephp\src\Error\Renderer\HtmlErrorRenderer.php line=37
Request URL: /score
Client IP: 127.0.0.1
Trace:
Cake\Error\ErrorTrap->handleError() [internal], line ??
C:\Apache24\htdocs\chestcounter\vendor\cakephp\cakephp\src\Http\ResponseEmitter.php C:\Apache24\htdocs\chestcounter\vendor\cakephp\cakephp\src\Http\ResponseEmitter.php, line 65
Cake\Http\ResponseEmitter->emit() C:\Apache24\htdocs\chestcounter\vendor\cakephp\cakephp\src\Http\Server.php, line 148
Cake\Http\Server->emit() C:\Apache24\htdocs\chestcounter\webroot\index.php, line 37
[main]

2025-10-19 22:25:29 warning: Cannot modify header information - headers already sent by (output started at C:\Apache24\htdocs\chestcounter\vendor\cakephp\cakephp\src\Error\Renderer\HtmlErrorRenderer.php:37)
Request URL: /score
Client IP: 127.0.0.1
Trace:
Cake\Error\ErrorTrap->handleError() [internal], line ??
C:\Apache24\htdocs\chestcounter\vendor\cakephp\cakephp\src\Http\ResponseEmitter.php C:\Apache24\htdocs\chestcounter\vendor\cakephp\cakephp\src\Http\ResponseEmitter.php, line 159
Cake\Http\ResponseEmitter->emitStatusLine() C:\Apache24\htdocs\chestcounter\vendor\cakephp\cakephp\src\Http\ResponseEmitter.php, line 68
Cake\Http\ResponseEmitter->emit() C:\Apache24\htdocs\chestcounter\vendor\cakephp\cakephp\src\Http\Server.php, line 148
Cake\Http\Server->emit() C:\Apache24\htdocs\chestcounter\webroot\index.php, line 37
[main]

2025-10-19 22:25:29 warning: Cannot modify header information - headers already sent by (output started at C:\Apache24\htdocs\chestcounter\vendor\cakephp\cakephp\src\Error\Renderer\HtmlErrorRenderer.php:37)
Request URL: /score
Client IP: 127.0.0.1
Trace:
Cake\Error\ErrorTrap->handleError() [internal], line ??
C:\Apache24\htdocs\chestcounter\vendor\cakephp\cakephp\src\Http\ResponseEmitter.php C:\Apache24\htdocs\chestcounter\vendor\cakephp\cakephp\src\Http\ResponseEmitter.php, line 192
Cake\Http\ResponseEmitter->emitHeaders() C:\Apache24\htdocs\chestcounter\vendor\cakephp\cakephp\src\Http\ResponseEmitter.php, line 69
Cake\Http\ResponseEmitter->emit() C:\Apache24\htdocs\chestcounter\vendor\cakephp\cakephp\src\Http\Server.php, line 148
Cake\Http\Server->emit() C:\Apache24\htdocs\chestcounter\webroot\index.php, line 37
[main]

2025-10-19 22:25:55 error: [Cake\Controller\Exception\MissingActionException] Action `PlayerCycleSummariesController::cycleHistory()` could not be found, or is not accessible. in C:\Apache24\htdocs\chestcounter\vendor\cakephp\cakephp\src\Controller\Controller.php on line 487
Exception Attributes: array (
  0 => 'PlayerCycleSummariesController',
  1 => 'cycleHistory',
)
Stack Trace:
- CORE\src\Controller\ControllerFactory.php:161
- CORE\src\Controller\ControllerFactory.php:141
- CORE\src\Http\BaseApplication.php:362
- CORE\src\Http\Runner.php:86
- CORE\src\Http\Middleware\CsrfProtectionMiddleware.php:169
- CORE\src\Http\Runner.php:82
- ROOT\vendor\cakephp\authentication\src\Middleware\AuthenticationMiddleware.php:106
- CORE\src\Http\Runner.php:82
- CORE\src\Http\Middleware\BodyParserMiddleware.php:157
- CORE\src\Http\Runner.php:82
- CORE\src\Routing\Middleware\RoutingMiddleware.php:118
- CORE\src\Http\Runner.php:82
- CORE\src\Routing\Middleware\AssetMiddleware.php:69
- CORE\src\Http\Runner.php:82
- CORE\src\Error\Middleware\ErrorHandlerMiddleware.php:115
- CORE\src\Http\Runner.php:82
- CORE\src\Http\Runner.php:60
- CORE\src\Http\Server.php:104
- ROOT\webroot\index.php:37
- [main]:

Request URL: /player-cycle-summaries/cycle_history
Client IP: 127.0.0.1
2025-10-19 22:25:55 warning: Undefined variable $type
Request URL: /player-cycle-summaries/cycle_history
Client IP: 127.0.0.1
Trace:
Cake\Error\ErrorTrap->handleError() C:\Apache24\htdocs\chestcounter\vendor\cakephp\cakephp\templates\Error\missing_action.php, line 49
C:\Apache24\htdocs\chestcounter\vendor\cakephp\cakephp\src\View\View.php C:\Apache24\htdocs\chestcounter\vendor\cakephp\cakephp\src\View\View.php, line 1188
Cake\View\View->_evaluate() C:\Apache24\htdocs\chestcounter\vendor\cakephp\cakephp\src\View\View.php, line 1145
Cake\View\View->_render() C:\Apache24\htdocs\chestcounter\vendor\cakephp\cakephp\src\View\View.php, line 785
Cake\View\View->render() C:\Apache24\htdocs\chestcounter\vendor\cakephp\cakephp\src\Controller\Controller.php, line 712
Cake\Controller\Controller->render() C:\Apache24\htdocs\chestcounter\vendor\cakephp\cakephp\src\Error\Renderer\WebExceptionRenderer.php, line 419
Cake\Error\Renderer\WebExceptionRenderer->_outputMessage() C:\Apache24\htdocs\chestcounter\vendor\cakephp\cakephp\src\Error\Renderer\WebExceptionRenderer.php, line 290
Cake\Error\Renderer\WebExceptionRenderer->render() C:\Apache24\htdocs\chestcounter\vendor\cakephp\cakephp\src\Error\Middleware\ErrorHandlerMiddleware.php, line 149
Cake\Error\Middleware\ErrorHandlerMiddleware->handleException() C:\Apache24\htdocs\chestcounter\vendor\cakephp\cakephp\src\Error\Middleware\ErrorHandlerMiddleware.php, line 119
Cake\Error\Middleware\ErrorHandlerMiddleware->process() C:\Apache24\htdocs\chestcounter\vendor\cakephp\cakephp\src\Http\Runner.php, line 82
Cake\Http\Runner->handle() C:\Apache24\htdocs\chestcounter\vendor\cakephp\cakephp\src\Http\Runner.php, line 60
Cake\Http\Runner->run() C:\Apache24\htdocs\chestcounter\vendor\cakephp\cakephp\src\Http\Server.php, line 104
Cake\Http\Server->run() C:\Apache24\htdocs\chestcounter\webroot\index.php, line 37
[main]

2025-10-19 22:25:55 warning: Undefined variable $class
Request URL: /player-cycle-summaries/cycle_history
Client IP: 127.0.0.1
Trace:
Cake\Error\ErrorTrap->handleError() C:\Apache24\htdocs\chestcounter\vendor\cakephp\cakephp\templates\Error\missing_action.php, line 49
C:\Apache24\htdocs\chestcounter\vendor\cakephp\cakephp\src\View\View.php C:\Apache24\htdocs\chestcounter\vendor\cakephp\cakephp\src\View\View.php, line 1188
Cake\View\View->_evaluate() C:\Apache24\htdocs\chestcounter\vendor\cakephp\cakephp\src\View\View.php, line 1145
Cake\View\View->_render() C:\Apache24\htdocs\chestcounter\vendor\cakephp\cakephp\src\View\View.php, line 785
Cake\View\View->render() C:\Apache24\htdocs\chestcounter\vendor\cakephp\cakephp\src\Controller\Controller.php, line 712
Cake\Controller\Controller->render() C:\Apache24\htdocs\chestcounter\vendor\cakephp\cakephp\src\Error\Renderer\WebExceptionRenderer.php, line 419
Cake\Error\Renderer\WebExceptionRenderer->_outputMessage() C:\Apache24\htdocs\chestcounter\vendor\cakephp\cakephp\src\Error\Renderer\WebExceptionRenderer.php, line 290
Cake\Error\Renderer\WebExceptionRenderer->render() C:\Apache24\htdocs\chestcounter\vendor\cakephp\cakephp\src\Error\Middleware\ErrorHandlerMiddleware.php, line 149
Cake\Error\Middleware\ErrorHandlerMiddleware->handleException() C:\Apache24\htdocs\chestcounter\vendor\cakephp\cakephp\src\Error\Middleware\ErrorHandlerMiddleware.php, line 119
Cake\Error\Middleware\ErrorHandlerMiddleware->process() C:\Apache24\htdocs\chestcounter\vendor\cakephp\cakephp\src\Http\Runner.php, line 82
Cake\Http\Runner->handle() C:\Apache24\htdocs\chestcounter\vendor\cakephp\cakephp\src\Http\Runner.php, line 60
Cake\Http\Runner->run() C:\Apache24\htdocs\chestcounter\vendor\cakephp\cakephp\src\Http\Server.php, line 104
Cake\Http\Server->run() C:\Apache24\htdocs\chestcounter\webroot\index.php, line 37
[main]

2025-10-19 22:25:55 warning: Undefined variable $class
Request URL: /player-cycle-summaries/cycle_history
Client IP: 127.0.0.1
Trace:
Cake\Error\ErrorTrap->handleError() C:\Apache24\htdocs\chestcounter\vendor\cakephp\cakephp\templates\Error\missing_action.php, line 56
C:\Apache24\htdocs\chestcounter\vendor\cakephp\cakephp\src\View\View.php C:\Apache24\htdocs\chestcounter\vendor\cakephp\cakephp\src\View\View.php, line 1188
Cake\View\View->_evaluate() C:\Apache24\htdocs\chestcounter\vendor\cakephp\cakephp\src\View\View.php, line 1145
Cake\View\View->_render() C:\Apache24\htdocs\chestcounter\vendor\cakephp\cakephp\src\View\View.php, line 785
Cake\View\View->render() C:\Apache24\htdocs\chestcounter\vendor\cakephp\cakephp\src\Controller\Controller.php, line 712
Cake\Controller\Controller->render() C:\Apache24\htdocs\chestcounter\vendor\cakephp\cakephp\src\Error\Renderer\WebExceptionRenderer.php, line 419
Cake\Error\Renderer\WebExceptionRenderer->_outputMessage() C:\Apache24\htdocs\chestcounter\vendor\cakephp\cakephp\src\Error\Renderer\WebExceptionRenderer.php, line 290
Cake\Error\Renderer\WebExceptionRenderer->render() C:\Apache24\htdocs\chestcounter\vendor\cakephp\cakephp\src\Error\Middleware\ErrorHandlerMiddleware.php, line 149
Cake\Error\Middleware\ErrorHandlerMiddleware->handleException() C:\Apache24\htdocs\chestcounter\vendor\cakephp\cakephp\src\Error\Middleware\ErrorHandlerMiddleware.php, line 119
Cake\Error\Middleware\ErrorHandlerMiddleware->process() C:\Apache24\htdocs\chestcounter\vendor\cakephp\cakephp\src\Http\Runner.php, line 82
Cake\Http\Runner->handle() C:\Apache24\htdocs\chestcounter\vendor\cakephp\cakephp\src\Http\Runner.php, line 60
Cake\Http\Runner->run() C:\Apache24\htdocs\chestcounter\vendor\cakephp\cakephp\src\Http\Server.php, line 104
Cake\Http\Server->run() C:\Apache24\htdocs\chestcounter\webroot\index.php, line 37
[main]

2025-10-19 22:25:55 warning: Undefined variable $action
Request URL: /player-cycle-summaries/cycle_history
Client IP: 127.0.0.1
Trace:
Cake\Error\ErrorTrap->handleError() C:\Apache24\htdocs\chestcounter\vendor\cakephp\cakephp\templates\Error\missing_action.php, line 59
C:\Apache24\htdocs\chestcounter\vendor\cakephp\cakephp\src\View\View.php C:\Apache24\htdocs\chestcounter\vendor\cakephp\cakephp\src\View\View.php, line 1188
Cake\View\View->_evaluate() C:\Apache24\htdocs\chestcounter\vendor\cakephp\cakephp\src\View\View.php, line 1145
Cake\View\View->_render() C:\Apache24\htdocs\chestcounter\vendor\cakephp\cakephp\src\View\View.php, line 785
Cake\View\View->render() C:\Apache24\htdocs\chestcounter\vendor\cakephp\cakephp\src\Controller\Controller.php, line 712
Cake\Controller\Controller->render() C:\Apache24\htdocs\chestcounter\vendor\cakephp\cakephp\src\Error\Renderer\WebExceptionRenderer.php, line 419
Cake\Error\Renderer\WebExceptionRenderer->_outputMessage() C:\Apache24\htdocs\chestcounter\vendor\cakephp\cakephp\src\Error\Renderer\WebExceptionRenderer.php, line 290
Cake\Error\Renderer\WebExceptionRenderer->render() C:\Apache24\htdocs\chestcounter\vendor\cakephp\cakephp\src\Error\Middleware\ErrorHandlerMiddleware.php, line 149
Cake\Error\Middleware\ErrorHandlerMiddleware->handleException() C:\Apache24\htdocs\chestcounter\vendor\cakephp\cakephp\src\Error\Middleware\ErrorHandlerMiddleware.php, line 119
Cake\Error\Middleware\ErrorHandlerMiddleware->process() C:\Apache24\htdocs\chestcounter\vendor\cakephp\cakephp\src\Http\Runner.php, line 82
Cake\Http\Runner->handle() C:\Apache24\htdocs\chestcounter\vendor\cakephp\cakephp\src\Http\Runner.php, line 60
Cake\Http\Runner->run() C:\Apache24\htdocs\chestcounter\vendor\cakephp\cakephp\src\Http\Server.php, line 104
Cake\Http\Server->run() C:\Apache24\htdocs\chestcounter\webroot\index.php, line 37
[main]

2025-10-19 22:25:55 warning: Undefined variable $class
Request URL: /player-cycle-summaries/cycle_history
Client IP: 127.0.0.1
Trace:
Cake\Error\ErrorTrap->handleError() C:\Apache24\htdocs\chestcounter\vendor\cakephp\cakephp\templates\Error\missing_action.php, line 59
C:\Apache24\htdocs\chestcounter\vendor\cakephp\cakephp\src\View\View.php C:\Apache24\htdocs\chestcounter\vendor\cakephp\cakephp\src\View\View.php, line 1188
Cake\View\View->_evaluate() C:\Apache24\htdocs\chestcounter\vendor\cakephp\cakephp\src\View\View.php, line 1145
Cake\View\View->_render() C:\Apache24\htdocs\chestcounter\vendor\cakephp\cakephp\src\View\View.php, line 785
Cake\View\View->render() C:\Apache24\htdocs\chestcounter\vendor\cakephp\cakephp\src\Controller\Controller.php, line 712
Cake\Controller\Controller->render() C:\Apache24\htdocs\chestcounter\vendor\cakephp\cakephp\src\Error\Renderer\WebExceptionRenderer.php, line 419
Cake\Error\Renderer\WebExceptionRenderer->_outputMessage() C:\Apache24\htdocs\chestcounter\vendor\cakephp\cakephp\src\Error\Renderer\WebExceptionRenderer.php, line 290
Cake\Error\Renderer\WebExceptionRenderer->render() C:\Apache24\htdocs\chestcounter\vendor\cakephp\cakephp\src\Error\Middleware\ErrorHandlerMiddleware.php, line 149
Cake\Error\Middleware\ErrorHandlerMiddleware->handleException() C:\Apache24\htdocs\chestcounter\vendor\cakephp\cakephp\src\Error\Middleware\ErrorHandlerMiddleware.php, line 119
Cake\Error\Middleware\ErrorHandlerMiddleware->process() C:\Apache24\htdocs\chestcounter\vendor\cakephp\cakephp\src\Http\Runner.php, line 82
Cake\Http\Runner->handle() C:\Apache24\htdocs\chestcounter\vendor\cakephp\cakephp\src\Http\Runner.php, line 60
Cake\Http\Runner->run() C:\Apache24\htdocs\chestcounter\vendor\cakephp\cakephp\src\Http\Server.php, line 104
Cake\Http\Server->run() C:\Apache24\htdocs\chestcounter\webroot\index.php, line 37
[main]

2025-10-19 22:25:55 warning: Undefined variable $class
Request URL: /player-cycle-summaries/cycle_history
Client IP: 127.0.0.1
Trace:
Cake\Error\ErrorTrap->handleError() C:\Apache24\htdocs\chestcounter\vendor\cakephp\cakephp\templates\Error\missing_action.php, line 67
C:\Apache24\htdocs\chestcounter\vendor\cakephp\cakephp\src\View\View.php C:\Apache24\htdocs\chestcounter\vendor\cakephp\cakephp\src\View\View.php, line 1188
Cake\View\View->_evaluate() C:\Apache24\htdocs\chestcounter\vendor\cakephp\cakephp\src\View\View.php, line 1145
Cake\View\View->_render() C:\Apache24\htdocs\chestcounter\vendor\cakephp\cakephp\src\View\View.php, line 785
Cake\View\View->render() C:\Apache24\htdocs\chestcounter\vendor\cakephp\cakephp\src\Controller\Controller.php, line 712
Cake\Controller\Controller->render() C:\Apache24\htdocs\chestcounter\vendor\cakephp\cakephp\src\Error\Renderer\WebExceptionRenderer.php, line 419
Cake\Error\Renderer\WebExceptionRenderer->_outputMessage() C:\Apache24\htdocs\chestcounter\vendor\cakephp\cakephp\src\Error\Renderer\WebExceptionRenderer.php, line 290
Cake\Error\Renderer\WebExceptionRenderer->render() C:\Apache24\htdocs\chestcounter\vendor\cakephp\cakephp\src\Error\Middleware\ErrorHandlerMiddleware.php, line 149
Cake\Error\Middleware\ErrorHandlerMiddleware->handleException() C:\Apache24\htdocs\chestcounter\vendor\cakephp\cakephp\src\Error\Middleware\ErrorHandlerMiddleware.php, line 119
Cake\Error\Middleware\ErrorHandlerMiddleware->process() C:\Apache24\htdocs\chestcounter\vendor\cakephp\cakephp\src\Http\Runner.php, line 82
Cake\Http\Runner->handle() C:\Apache24\htdocs\chestcounter\vendor\cakephp\cakephp\src\Http\Runner.php, line 60
Cake\Http\Runner->run() C:\Apache24\htdocs\chestcounter\vendor\cakephp\cakephp\src\Http\Server.php, line 104
Cake\Http\Server->run() C:\Apache24\htdocs\chestcounter\webroot\index.php, line 37
[main]

2025-10-19 22:25:55 warning: Undefined variable $action
Request URL: /player-cycle-summaries/cycle_history
Client IP: 127.0.0.1
Trace:
Cake\Error\ErrorTrap->handleError() C:\Apache24\htdocs\chestcounter\vendor\cakephp\cakephp\templates\Error\missing_action.php, line 67
C:\Apache24\htdocs\chestcounter\vendor\cakephp\cakephp\src\View\View.php C:\Apache24\htdocs\chestcounter\vendor\cakephp\cakephp\src\View\View.php, line 1188
Cake\View\View->_evaluate() C:\Apache24\htdocs\chestcounter\vendor\cakephp\cakephp\src\View\View.php, line 1145
Cake\View\View->_render() C:\Apache24\htdocs\chestcounter\vendor\cakephp\cakephp\src\View\View.php, line 785
Cake\View\View->render() C:\Apache24\htdocs\chestcounter\vendor\cakephp\cakephp\src\Controller\Controller.php, line 712
Cake\Controller\Controller->render() C:\Apache24\htdocs\chestcounter\vendor\cakephp\cakephp\src\Error\Renderer\WebExceptionRenderer.php, line 419
Cake\Error\Renderer\WebExceptionRenderer->_outputMessage() C:\Apache24\htdocs\chestcounter\vendor\cakephp\cakephp\src\Error\Renderer\WebExceptionRenderer.php, line 290
Cake\Error\Renderer\WebExceptionRenderer->render() C:\Apache24\htdocs\chestcounter\vendor\cakephp\cakephp\src\Error\Middleware\ErrorHandlerMiddleware.php, line 149
Cake\Error\Middleware\ErrorHandlerMiddleware->handleException() C:\Apache24\htdocs\chestcounter\vendor\cakephp\cakephp\src\Error\Middleware\ErrorHandlerMiddleware.php, line 119
Cake\Error\Middleware\ErrorHandlerMiddleware->process() C:\Apache24\htdocs\chestcounter\vendor\cakephp\cakephp\src\Http\Runner.php, line 82
Cake\Http\Runner->handle() C:\Apache24\htdocs\chestcounter\vendor\cakephp\cakephp\src\Http\Runner.php, line 60
Cake\Http\Runner->run() C:\Apache24\htdocs\chestcounter\vendor\cakephp\cakephp\src\Http\Server.php, line 104
Cake\Http\Server->run() C:\Apache24\htdocs\chestcounter\webroot\index.php, line 37
[main]

2025-10-19 22:25:55 warning: Undefined variable $type
Request URL: /player-cycle-summaries/cycle_history
Client IP: 127.0.0.1
Trace:
Cake\Error\ErrorTrap->handleError() C:\Apache24\htdocs\chestcounter\vendor\cakephp\cakephp\templates\Error\missing_action.php, line 73
C:\Apache24\htdocs\chestcounter\vendor\cakephp\cakephp\src\View\View.php C:\Apache24\htdocs\chestcounter\vendor\cakephp\cakephp\src\View\View.php, line 1188
Cake\View\View->_evaluate() C:\Apache24\htdocs\chestcounter\vendor\cakephp\cakephp\src\View\View.php, line 1145
Cake\View\View->_render() C:\Apache24\htdocs\chestcounter\vendor\cakephp\cakephp\src\View\View.php, line 785
Cake\View\View->render() C:\Apache24\htdocs\chestcounter\vendor\cakephp\cakephp\src\Controller\Controller.php, line 712
Cake\Controller\Controller->render() C:\Apache24\htdocs\chestcounter\vendor\cakephp\cakephp\src\Error\Renderer\WebExceptionRenderer.php, line 419
Cake\Error\Renderer\WebExceptionRenderer->_outputMessage() C:\Apache24\htdocs\chestcounter\vendor\cakephp\cakephp\src\Error\Renderer\WebExceptionRenderer.php, line 290
Cake\Error\Renderer\WebExceptionRenderer->render() C:\Apache24\htdocs\chestcounter\vendor\cakephp\cakephp\src\Error\Middleware\ErrorHandlerMiddleware.php, line 149
Cake\Error\Middleware\ErrorHandlerMiddleware->handleException() C:\Apache24\htdocs\chestcounter\vendor\cakephp\cakephp\src\Error\Middleware\ErrorHandlerMiddleware.php, line 119
Cake\Error\Middleware\ErrorHandlerMiddleware->process() C:\Apache24\htdocs\chestcounter\vendor\cakephp\cakephp\src\Http\Runner.php, line 82
Cake\Http\Runner->handle() C:\Apache24\htdocs\chestcounter\vendor\cakephp\cakephp\src\Http\Runner.php, line 60
Cake\Http\Runner->run() C:\Apache24\htdocs\chestcounter\vendor\cakephp\cakephp\src\Http\Server.php, line 104
Cake\Http\Server->run() C:\Apache24\htdocs\chestcounter\webroot\index.php, line 37
[main]

2025-10-19 22:25:55 warning: Undefined variable $baseClass
Request URL: /player-cycle-summaries/cycle_history
Client IP: 127.0.0.1
Trace:
Cake\Error\ErrorTrap->handleError() C:\Apache24\htdocs\chestcounter\vendor\cakephp\cakephp\templates\Error\missing_action.php, line 75
C:\Apache24\htdocs\chestcounter\vendor\cakephp\cakephp\src\View\View.php C:\Apache24\htdocs\chestcounter\vendor\cakephp\cakephp\src\View\View.php, line 1188
Cake\View\View->_evaluate() C:\Apache24\htdocs\chestcounter\vendor\cakephp\cakephp\src\View\View.php, line 1145
Cake\View\View->_render() C:\Apache24\htdocs\chestcounter\vendor\cakephp\cakephp\src\View\View.php, line 785
Cake\View\View->render() C:\Apache24\htdocs\chestcounter\vendor\cakephp\cakephp\src\Controller\Controller.php, line 712
Cake\Controller\Controller->render() C:\Apache24\htdocs\chestcounter\vendor\cakephp\cakephp\src\Error\Renderer\WebExceptionRenderer.php, line 419
Cake\Error\Renderer\WebExceptionRenderer->_outputMessage() C:\Apache24\htdocs\chestcounter\vendor\cakephp\cakephp\src\Error\Renderer\WebExceptionRenderer.php, line 290
Cake\Error\Renderer\WebExceptionRenderer->render() C:\Apache24\htdocs\chestcounter\vendor\cakephp\cakephp\src\Error\Middleware\ErrorHandlerMiddleware.php, line 149
Cake\Error\Middleware\ErrorHandlerMiddleware->handleException() C:\Apache24\htdocs\chestcounter\vendor\cakephp\cakephp\src\Error\Middleware\ErrorHandlerMiddleware.php, line 119
Cake\Error\Middleware\ErrorHandlerMiddleware->process() C:\Apache24\htdocs\chestcounter\vendor\cakephp\cakephp\src\Http\Runner.php, line 82
Cake\Http\Runner->handle() C:\Apache24\htdocs\chestcounter\vendor\cakephp\cakephp\src\Http\Runner.php, line 60
Cake\Http\Runner->run() C:\Apache24\htdocs\chestcounter\vendor\cakephp\cakephp\src\Http\Server.php, line 104
Cake\Http\Server->run() C:\Apache24\htdocs\chestcounter\webroot\index.php, line 37
[main]

2025-10-19 22:25:55 warning: Undefined variable $class
Request URL: /player-cycle-summaries/cycle_history
Client IP: 127.0.0.1
Trace:
Cake\Error\ErrorTrap->handleError() C:\Apache24\htdocs\chestcounter\vendor\cakephp\cakephp\templates\Error\missing_action.php, line 77
C:\Apache24\htdocs\chestcounter\vendor\cakephp\cakephp\src\View\View.php C:\Apache24\htdocs\chestcounter\vendor\cakephp\cakephp\src\View\View.php, line 1188
Cake\View\View->_evaluate() C:\Apache24\htdocs\chestcounter\vendor\cakephp\cakephp\src\View\View.php, line 1145
Cake\View\View->_render() C:\Apache24\htdocs\chestcounter\vendor\cakephp\cakephp\src\View\View.php, line 785
Cake\View\View->render() C:\Apache24\htdocs\chestcounter\vendor\cakephp\cakephp\src\Controller\Controller.php, line 712
Cake\Controller\Controller->render() C:\Apache24\htdocs\chestcounter\vendor\cakephp\cakephp\src\Error\Renderer\WebExceptionRenderer.php, line 419
Cake\Error\Renderer\WebExceptionRenderer->_outputMessage() C:\Apache24\htdocs\chestcounter\vendor\cakephp\cakephp\src\Error\Renderer\WebExceptionRenderer.php, line 290
Cake\Error\Renderer\WebExceptionRenderer->render() C:\Apache24\htdocs\chestcounter\vendor\cakephp\cakephp\src\Error\Middleware\ErrorHandlerMiddleware.php, line 149
Cake\Error\Middleware\ErrorHandlerMiddleware->handleException() C:\Apache24\htdocs\chestcounter\vendor\cakephp\cakephp\src\Error\Middleware\ErrorHandlerMiddleware.php, line 119
Cake\Error\Middleware\ErrorHandlerMiddleware->process() C:\Apache24\htdocs\chestcounter\vendor\cakephp\cakephp\src\Http\Runner.php, line 82
Cake\Http\Runner->handle() C:\Apache24\htdocs\chestcounter\vendor\cakephp\cakephp\src\Http\Runner.php, line 60
Cake\Http\Runner->run() C:\Apache24\htdocs\chestcounter\vendor\cakephp\cakephp\src\Http\Server.php, line 104
Cake\Http\Server->run() C:\Apache24\htdocs\chestcounter\webroot\index.php, line 37
[main]

2025-10-19 22:25:55 warning: Undefined variable $extends
Request URL: /player-cycle-summaries/cycle_history
Client IP: 127.0.0.1
Trace:
Cake\Error\ErrorTrap->handleError() C:\Apache24\htdocs\chestcounter\vendor\cakephp\cakephp\templates\Error\missing_action.php, line 77
C:\Apache24\htdocs\chestcounter\vendor\cakephp\cakephp\src\View\View.php C:\Apache24\htdocs\chestcounter\vendor\cakephp\cakephp\src\View\View.php, line 1188
Cake\View\View->_evaluate() C:\Apache24\htdocs\chestcounter\vendor\cakephp\cakephp\src\View\View.php, line 1145
Cake\View\View->_render() C:\Apache24\htdocs\chestcounter\vendor\cakephp\cakephp\src\View\View.php, line 785
Cake\View\View->render() C:\Apache24\htdocs\chestcounter\vendor\cakephp\cakephp\src\Controller\Controller.php, line 712
Cake\Controller\Controller->render() C:\Apache24\htdocs\chestcounter\vendor\cakephp\cakephp\src\Error\Renderer\WebExceptionRenderer.php, line 419
Cake\Error\Renderer\WebExceptionRenderer->_outputMessage() C:\Apache24\htdocs\chestcounter\vendor\cakephp\cakephp\src\Error\Renderer\WebExceptionRenderer.php, line 290
Cake\Error\Renderer\WebExceptionRenderer->render() C:\Apache24\htdocs\chestcounter\vendor\cakephp\cakephp\src\Error\Middleware\ErrorHandlerMiddleware.php, line 149
Cake\Error\Middleware\ErrorHandlerMiddleware->handleException() C:\Apache24\htdocs\chestcounter\vendor\cakephp\cakephp\src\Error\Middleware\ErrorHandlerMiddleware.php, line 119
Cake\Error\Middleware\ErrorHandlerMiddleware->process() C:\Apache24\htdocs\chestcounter\vendor\cakephp\cakephp\src\Http\Runner.php, line 82
Cake\Http\Runner->handle() C:\Apache24\htdocs\chestcounter\vendor\cakephp\cakephp\src\Http\Runner.php, line 60
Cake\Http\Runner->run() C:\Apache24\htdocs\chestcounter\vendor\cakephp\cakephp\src\Http\Server.php, line 104
Cake\Http\Server->run() C:\Apache24\htdocs\chestcounter\webroot\index.php, line 37
[main]

2025-10-19 22:25:55 warning: Undefined variable $action
Request URL: /player-cycle-summaries/cycle_history
Client IP: 127.0.0.1
Trace:
Cake\Error\ErrorTrap->handleError() C:\Apache24\htdocs\chestcounter\vendor\cakephp\cakephp\templates\Error\missing_action.php, line 80
C:\Apache24\htdocs\chestcounter\vendor\cakephp\cakephp\src\View\View.php C:\Apache24\htdocs\chestcounter\vendor\cakephp\cakephp\src\View\View.php, line 1188
Cake\View\View->_evaluate() C:\Apache24\htdocs\chestcounter\vendor\cakephp\cakephp\src\View\View.php, line 1145
Cake\View\View->_render() C:\Apache24\htdocs\chestcounter\vendor\cakephp\cakephp\src\View\View.php, line 785
Cake\View\View->render() C:\Apache24\htdocs\chestcounter\vendor\cakephp\cakephp\src\Controller\Controller.php, line 712
Cake\Controller\Controller->render() C:\Apache24\htdocs\chestcounter\vendor\cakephp\cakephp\src\Error\Renderer\WebExceptionRenderer.php, line 419
Cake\Error\Renderer\WebExceptionRenderer->_outputMessage() C:\Apache24\htdocs\chestcounter\vendor\cakephp\cakephp\src\Error\Renderer\WebExceptionRenderer.php, line 290
Cake\Error\Renderer\WebExceptionRenderer->render() C:\Apache24\htdocs\chestcounter\vendor\cakephp\cakephp\src\Error\Middleware\ErrorHandlerMiddleware.php, line 149
Cake\Error\Middleware\ErrorHandlerMiddleware->handleException() C:\Apache24\htdocs\chestcounter\vendor\cakephp\cakephp\src\Error\Middleware\ErrorHandlerMiddleware.php, line 119
Cake\Error\Middleware\ErrorHandlerMiddleware->process() C:\Apache24\htdocs\chestcounter\vendor\cakephp\cakephp\src\Http\Runner.php, line 82
Cake\Http\Runner->handle() C:\Apache24\htdocs\chestcounter\vendor\cakephp\cakephp\src\Http\Runner.php, line 60
Cake\Http\Runner->run() C:\Apache24\htdocs\chestcounter\vendor\cakephp\cakephp\src\Http\Server.php, line 104
Cake\Http\Server->run() C:\Apache24\htdocs\chestcounter\webroot\index.php, line 37
[main]

2025-10-19 22:26:01 error: [Cake\Controller\Exception\MissingActionException] Action `PlayerCycleSummariesController::cyclehistory()` could not be found, or is not accessible. in C:\Apache24\htdocs\chestcounter\vendor\cakephp\cakephp\src\Controller\Controller.php on line 487
Exception Attributes: array (
  0 => 'PlayerCycleSummariesController',
  1 => 'cyclehistory',
)
Stack Trace:
- CORE\src\Controller\ControllerFactory.php:161
- CORE\src\Controller\ControllerFactory.php:141
- CORE\src\Http\BaseApplication.php:362
- CORE\src\Http\Runner.php:86
- CORE\src\Http\Middleware\CsrfProtectionMiddleware.php:169
- CORE\src\Http\Runner.php:82
- ROOT\vendor\cakephp\authentication\src\Middleware\AuthenticationMiddleware.php:106
- CORE\src\Http\Runner.php:82
- CORE\src\Http\Middleware\BodyParserMiddleware.php:157
- CORE\src\Http\Runner.php:82
- CORE\src\Routing\Middleware\RoutingMiddleware.php:118
- CORE\src\Http\Runner.php:82
- CORE\src\Routing\Middleware\AssetMiddleware.php:69
- CORE\src\Http\Runner.php:82
- CORE\src\Error\Middleware\ErrorHandlerMiddleware.php:115
- CORE\src\Http\Runner.php:82
- CORE\src\Http\Runner.php:60
- CORE\src\Http\Server.php:104
- ROOT\webroot\index.php:37
- [main]:

Request URL: /player-cycle-summaries/cyclehistory
Client IP: 127.0.0.1
2025-10-19 22:26:01 warning: Undefined variable $type
Request URL: /player-cycle-summaries/cyclehistory
Client IP: 127.0.0.1
Trace:
Cake\Error\ErrorTrap->handleError() C:\Apache24\htdocs\chestcounter\vendor\cakephp\cakephp\templates\Error\missing_action.php, line 49
C:\Apache24\htdocs\chestcounter\vendor\cakephp\cakephp\src\View\View.php C:\Apache24\htdocs\chestcounter\vendor\cakephp\cakephp\src\View\View.php, line 1188
Cake\View\View->_evaluate() C:\Apache24\htdocs\chestcounter\vendor\cakephp\cakephp\src\View\View.php, line 1145
Cake\View\View->_render() C:\Apache24\htdocs\chestcounter\vendor\cakephp\cakephp\src\View\View.php, line 785
Cake\View\View->render() C:\Apache24\htdocs\chestcounter\vendor\cakephp\cakephp\src\Controller\Controller.php, line 712
Cake\Controller\Controller->render() C:\Apache24\htdocs\chestcounter\vendor\cakephp\cakephp\src\Error\Renderer\WebExceptionRenderer.php, line 419
Cake\Error\Renderer\WebExceptionRenderer->_outputMessage() C:\Apache24\htdocs\chestcounter\vendor\cakephp\cakephp\src\Error\Renderer\WebExceptionRenderer.php, line 290
Cake\Error\Renderer\WebExceptionRenderer->render() C:\Apache24\htdocs\chestcounter\vendor\cakephp\cakephp\src\Error\Middleware\ErrorHandlerMiddleware.php, line 149
Cake\Error\Middleware\ErrorHandlerMiddleware->handleException() C:\Apache24\htdocs\chestcounter\vendor\cakephp\cakephp\src\Error\Middleware\ErrorHandlerMiddleware.php, line 119
Cake\Error\Middleware\ErrorHandlerMiddleware->process() C:\Apache24\htdocs\chestcounter\vendor\cakephp\cakephp\src\Http\Runner.php, line 82
Cake\Http\Runner->handle() C:\Apache24\htdocs\chestcounter\vendor\cakephp\cakephp\src\Http\Runner.php, line 60
Cake\Http\Runner->run() C:\Apache24\htdocs\chestcounter\vendor\cakephp\cakephp\src\Http\Server.php, line 104
Cake\Http\Server->run() C:\Apache24\htdocs\chestcounter\webroot\index.php, line 37
[main]

2025-10-19 22:26:01 warning: Undefined variable $class
Request URL: /player-cycle-summaries/cyclehistory
Client IP: 127.0.0.1
Trace:
Cake\Error\ErrorTrap->handleError() C:\Apache24\htdocs\chestcounter\vendor\cakephp\cakephp\templates\Error\missing_action.php, line 49
C:\Apache24\htdocs\chestcounter\vendor\cakephp\cakephp\src\View\View.php C:\Apache24\htdocs\chestcounter\vendor\cakephp\cakephp\src\View\View.php, line 1188
Cake\View\View->_evaluate() C:\Apache24\htdocs\chestcounter\vendor\cakephp\cakephp\src\View\View.php, line 1145
Cake\View\View->_render() C:\Apache24\htdocs\chestcounter\vendor\cakephp\cakephp\src\View\View.php, line 785
Cake\View\View->render() C:\Apache24\htdocs\chestcounter\vendor\cakephp\cakephp\src\Controller\Controller.php, line 712
Cake\Controller\Controller->render() C:\Apache24\htdocs\chestcounter\vendor\cakephp\cakephp\src\Error\Renderer\WebExceptionRenderer.php, line 419
Cake\Error\Renderer\WebExceptionRenderer->_outputMessage() C:\Apache24\htdocs\chestcounter\vendor\cakephp\cakephp\src\Error\Renderer\WebExceptionRenderer.php, line 290
Cake\Error\Renderer\WebExceptionRenderer->render() C:\Apache24\htdocs\chestcounter\vendor\cakephp\cakephp\src\Error\Middleware\ErrorHandlerMiddleware.php, line 149
Cake\Error\Middleware\ErrorHandlerMiddleware->handleException() C:\Apache24\htdocs\chestcounter\vendor\cakephp\cakephp\src\Error\Middleware\ErrorHandlerMiddleware.php, line 119
Cake\Error\Middleware\ErrorHandlerMiddleware->process() C:\Apache24\htdocs\chestcounter\vendor\cakephp\cakephp\src\Http\Runner.php, line 82
Cake\Http\Runner->handle() C:\Apache24\htdocs\chestcounter\vendor\cakephp\cakephp\src\Http\Runner.php, line 60
Cake\Http\Runner->run() C:\Apache24\htdocs\chestcounter\vendor\cakephp\cakephp\src\Http\Server.php, line 104
Cake\Http\Server->run() C:\Apache24\htdocs\chestcounter\webroot\index.php, line 37
[main]

2025-10-19 22:26:01 warning: Undefined variable $class
Request URL: /player-cycle-summaries/cyclehistory
Client IP: 127.0.0.1
Trace:
Cake\Error\ErrorTrap->handleError() C:\Apache24\htdocs\chestcounter\vendor\cakephp\cakephp\templates\Error\missing_action.php, line 56
C:\Apache24\htdocs\chestcounter\vendor\cakephp\cakephp\src\View\View.php C:\Apache24\htdocs\chestcounter\vendor\cakephp\cakephp\src\View\View.php, line 1188
Cake\View\View->_evaluate() C:\Apache24\htdocs\chestcounter\vendor\cakephp\cakephp\src\View\View.php, line 1145
Cake\View\View->_render() C:\Apache24\htdocs\chestcounter\vendor\cakephp\cakephp\src\View\View.php, line 785
Cake\View\View->render() C:\Apache24\htdocs\chestcounter\vendor\cakephp\cakephp\src\Controller\Controller.php, line 712
Cake\Controller\Controller->render() C:\Apache24\htdocs\chestcounter\vendor\cakephp\cakephp\src\Error\Renderer\WebExceptionRenderer.php, line 419
Cake\Error\Renderer\WebExceptionRenderer->_outputMessage() C:\Apache24\htdocs\chestcounter\vendor\cakephp\cakephp\src\Error\Renderer\WebExceptionRenderer.php, line 290
Cake\Error\Renderer\WebExceptionRenderer->render() C:\Apache24\htdocs\chestcounter\vendor\cakephp\cakephp\src\Error\Middleware\ErrorHandlerMiddleware.php, line 149
Cake\Error\Middleware\ErrorHandlerMiddleware->handleException() C:\Apache24\htdocs\chestcounter\vendor\cakephp\cakephp\src\Error\Middleware\ErrorHandlerMiddleware.php, line 119
Cake\Error\Middleware\ErrorHandlerMiddleware->process() C:\Apache24\htdocs\chestcounter\vendor\cakephp\cakephp\src\Http\Runner.php, line 82
Cake\Http\Runner->handle() C:\Apache24\htdocs\chestcounter\vendor\cakephp\cakephp\src\Http\Runner.php, line 60
Cake\Http\Runner->run() C:\Apache24\htdocs\chestcounter\vendor\cakephp\cakephp\src\Http\Server.php, line 104
Cake\Http\Server->run() C:\Apache24\htdocs\chestcounter\webroot\index.php, line 37
[main]

2025-10-19 22:26:01 warning: Undefined variable $action
Request URL: /player-cycle-summaries/cyclehistory
Client IP: 127.0.0.1
Trace:
Cake\Error\ErrorTrap->handleError() C:\Apache24\htdocs\chestcounter\vendor\cakephp\cakephp\templates\Error\missing_action.php, line 59
C:\Apache24\htdocs\chestcounter\vendor\cakephp\cakephp\src\View\View.php C:\Apache24\htdocs\chestcounter\vendor\cakephp\cakephp\src\View\View.php, line 1188
Cake\View\View->_evaluate() C:\Apache24\htdocs\chestcounter\vendor\cakephp\cakephp\src\View\View.php, line 1145
Cake\View\View->_render() C:\Apache24\htdocs\chestcounter\vendor\cakephp\cakephp\src\View\View.php, line 785
Cake\View\View->render() C:\Apache24\htdocs\chestcounter\vendor\cakephp\cakephp\src\Controller\Controller.php, line 712
Cake\Controller\Controller->render() C:\Apache24\htdocs\chestcounter\vendor\cakephp\cakephp\src\Error\Renderer\WebExceptionRenderer.php, line 419
Cake\Error\Renderer\WebExceptionRenderer->_outputMessage() C:\Apache24\htdocs\chestcounter\vendor\cakephp\cakephp\src\Error\Renderer\WebExceptionRenderer.php, line 290
Cake\Error\Renderer\WebExceptionRenderer->render() C:\Apache24\htdocs\chestcounter\vendor\cakephp\cakephp\src\Error\Middleware\ErrorHandlerMiddleware.php, line 149
Cake\Error\Middleware\ErrorHandlerMiddleware->handleException() C:\Apache24\htdocs\chestcounter\vendor\cakephp\cakephp\src\Error\Middleware\ErrorHandlerMiddleware.php, line 119
Cake\Error\Middleware\ErrorHandlerMiddleware->process() C:\Apache24\htdocs\chestcounter\vendor\cakephp\cakephp\src\Http\Runner.php, line 82
Cake\Http\Runner->handle() C:\Apache24\htdocs\chestcounter\vendor\cakephp\cakephp\src\Http\Runner.php, line 60
Cake\Http\Runner->run() C:\Apache24\htdocs\chestcounter\vendor\cakephp\cakephp\src\Http\Server.php, line 104
Cake\Http\Server->run() C:\Apache24\htdocs\chestcounter\webroot\index.php, line 37
[main]

2025-10-19 22:26:01 warning: Undefined variable $class
Request URL: /player-cycle-summaries/cyclehistory
Client IP: 127.0.0.1
Trace:
Cake\Error\ErrorTrap->handleError() C:\Apache24\htdocs\chestcounter\vendor\cakephp\cakephp\templates\Error\missing_action.php, line 59
C:\Apache24\htdocs\chestcounter\vendor\cakephp\cakephp\src\View\View.php C:\Apache24\htdocs\chestcounter\vendor\cakephp\cakephp\src\View\View.php, line 1188
Cake\View\View->_evaluate() C:\Apache24\htdocs\chestcounter\vendor\cakephp\cakephp\src\View\View.php, line 1145
Cake\View\View->_render() C:\Apache24\htdocs\chestcounter\vendor\cakephp\cakephp\src\View\View.php, line 785
Cake\View\View->render() C:\Apache24\htdocs\chestcounter\vendor\cakephp\cakephp\src\Controller\Controller.php, line 712
Cake\Controller\Controller->render() C:\Apache24\htdocs\chestcounter\vendor\cakephp\cakephp\src\Error\Renderer\WebExceptionRenderer.php, line 419
Cake\Error\Renderer\WebExceptionRenderer->_outputMessage() C:\Apache24\htdocs\chestcounter\vendor\cakephp\cakephp\src\Error\Renderer\WebExceptionRenderer.php, line 290
Cake\Error\Renderer\WebExceptionRenderer->render() C:\Apache24\htdocs\chestcounter\vendor\cakephp\cakephp\src\Error\Middleware\ErrorHandlerMiddleware.php, line 149
Cake\Error\Middleware\ErrorHandlerMiddleware->handleException() C:\Apache24\htdocs\chestcounter\vendor\cakephp\cakephp\src\Error\Middleware\ErrorHandlerMiddleware.php, line 119
Cake\Error\Middleware\ErrorHandlerMiddleware->process() C:\Apache24\htdocs\chestcounter\vendor\cakephp\cakephp\src\Http\Runner.php, line 82
Cake\Http\Runner->handle() C:\Apache24\htdocs\chestcounter\vendor\cakephp\cakephp\src\Http\Runner.php, line 60
Cake\Http\Runner->run() C:\Apache24\htdocs\chestcounter\vendor\cakephp\cakephp\src\Http\Server.php, line 104
Cake\Http\Server->run() C:\Apache24\htdocs\chestcounter\webroot\index.php, line 37
[main]

2025-10-19 22:26:01 warning: Undefined variable $class
Request URL: /player-cycle-summaries/cyclehistory
Client IP: 127.0.0.1
Trace:
Cake\Error\ErrorTrap->handleError() C:\Apache24\htdocs\chestcounter\vendor\cakephp\cakephp\templates\Error\missing_action.php, line 67
C:\Apache24\htdocs\chestcounter\vendor\cakephp\cakephp\src\View\View.php C:\Apache24\htdocs\chestcounter\vendor\cakephp\cakephp\src\View\View.php, line 1188
Cake\View\View->_evaluate() C:\Apache24\htdocs\chestcounter\vendor\cakephp\cakephp\src\View\View.php, line 1145
Cake\View\View->_render() C:\Apache24\htdocs\chestcounter\vendor\cakephp\cakephp\src\View\View.php, line 785
Cake\View\View->render() C:\Apache24\htdocs\chestcounter\vendor\cakephp\cakephp\src\Controller\Controller.php, line 712
Cake\Controller\Controller->render() C:\Apache24\htdocs\chestcounter\vendor\cakephp\cakephp\src\Error\Renderer\WebExceptionRenderer.php, line 419
Cake\Error\Renderer\WebExceptionRenderer->_outputMessage() C:\Apache24\htdocs\chestcounter\vendor\cakephp\cakephp\src\Error\Renderer\WebExceptionRenderer.php, line 290
Cake\Error\Renderer\WebExceptionRenderer->render() C:\Apache24\htdocs\chestcounter\vendor\cakephp\cakephp\src\Error\Middleware\ErrorHandlerMiddleware.php, line 149
Cake\Error\Middleware\ErrorHandlerMiddleware->handleException() C:\Apache24\htdocs\chestcounter\vendor\cakephp\cakephp\src\Error\Middleware\ErrorHandlerMiddleware.php, line 119
Cake\Error\Middleware\ErrorHandlerMiddleware->process() C:\Apache24\htdocs\chestcounter\vendor\cakephp\cakephp\src\Http\Runner.php, line 82
Cake\Http\Runner->handle() C:\Apache24\htdocs\chestcounter\vendor\cakephp\cakephp\src\Http\Runner.php, line 60
Cake\Http\Runner->run() C:\Apache24\htdocs\chestcounter\vendor\cakephp\cakephp\src\Http\Server.php, line 104
Cake\Http\Server->run() C:\Apache24\htdocs\chestcounter\webroot\index.php, line 37
[main]

2025-10-19 22:26:01 warning: Undefined variable $action
Request URL: /player-cycle-summaries/cyclehistory
Client IP: 127.0.0.1
Trace:
Cake\Error\ErrorTrap->handleError() C:\Apache24\htdocs\chestcounter\vendor\cakephp\cakephp\templates\Error\missing_action.php, line 67
C:\Apache24\htdocs\chestcounter\vendor\cakephp\cakephp\src\View\View.php C:\Apache24\htdocs\chestcounter\vendor\cakephp\cakephp\src\View\View.php, line 1188
Cake\View\View->_evaluate() C:\Apache24\htdocs\chestcounter\vendor\cakephp\cakephp\src\View\View.php, line 1145
Cake\View\View->_render() C:\Apache24\htdocs\chestcounter\vendor\cakephp\cakephp\src\View\View.php, line 785
Cake\View\View->render() C:\Apache24\htdocs\chestcounter\vendor\cakephp\cakephp\src\Controller\Controller.php, line 712
Cake\Controller\Controller->render() C:\Apache24\htdocs\chestcounter\vendor\cakephp\cakephp\src\Error\Renderer\WebExceptionRenderer.php, line 419
Cake\Error\Renderer\WebExceptionRenderer->_outputMessage() C:\Apache24\htdocs\chestcounter\vendor\cakephp\cakephp\src\Error\Renderer\WebExceptionRenderer.php, line 290
Cake\Error\Renderer\WebExceptionRenderer->render() C:\Apache24\htdocs\chestcounter\vendor\cakephp\cakephp\src\Error\Middleware\ErrorHandlerMiddleware.php, line 149
Cake\Error\Middleware\ErrorHandlerMiddleware->handleException() C:\Apache24\htdocs\chestcounter\vendor\cakephp\cakephp\src\Error\Middleware\ErrorHandlerMiddleware.php, line 119
Cake\Error\Middleware\ErrorHandlerMiddleware->process() C:\Apache24\htdocs\chestcounter\vendor\cakephp\cakephp\src\Http\Runner.php, line 82
Cake\Http\Runner->handle() C:\Apache24\htdocs\chestcounter\vendor\cakephp\cakephp\src\Http\Runner.php, line 60
Cake\Http\Runner->run() C:\Apache24\htdocs\chestcounter\vendor\cakephp\cakephp\src\Http\Server.php, line 104
Cake\Http\Server->run() C:\Apache24\htdocs\chestcounter\webroot\index.php, line 37
[main]

2025-10-19 22:26:01 warning: Undefined variable $type
Request URL: /player-cycle-summaries/cyclehistory
Client IP: 127.0.0.1
Trace:
Cake\Error\ErrorTrap->handleError() C:\Apache24\htdocs\chestcounter\vendor\cakephp\cakephp\templates\Error\missing_action.php, line 73
C:\Apache24\htdocs\chestcounter\vendor\cakephp\cakephp\src\View\View.php C:\Apache24\htdocs\chestcounter\vendor\cakephp\cakephp\src\View\View.php, line 1188
Cake\View\View->_evaluate() C:\Apache24\htdocs\chestcounter\vendor\cakephp\cakephp\src\View\View.php, line 1145
Cake\View\View->_render() C:\Apache24\htdocs\chestcounter\vendor\cakephp\cakephp\src\View\View.php, line 785
Cake\View\View->render() C:\Apache24\htdocs\chestcounter\vendor\cakephp\cakephp\src\Controller\Controller.php, line 712
Cake\Controller\Controller->render() C:\Apache24\htdocs\chestcounter\vendor\cakephp\cakephp\src\Error\Renderer\WebExceptionRenderer.php, line 419
Cake\Error\Renderer\WebExceptionRenderer->_outputMessage() C:\Apache24\htdocs\chestcounter\vendor\cakephp\cakephp\src\Error\Renderer\WebExceptionRenderer.php, line 290
Cake\Error\Renderer\WebExceptionRenderer->render() C:\Apache24\htdocs\chestcounter\vendor\cakephp\cakephp\src\Error\Middleware\ErrorHandlerMiddleware.php, line 149
Cake\Error\Middleware\ErrorHandlerMiddleware->handleException() C:\Apache24\htdocs\chestcounter\vendor\cakephp\cakephp\src\Error\Middleware\ErrorHandlerMiddleware.php, line 119
Cake\Error\Middleware\ErrorHandlerMiddleware->process() C:\Apache24\htdocs\chestcounter\vendor\cakephp\cakephp\src\Http\Runner.php, line 82
Cake\Http\Runner->handle() C:\Apache24\htdocs\chestcounter\vendor\cakephp\cakephp\src\Http\Runner.php, line 60
Cake\Http\Runner->run() C:\Apache24\htdocs\chestcounter\vendor\cakephp\cakephp\src\Http\Server.php, line 104
Cake\Http\Server->run() C:\Apache24\htdocs\chestcounter\webroot\index.php, line 37
[main]

2025-10-19 22:26:01 warning: Undefined variable $baseClass
Request URL: /player-cycle-summaries/cyclehistory
Client IP: 127.0.0.1
Trace:
Cake\Error\ErrorTrap->handleError() C:\Apache24\htdocs\chestcounter\vendor\cakephp\cakephp\templates\Error\missing_action.php, line 75
C:\Apache24\htdocs\chestcounter\vendor\cakephp\cakephp\src\View\View.php C:\Apache24\htdocs\chestcounter\vendor\cakephp\cakephp\src\View\View.php, line 1188
Cake\View\View->_evaluate() C:\Apache24\htdocs\chestcounter\vendor\cakephp\cakephp\src\View\View.php, line 1145
Cake\View\View->_render() C:\Apache24\htdocs\chestcounter\vendor\cakephp\cakephp\src\View\View.php, line 785
Cake\View\View->render() C:\Apache24\htdocs\chestcounter\vendor\cakephp\cakephp\src\Controller\Controller.php, line 712
Cake\Controller\Controller->render() C:\Apache24\htdocs\chestcounter\vendor\cakephp\cakephp\src\Error\Renderer\WebExceptionRenderer.php, line 419
Cake\Error\Renderer\WebExceptionRenderer->_outputMessage() C:\Apache24\htdocs\chestcounter\vendor\cakephp\cakephp\src\Error\Renderer\WebExceptionRenderer.php, line 290
Cake\Error\Renderer\WebExceptionRenderer->render() C:\Apache24\htdocs\chestcounter\vendor\cakephp\cakephp\src\Error\Middleware\ErrorHandlerMiddleware.php, line 149
Cake\Error\Middleware\ErrorHandlerMiddleware->handleException() C:\Apache24\htdocs\chestcounter\vendor\cakephp\cakephp\src\Error\Middleware\ErrorHandlerMiddleware.php, line 119
Cake\Error\Middleware\ErrorHandlerMiddleware->process() C:\Apache24\htdocs\chestcounter\vendor\cakephp\cakephp\src\Http\Runner.php, line 82
Cake\Http\Runner->handle() C:\Apache24\htdocs\chestcounter\vendor\cakephp\cakephp\src\Http\Runner.php, line 60
Cake\Http\Runner->run() C:\Apache24\htdocs\chestcounter\vendor\cakephp\cakephp\src\Http\Server.php, line 104
Cake\Http\Server->run() C:\Apache24\htdocs\chestcounter\webroot\index.php, line 37
[main]

2025-10-19 22:26:01 warning: Undefined variable $class
Request URL: /player-cycle-summaries/cyclehistory
Client IP: 127.0.0.1
Trace:
Cake\Error\ErrorTrap->handleError() C:\Apache24\htdocs\chestcounter\vendor\cakephp\cakephp\templates\Error\missing_action.php, line 77
C:\Apache24\htdocs\chestcounter\vendor\cakephp\cakephp\src\View\View.php C:\Apache24\htdocs\chestcounter\vendor\cakephp\cakephp\src\View\View.php, line 1188
Cake\View\View->_evaluate() C:\Apache24\htdocs\chestcounter\vendor\cakephp\cakephp\src\View\View.php, line 1145
Cake\View\View->_render() C:\Apache24\htdocs\chestcounter\vendor\cakephp\cakephp\src\View\View.php, line 785
Cake\View\View->render() C:\Apache24\htdocs\chestcounter\vendor\cakephp\cakephp\src\Controller\Controller.php, line 712
Cake\Controller\Controller->render() C:\Apache24\htdocs\chestcounter\vendor\cakephp\cakephp\src\Error\Renderer\WebExceptionRenderer.php, line 419
Cake\Error\Renderer\WebExceptionRenderer->_outputMessage() C:\Apache24\htdocs\chestcounter\vendor\cakephp\cakephp\src\Error\Renderer\WebExceptionRenderer.php, line 290
Cake\Error\Renderer\WebExceptionRenderer->render() C:\Apache24\htdocs\chestcounter\vendor\cakephp\cakephp\src\Error\Middleware\ErrorHandlerMiddleware.php, line 149
Cake\Error\Middleware\ErrorHandlerMiddleware->handleException() C:\Apache24\htdocs\chestcounter\vendor\cakephp\cakephp\src\Error\Middleware\ErrorHandlerMiddleware.php, line 119
Cake\Error\Middleware\ErrorHandlerMiddleware->process() C:\Apache24\htdocs\chestcounter\vendor\cakephp\cakephp\src\Http\Runner.php, line 82
Cake\Http\Runner->handle() C:\Apache24\htdocs\chestcounter\vendor\cakephp\cakephp\src\Http\Runner.php, line 60
Cake\Http\Runner->run() C:\Apache24\htdocs\chestcounter\vendor\cakephp\cakephp\src\Http\Server.php, line 104
Cake\Http\Server->run() C:\Apache24\htdocs\chestcounter\webroot\index.php, line 37
[main]

2025-10-19 22:26:01 warning: Undefined variable $extends
Request URL: /player-cycle-summaries/cyclehistory
Client IP: 127.0.0.1
Trace:
Cake\Error\ErrorTrap->handleError() C:\Apache24\htdocs\chestcounter\vendor\cakephp\cakephp\templates\Error\missing_action.php, line 77
C:\Apache24\htdocs\chestcounter\vendor\cakephp\cakephp\src\View\View.php C:\Apache24\htdocs\chestcounter\vendor\cakephp\cakephp\src\View\View.php, line 1188
Cake\View\View->_evaluate() C:\Apache24\htdocs\chestcounter\vendor\cakephp\cakephp\src\View\View.php, line 1145
Cake\View\View->_render() C:\Apache24\htdocs\chestcounter\vendor\cakephp\cakephp\src\View\View.php, line 785
Cake\View\View->render() C:\Apache24\htdocs\chestcounter\vendor\cakephp\cakephp\src\Controller\Controller.php, line 712
Cake\Controller\Controller->render() C:\Apache24\htdocs\chestcounter\vendor\cakephp\cakephp\src\Error\Renderer\WebExceptionRenderer.php, line 419
Cake\Error\Renderer\WebExceptionRenderer->_outputMessage() C:\Apache24\htdocs\chestcounter\vendor\cakephp\cakephp\src\Error\Renderer\WebExceptionRenderer.php, line 290
Cake\Error\Renderer\WebExceptionRenderer->render() C:\Apache24\htdocs\chestcounter\vendor\cakephp\cakephp\src\Error\Middleware\ErrorHandlerMiddleware.php, line 149
Cake\Error\Middleware\ErrorHandlerMiddleware->handleException() C:\Apache24\htdocs\chestcounter\vendor\cakephp\cakephp\src\Error\Middleware\ErrorHandlerMiddleware.php, line 119
Cake\Error\Middleware\ErrorHandlerMiddleware->process() C:\Apache24\htdocs\chestcounter\vendor\cakephp\cakephp\src\Http\Runner.php, line 82
Cake\Http\Runner->handle() C:\Apache24\htdocs\chestcounter\vendor\cakephp\cakephp\src\Http\Runner.php, line 60
Cake\Http\Runner->run() C:\Apache24\htdocs\chestcounter\vendor\cakephp\cakephp\src\Http\Server.php, line 104
Cake\Http\Server->run() C:\Apache24\htdocs\chestcounter\webroot\index.php, line 37
[main]

2025-10-19 22:26:01 warning: Undefined variable $action
Request URL: /player-cycle-summaries/cyclehistory
Client IP: 127.0.0.1
Trace:
Cake\Error\ErrorTrap->handleError() C:\Apache24\htdocs\chestcounter\vendor\cakephp\cakephp\templates\Error\missing_action.php, line 80
C:\Apache24\htdocs\chestcounter\vendor\cakephp\cakephp\src\View\View.php C:\Apache24\htdocs\chestcounter\vendor\cakephp\cakephp\src\View\View.php, line 1188
Cake\View\View->_evaluate() C:\Apache24\htdocs\chestcounter\vendor\cakephp\cakephp\src\View\View.php, line 1145
Cake\View\View->_render() C:\Apache24\htdocs\chestcounter\vendor\cakephp\cakephp\src\View\View.php, line 785
Cake\View\View->render() C:\Apache24\htdocs\chestcounter\vendor\cakephp\cakephp\src\Controller\Controller.php, line 712
Cake\Controller\Controller->render() C:\Apache24\htdocs\chestcounter\vendor\cakephp\cakephp\src\Error\Renderer\WebExceptionRenderer.php, line 419
Cake\Error\Renderer\WebExceptionRenderer->_outputMessage() C:\Apache24\htdocs\chestcounter\vendor\cakephp\cakephp\src\Error\Renderer\WebExceptionRenderer.php, line 290
Cake\Error\Renderer\WebExceptionRenderer->render() C:\Apache24\htdocs\chestcounter\vendor\cakephp\cakephp\src\Error\Middleware\ErrorHandlerMiddleware.php, line 149
Cake\Error\Middleware\ErrorHandlerMiddleware->handleException() C:\Apache24\htdocs\chestcounter\vendor\cakephp\cakephp\src\Error\Middleware\ErrorHandlerMiddleware.php, line 119
Cake\Error\Middleware\ErrorHandlerMiddleware->process() C:\Apache24\htdocs\chestcounter\vendor\cakephp\cakephp\src\Http\Runner.php, line 82
Cake\Http\Runner->handle() C:\Apache24\htdocs\chestcounter\vendor\cakephp\cakephp\src\Http\Runner.php, line 60
Cake\Http\Runner->run() C:\Apache24\htdocs\chestcounter\vendor\cakephp\cakephp\src\Http\Server.php, line 104
Cake\Http\Server->run() C:\Apache24\htdocs\chestcounter\webroot\index.php, line 37
[main]

2025-10-19 22:26:06 error: [Cake\Controller\Exception\MissingActionException] Action `PlayerCycleSummariesController::cycleHistory()` could not be found, or is not accessible. in C:\Apache24\htdocs\chestcounter\vendor\cakephp\cakephp\src\Controller\Controller.php on line 487
Exception Attributes: array (
  0 => 'PlayerCycleSummariesController',
  1 => 'cycleHistory',
)
Stack Trace:
- CORE\src\Controller\ControllerFactory.php:161
- CORE\src\Controller\ControllerFactory.php:141
- CORE\src\Http\BaseApplication.php:362
- CORE\src\Http\Runner.php:86
- CORE\src\Http\Middleware\CsrfProtectionMiddleware.php:169
- CORE\src\Http\Runner.php:82
- ROOT\vendor\cakephp\authentication\src\Middleware\AuthenticationMiddleware.php:106
- CORE\src\Http\Runner.php:82
- CORE\src\Http\Middleware\BodyParserMiddleware.php:157
- CORE\src\Http\Runner.php:82
- CORE\src\Routing\Middleware\RoutingMiddleware.php:118
- CORE\src\Http\Runner.php:82
- CORE\src\Routing\Middleware\AssetMiddleware.php:69
- CORE\src\Http\Runner.php:82
- CORE\src\Error\Middleware\ErrorHandlerMiddleware.php:115
- CORE\src\Http\Runner.php:82
- CORE\src\Http\Runner.php:60
- CORE\src\Http\Server.php:104
- ROOT\webroot\index.php:37
- [main]:

Request URL: /player-cycle-summaries/cycle_history
Client IP: 127.0.0.1
2025-10-19 22:26:06 warning: Undefined variable $type
Request URL: /player-cycle-summaries/cycle_history
Client IP: 127.0.0.1
Trace:
Cake\Error\ErrorTrap->handleError() C:\Apache24\htdocs\chestcounter\vendor\cakephp\cakephp\templates\Error\missing_action.php, line 49
C:\Apache24\htdocs\chestcounter\vendor\cakephp\cakephp\src\View\View.php C:\Apache24\htdocs\chestcounter\vendor\cakephp\cakephp\src\View\View.php, line 1188
Cake\View\View->_evaluate() C:\Apache24\htdocs\chestcounter\vendor\cakephp\cakephp\src\View\View.php, line 1145
Cake\View\View->_render() C:\Apache24\htdocs\chestcounter\vendor\cakephp\cakephp\src\View\View.php, line 785
Cake\View\View->render() C:\Apache24\htdocs\chestcounter\vendor\cakephp\cakephp\src\Controller\Controller.php, line 712
Cake\Controller\Controller->render() C:\Apache24\htdocs\chestcounter\vendor\cakephp\cakephp\src\Error\Renderer\WebExceptionRenderer.php, line 419
Cake\Error\Renderer\WebExceptionRenderer->_outputMessage() C:\Apache24\htdocs\chestcounter\vendor\cakephp\cakephp\src\Error\Renderer\WebExceptionRenderer.php, line 290
Cake\Error\Renderer\WebExceptionRenderer->render() C:\Apache24\htdocs\chestcounter\vendor\cakephp\cakephp\src\Error\Middleware\ErrorHandlerMiddleware.php, line 149
Cake\Error\Middleware\ErrorHandlerMiddleware->handleException() C:\Apache24\htdocs\chestcounter\vendor\cakephp\cakephp\src\Error\Middleware\ErrorHandlerMiddleware.php, line 119
Cake\Error\Middleware\ErrorHandlerMiddleware->process() C:\Apache24\htdocs\chestcounter\vendor\cakephp\cakephp\src\Http\Runner.php, line 82
Cake\Http\Runner->handle() C:\Apache24\htdocs\chestcounter\vendor\cakephp\cakephp\src\Http\Runner.php, line 60
Cake\Http\Runner->run() C:\Apache24\htdocs\chestcounter\vendor\cakephp\cakephp\src\Http\Server.php, line 104
Cake\Http\Server->run() C:\Apache24\htdocs\chestcounter\webroot\index.php, line 37
[main]

2025-10-19 22:26:06 warning: Undefined variable $class
Request URL: /player-cycle-summaries/cycle_history
Client IP: 127.0.0.1
Trace:
Cake\Error\ErrorTrap->handleError() C:\Apache24\htdocs\chestcounter\vendor\cakephp\cakephp\templates\Error\missing_action.php, line 49
C:\Apache24\htdocs\chestcounter\vendor\cakephp\cakephp\src\View\View.php C:\Apache24\htdocs\chestcounter\vendor\cakephp\cakephp\src\View\View.php, line 1188
Cake\View\View->_evaluate() C:\Apache24\htdocs\chestcounter\vendor\cakephp\cakephp\src\View\View.php, line 1145
Cake\View\View->_render() C:\Apache24\htdocs\chestcounter\vendor\cakephp\cakephp\src\View\View.php, line 785
Cake\View\View->render() C:\Apache24\htdocs\chestcounter\vendor\cakephp\cakephp\src\Controller\Controller.php, line 712
Cake\Controller\Controller->render() C:\Apache24\htdocs\chestcounter\vendor\cakephp\cakephp\src\Error\Renderer\WebExceptionRenderer.php, line 419
Cake\Error\Renderer\WebExceptionRenderer->_outputMessage() C:\Apache24\htdocs\chestcounter\vendor\cakephp\cakephp\src\Error\Renderer\WebExceptionRenderer.php, line 290
Cake\Error\Renderer\WebExceptionRenderer->render() C:\Apache24\htdocs\chestcounter\vendor\cakephp\cakephp\src\Error\Middleware\ErrorHandlerMiddleware.php, line 149
Cake\Error\Middleware\ErrorHandlerMiddleware->handleException() C:\Apache24\htdocs\chestcounter\vendor\cakephp\cakephp\src\Error\Middleware\ErrorHandlerMiddleware.php, line 119
Cake\Error\Middleware\ErrorHandlerMiddleware->process() C:\Apache24\htdocs\chestcounter\vendor\cakephp\cakephp\src\Http\Runner.php, line 82
Cake\Http\Runner->handle() C:\Apache24\htdocs\chestcounter\vendor\cakephp\cakephp\src\Http\Runner.php, line 60
Cake\Http\Runner->run() C:\Apache24\htdocs\chestcounter\vendor\cakephp\cakephp\src\Http\Server.php, line 104
Cake\Http\Server->run() C:\Apache24\htdocs\chestcounter\webroot\index.php, line 37
[main]

2025-10-19 22:26:06 warning: Undefined variable $class
Request URL: /player-cycle-summaries/cycle_history
Client IP: 127.0.0.1
Trace:
Cake\Error\ErrorTrap->handleError() C:\Apache24\htdocs\chestcounter\vendor\cakephp\cakephp\templates\Error\missing_action.php, line 56
C:\Apache24\htdocs\chestcounter\vendor\cakephp\cakephp\src\View\View.php C:\Apache24\htdocs\chestcounter\vendor\cakephp\cakephp\src\View\View.php, line 1188
Cake\View\View->_evaluate() C:\Apache24\htdocs\chestcounter\vendor\cakephp\cakephp\src\View\View.php, line 1145
Cake\View\View->_render() C:\Apache24\htdocs\chestcounter\vendor\cakephp\cakephp\src\View\View.php, line 785
Cake\View\View->render() C:\Apache24\htdocs\chestcounter\vendor\cakephp\cakephp\src\Controller\Controller.php, line 712
Cake\Controller\Controller->render() C:\Apache24\htdocs\chestcounter\vendor\cakephp\cakephp\src\Error\Renderer\WebExceptionRenderer.php, line 419
Cake\Error\Renderer\WebExceptionRenderer->_outputMessage() C:\Apache24\htdocs\chestcounter\vendor\cakephp\cakephp\src\Error\Renderer\WebExceptionRenderer.php, line 290
Cake\Error\Renderer\WebExceptionRenderer->render() C:\Apache24\htdocs\chestcounter\vendor\cakephp\cakephp\src\Error\Middleware\ErrorHandlerMiddleware.php, line 149
Cake\Error\Middleware\ErrorHandlerMiddleware->handleException() C:\Apache24\htdocs\chestcounter\vendor\cakephp\cakephp\src\Error\Middleware\ErrorHandlerMiddleware.php, line 119
Cake\Error\Middleware\ErrorHandlerMiddleware->process() C:\Apache24\htdocs\chestcounter\vendor\cakephp\cakephp\src\Http\Runner.php, line 82
Cake\Http\Runner->handle() C:\Apache24\htdocs\chestcounter\vendor\cakephp\cakephp\src\Http\Runner.php, line 60
Cake\Http\Runner->run() C:\Apache24\htdocs\chestcounter\vendor\cakephp\cakephp\src\Http\Server.php, line 104
Cake\Http\Server->run() C:\Apache24\htdocs\chestcounter\webroot\index.php, line 37
[main]

2025-10-19 22:26:06 warning: Undefined variable $action
Request URL: /player-cycle-summaries/cycle_history
Client IP: 127.0.0.1
Trace:
Cake\Error\ErrorTrap->handleError() C:\Apache24\htdocs\chestcounter\vendor\cakephp\cakephp\templates\Error\missing_action.php, line 59
C:\Apache24\htdocs\chestcounter\vendor\cakephp\cakephp\src\View\View.php C:\Apache24\htdocs\chestcounter\vendor\cakephp\cakephp\src\View\View.php, line 1188
Cake\View\View->_evaluate() C:\Apache24\htdocs\chestcounter\vendor\cakephp\cakephp\src\View\View.php, line 1145
Cake\View\View->_render() C:\Apache24\htdocs\chestcounter\vendor\cakephp\cakephp\src\View\View.php, line 785
Cake\View\View->render() C:\Apache24\htdocs\chestcounter\vendor\cakephp\cakephp\src\Controller\Controller.php, line 712
Cake\Controller\Controller->render() C:\Apache24\htdocs\chestcounter\vendor\cakephp\cakephp\src\Error\Renderer\WebExceptionRenderer.php, line 419
Cake\Error\Renderer\WebExceptionRenderer->_outputMessage() C:\Apache24\htdocs\chestcounter\vendor\cakephp\cakephp\src\Error\Renderer\WebExceptionRenderer.php, line 290
Cake\Error\Renderer\WebExceptionRenderer->render() C:\Apache24\htdocs\chestcounter\vendor\cakephp\cakephp\src\Error\Middleware\ErrorHandlerMiddleware.php, line 149
Cake\Error\Middleware\ErrorHandlerMiddleware->handleException() C:\Apache24\htdocs\chestcounter\vendor\cakephp\cakephp\src\Error\Middleware\ErrorHandlerMiddleware.php, line 119
Cake\Error\Middleware\ErrorHandlerMiddleware->process() C:\Apache24\htdocs\chestcounter\vendor\cakephp\cakephp\src\Http\Runner.php, line 82
Cake\Http\Runner->handle() C:\Apache24\htdocs\chestcounter\vendor\cakephp\cakephp\src\Http\Runner.php, line 60
Cake\Http\Runner->run() C:\Apache24\htdocs\chestcounter\vendor\cakephp\cakephp\src\Http\Server.php, line 104
Cake\Http\Server->run() C:\Apache24\htdocs\chestcounter\webroot\index.php, line 37
[main]

2025-10-19 22:26:06 warning: Undefined variable $class
Request URL: /player-cycle-summaries/cycle_history
Client IP: 127.0.0.1
Trace:
Cake\Error\ErrorTrap->handleError() C:\Apache24\htdocs\chestcounter\vendor\cakephp\cakephp\templates\Error\missing_action.php, line 59
C:\Apache24\htdocs\chestcounter\vendor\cakephp\cakephp\src\View\View.php C:\Apache24\htdocs\chestcounter\vendor\cakephp\cakephp\src\View\View.php, line 1188
Cake\View\View->_evaluate() C:\Apache24\htdocs\chestcounter\vendor\cakephp\cakephp\src\View\View.php, line 1145
Cake\View\View->_render() C:\Apache24\htdocs\chestcounter\vendor\cakephp\cakephp\src\View\View.php, line 785
Cake\View\View->render() C:\Apache24\htdocs\chestcounter\vendor\cakephp\cakephp\src\Controller\Controller.php, line 712
Cake\Controller\Controller->render() C:\Apache24\htdocs\chestcounter\vendor\cakephp\cakephp\src\Error\Renderer\WebExceptionRenderer.php, line 419
Cake\Error\Renderer\WebExceptionRenderer->_outputMessage() C:\Apache24\htdocs\chestcounter\vendor\cakephp\cakephp\src\Error\Renderer\WebExceptionRenderer.php, line 290
Cake\Error\Renderer\WebExceptionRenderer->render() C:\Apache24\htdocs\chestcounter\vendor\cakephp\cakephp\src\Error\Middleware\ErrorHandlerMiddleware.php, line 149
Cake\Error\Middleware\ErrorHandlerMiddleware->handleException() C:\Apache24\htdocs\chestcounter\vendor\cakephp\cakephp\src\Error\Middleware\ErrorHandlerMiddleware.php, line 119
Cake\Error\Middleware\ErrorHandlerMiddleware->process() C:\Apache24\htdocs\chestcounter\vendor\cakephp\cakephp\src\Http\Runner.php, line 82
Cake\Http\Runner->handle() C:\Apache24\htdocs\chestcounter\vendor\cakephp\cakephp\src\Http\Runner.php, line 60
Cake\Http\Runner->run() C:\Apache24\htdocs\chestcounter\vendor\cakephp\cakephp\src\Http\Server.php, line 104
Cake\Http\Server->run() C:\Apache24\htdocs\chestcounter\webroot\index.php, line 37
[main]

2025-10-19 22:26:06 warning: Undefined variable $class
Request URL: /player-cycle-summaries/cycle_history
Client IP: 127.0.0.1
Trace:
Cake\Error\ErrorTrap->handleError() C:\Apache24\htdocs\chestcounter\vendor\cakephp\cakephp\templates\Error\missing_action.php, line 67
C:\Apache24\htdocs\chestcounter\vendor\cakephp\cakephp\src\View\View.php C:\Apache24\htdocs\chestcounter\vendor\cakephp\cakephp\src\View\View.php, line 1188
Cake\View\View->_evaluate() C:\Apache24\htdocs\chestcounter\vendor\cakephp\cakephp\src\View\View.php, line 1145
Cake\View\View->_render() C:\Apache24\htdocs\chestcounter\vendor\cakephp\cakephp\src\View\View.php, line 785
Cake\View\View->render() C:\Apache24\htdocs\chestcounter\vendor\cakephp\cakephp\src\Controller\Controller.php, line 712
Cake\Controller\Controller->render() C:\Apache24\htdocs\chestcounter\vendor\cakephp\cakephp\src\Error\Renderer\WebExceptionRenderer.php, line 419
Cake\Error\Renderer\WebExceptionRenderer->_outputMessage() C:\Apache24\htdocs\chestcounter\vendor\cakephp\cakephp\src\Error\Renderer\WebExceptionRenderer.php, line 290
Cake\Error\Renderer\WebExceptionRenderer->render() C:\Apache24\htdocs\chestcounter\vendor\cakephp\cakephp\src\Error\Middleware\ErrorHandlerMiddleware.php, line 149
Cake\Error\Middleware\ErrorHandlerMiddleware->handleException() C:\Apache24\htdocs\chestcounter\vendor\cakephp\cakephp\src\Error\Middleware\ErrorHandlerMiddleware.php, line 119
Cake\Error\Middleware\ErrorHandlerMiddleware->process() C:\Apache24\htdocs\chestcounter\vendor\cakephp\cakephp\src\Http\Runner.php, line 82
Cake\Http\Runner->handle() C:\Apache24\htdocs\chestcounter\vendor\cakephp\cakephp\src\Http\Runner.php, line 60
Cake\Http\Runner->run() C:\Apache24\htdocs\chestcounter\vendor\cakephp\cakephp\src\Http\Server.php, line 104
Cake\Http\Server->run() C:\Apache24\htdocs\chestcounter\webroot\index.php, line 37
[main]

2025-10-19 22:26:06 warning: Undefined variable $action
Request URL: /player-cycle-summaries/cycle_history
Client IP: 127.0.0.1
Trace:
Cake\Error\ErrorTrap->handleError() C:\Apache24\htdocs\chestcounter\vendor\cakephp\cakephp\templates\Error\missing_action.php, line 67
C:\Apache24\htdocs\chestcounter\vendor\cakephp\cakephp\src\View\View.php C:\Apache24\htdocs\chestcounter\vendor\cakephp\cakephp\src\View\View.php, line 1188
Cake\View\View->_evaluate() C:\Apache24\htdocs\chestcounter\vendor\cakephp\cakephp\src\View\View.php, line 1145
Cake\View\View->_render() C:\Apache24\htdocs\chestcounter\vendor\cakephp\cakephp\src\View\View.php, line 785
Cake\View\View->render() C:\Apache24\htdocs\chestcounter\vendor\cakephp\cakephp\src\Controller\Controller.php, line 712
Cake\Controller\Controller->render() C:\Apache24\htdocs\chestcounter\vendor\cakephp\cakephp\src\Error\Renderer\WebExceptionRenderer.php, line 419
Cake\Error\Renderer\WebExceptionRenderer->_outputMessage() C:\Apache24\htdocs\chestcounter\vendor\cakephp\cakephp\src\Error\Renderer\WebExceptionRenderer.php, line 290
Cake\Error\Renderer\WebExceptionRenderer->render() C:\Apache24\htdocs\chestcounter\vendor\cakephp\cakephp\src\Error\Middleware\ErrorHandlerMiddleware.php, line 149
Cake\Error\Middleware\ErrorHandlerMiddleware->handleException() C:\Apache24\htdocs\chestcounter\vendor\cakephp\cakephp\src\Error\Middleware\ErrorHandlerMiddleware.php, line 119
Cake\Error\Middleware\ErrorHandlerMiddleware->process() C:\Apache24\htdocs\chestcounter\vendor\cakephp\cakephp\src\Http\Runner.php, line 82
Cake\Http\Runner->handle() C:\Apache24\htdocs\chestcounter\vendor\cakephp\cakephp\src\Http\Runner.php, line 60
Cake\Http\Runner->run() C:\Apache24\htdocs\chestcounter\vendor\cakephp\cakephp\src\Http\Server.php, line 104
Cake\Http\Server->run() C:\Apache24\htdocs\chestcounter\webroot\index.php, line 37
[main]

2025-10-19 22:26:06 warning: Undefined variable $type
Request URL: /player-cycle-summaries/cycle_history
Client IP: 127.0.0.1
Trace:
Cake\Error\ErrorTrap->handleError() C:\Apache24\htdocs\chestcounter\vendor\cakephp\cakephp\templates\Error\missing_action.php, line 73
C:\Apache24\htdocs\chestcounter\vendor\cakephp\cakephp\src\View\View.php C:\Apache24\htdocs\chestcounter\vendor\cakephp\cakephp\src\View\View.php, line 1188
Cake\View\View->_evaluate() C:\Apache24\htdocs\chestcounter\vendor\cakephp\cakephp\src\View\View.php, line 1145
Cake\View\View->_render() C:\Apache24\htdocs\chestcounter\vendor\cakephp\cakephp\src\View\View.php, line 785
Cake\View\View->render() C:\Apache24\htdocs\chestcounter\vendor\cakephp\cakephp\src\Controller\Controller.php, line 712
Cake\Controller\Controller->render() C:\Apache24\htdocs\chestcounter\vendor\cakephp\cakephp\src\Error\Renderer\WebExceptionRenderer.php, line 419
Cake\Error\Renderer\WebExceptionRenderer->_outputMessage() C:\Apache24\htdocs\chestcounter\vendor\cakephp\cakephp\src\Error\Renderer\WebExceptionRenderer.php, line 290
Cake\Error\Renderer\WebExceptionRenderer->render() C:\Apache24\htdocs\chestcounter\vendor\cakephp\cakephp\src\Error\Middleware\ErrorHandlerMiddleware.php, line 149
Cake\Error\Middleware\ErrorHandlerMiddleware->handleException() C:\Apache24\htdocs\chestcounter\vendor\cakephp\cakephp\src\Error\Middleware\ErrorHandlerMiddleware.php, line 119
Cake\Error\Middleware\ErrorHandlerMiddleware->process() C:\Apache24\htdocs\chestcounter\vendor\cakephp\cakephp\src\Http\Runner.php, line 82
Cake\Http\Runner->handle() C:\Apache24\htdocs\chestcounter\vendor\cakephp\cakephp\src\Http\Runner.php, line 60
Cake\Http\Runner->run() C:\Apache24\htdocs\chestcounter\vendor\cakephp\cakephp\src\Http\Server.php, line 104
Cake\Http\Server->run() C:\Apache24\htdocs\chestcounter\webroot\index.php, line 37
[main]

2025-10-19 22:26:06 warning: Undefined variable $baseClass
Request URL: /player-cycle-summaries/cycle_history
Client IP: 127.0.0.1
Trace:
Cake\Error\ErrorTrap->handleError() C:\Apache24\htdocs\chestcounter\vendor\cakephp\cakephp\templates\Error\missing_action.php, line 75
C:\Apache24\htdocs\chestcounter\vendor\cakephp\cakephp\src\View\View.php C:\Apache24\htdocs\chestcounter\vendor\cakephp\cakephp\src\View\View.php, line 1188
Cake\View\View->_evaluate() C:\Apache24\htdocs\chestcounter\vendor\cakephp\cakephp\src\View\View.php, line 1145
Cake\View\View->_render() C:\Apache24\htdocs\chestcounter\vendor\cakephp\cakephp\src\View\View.php, line 785
Cake\View\View->render() C:\Apache24\htdocs\chestcounter\vendor\cakephp\cakephp\src\Controller\Controller.php, line 712
Cake\Controller\Controller->render() C:\Apache24\htdocs\chestcounter\vendor\cakephp\cakephp\src\Error\Renderer\WebExceptionRenderer.php, line 419
Cake\Error\Renderer\WebExceptionRenderer->_outputMessage() C:\Apache24\htdocs\chestcounter\vendor\cakephp\cakephp\src\Error\Renderer\WebExceptionRenderer.php, line 290
Cake\Error\Renderer\WebExceptionRenderer->render() C:\Apache24\htdocs\chestcounter\vendor\cakephp\cakephp\src\Error\Middleware\ErrorHandlerMiddleware.php, line 149
Cake\Error\Middleware\ErrorHandlerMiddleware->handleException() C:\Apache24\htdocs\chestcounter\vendor\cakephp\cakephp\src\Error\Middleware\ErrorHandlerMiddleware.php, line 119
Cake\Error\Middleware\ErrorHandlerMiddleware->process() C:\Apache24\htdocs\chestcounter\vendor\cakephp\cakephp\src\Http\Runner.php, line 82
Cake\Http\Runner->handle() C:\Apache24\htdocs\chestcounter\vendor\cakephp\cakephp\src\Http\Runner.php, line 60
Cake\Http\Runner->run() C:\Apache24\htdocs\chestcounter\vendor\cakephp\cakephp\src\Http\Server.php, line 104
Cake\Http\Server->run() C:\Apache24\htdocs\chestcounter\webroot\index.php, line 37
[main]

2025-10-19 22:26:06 warning: Undefined variable $class
Request URL: /player-cycle-summaries/cycle_history
Client IP: 127.0.0.1
Trace:
Cake\Error\ErrorTrap->handleError() C:\Apache24\htdocs\chestcounter\vendor\cakephp\cakephp\templates\Error\missing_action.php, line 77
C:\Apache24\htdocs\chestcounter\vendor\cakephp\cakephp\src\View\View.php C:\Apache24\htdocs\chestcounter\vendor\cakephp\cakephp\src\View\View.php, line 1188
Cake\View\View->_evaluate() C:\Apache24\htdocs\chestcounter\vendor\cakephp\cakephp\src\View\View.php, line 1145
Cake\View\View->_render() C:\Apache24\htdocs\chestcounter\vendor\cakephp\cakephp\src\View\View.php, line 785
Cake\View\View->render() C:\Apache24\htdocs\chestcounter\vendor\cakephp\cakephp\src\Controller\Controller.php, line 712
Cake\Controller\Controller->render() C:\Apache24\htdocs\chestcounter\vendor\cakephp\cakephp\src\Error\Renderer\WebExceptionRenderer.php, line 419
Cake\Error\Renderer\WebExceptionRenderer->_outputMessage() C:\Apache24\htdocs\chestcounter\vendor\cakephp\cakephp\src\Error\Renderer\WebExceptionRenderer.php, line 290
Cake\Error\Renderer\WebExceptionRenderer->render() C:\Apache24\htdocs\chestcounter\vendor\cakephp\cakephp\src\Error\Middleware\ErrorHandlerMiddleware.php, line 149
Cake\Error\Middleware\ErrorHandlerMiddleware->handleException() C:\Apache24\htdocs\chestcounter\vendor\cakephp\cakephp\src\Error\Middleware\ErrorHandlerMiddleware.php, line 119
Cake\Error\Middleware\ErrorHandlerMiddleware->process() C:\Apache24\htdocs\chestcounter\vendor\cakephp\cakephp\src\Http\Runner.php, line 82
Cake\Http\Runner->handle() C:\Apache24\htdocs\chestcounter\vendor\cakephp\cakephp\src\Http\Runner.php, line 60
Cake\Http\Runner->run() C:\Apache24\htdocs\chestcounter\vendor\cakephp\cakephp\src\Http\Server.php, line 104
Cake\Http\Server->run() C:\Apache24\htdocs\chestcounter\webroot\index.php, line 37
[main]

2025-10-19 22:26:06 warning: Undefined variable $extends
Request URL: /player-cycle-summaries/cycle_history
Client IP: 127.0.0.1
Trace:
Cake\Error\ErrorTrap->handleError() C:\Apache24\htdocs\chestcounter\vendor\cakephp\cakephp\templates\Error\missing_action.php, line 77
C:\Apache24\htdocs\chestcounter\vendor\cakephp\cakephp\src\View\View.php C:\Apache24\htdocs\chestcounter\vendor\cakephp\cakephp\src\View\View.php, line 1188
Cake\View\View->_evaluate() C:\Apache24\htdocs\chestcounter\vendor\cakephp\cakephp\src\View\View.php, line 1145
Cake\View\View->_render() C:\Apache24\htdocs\chestcounter\vendor\cakephp\cakephp\src\View\View.php, line 785
Cake\View\View->render() C:\Apache24\htdocs\chestcounter\vendor\cakephp\cakephp\src\Controller\Controller.php, line 712
Cake\Controller\Controller->render() C:\Apache24\htdocs\chestcounter\vendor\cakephp\cakephp\src\Error\Renderer\WebExceptionRenderer.php, line 419
Cake\Error\Renderer\WebExceptionRenderer->_outputMessage() C:\Apache24\htdocs\chestcounter\vendor\cakephp\cakephp\src\Error\Renderer\WebExceptionRenderer.php, line 290
Cake\Error\Renderer\WebExceptionRenderer->render() C:\Apache24\htdocs\chestcounter\vendor\cakephp\cakephp\src\Error\Middleware\ErrorHandlerMiddleware.php, line 149
Cake\Error\Middleware\ErrorHandlerMiddleware->handleException() C:\Apache24\htdocs\chestcounter\vendor\cakephp\cakephp\src\Error\Middleware\ErrorHandlerMiddleware.php, line 119
Cake\Error\Middleware\ErrorHandlerMiddleware->process() C:\Apache24\htdocs\chestcounter\vendor\cakephp\cakephp\src\Http\Runner.php, line 82
Cake\Http\Runner->handle() C:\Apache24\htdocs\chestcounter\vendor\cakephp\cakephp\src\Http\Runner.php, line 60
Cake\Http\Runner->run() C:\Apache24\htdocs\chestcounter\vendor\cakephp\cakephp\src\Http\Server.php, line 104
Cake\Http\Server->run() C:\Apache24\htdocs\chestcounter\webroot\index.php, line 37
[main]

2025-10-19 22:26:06 warning: Undefined variable $action
Request URL: /player-cycle-summaries/cycle_history
Client IP: 127.0.0.1
Trace:
Cake\Error\ErrorTrap->handleError() C:\Apache24\htdocs\chestcounter\vendor\cakephp\cakephp\templates\Error\missing_action.php, line 80
C:\Apache24\htdocs\chestcounter\vendor\cakephp\cakephp\src\View\View.php C:\Apache24\htdocs\chestcounter\vendor\cakephp\cakephp\src\View\View.php, line 1188
Cake\View\View->_evaluate() C:\Apache24\htdocs\chestcounter\vendor\cakephp\cakephp\src\View\View.php, line 1145
Cake\View\View->_render() C:\Apache24\htdocs\chestcounter\vendor\cakephp\cakephp\src\View\View.php, line 785
Cake\View\View->render() C:\Apache24\htdocs\chestcounter\vendor\cakephp\cakephp\src\Controller\Controller.php, line 712
Cake\Controller\Controller->render() C:\Apache24\htdocs\chestcounter\vendor\cakephp\cakephp\src\Error\Renderer\WebExceptionRenderer.php, line 419
Cake\Error\Renderer\WebExceptionRenderer->_outputMessage() C:\Apache24\htdocs\chestcounter\vendor\cakephp\cakephp\src\Error\Renderer\WebExceptionRenderer.php, line 290
Cake\Error\Renderer\WebExceptionRenderer->render() C:\Apache24\htdocs\chestcounter\vendor\cakephp\cakephp\src\Error\Middleware\ErrorHandlerMiddleware.php, line 149
Cake\Error\Middleware\ErrorHandlerMiddleware->handleException() C:\Apache24\htdocs\chestcounter\vendor\cakephp\cakephp\src\Error\Middleware\ErrorHandlerMiddleware.php, line 119
Cake\Error\Middleware\ErrorHandlerMiddleware->process() C:\Apache24\htdocs\chestcounter\vendor\cakephp\cakephp\src\Http\Runner.php, line 82
Cake\Http\Runner->handle() C:\Apache24\htdocs\chestcounter\vendor\cakephp\cakephp\src\Http\Runner.php, line 60
Cake\Http\Runner->run() C:\Apache24\htdocs\chestcounter\vendor\cakephp\cakephp\src\Http\Server.php, line 104
Cake\Http\Server->run() C:\Apache24\htdocs\chestcounter\webroot\index.php, line 37
[main]

2025-10-19 22:26:15 error: [Error] Call to undefined method Cake\ORM\Query\SelectQuery::extract() in C:\Apache24\htdocs\chestcounter\src\Controller\PlayerCycleSummariesController.php on line 150
Stack Trace:
- CORE\src\Controller\Controller.php:505
- CORE\src\Controller\ControllerFactory.php:166
- CORE\src\Controller\ControllerFactory.php:141
- CORE\src\Http\BaseApplication.php:362
- CORE\src\Http\Runner.php:86
- CORE\src\Http\Middleware\CsrfProtectionMiddleware.php:169
- CORE\src\Http\Runner.php:82
- ROOT\vendor\cakephp\authentication\src\Middleware\AuthenticationMiddleware.php:106
- CORE\src\Http\Runner.php:82
- CORE\src\Http\Middleware\BodyParserMiddleware.php:157
- CORE\src\Http\Runner.php:82
- CORE\src\Routing\Middleware\RoutingMiddleware.php:118
- CORE\src\Http\Runner.php:82
- CORE\src\Routing\Middleware\AssetMiddleware.php:69
- CORE\src\Http\Runner.php:82
- CORE\src\Error\Middleware\ErrorHandlerMiddleware.php:115
- CORE\src\Http\Runner.php:82
- CORE\src\Http\Runner.php:60
- CORE\src\Http\Server.php:104
- ROOT\webroot\index.php:37
- [main]:

Request URL: /player-cycle-summaries/cycles_history
Client IP: 127.0.0.1
2025-10-19 22:31:42 warning: Unable to emit headers. Headers sent in file=C:\Apache24\htdocs\chestcounter\vendor\cakephp\cakephp\src\Error\Renderer\HtmlErrorRenderer.php line=37
Request URL: /player-cycle-summaries/cycles_history
Client IP: 127.0.0.1
Trace:
Cake\Error\ErrorTrap->handleError() [internal], line ??
C:\Apache24\htdocs\chestcounter\vendor\cakephp\cakephp\src\Http\ResponseEmitter.php C:\Apache24\htdocs\chestcounter\vendor\cakephp\cakephp\src\Http\ResponseEmitter.php, line 65
Cake\Http\ResponseEmitter->emit() C:\Apache24\htdocs\chestcounter\vendor\cakephp\cakephp\src\Http\Server.php, line 148
Cake\Http\Server->emit() C:\Apache24\htdocs\chestcounter\webroot\index.php, line 37
[main]

2025-10-19 22:31:42 warning: Cannot modify header information - headers already sent by (output started at C:\Apache24\htdocs\chestcounter\vendor\cakephp\cakephp\src\Error\Renderer\HtmlErrorRenderer.php:37)
Request URL: /player-cycle-summaries/cycles_history
Client IP: 127.0.0.1
Trace:
Cake\Error\ErrorTrap->handleError() [internal], line ??
C:\Apache24\htdocs\chestcounter\vendor\cakephp\cakephp\src\Http\ResponseEmitter.php C:\Apache24\htdocs\chestcounter\vendor\cakephp\cakephp\src\Http\ResponseEmitter.php, line 159
Cake\Http\ResponseEmitter->emitStatusLine() C:\Apache24\htdocs\chestcounter\vendor\cakephp\cakephp\src\Http\ResponseEmitter.php, line 68
Cake\Http\ResponseEmitter->emit() C:\Apache24\htdocs\chestcounter\vendor\cakephp\cakephp\src\Http\Server.php, line 148
Cake\Http\Server->emit() C:\Apache24\htdocs\chestcounter\webroot\index.php, line 37
[main]

2025-10-19 22:31:42 warning: Cannot modify header information - headers already sent by (output started at C:\Apache24\htdocs\chestcounter\vendor\cakephp\cakephp\src\Error\Renderer\HtmlErrorRenderer.php:37)
Request URL: /player-cycle-summaries/cycles_history
Client IP: 127.0.0.1
Trace:
Cake\Error\ErrorTrap->handleError() [internal], line ??
C:\Apache24\htdocs\chestcounter\vendor\cakephp\cakephp\src\Http\ResponseEmitter.php C:\Apache24\htdocs\chestcounter\vendor\cakephp\cakephp\src\Http\ResponseEmitter.php, line 192
Cake\Http\ResponseEmitter->emitHeaders() C:\Apache24\htdocs\chestcounter\vendor\cakephp\cakephp\src\Http\ResponseEmitter.php, line 69
Cake\Http\ResponseEmitter->emit() C:\Apache24\htdocs\chestcounter\vendor\cakephp\cakephp\src\Http\Server.php, line 148
Cake\Http\Server->emit() C:\Apache24\htdocs\chestcounter\webroot\index.php, line 37
[main]

2025-10-19 22:34:17 warning: Unable to emit headers. Headers sent in file=C:\Apache24\htdocs\chestcounter\vendor\cakephp\cakephp\src\Error\Renderer\HtmlErrorRenderer.php line=37
Request URL: /player-cycle-summaries/cycles_history
Client IP: 127.0.0.1
Trace:
Cake\Error\ErrorTrap->handleError() [internal], line ??
C:\Apache24\htdocs\chestcounter\vendor\cakephp\cakephp\src\Http\ResponseEmitter.php C:\Apache24\htdocs\chestcounter\vendor\cakephp\cakephp\src\Http\ResponseEmitter.php, line 65
Cake\Http\ResponseEmitter->emit() C:\Apache24\htdocs\chestcounter\vendor\cakephp\cakephp\src\Http\Server.php, line 148
Cake\Http\Server->emit() C:\Apache24\htdocs\chestcounter\webroot\index.php, line 37
[main]

2025-10-19 22:34:17 warning: Cannot modify header information - headers already sent by (output started at C:\Apache24\htdocs\chestcounter\vendor\cakephp\cakephp\src\Error\Renderer\HtmlErrorRenderer.php:37)
Request URL: /player-cycle-summaries/cycles_history
Client IP: 127.0.0.1
Trace:
Cake\Error\ErrorTrap->handleError() [internal], line ??
C:\Apache24\htdocs\chestcounter\vendor\cakephp\cakephp\src\Http\ResponseEmitter.php C:\Apache24\htdocs\chestcounter\vendor\cakephp\cakephp\src\Http\ResponseEmitter.php, line 159
Cake\Http\ResponseEmitter->emitStatusLine() C:\Apache24\htdocs\chestcounter\vendor\cakephp\cakephp\src\Http\ResponseEmitter.php, line 68
Cake\Http\ResponseEmitter->emit() C:\Apache24\htdocs\chestcounter\vendor\cakephp\cakephp\src\Http\Server.php, line 148
Cake\Http\Server->emit() C:\Apache24\htdocs\chestcounter\webroot\index.php, line 37
[main]

2025-10-19 22:34:17 warning: Cannot modify header information - headers already sent by (output started at C:\Apache24\htdocs\chestcounter\vendor\cakephp\cakephp\src\Error\Renderer\HtmlErrorRenderer.php:37)
Request URL: /player-cycle-summaries/cycles_history
Client IP: 127.0.0.1
Trace:
Cake\Error\ErrorTrap->handleError() [internal], line ??
C:\Apache24\htdocs\chestcounter\vendor\cakephp\cakephp\src\Http\ResponseEmitter.php C:\Apache24\htdocs\chestcounter\vendor\cakephp\cakephp\src\Http\ResponseEmitter.php, line 192
Cake\Http\ResponseEmitter->emitHeaders() C:\Apache24\htdocs\chestcounter\vendor\cakephp\cakephp\src\Http\ResponseEmitter.php, line 69
Cake\Http\ResponseEmitter->emit() C:\Apache24\htdocs\chestcounter\vendor\cakephp\cakephp\src\Http\Server.php, line 148
Cake\Http\Server->emit() C:\Apache24\htdocs\chestcounter\webroot\index.php, line 37
[main]

2025-10-19 22:34:39 warning: Unable to emit headers. Headers sent in file=C:\Apache24\htdocs\chestcounter\vendor\cakephp\cakephp\src\Error\Renderer\HtmlErrorRenderer.php line=37
Request URL: /score
Referer URL: http://127.0.0.1/chestcounter/player-cycle-summaries/cycles_history
Client IP: 127.0.0.1
Trace:
Cake\Error\ErrorTrap->handleError() [internal], line ??
C:\Apache24\htdocs\chestcounter\vendor\cakephp\cakephp\src\Http\ResponseEmitter.php C:\Apache24\htdocs\chestcounter\vendor\cakephp\cakephp\src\Http\ResponseEmitter.php, line 65
Cake\Http\ResponseEmitter->emit() C:\Apache24\htdocs\chestcounter\vendor\cakephp\cakephp\src\Http\Server.php, line 148
Cake\Http\Server->emit() C:\Apache24\htdocs\chestcounter\webroot\index.php, line 37
[main]

2025-10-19 22:34:39 warning: Cannot modify header information - headers already sent by (output started at C:\Apache24\htdocs\chestcounter\vendor\cakephp\cakephp\src\Error\Renderer\HtmlErrorRenderer.php:37)
Request URL: /score
Referer URL: http://127.0.0.1/chestcounter/player-cycle-summaries/cycles_history
Client IP: 127.0.0.1
Trace:
Cake\Error\ErrorTrap->handleError() [internal], line ??
C:\Apache24\htdocs\chestcounter\vendor\cakephp\cakephp\src\Http\ResponseEmitter.php C:\Apache24\htdocs\chestcounter\vendor\cakephp\cakephp\src\Http\ResponseEmitter.php, line 159
Cake\Http\ResponseEmitter->emitStatusLine() C:\Apache24\htdocs\chestcounter\vendor\cakephp\cakephp\src\Http\ResponseEmitter.php, line 68
Cake\Http\ResponseEmitter->emit() C:\Apache24\htdocs\chestcounter\vendor\cakephp\cakephp\src\Http\Server.php, line 148
Cake\Http\Server->emit() C:\Apache24\htdocs\chestcounter\webroot\index.php, line 37
[main]

2025-10-19 22:34:39 warning: Cannot modify header information - headers already sent by (output started at C:\Apache24\htdocs\chestcounter\vendor\cakephp\cakephp\src\Error\Renderer\HtmlErrorRenderer.php:37)
Request URL: /score
Referer URL: http://127.0.0.1/chestcounter/player-cycle-summaries/cycles_history
Client IP: 127.0.0.1
Trace:
Cake\Error\ErrorTrap->handleError() [internal], line ??
C:\Apache24\htdocs\chestcounter\vendor\cakephp\cakephp\src\Http\ResponseEmitter.php C:\Apache24\htdocs\chestcounter\vendor\cakephp\cakephp\src\Http\ResponseEmitter.php, line 192
Cake\Http\ResponseEmitter->emitHeaders() C:\Apache24\htdocs\chestcounter\vendor\cakephp\cakephp\src\Http\ResponseEmitter.php, line 69
Cake\Http\ResponseEmitter->emit() C:\Apache24\htdocs\chestcounter\vendor\cakephp\cakephp\src\Http\Server.php, line 148
Cake\Http\Server->emit() C:\Apache24\htdocs\chestcounter\webroot\index.php, line 37
[main]

2025-10-19 22:35:44 warning: Unable to emit headers. Headers sent in file=C:\Apache24\htdocs\chestcounter\vendor\cakephp\cakephp\src\Error\Renderer\HtmlErrorRenderer.php line=37
Request URL: /player-cycle-summaries/cycles_history
Client IP: 127.0.0.1
Trace:
Cake\Error\ErrorTrap->handleError() [internal], line ??
C:\Apache24\htdocs\chestcounter\vendor\cakephp\cakephp\src\Http\ResponseEmitter.php C:\Apache24\htdocs\chestcounter\vendor\cakephp\cakephp\src\Http\ResponseEmitter.php, line 65
Cake\Http\ResponseEmitter->emit() C:\Apache24\htdocs\chestcounter\vendor\cakephp\cakephp\src\Http\Server.php, line 148
Cake\Http\Server->emit() C:\Apache24\htdocs\chestcounter\webroot\index.php, line 37
[main]

2025-10-19 22:35:44 warning: Cannot modify header information - headers already sent by (output started at C:\Apache24\htdocs\chestcounter\vendor\cakephp\cakephp\src\Error\Renderer\HtmlErrorRenderer.php:37)
Request URL: /player-cycle-summaries/cycles_history
Client IP: 127.0.0.1
Trace:
Cake\Error\ErrorTrap->handleError() [internal], line ??
C:\Apache24\htdocs\chestcounter\vendor\cakephp\cakephp\src\Http\ResponseEmitter.php C:\Apache24\htdocs\chestcounter\vendor\cakephp\cakephp\src\Http\ResponseEmitter.php, line 159
Cake\Http\ResponseEmitter->emitStatusLine() C:\Apache24\htdocs\chestcounter\vendor\cakephp\cakephp\src\Http\ResponseEmitter.php, line 68
Cake\Http\ResponseEmitter->emit() C:\Apache24\htdocs\chestcounter\vendor\cakephp\cakephp\src\Http\Server.php, line 148
Cake\Http\Server->emit() C:\Apache24\htdocs\chestcounter\webroot\index.php, line 37
[main]

2025-10-19 22:35:44 warning: Cannot modify header information - headers already sent by (output started at C:\Apache24\htdocs\chestcounter\vendor\cakephp\cakephp\src\Error\Renderer\HtmlErrorRenderer.php:37)
Request URL: /player-cycle-summaries/cycles_history
Client IP: 127.0.0.1
Trace:
Cake\Error\ErrorTrap->handleError() [internal], line ??
C:\Apache24\htdocs\chestcounter\vendor\cakephp\cakephp\src\Http\ResponseEmitter.php C:\Apache24\htdocs\chestcounter\vendor\cakephp\cakephp\src\Http\ResponseEmitter.php, line 192
Cake\Http\ResponseEmitter->emitHeaders() C:\Apache24\htdocs\chestcounter\vendor\cakephp\cakephp\src\Http\ResponseEmitter.php, line 69
Cake\Http\ResponseEmitter->emit() C:\Apache24\htdocs\chestcounter\vendor\cakephp\cakephp\src\Http\Server.php, line 148
Cake\Http\Server->emit() C:\Apache24\htdocs\chestcounter\webroot\index.php, line 37
[main]

2025-10-19 22:36:39 warning: Unable to emit headers. Headers sent in file=C:\Apache24\htdocs\chestcounter\vendor\cakephp\cakephp\src\Error\Renderer\HtmlErrorRenderer.php line=37
Request URL: /score
Referer URL: http://127.0.0.1/chestcounter/player-cycle-summaries/cycles_history
Client IP: 127.0.0.1
Trace:
Cake\Error\ErrorTrap->handleError() [internal], line ??
C:\Apache24\htdocs\chestcounter\vendor\cakephp\cakephp\src\Http\ResponseEmitter.php C:\Apache24\htdocs\chestcounter\vendor\cakephp\cakephp\src\Http\ResponseEmitter.php, line 65
Cake\Http\ResponseEmitter->emit() C:\Apache24\htdocs\chestcounter\vendor\cakephp\cakephp\src\Http\Server.php, line 148
Cake\Http\Server->emit() C:\Apache24\htdocs\chestcounter\webroot\index.php, line 37
[main]

2025-10-19 22:36:39 warning: Cannot modify header information - headers already sent by (output started at C:\Apache24\htdocs\chestcounter\vendor\cakephp\cakephp\src\Error\Renderer\HtmlErrorRenderer.php:37)
Request URL: /score
Referer URL: http://127.0.0.1/chestcounter/player-cycle-summaries/cycles_history
Client IP: 127.0.0.1
Trace:
Cake\Error\ErrorTrap->handleError() [internal], line ??
C:\Apache24\htdocs\chestcounter\vendor\cakephp\cakephp\src\Http\ResponseEmitter.php C:\Apache24\htdocs\chestcounter\vendor\cakephp\cakephp\src\Http\ResponseEmitter.php, line 159
Cake\Http\ResponseEmitter->emitStatusLine() C:\Apache24\htdocs\chestcounter\vendor\cakephp\cakephp\src\Http\ResponseEmitter.php, line 68
Cake\Http\ResponseEmitter->emit() C:\Apache24\htdocs\chestcounter\vendor\cakephp\cakephp\src\Http\Server.php, line 148
Cake\Http\Server->emit() C:\Apache24\htdocs\chestcounter\webroot\index.php, line 37
[main]

2025-10-19 22:36:39 warning: Cannot modify header information - headers already sent by (output started at C:\Apache24\htdocs\chestcounter\vendor\cakephp\cakephp\src\Error\Renderer\HtmlErrorRenderer.php:37)
Request URL: /score
Referer URL: http://127.0.0.1/chestcounter/player-cycle-summaries/cycles_history
Client IP: 127.0.0.1
Trace:
Cake\Error\ErrorTrap->handleError() [internal], line ??
C:\Apache24\htdocs\chestcounter\vendor\cakephp\cakephp\src\Http\ResponseEmitter.php C:\Apache24\htdocs\chestcounter\vendor\cakephp\cakephp\src\Http\ResponseEmitter.php, line 192
Cake\Http\ResponseEmitter->emitHeaders() C:\Apache24\htdocs\chestcounter\vendor\cakephp\cakephp\src\Http\ResponseEmitter.php, line 69
Cake\Http\ResponseEmitter->emit() C:\Apache24\htdocs\chestcounter\vendor\cakephp\cakephp\src\Http\Server.php, line 148
Cake\Http\Server->emit() C:\Apache24\htdocs\chestcounter\webroot\index.php, line 37
[main]

2025-10-19 22:37:55 warning: Unable to emit headers. Headers sent in file=C:\Apache24\htdocs\chestcounter\vendor\cakephp\cakephp\src\Error\Renderer\HtmlErrorRenderer.php line=37
Request URL: /player-cycle-summaries/cycles_history
Client IP: 127.0.0.1
Trace:
Cake\Error\ErrorTrap->handleError() [internal], line ??
C:\Apache24\htdocs\chestcounter\vendor\cakephp\cakephp\src\Http\ResponseEmitter.php C:\Apache24\htdocs\chestcounter\vendor\cakephp\cakephp\src\Http\ResponseEmitter.php, line 65
Cake\Http\ResponseEmitter->emit() C:\Apache24\htdocs\chestcounter\vendor\cakephp\cakephp\src\Http\Server.php, line 148
Cake\Http\Server->emit() C:\Apache24\htdocs\chestcounter\webroot\index.php, line 37
[main]

2025-10-19 22:37:55 warning: Cannot modify header information - headers already sent by (output started at C:\Apache24\htdocs\chestcounter\vendor\cakephp\cakephp\src\Error\Renderer\HtmlErrorRenderer.php:37)
Request URL: /player-cycle-summaries/cycles_history
Client IP: 127.0.0.1
Trace:
Cake\Error\ErrorTrap->handleError() [internal], line ??
C:\Apache24\htdocs\chestcounter\vendor\cakephp\cakephp\src\Http\ResponseEmitter.php C:\Apache24\htdocs\chestcounter\vendor\cakephp\cakephp\src\Http\ResponseEmitter.php, line 159
Cake\Http\ResponseEmitter->emitStatusLine() C:\Apache24\htdocs\chestcounter\vendor\cakephp\cakephp\src\Http\ResponseEmitter.php, line 68
Cake\Http\ResponseEmitter->emit() C:\Apache24\htdocs\chestcounter\vendor\cakephp\cakephp\src\Http\Server.php, line 148
Cake\Http\Server->emit() C:\Apache24\htdocs\chestcounter\webroot\index.php, line 37
[main]

2025-10-19 22:37:55 warning: Cannot modify header information - headers already sent by (output started at C:\Apache24\htdocs\chestcounter\vendor\cakephp\cakephp\src\Error\Renderer\HtmlErrorRenderer.php:37)
Request URL: /player-cycle-summaries/cycles_history
Client IP: 127.0.0.1
Trace:
Cake\Error\ErrorTrap->handleError() [internal], line ??
C:\Apache24\htdocs\chestcounter\vendor\cakephp\cakephp\src\Http\ResponseEmitter.php C:\Apache24\htdocs\chestcounter\vendor\cakephp\cakephp\src\Http\ResponseEmitter.php, line 192
Cake\Http\ResponseEmitter->emitHeaders() C:\Apache24\htdocs\chestcounter\vendor\cakephp\cakephp\src\Http\ResponseEmitter.php, line 69
Cake\Http\ResponseEmitter->emit() C:\Apache24\htdocs\chestcounter\vendor\cakephp\cakephp\src\Http\Server.php, line 148
Cake\Http\Server->emit() C:\Apache24\htdocs\chestcounter\webroot\index.php, line 37
[main]

2025-10-19 22:37:59 warning: Unable to emit headers. Headers sent in file=C:\Apache24\htdocs\chestcounter\vendor\cakephp\cakephp\src\Error\Renderer\HtmlErrorRenderer.php line=37
Request URL: /player-cycle-summaries/cycles_history
Client IP: 127.0.0.1
Trace:
Cake\Error\ErrorTrap->handleError() [internal], line ??
C:\Apache24\htdocs\chestcounter\vendor\cakephp\cakephp\src\Http\ResponseEmitter.php C:\Apache24\htdocs\chestcounter\vendor\cakephp\cakephp\src\Http\ResponseEmitter.php, line 65
Cake\Http\ResponseEmitter->emit() C:\Apache24\htdocs\chestcounter\vendor\cakephp\cakephp\src\Http\Server.php, line 148
Cake\Http\Server->emit() C:\Apache24\htdocs\chestcounter\webroot\index.php, line 37
[main]

2025-10-19 22:37:59 warning: Cannot modify header information - headers already sent by (output started at C:\Apache24\htdocs\chestcounter\vendor\cakephp\cakephp\src\Error\Renderer\HtmlErrorRenderer.php:37)
Request URL: /player-cycle-summaries/cycles_history
Client IP: 127.0.0.1
Trace:
Cake\Error\ErrorTrap->handleError() [internal], line ??
C:\Apache24\htdocs\chestcounter\vendor\cakephp\cakephp\src\Http\ResponseEmitter.php C:\Apache24\htdocs\chestcounter\vendor\cakephp\cakephp\src\Http\ResponseEmitter.php, line 159
Cake\Http\ResponseEmitter->emitStatusLine() C:\Apache24\htdocs\chestcounter\vendor\cakephp\cakephp\src\Http\ResponseEmitter.php, line 68
Cake\Http\ResponseEmitter->emit() C:\Apache24\htdocs\chestcounter\vendor\cakephp\cakephp\src\Http\Server.php, line 148
Cake\Http\Server->emit() C:\Apache24\htdocs\chestcounter\webroot\index.php, line 37
[main]

2025-10-19 22:37:59 warning: Cannot modify header information - headers already sent by (output started at C:\Apache24\htdocs\chestcounter\vendor\cakephp\cakephp\src\Error\Renderer\HtmlErrorRenderer.php:37)
Request URL: /player-cycle-summaries/cycles_history
Client IP: 127.0.0.1
Trace:
Cake\Error\ErrorTrap->handleError() [internal], line ??
C:\Apache24\htdocs\chestcounter\vendor\cakephp\cakephp\src\Http\ResponseEmitter.php C:\Apache24\htdocs\chestcounter\vendor\cakephp\cakephp\src\Http\ResponseEmitter.php, line 192
Cake\Http\ResponseEmitter->emitHeaders() C:\Apache24\htdocs\chestcounter\vendor\cakephp\cakephp\src\Http\ResponseEmitter.php, line 69
Cake\Http\ResponseEmitter->emit() C:\Apache24\htdocs\chestcounter\vendor\cakephp\cakephp\src\Http\Server.php, line 148
Cake\Http\Server->emit() C:\Apache24\htdocs\chestcounter\webroot\index.php, line 37
[main]

2025-10-19 22:39:01 warning: Unable to emit headers. Headers sent in file=C:\Apache24\htdocs\chestcounter\vendor\cakephp\cakephp\src\Error\Renderer\HtmlErrorRenderer.php line=37
Request URL: /player-cycle-summaries/player-history/Rainfury
Referer URL: http://127.0.0.1/chestcounter/score
Client IP: 127.0.0.1
Trace:
Cake\Error\ErrorTrap->handleError() [internal], line ??
C:\Apache24\htdocs\chestcounter\vendor\cakephp\cakephp\src\Http\ResponseEmitter.php C:\Apache24\htdocs\chestcounter\vendor\cakephp\cakephp\src\Http\ResponseEmitter.php, line 65
Cake\Http\ResponseEmitter->emit() C:\Apache24\htdocs\chestcounter\vendor\cakephp\cakephp\src\Http\Server.php, line 148
Cake\Http\Server->emit() C:\Apache24\htdocs\chestcounter\webroot\index.php, line 37
[main]

2025-10-19 22:39:01 warning: Cannot modify header information - headers already sent by (output started at C:\Apache24\htdocs\chestcounter\vendor\cakephp\cakephp\src\Error\Renderer\HtmlErrorRenderer.php:37)
Request URL: /player-cycle-summaries/player-history/Rainfury
Referer URL: http://127.0.0.1/chestcounter/score
Client IP: 127.0.0.1
Trace:
Cake\Error\ErrorTrap->handleError() [internal], line ??
C:\Apache24\htdocs\chestcounter\vendor\cakephp\cakephp\src\Http\ResponseEmitter.php C:\Apache24\htdocs\chestcounter\vendor\cakephp\cakephp\src\Http\ResponseEmitter.php, line 159
Cake\Http\ResponseEmitter->emitStatusLine() C:\Apache24\htdocs\chestcounter\vendor\cakephp\cakephp\src\Http\ResponseEmitter.php, line 68
Cake\Http\ResponseEmitter->emit() C:\Apache24\htdocs\chestcounter\vendor\cakephp\cakephp\src\Http\Server.php, line 148
Cake\Http\Server->emit() C:\Apache24\htdocs\chestcounter\webroot\index.php, line 37
[main]

2025-10-19 22:39:01 warning: Cannot modify header information - headers already sent by (output started at C:\Apache24\htdocs\chestcounter\vendor\cakephp\cakephp\src\Error\Renderer\HtmlErrorRenderer.php:37)
Request URL: /player-cycle-summaries/player-history/Rainfury
Referer URL: http://127.0.0.1/chestcounter/score
Client IP: 127.0.0.1
Trace:
Cake\Error\ErrorTrap->handleError() [internal], line ??
C:\Apache24\htdocs\chestcounter\vendor\cakephp\cakephp\src\Http\ResponseEmitter.php C:\Apache24\htdocs\chestcounter\vendor\cakephp\cakephp\src\Http\ResponseEmitter.php, line 192
Cake\Http\ResponseEmitter->emitHeaders() C:\Apache24\htdocs\chestcounter\vendor\cakephp\cakephp\src\Http\ResponseEmitter.php, line 69
Cake\Http\ResponseEmitter->emit() C:\Apache24\htdocs\chestcounter\vendor\cakephp\cakephp\src\Http\Server.php, line 148
Cake\Http\Server->emit() C:\Apache24\htdocs\chestcounter\webroot\index.php, line 37
[main]

2025-10-19 22:41:05 warning: Unable to emit headers. Headers sent in file=C:\Apache24\htdocs\chestcounter\vendor\cakephp\cakephp\src\Error\Renderer\HtmlErrorRenderer.php line=37
Request URL: /player-cycle-summaries/cycles_history
Client IP: 127.0.0.1
Trace:
Cake\Error\ErrorTrap->handleError() [internal], line ??
C:\Apache24\htdocs\chestcounter\vendor\cakephp\cakephp\src\Http\ResponseEmitter.php C:\Apache24\htdocs\chestcounter\vendor\cakephp\cakephp\src\Http\ResponseEmitter.php, line 65
Cake\Http\ResponseEmitter->emit() C:\Apache24\htdocs\chestcounter\vendor\cakephp\cakephp\src\Http\Server.php, line 148
Cake\Http\Server->emit() C:\Apache24\htdocs\chestcounter\webroot\index.php, line 37
[main]

2025-10-19 22:41:05 warning: Cannot modify header information - headers already sent by (output started at C:\Apache24\htdocs\chestcounter\vendor\cakephp\cakephp\src\Error\Renderer\HtmlErrorRenderer.php:37)
Request URL: /player-cycle-summaries/cycles_history
Client IP: 127.0.0.1
Trace:
Cake\Error\ErrorTrap->handleError() [internal], line ??
C:\Apache24\htdocs\chestcounter\vendor\cakephp\cakephp\src\Http\ResponseEmitter.php C:\Apache24\htdocs\chestcounter\vendor\cakephp\cakephp\src\Http\ResponseEmitter.php, line 159
Cake\Http\ResponseEmitter->emitStatusLine() C:\Apache24\htdocs\chestcounter\vendor\cakephp\cakephp\src\Http\ResponseEmitter.php, line 68
Cake\Http\ResponseEmitter->emit() C:\Apache24\htdocs\chestcounter\vendor\cakephp\cakephp\src\Http\Server.php, line 148
Cake\Http\Server->emit() C:\Apache24\htdocs\chestcounter\webroot\index.php, line 37
[main]

2025-10-19 22:41:05 warning: Cannot modify header information - headers already sent by (output started at C:\Apache24\htdocs\chestcounter\vendor\cakephp\cakephp\src\Error\Renderer\HtmlErrorRenderer.php:37)
Request URL: /player-cycle-summaries/cycles_history
Client IP: 127.0.0.1
Trace:
Cake\Error\ErrorTrap->handleError() [internal], line ??
C:\Apache24\htdocs\chestcounter\vendor\cakephp\cakephp\src\Http\ResponseEmitter.php C:\Apache24\htdocs\chestcounter\vendor\cakephp\cakephp\src\Http\ResponseEmitter.php, line 192
Cake\Http\ResponseEmitter->emitHeaders() C:\Apache24\htdocs\chestcounter\vendor\cakephp\cakephp\src\Http\ResponseEmitter.php, line 69
Cake\Http\ResponseEmitter->emit() C:\Apache24\htdocs\chestcounter\vendor\cakephp\cakephp\src\Http\Server.php, line 148
Cake\Http\Server->emit() C:\Apache24\htdocs\chestcounter\webroot\index.php, line 37
[main]

<<<<<<< HEAD
2025-10-19 22:56:49 warning: Unable to emit headers. Headers sent in file=C:\Apache24\htdocs\chestcounter\vendor\cakephp\cakephp\src\Error\Renderer\HtmlErrorRenderer.php line=37
Request URL: /player-cycle-summaries/cycles_history
Client IP: 127.0.0.1
Trace:
Cake\Error\ErrorTrap->handleError() [internal], line ??
C:\Apache24\htdocs\chestcounter\vendor\cakephp\cakephp\src\Http\ResponseEmitter.php C:\Apache24\htdocs\chestcounter\vendor\cakephp\cakephp\src\Http\ResponseEmitter.php, line 65
Cake\Http\ResponseEmitter->emit() C:\Apache24\htdocs\chestcounter\vendor\cakephp\cakephp\src\Http\Server.php, line 148
Cake\Http\Server->emit() C:\Apache24\htdocs\chestcounter\webroot\index.php, line 37
[main]

2025-10-19 22:56:49 warning: Cannot modify header information - headers already sent by (output started at C:\Apache24\htdocs\chestcounter\vendor\cakephp\cakephp\src\Error\Renderer\HtmlErrorRenderer.php:37)
Request URL: /player-cycle-summaries/cycles_history
Client IP: 127.0.0.1
Trace:
Cake\Error\ErrorTrap->handleError() [internal], line ??
C:\Apache24\htdocs\chestcounter\vendor\cakephp\cakephp\src\Http\ResponseEmitter.php C:\Apache24\htdocs\chestcounter\vendor\cakephp\cakephp\src\Http\ResponseEmitter.php, line 159
Cake\Http\ResponseEmitter->emitStatusLine() C:\Apache24\htdocs\chestcounter\vendor\cakephp\cakephp\src\Http\ResponseEmitter.php, line 68
Cake\Http\ResponseEmitter->emit() C:\Apache24\htdocs\chestcounter\vendor\cakephp\cakephp\src\Http\Server.php, line 148
Cake\Http\Server->emit() C:\Apache24\htdocs\chestcounter\webroot\index.php, line 37
[main]

2025-10-19 22:56:49 warning: Cannot modify header information - headers already sent by (output started at C:\Apache24\htdocs\chestcounter\vendor\cakephp\cakephp\src\Error\Renderer\HtmlErrorRenderer.php:37)
Request URL: /player-cycle-summaries/cycles_history
Client IP: 127.0.0.1
Trace:
Cake\Error\ErrorTrap->handleError() [internal], line ??
C:\Apache24\htdocs\chestcounter\vendor\cakephp\cakephp\src\Http\ResponseEmitter.php C:\Apache24\htdocs\chestcounter\vendor\cakephp\cakephp\src\Http\ResponseEmitter.php, line 192
Cake\Http\ResponseEmitter->emitHeaders() C:\Apache24\htdocs\chestcounter\vendor\cakephp\cakephp\src\Http\ResponseEmitter.php, line 69
Cake\Http\ResponseEmitter->emit() C:\Apache24\htdocs\chestcounter\vendor\cakephp\cakephp\src\Http\Server.php, line 148
Cake\Http\Server->emit() C:\Apache24\htdocs\chestcounter\webroot\index.php, line 37
[main]

2025-10-19 22:56:52 warning: Unable to emit headers. Headers sent in file=C:\Apache24\htdocs\chestcounter\vendor\cakephp\cakephp\src\Error\Renderer\HtmlErrorRenderer.php line=37
Request URL: /history
Referer URL: http://127.0.0.1/chestcounter/player-cycle-summaries/cycles_history
Client IP: 127.0.0.1
Trace:
Cake\Error\ErrorTrap->handleError() [internal], line ??
C:\Apache24\htdocs\chestcounter\vendor\cakephp\cakephp\src\Http\ResponseEmitter.php C:\Apache24\htdocs\chestcounter\vendor\cakephp\cakephp\src\Http\ResponseEmitter.php, line 65
Cake\Http\ResponseEmitter->emit() C:\Apache24\htdocs\chestcounter\vendor\cakephp\cakephp\src\Http\Server.php, line 148
Cake\Http\Server->emit() C:\Apache24\htdocs\chestcounter\webroot\index.php, line 37
[main]

2025-10-19 22:56:52 warning: Cannot modify header information - headers already sent by (output started at C:\Apache24\htdocs\chestcounter\vendor\cakephp\cakephp\src\Error\Renderer\HtmlErrorRenderer.php:37)
Request URL: /history
Referer URL: http://127.0.0.1/chestcounter/player-cycle-summaries/cycles_history
Client IP: 127.0.0.1
Trace:
Cake\Error\ErrorTrap->handleError() [internal], line ??
C:\Apache24\htdocs\chestcounter\vendor\cakephp\cakephp\src\Http\ResponseEmitter.php C:\Apache24\htdocs\chestcounter\vendor\cakephp\cakephp\src\Http\ResponseEmitter.php, line 159
Cake\Http\ResponseEmitter->emitStatusLine() C:\Apache24\htdocs\chestcounter\vendor\cakephp\cakephp\src\Http\ResponseEmitter.php, line 68
Cake\Http\ResponseEmitter->emit() C:\Apache24\htdocs\chestcounter\vendor\cakephp\cakephp\src\Http\Server.php, line 148
Cake\Http\Server->emit() C:\Apache24\htdocs\chestcounter\webroot\index.php, line 37
[main]

2025-10-19 22:56:52 warning: Cannot modify header information - headers already sent by (output started at C:\Apache24\htdocs\chestcounter\vendor\cakephp\cakephp\src\Error\Renderer\HtmlErrorRenderer.php:37)
Request URL: /history
Referer URL: http://127.0.0.1/chestcounter/player-cycle-summaries/cycles_history
Client IP: 127.0.0.1
Trace:
Cake\Error\ErrorTrap->handleError() [internal], line ??
C:\Apache24\htdocs\chestcounter\vendor\cakephp\cakephp\src\Http\ResponseEmitter.php C:\Apache24\htdocs\chestcounter\vendor\cakephp\cakephp\src\Http\ResponseEmitter.php, line 192
Cake\Http\ResponseEmitter->emitHeaders() C:\Apache24\htdocs\chestcounter\vendor\cakephp\cakephp\src\Http\ResponseEmitter.php, line 69
Cake\Http\ResponseEmitter->emit() C:\Apache24\htdocs\chestcounter\vendor\cakephp\cakephp\src\Http\Server.php, line 148
Cake\Http\Server->emit() C:\Apache24\htdocs\chestcounter\webroot\index.php, line 37
[main]

2025-10-19 22:56:54 warning: Unable to emit headers. Headers sent in file=C:\Apache24\htdocs\chestcounter\vendor\cakephp\cakephp\src\Error\Renderer\HtmlErrorRenderer.php line=37
Request URL: /score
Referer URL: http://127.0.0.1/chestcounter/history
Client IP: 127.0.0.1
Trace:
Cake\Error\ErrorTrap->handleError() [internal], line ??
C:\Apache24\htdocs\chestcounter\vendor\cakephp\cakephp\src\Http\ResponseEmitter.php C:\Apache24\htdocs\chestcounter\vendor\cakephp\cakephp\src\Http\ResponseEmitter.php, line 65
Cake\Http\ResponseEmitter->emit() C:\Apache24\htdocs\chestcounter\vendor\cakephp\cakephp\src\Http\Server.php, line 148
Cake\Http\Server->emit() C:\Apache24\htdocs\chestcounter\webroot\index.php, line 37
[main]

2025-10-19 22:56:54 warning: Cannot modify header information - headers already sent by (output started at C:\Apache24\htdocs\chestcounter\vendor\cakephp\cakephp\src\Error\Renderer\HtmlErrorRenderer.php:37)
Request URL: /score
Referer URL: http://127.0.0.1/chestcounter/history
Client IP: 127.0.0.1
Trace:
Cake\Error\ErrorTrap->handleError() [internal], line ??
C:\Apache24\htdocs\chestcounter\vendor\cakephp\cakephp\src\Http\ResponseEmitter.php C:\Apache24\htdocs\chestcounter\vendor\cakephp\cakephp\src\Http\ResponseEmitter.php, line 159
Cake\Http\ResponseEmitter->emitStatusLine() C:\Apache24\htdocs\chestcounter\vendor\cakephp\cakephp\src\Http\ResponseEmitter.php, line 68
Cake\Http\ResponseEmitter->emit() C:\Apache24\htdocs\chestcounter\vendor\cakephp\cakephp\src\Http\Server.php, line 148
Cake\Http\Server->emit() C:\Apache24\htdocs\chestcounter\webroot\index.php, line 37
[main]

2025-10-19 22:56:54 warning: Cannot modify header information - headers already sent by (output started at C:\Apache24\htdocs\chestcounter\vendor\cakephp\cakephp\src\Error\Renderer\HtmlErrorRenderer.php:37)
Request URL: /score
Referer URL: http://127.0.0.1/chestcounter/history
Client IP: 127.0.0.1
Trace:
Cake\Error\ErrorTrap->handleError() [internal], line ??
C:\Apache24\htdocs\chestcounter\vendor\cakephp\cakephp\src\Http\ResponseEmitter.php C:\Apache24\htdocs\chestcounter\vendor\cakephp\cakephp\src\Http\ResponseEmitter.php, line 192
Cake\Http\ResponseEmitter->emitHeaders() C:\Apache24\htdocs\chestcounter\vendor\cakephp\cakephp\src\Http\ResponseEmitter.php, line 69
Cake\Http\ResponseEmitter->emit() C:\Apache24\htdocs\chestcounter\vendor\cakephp\cakephp\src\Http\Server.php, line 148
Cake\Http\Server->emit() C:\Apache24\htdocs\chestcounter\webroot\index.php, line 37
[main]

2025-10-19 22:56:55 warning: Unable to emit headers. Headers sent in file=C:\Apache24\htdocs\chestcounter\vendor\cakephp\cakephp\src\Error\Renderer\HtmlErrorRenderer.php line=37
Request URL: /player-cycle-summaries/player-history/Rainfury
Referer URL: http://127.0.0.1/chestcounter/score
Client IP: 127.0.0.1
Trace:
Cake\Error\ErrorTrap->handleError() [internal], line ??
C:\Apache24\htdocs\chestcounter\vendor\cakephp\cakephp\src\Http\ResponseEmitter.php C:\Apache24\htdocs\chestcounter\vendor\cakephp\cakephp\src\Http\ResponseEmitter.php, line 65
Cake\Http\ResponseEmitter->emit() C:\Apache24\htdocs\chestcounter\vendor\cakephp\cakephp\src\Http\Server.php, line 148
Cake\Http\Server->emit() C:\Apache24\htdocs\chestcounter\webroot\index.php, line 37
[main]

2025-10-19 22:56:55 warning: Cannot modify header information - headers already sent by (output started at C:\Apache24\htdocs\chestcounter\vendor\cakephp\cakephp\src\Error\Renderer\HtmlErrorRenderer.php:37)
Request URL: /player-cycle-summaries/player-history/Rainfury
Referer URL: http://127.0.0.1/chestcounter/score
Client IP: 127.0.0.1
Trace:
Cake\Error\ErrorTrap->handleError() [internal], line ??
C:\Apache24\htdocs\chestcounter\vendor\cakephp\cakephp\src\Http\ResponseEmitter.php C:\Apache24\htdocs\chestcounter\vendor\cakephp\cakephp\src\Http\ResponseEmitter.php, line 159
Cake\Http\ResponseEmitter->emitStatusLine() C:\Apache24\htdocs\chestcounter\vendor\cakephp\cakephp\src\Http\ResponseEmitter.php, line 68
Cake\Http\ResponseEmitter->emit() C:\Apache24\htdocs\chestcounter\vendor\cakephp\cakephp\src\Http\Server.php, line 148
Cake\Http\Server->emit() C:\Apache24\htdocs\chestcounter\webroot\index.php, line 37
[main]

2025-10-19 22:56:55 warning: Cannot modify header information - headers already sent by (output started at C:\Apache24\htdocs\chestcounter\vendor\cakephp\cakephp\src\Error\Renderer\HtmlErrorRenderer.php:37)
Request URL: /player-cycle-summaries/player-history/Rainfury
Referer URL: http://127.0.0.1/chestcounter/score
Client IP: 127.0.0.1
Trace:
Cake\Error\ErrorTrap->handleError() [internal], line ??
C:\Apache24\htdocs\chestcounter\vendor\cakephp\cakephp\src\Http\ResponseEmitter.php C:\Apache24\htdocs\chestcounter\vendor\cakephp\cakephp\src\Http\ResponseEmitter.php, line 192
Cake\Http\ResponseEmitter->emitHeaders() C:\Apache24\htdocs\chestcounter\vendor\cakephp\cakephp\src\Http\ResponseEmitter.php, line 69
Cake\Http\ResponseEmitter->emit() C:\Apache24\htdocs\chestcounter\vendor\cakephp\cakephp\src\Http\Server.php, line 148
Cake\Http\Server->emit() C:\Apache24\htdocs\chestcounter\webroot\index.php, line 37
[main]

2025-10-19 22:56:58 warning: Unable to emit headers. Headers sent in file=C:\Apache24\htdocs\chestcounter\vendor\cakephp\cakephp\src\Error\Renderer\HtmlErrorRenderer.php line=37
Request URL: /history
Referer URL: http://127.0.0.1/chestcounter/player-cycle-summaries/player-history/Rainfury
Client IP: 127.0.0.1
Trace:
Cake\Error\ErrorTrap->handleError() [internal], line ??
C:\Apache24\htdocs\chestcounter\vendor\cakephp\cakephp\src\Http\ResponseEmitter.php C:\Apache24\htdocs\chestcounter\vendor\cakephp\cakephp\src\Http\ResponseEmitter.php, line 65
Cake\Http\ResponseEmitter->emit() C:\Apache24\htdocs\chestcounter\vendor\cakephp\cakephp\src\Http\Server.php, line 148
Cake\Http\Server->emit() C:\Apache24\htdocs\chestcounter\webroot\index.php, line 37
[main]

2025-10-19 22:56:58 warning: Cannot modify header information - headers already sent by (output started at C:\Apache24\htdocs\chestcounter\vendor\cakephp\cakephp\src\Error\Renderer\HtmlErrorRenderer.php:37)
Request URL: /history
Referer URL: http://127.0.0.1/chestcounter/player-cycle-summaries/player-history/Rainfury
Client IP: 127.0.0.1
Trace:
Cake\Error\ErrorTrap->handleError() [internal], line ??
C:\Apache24\htdocs\chestcounter\vendor\cakephp\cakephp\src\Http\ResponseEmitter.php C:\Apache24\htdocs\chestcounter\vendor\cakephp\cakephp\src\Http\ResponseEmitter.php, line 159
Cake\Http\ResponseEmitter->emitStatusLine() C:\Apache24\htdocs\chestcounter\vendor\cakephp\cakephp\src\Http\ResponseEmitter.php, line 68
Cake\Http\ResponseEmitter->emit() C:\Apache24\htdocs\chestcounter\vendor\cakephp\cakephp\src\Http\Server.php, line 148
Cake\Http\Server->emit() C:\Apache24\htdocs\chestcounter\webroot\index.php, line 37
[main]

2025-10-19 22:56:58 warning: Cannot modify header information - headers already sent by (output started at C:\Apache24\htdocs\chestcounter\vendor\cakephp\cakephp\src\Error\Renderer\HtmlErrorRenderer.php:37)
Request URL: /history
Referer URL: http://127.0.0.1/chestcounter/player-cycle-summaries/player-history/Rainfury
Client IP: 127.0.0.1
Trace:
Cake\Error\ErrorTrap->handleError() [internal], line ??
C:\Apache24\htdocs\chestcounter\vendor\cakephp\cakephp\src\Http\ResponseEmitter.php C:\Apache24\htdocs\chestcounter\vendor\cakephp\cakephp\src\Http\ResponseEmitter.php, line 192
Cake\Http\ResponseEmitter->emitHeaders() C:\Apache24\htdocs\chestcounter\vendor\cakephp\cakephp\src\Http\ResponseEmitter.php, line 69
Cake\Http\ResponseEmitter->emit() C:\Apache24\htdocs\chestcounter\vendor\cakephp\cakephp\src\Http\Server.php, line 148
Cake\Http\Server->emit() C:\Apache24\htdocs\chestcounter\webroot\index.php, line 37
[main]

2025-10-19 23:07:08 warning: Unable to emit headers. Headers sent in file=C:\Apache24\htdocs\chestcounter\vendor\cakephp\cakephp\src\Error\Renderer\HtmlErrorRenderer.php line=37
Request URL: /history
Referer URL: http://127.0.0.1/chestcounter/history
Client IP: 127.0.0.1
Trace:
Cake\Error\ErrorTrap->handleError() [internal], line ??
C:\Apache24\htdocs\chestcounter\vendor\cakephp\cakephp\src\Http\ResponseEmitter.php C:\Apache24\htdocs\chestcounter\vendor\cakephp\cakephp\src\Http\ResponseEmitter.php, line 65
Cake\Http\ResponseEmitter->emit() C:\Apache24\htdocs\chestcounter\vendor\cakephp\cakephp\src\Http\Server.php, line 148
Cake\Http\Server->emit() C:\Apache24\htdocs\chestcounter\webroot\index.php, line 37
[main]

2025-10-19 23:07:08 warning: Cannot modify header information - headers already sent by (output started at C:\Apache24\htdocs\chestcounter\vendor\cakephp\cakephp\src\Error\Renderer\HtmlErrorRenderer.php:37)
Request URL: /history
Referer URL: http://127.0.0.1/chestcounter/history
Client IP: 127.0.0.1
Trace:
Cake\Error\ErrorTrap->handleError() [internal], line ??
C:\Apache24\htdocs\chestcounter\vendor\cakephp\cakephp\src\Http\ResponseEmitter.php C:\Apache24\htdocs\chestcounter\vendor\cakephp\cakephp\src\Http\ResponseEmitter.php, line 159
Cake\Http\ResponseEmitter->emitStatusLine() C:\Apache24\htdocs\chestcounter\vendor\cakephp\cakephp\src\Http\ResponseEmitter.php, line 68
Cake\Http\ResponseEmitter->emit() C:\Apache24\htdocs\chestcounter\vendor\cakephp\cakephp\src\Http\Server.php, line 148
Cake\Http\Server->emit() C:\Apache24\htdocs\chestcounter\webroot\index.php, line 37
[main]

2025-10-19 23:07:08 warning: Cannot modify header information - headers already sent by (output started at C:\Apache24\htdocs\chestcounter\vendor\cakephp\cakephp\src\Error\Renderer\HtmlErrorRenderer.php:37)
Request URL: /history
Referer URL: http://127.0.0.1/chestcounter/history
Client IP: 127.0.0.1
Trace:
Cake\Error\ErrorTrap->handleError() [internal], line ??
C:\Apache24\htdocs\chestcounter\vendor\cakephp\cakephp\src\Http\ResponseEmitter.php C:\Apache24\htdocs\chestcounter\vendor\cakephp\cakephp\src\Http\ResponseEmitter.php, line 192
Cake\Http\ResponseEmitter->emitHeaders() C:\Apache24\htdocs\chestcounter\vendor\cakephp\cakephp\src\Http\ResponseEmitter.php, line 69
Cake\Http\ResponseEmitter->emit() C:\Apache24\htdocs\chestcounter\vendor\cakephp\cakephp\src\Http\Server.php, line 148
Cake\Http\Server->emit() C:\Apache24\htdocs\chestcounter\webroot\index.php, line 37
[main]

=======
>>>>>>> 9d854700621d4d21a394b03b312833d8aa76f36f
2025-10-20 11:59:33 warning: Unable to emit headers. Headers sent in file=C:\Apache24\htdocs\chestcounter\vendor\cakephp\cakephp\src\Error\Renderer\HtmlErrorRenderer.php line=37
Request URL: /history
Referer URL: http://127.0.0.1/chestcounter/history
Client IP: 127.0.0.1
Trace:
Cake\Error\ErrorTrap->handleError() [internal], line ??
C:\Apache24\htdocs\chestcounter\vendor\cakephp\cakephp\src\Http\ResponseEmitter.php C:\Apache24\htdocs\chestcounter\vendor\cakephp\cakephp\src\Http\ResponseEmitter.php, line 65
Cake\Http\ResponseEmitter->emit() C:\Apache24\htdocs\chestcounter\vendor\cakephp\cakephp\src\Http\Server.php, line 148
Cake\Http\Server->emit() C:\Apache24\htdocs\chestcounter\webroot\index.php, line 37
[main]

2025-10-20 11:59:33 warning: Cannot modify header information - headers already sent by (output started at C:\Apache24\htdocs\chestcounter\vendor\cakephp\cakephp\src\Error\Renderer\HtmlErrorRenderer.php:37)
Request URL: /history
Referer URL: http://127.0.0.1/chestcounter/history
Client IP: 127.0.0.1
Trace:
Cake\Error\ErrorTrap->handleError() [internal], line ??
C:\Apache24\htdocs\chestcounter\vendor\cakephp\cakephp\src\Http\ResponseEmitter.php C:\Apache24\htdocs\chestcounter\vendor\cakephp\cakephp\src\Http\ResponseEmitter.php, line 159
Cake\Http\ResponseEmitter->emitStatusLine() C:\Apache24\htdocs\chestcounter\vendor\cakephp\cakephp\src\Http\ResponseEmitter.php, line 68
Cake\Http\ResponseEmitter->emit() C:\Apache24\htdocs\chestcounter\vendor\cakephp\cakephp\src\Http\Server.php, line 148
Cake\Http\Server->emit() C:\Apache24\htdocs\chestcounter\webroot\index.php, line 37
[main]

2025-10-20 11:59:33 warning: Cannot modify header information - headers already sent by (output started at C:\Apache24\htdocs\chestcounter\vendor\cakephp\cakephp\src\Error\Renderer\HtmlErrorRenderer.php:37)
Request URL: /history
Referer URL: http://127.0.0.1/chestcounter/history
Client IP: 127.0.0.1
Trace:
Cake\Error\ErrorTrap->handleError() [internal], line ??
C:\Apache24\htdocs\chestcounter\vendor\cakephp\cakephp\src\Http\ResponseEmitter.php C:\Apache24\htdocs\chestcounter\vendor\cakephp\cakephp\src\Http\ResponseEmitter.php, line 192
Cake\Http\ResponseEmitter->emitHeaders() C:\Apache24\htdocs\chestcounter\vendor\cakephp\cakephp\src\Http\ResponseEmitter.php, line 69
Cake\Http\ResponseEmitter->emit() C:\Apache24\htdocs\chestcounter\vendor\cakephp\cakephp\src\Http\Server.php, line 148
Cake\Http\Server->emit() C:\Apache24\htdocs\chestcounter\webroot\index.php, line 37
[main]

2025-10-20 11:59:45 warning: Unable to emit headers. Headers sent in file=C:\Apache24\htdocs\chestcounter\vendor\cakephp\cakephp\src\Error\Renderer\HtmlErrorRenderer.php line=37
Request URL: /score
Referer URL: http://127.0.0.1/chestcounter/player-cycle-summaries/cycles_history
Client IP: 127.0.0.1
Trace:
Cake\Error\ErrorTrap->handleError() [internal], line ??
C:\Apache24\htdocs\chestcounter\vendor\cakephp\cakephp\src\Http\ResponseEmitter.php C:\Apache24\htdocs\chestcounter\vendor\cakephp\cakephp\src\Http\ResponseEmitter.php, line 65
Cake\Http\ResponseEmitter->emit() C:\Apache24\htdocs\chestcounter\vendor\cakephp\cakephp\src\Http\Server.php, line 148
Cake\Http\Server->emit() C:\Apache24\htdocs\chestcounter\webroot\index.php, line 37
[main]

2025-10-20 11:59:45 warning: Cannot modify header information - headers already sent by (output started at C:\Apache24\htdocs\chestcounter\vendor\cakephp\cakephp\src\Error\Renderer\HtmlErrorRenderer.php:37)
Request URL: /score
Referer URL: http://127.0.0.1/chestcounter/player-cycle-summaries/cycles_history
Client IP: 127.0.0.1
Trace:
Cake\Error\ErrorTrap->handleError() [internal], line ??
C:\Apache24\htdocs\chestcounter\vendor\cakephp\cakephp\src\Http\ResponseEmitter.php C:\Apache24\htdocs\chestcounter\vendor\cakephp\cakephp\src\Http\ResponseEmitter.php, line 159
Cake\Http\ResponseEmitter->emitStatusLine() C:\Apache24\htdocs\chestcounter\vendor\cakephp\cakephp\src\Http\ResponseEmitter.php, line 68
Cake\Http\ResponseEmitter->emit() C:\Apache24\htdocs\chestcounter\vendor\cakephp\cakephp\src\Http\Server.php, line 148
Cake\Http\Server->emit() C:\Apache24\htdocs\chestcounter\webroot\index.php, line 37
[main]

2025-10-20 11:59:45 warning: Cannot modify header information - headers already sent by (output started at C:\Apache24\htdocs\chestcounter\vendor\cakephp\cakephp\src\Error\Renderer\HtmlErrorRenderer.php:37)
Request URL: /score
Referer URL: http://127.0.0.1/chestcounter/player-cycle-summaries/cycles_history
Client IP: 127.0.0.1
Trace:
Cake\Error\ErrorTrap->handleError() [internal], line ??
C:\Apache24\htdocs\chestcounter\vendor\cakephp\cakephp\src\Http\ResponseEmitter.php C:\Apache24\htdocs\chestcounter\vendor\cakephp\cakephp\src\Http\ResponseEmitter.php, line 192
Cake\Http\ResponseEmitter->emitHeaders() C:\Apache24\htdocs\chestcounter\vendor\cakephp\cakephp\src\Http\ResponseEmitter.php, line 69
Cake\Http\ResponseEmitter->emit() C:\Apache24\htdocs\chestcounter\vendor\cakephp\cakephp\src\Http\Server.php, line 148
Cake\Http\Server->emit() C:\Apache24\htdocs\chestcounter\webroot\index.php, line 37
[main]

2025-10-20 11:59:48 warning: Unable to emit headers. Headers sent in file=C:\Apache24\htdocs\chestcounter\vendor\cakephp\cakephp\src\Error\Renderer\HtmlErrorRenderer.php line=37
Request URL: /score
Client IP: 127.0.0.1
Trace:
Cake\Error\ErrorTrap->handleError() [internal], line ??
C:\Apache24\htdocs\chestcounter\vendor\cakephp\cakephp\src\Http\ResponseEmitter.php C:\Apache24\htdocs\chestcounter\vendor\cakephp\cakephp\src\Http\ResponseEmitter.php, line 65
Cake\Http\ResponseEmitter->emit() C:\Apache24\htdocs\chestcounter\vendor\cakephp\cakephp\src\Http\Server.php, line 148
Cake\Http\Server->emit() C:\Apache24\htdocs\chestcounter\webroot\index.php, line 37
[main]

2025-10-20 11:59:48 warning: Cannot modify header information - headers already sent by (output started at C:\Apache24\htdocs\chestcounter\vendor\cakephp\cakephp\src\Error\Renderer\HtmlErrorRenderer.php:37)
Request URL: /score
Client IP: 127.0.0.1
Trace:
Cake\Error\ErrorTrap->handleError() [internal], line ??
C:\Apache24\htdocs\chestcounter\vendor\cakephp\cakephp\src\Http\ResponseEmitter.php C:\Apache24\htdocs\chestcounter\vendor\cakephp\cakephp\src\Http\ResponseEmitter.php, line 159
Cake\Http\ResponseEmitter->emitStatusLine() C:\Apache24\htdocs\chestcounter\vendor\cakephp\cakephp\src\Http\ResponseEmitter.php, line 68
Cake\Http\ResponseEmitter->emit() C:\Apache24\htdocs\chestcounter\vendor\cakephp\cakephp\src\Http\Server.php, line 148
Cake\Http\Server->emit() C:\Apache24\htdocs\chestcounter\webroot\index.php, line 37
[main]

2025-10-20 11:59:48 warning: Cannot modify header information - headers already sent by (output started at C:\Apache24\htdocs\chestcounter\vendor\cakephp\cakephp\src\Error\Renderer\HtmlErrorRenderer.php:37)
Request URL: /score
Client IP: 127.0.0.1
Trace:
Cake\Error\ErrorTrap->handleError() [internal], line ??
C:\Apache24\htdocs\chestcounter\vendor\cakephp\cakephp\src\Http\ResponseEmitter.php C:\Apache24\htdocs\chestcounter\vendor\cakephp\cakephp\src\Http\ResponseEmitter.php, line 192
Cake\Http\ResponseEmitter->emitHeaders() C:\Apache24\htdocs\chestcounter\vendor\cakephp\cakephp\src\Http\ResponseEmitter.php, line 69
Cake\Http\ResponseEmitter->emit() C:\Apache24\htdocs\chestcounter\vendor\cakephp\cakephp\src\Http\Server.php, line 148
Cake\Http\Server->emit() C:\Apache24\htdocs\chestcounter\webroot\index.php, line 37
[main]

2025-10-26 10:33:21 warning: Unable to emit headers. Headers sent in file=C:\Apache24\htdocs\chestcounter\vendor\cakephp\cakephp\src\Error\Renderer\HtmlErrorRenderer.php line=37
Request URL: /history
Referer URL: http://127.0.0.1/chestcounter/history
Client IP: 127.0.0.1
Trace:
Cake\Error\ErrorTrap->handleError() [internal], line ??
C:\Apache24\htdocs\chestcounter\vendor\cakephp\cakephp\src\Http\ResponseEmitter.php C:\Apache24\htdocs\chestcounter\vendor\cakephp\cakephp\src\Http\ResponseEmitter.php, line 65
Cake\Http\ResponseEmitter->emit() C:\Apache24\htdocs\chestcounter\vendor\cakephp\cakephp\src\Http\Server.php, line 148
Cake\Http\Server->emit() C:\Apache24\htdocs\chestcounter\webroot\index.php, line 37
[main]

2025-10-26 10:33:21 warning: Cannot modify header information - headers already sent by (output started at C:\Apache24\htdocs\chestcounter\vendor\cakephp\cakephp\src\Error\Renderer\HtmlErrorRenderer.php:37)
Request URL: /history
Referer URL: http://127.0.0.1/chestcounter/history
Client IP: 127.0.0.1
Trace:
Cake\Error\ErrorTrap->handleError() [internal], line ??
C:\Apache24\htdocs\chestcounter\vendor\cakephp\cakephp\src\Http\ResponseEmitter.php C:\Apache24\htdocs\chestcounter\vendor\cakephp\cakephp\src\Http\ResponseEmitter.php, line 159
Cake\Http\ResponseEmitter->emitStatusLine() C:\Apache24\htdocs\chestcounter\vendor\cakephp\cakephp\src\Http\ResponseEmitter.php, line 68
Cake\Http\ResponseEmitter->emit() C:\Apache24\htdocs\chestcounter\vendor\cakephp\cakephp\src\Http\Server.php, line 148
Cake\Http\Server->emit() C:\Apache24\htdocs\chestcounter\webroot\index.php, line 37
[main]

2025-10-26 10:33:21 warning: Cannot modify header information - headers already sent by (output started at C:\Apache24\htdocs\chestcounter\vendor\cakephp\cakephp\src\Error\Renderer\HtmlErrorRenderer.php:37)
Request URL: /history
Referer URL: http://127.0.0.1/chestcounter/history
Client IP: 127.0.0.1
Trace:
Cake\Error\ErrorTrap->handleError() [internal], line ??
C:\Apache24\htdocs\chestcounter\vendor\cakephp\cakephp\src\Http\ResponseEmitter.php C:\Apache24\htdocs\chestcounter\vendor\cakephp\cakephp\src\Http\ResponseEmitter.php, line 192
Cake\Http\ResponseEmitter->emitHeaders() C:\Apache24\htdocs\chestcounter\vendor\cakephp\cakephp\src\Http\ResponseEmitter.php, line 69
Cake\Http\ResponseEmitter->emit() C:\Apache24\htdocs\chestcounter\vendor\cakephp\cakephp\src\Http\Server.php, line 148
Cake\Http\Server->emit() C:\Apache24\htdocs\chestcounter\webroot\index.php, line 37
[main]

2025-10-26 10:33:22 warning: Unable to emit headers. Headers sent in file=C:\Apache24\htdocs\chestcounter\vendor\cakephp\cakephp\src\Error\Renderer\HtmlErrorRenderer.php line=37
Request URL: /score
Referer URL: http://127.0.0.1/chestcounter/player-cycle-summaries/cycles_history
Client IP: 127.0.0.1
Trace:
Cake\Error\ErrorTrap->handleError() [internal], line ??
C:\Apache24\htdocs\chestcounter\vendor\cakephp\cakephp\src\Http\ResponseEmitter.php C:\Apache24\htdocs\chestcounter\vendor\cakephp\cakephp\src\Http\ResponseEmitter.php, line 65
Cake\Http\ResponseEmitter->emit() C:\Apache24\htdocs\chestcounter\vendor\cakephp\cakephp\src\Http\Server.php, line 148
Cake\Http\Server->emit() C:\Apache24\htdocs\chestcounter\webroot\index.php, line 37
[main]

2025-10-26 10:33:22 warning: Cannot modify header information - headers already sent by (output started at C:\Apache24\htdocs\chestcounter\vendor\cakephp\cakephp\src\Error\Renderer\HtmlErrorRenderer.php:37)
Request URL: /score
Referer URL: http://127.0.0.1/chestcounter/player-cycle-summaries/cycles_history
Client IP: 127.0.0.1
Trace:
Cake\Error\ErrorTrap->handleError() [internal], line ??
C:\Apache24\htdocs\chestcounter\vendor\cakephp\cakephp\src\Http\ResponseEmitter.php C:\Apache24\htdocs\chestcounter\vendor\cakephp\cakephp\src\Http\ResponseEmitter.php, line 159
Cake\Http\ResponseEmitter->emitStatusLine() C:\Apache24\htdocs\chestcounter\vendor\cakephp\cakephp\src\Http\ResponseEmitter.php, line 68
Cake\Http\ResponseEmitter->emit() C:\Apache24\htdocs\chestcounter\vendor\cakephp\cakephp\src\Http\Server.php, line 148
Cake\Http\Server->emit() C:\Apache24\htdocs\chestcounter\webroot\index.php, line 37
[main]

2025-10-26 10:33:22 warning: Cannot modify header information - headers already sent by (output started at C:\Apache24\htdocs\chestcounter\vendor\cakephp\cakephp\src\Error\Renderer\HtmlErrorRenderer.php:37)
Request URL: /score
Referer URL: http://127.0.0.1/chestcounter/player-cycle-summaries/cycles_history
Client IP: 127.0.0.1
Trace:
Cake\Error\ErrorTrap->handleError() [internal], line ??
C:\Apache24\htdocs\chestcounter\vendor\cakephp\cakephp\src\Http\ResponseEmitter.php C:\Apache24\htdocs\chestcounter\vendor\cakephp\cakephp\src\Http\ResponseEmitter.php, line 192
Cake\Http\ResponseEmitter->emitHeaders() C:\Apache24\htdocs\chestcounter\vendor\cakephp\cakephp\src\Http\ResponseEmitter.php, line 69
Cake\Http\ResponseEmitter->emit() C:\Apache24\htdocs\chestcounter\vendor\cakephp\cakephp\src\Http\Server.php, line 148
Cake\Http\Server->emit() C:\Apache24\htdocs\chestcounter\webroot\index.php, line 37
[main]

2025-10-26 10:33:22 warning: Unable to emit headers. Headers sent in file=C:\Apache24\htdocs\chestcounter\vendor\cakephp\cakephp\src\Error\Renderer\HtmlErrorRenderer.php line=37
Request URL: /score
Client IP: 127.0.0.1
Trace:
Cake\Error\ErrorTrap->handleError() [internal], line ??
C:\Apache24\htdocs\chestcounter\vendor\cakephp\cakephp\src\Http\ResponseEmitter.php C:\Apache24\htdocs\chestcounter\vendor\cakephp\cakephp\src\Http\ResponseEmitter.php, line 65
Cake\Http\ResponseEmitter->emit() C:\Apache24\htdocs\chestcounter\vendor\cakephp\cakephp\src\Http\Server.php, line 148
Cake\Http\Server->emit() C:\Apache24\htdocs\chestcounter\webroot\index.php, line 37
[main]

2025-10-26 10:33:22 warning: Cannot modify header information - headers already sent by (output started at C:\Apache24\htdocs\chestcounter\vendor\cakephp\cakephp\src\Error\Renderer\HtmlErrorRenderer.php:37)
Request URL: /score
Client IP: 127.0.0.1
Trace:
Cake\Error\ErrorTrap->handleError() [internal], line ??
C:\Apache24\htdocs\chestcounter\vendor\cakephp\cakephp\src\Http\ResponseEmitter.php C:\Apache24\htdocs\chestcounter\vendor\cakephp\cakephp\src\Http\ResponseEmitter.php, line 159
Cake\Http\ResponseEmitter->emitStatusLine() C:\Apache24\htdocs\chestcounter\vendor\cakephp\cakephp\src\Http\ResponseEmitter.php, line 68
Cake\Http\ResponseEmitter->emit() C:\Apache24\htdocs\chestcounter\vendor\cakephp\cakephp\src\Http\Server.php, line 148
Cake\Http\Server->emit() C:\Apache24\htdocs\chestcounter\webroot\index.php, line 37
[main]

2025-10-26 10:33:22 warning: Cannot modify header information - headers already sent by (output started at C:\Apache24\htdocs\chestcounter\vendor\cakephp\cakephp\src\Error\Renderer\HtmlErrorRenderer.php:37)
Request URL: /score
Client IP: 127.0.0.1
Trace:
Cake\Error\ErrorTrap->handleError() [internal], line ??
C:\Apache24\htdocs\chestcounter\vendor\cakephp\cakephp\src\Http\ResponseEmitter.php C:\Apache24\htdocs\chestcounter\vendor\cakephp\cakephp\src\Http\ResponseEmitter.php, line 192
Cake\Http\ResponseEmitter->emitHeaders() C:\Apache24\htdocs\chestcounter\vendor\cakephp\cakephp\src\Http\ResponseEmitter.php, line 69
Cake\Http\ResponseEmitter->emit() C:\Apache24\htdocs\chestcounter\vendor\cakephp\cakephp\src\Http\Server.php, line 148
Cake\Http\Server->emit() C:\Apache24\htdocs\chestcounter\webroot\index.php, line 37
[main]

2025-10-26 18:47:30 warning: Unable to emit headers. Headers sent in file=C:\Apache24\htdocs\chestcounter\vendor\cakephp\cakephp\src\Error\Renderer\HtmlErrorRenderer.php line=37
Request URL: /score
Referer URL: http://127.0.0.1/chestcounter/player-cycle-summaries/cycles_history
Client IP: 127.0.0.1
Trace:
Cake\Error\ErrorTrap->handleError() [internal], line ??
C:\Apache24\htdocs\chestcounter\vendor\cakephp\cakephp\src\Http\ResponseEmitter.php C:\Apache24\htdocs\chestcounter\vendor\cakephp\cakephp\src\Http\ResponseEmitter.php, line 65
Cake\Http\ResponseEmitter->emit() C:\Apache24\htdocs\chestcounter\vendor\cakephp\cakephp\src\Http\Server.php, line 148
Cake\Http\Server->emit() C:\Apache24\htdocs\chestcounter\webroot\index.php, line 37
[main]

2025-10-26 18:47:30 warning: Cannot modify header information - headers already sent by (output started at C:\Apache24\htdocs\chestcounter\vendor\cakephp\cakephp\src\Error\Renderer\HtmlErrorRenderer.php:37)
Request URL: /score
Referer URL: http://127.0.0.1/chestcounter/player-cycle-summaries/cycles_history
Client IP: 127.0.0.1
Trace:
Cake\Error\ErrorTrap->handleError() [internal], line ??
C:\Apache24\htdocs\chestcounter\vendor\cakephp\cakephp\src\Http\ResponseEmitter.php C:\Apache24\htdocs\chestcounter\vendor\cakephp\cakephp\src\Http\ResponseEmitter.php, line 159
Cake\Http\ResponseEmitter->emitStatusLine() C:\Apache24\htdocs\chestcounter\vendor\cakephp\cakephp\src\Http\ResponseEmitter.php, line 68
Cake\Http\ResponseEmitter->emit() C:\Apache24\htdocs\chestcounter\vendor\cakephp\cakephp\src\Http\Server.php, line 148
Cake\Http\Server->emit() C:\Apache24\htdocs\chestcounter\webroot\index.php, line 37
[main]

2025-10-26 18:47:30 warning: Cannot modify header information - headers already sent by (output started at C:\Apache24\htdocs\chestcounter\vendor\cakephp\cakephp\src\Error\Renderer\HtmlErrorRenderer.php:37)
Request URL: /score
Referer URL: http://127.0.0.1/chestcounter/player-cycle-summaries/cycles_history
Client IP: 127.0.0.1
Trace:
Cake\Error\ErrorTrap->handleError() [internal], line ??
C:\Apache24\htdocs\chestcounter\vendor\cakephp\cakephp\src\Http\ResponseEmitter.php C:\Apache24\htdocs\chestcounter\vendor\cakephp\cakephp\src\Http\ResponseEmitter.php, line 192
Cake\Http\ResponseEmitter->emitHeaders() C:\Apache24\htdocs\chestcounter\vendor\cakephp\cakephp\src\Http\ResponseEmitter.php, line 69
Cake\Http\ResponseEmitter->emit() C:\Apache24\htdocs\chestcounter\vendor\cakephp\cakephp\src\Http\Server.php, line 148
Cake\Http\Server->emit() C:\Apache24\htdocs\chestcounter\webroot\index.php, line 37
[main]

2025-10-26 18:47:31 warning: Unable to emit headers. Headers sent in file=C:\Apache24\htdocs\chestcounter\vendor\cakephp\cakephp\src\Error\Renderer\HtmlErrorRenderer.php line=37
Request URL: /history
Referer URL: http://127.0.0.1/chestcounter/history
Client IP: 127.0.0.1
Trace:
Cake\Error\ErrorTrap->handleError() [internal], line ??
C:\Apache24\htdocs\chestcounter\vendor\cakephp\cakephp\src\Http\ResponseEmitter.php C:\Apache24\htdocs\chestcounter\vendor\cakephp\cakephp\src\Http\ResponseEmitter.php, line 65
Cake\Http\ResponseEmitter->emit() C:\Apache24\htdocs\chestcounter\vendor\cakephp\cakephp\src\Http\Server.php, line 148
Cake\Http\Server->emit() C:\Apache24\htdocs\chestcounter\webroot\index.php, line 37
[main]

2025-10-26 18:47:31 warning: Cannot modify header information - headers already sent by (output started at C:\Apache24\htdocs\chestcounter\vendor\cakephp\cakephp\src\Error\Renderer\HtmlErrorRenderer.php:37)
Request URL: /history
Referer URL: http://127.0.0.1/chestcounter/history
Client IP: 127.0.0.1
Trace:
Cake\Error\ErrorTrap->handleError() [internal], line ??
C:\Apache24\htdocs\chestcounter\vendor\cakephp\cakephp\src\Http\ResponseEmitter.php C:\Apache24\htdocs\chestcounter\vendor\cakephp\cakephp\src\Http\ResponseEmitter.php, line 159
Cake\Http\ResponseEmitter->emitStatusLine() C:\Apache24\htdocs\chestcounter\vendor\cakephp\cakephp\src\Http\ResponseEmitter.php, line 68
Cake\Http\ResponseEmitter->emit() C:\Apache24\htdocs\chestcounter\vendor\cakephp\cakephp\src\Http\Server.php, line 148
Cake\Http\Server->emit() C:\Apache24\htdocs\chestcounter\webroot\index.php, line 37
[main]

2025-10-26 18:47:31 warning: Cannot modify header information - headers already sent by (output started at C:\Apache24\htdocs\chestcounter\vendor\cakephp\cakephp\src\Error\Renderer\HtmlErrorRenderer.php:37)
Request URL: /history
Referer URL: http://127.0.0.1/chestcounter/history
Client IP: 127.0.0.1
Trace:
Cake\Error\ErrorTrap->handleError() [internal], line ??
C:\Apache24\htdocs\chestcounter\vendor\cakephp\cakephp\src\Http\ResponseEmitter.php C:\Apache24\htdocs\chestcounter\vendor\cakephp\cakephp\src\Http\ResponseEmitter.php, line 192
Cake\Http\ResponseEmitter->emitHeaders() C:\Apache24\htdocs\chestcounter\vendor\cakephp\cakephp\src\Http\ResponseEmitter.php, line 69
Cake\Http\ResponseEmitter->emit() C:\Apache24\htdocs\chestcounter\vendor\cakephp\cakephp\src\Http\Server.php, line 148
Cake\Http\Server->emit() C:\Apache24\htdocs\chestcounter\webroot\index.php, line 37
[main]

2025-10-27 10:44:33 warning: Unable to emit headers. Headers sent in file=C:\Apache24\htdocs\chestcounter\vendor\cakephp\cakephp\src\Error\Renderer\HtmlErrorRenderer.php line=37
Request URL: /score
Referer URL: http://127.0.0.1/chestcounter/player-cycle-summaries/cycles_history
Client IP: 127.0.0.1
Trace:
Cake\Error\ErrorTrap->handleError() [internal], line ??
C:\Apache24\htdocs\chestcounter\vendor\cakephp\cakephp\src\Http\ResponseEmitter.php C:\Apache24\htdocs\chestcounter\vendor\cakephp\cakephp\src\Http\ResponseEmitter.php, line 65
Cake\Http\ResponseEmitter->emit() C:\Apache24\htdocs\chestcounter\vendor\cakephp\cakephp\src\Http\Server.php, line 148
Cake\Http\Server->emit() C:\Apache24\htdocs\chestcounter\webroot\index.php, line 37
[main]

2025-10-27 10:44:33 warning: Cannot modify header information - headers already sent by (output started at C:\Apache24\htdocs\chestcounter\vendor\cakephp\cakephp\src\Error\Renderer\HtmlErrorRenderer.php:37)
Request URL: /score
Referer URL: http://127.0.0.1/chestcounter/player-cycle-summaries/cycles_history
Client IP: 127.0.0.1
Trace:
Cake\Error\ErrorTrap->handleError() [internal], line ??
C:\Apache24\htdocs\chestcounter\vendor\cakephp\cakephp\src\Http\ResponseEmitter.php C:\Apache24\htdocs\chestcounter\vendor\cakephp\cakephp\src\Http\ResponseEmitter.php, line 159
Cake\Http\ResponseEmitter->emitStatusLine() C:\Apache24\htdocs\chestcounter\vendor\cakephp\cakephp\src\Http\ResponseEmitter.php, line 68
Cake\Http\ResponseEmitter->emit() C:\Apache24\htdocs\chestcounter\vendor\cakephp\cakephp\src\Http\Server.php, line 148
Cake\Http\Server->emit() C:\Apache24\htdocs\chestcounter\webroot\index.php, line 37
[main]

2025-10-27 10:44:33 warning: Cannot modify header information - headers already sent by (output started at C:\Apache24\htdocs\chestcounter\vendor\cakephp\cakephp\src\Error\Renderer\HtmlErrorRenderer.php:37)
Request URL: /score
Referer URL: http://127.0.0.1/chestcounter/player-cycle-summaries/cycles_history
Client IP: 127.0.0.1
Trace:
Cake\Error\ErrorTrap->handleError() [internal], line ??
C:\Apache24\htdocs\chestcounter\vendor\cakephp\cakephp\src\Http\ResponseEmitter.php C:\Apache24\htdocs\chestcounter\vendor\cakephp\cakephp\src\Http\ResponseEmitter.php, line 192
Cake\Http\ResponseEmitter->emitHeaders() C:\Apache24\htdocs\chestcounter\vendor\cakephp\cakephp\src\Http\ResponseEmitter.php, line 69
Cake\Http\ResponseEmitter->emit() C:\Apache24\htdocs\chestcounter\vendor\cakephp\cakephp\src\Http\Server.php, line 148
Cake\Http\Server->emit() C:\Apache24\htdocs\chestcounter\webroot\index.php, line 37
[main]

2025-10-27 10:44:33 warning: Unable to emit headers. Headers sent in file=C:\Apache24\htdocs\chestcounter\vendor\cakephp\cakephp\src\Error\Renderer\HtmlErrorRenderer.php line=37
Request URL: /score
Client IP: 127.0.0.1
Trace:
Cake\Error\ErrorTrap->handleError() [internal], line ??
C:\Apache24\htdocs\chestcounter\vendor\cakephp\cakephp\src\Http\ResponseEmitter.php C:\Apache24\htdocs\chestcounter\vendor\cakephp\cakephp\src\Http\ResponseEmitter.php, line 65
Cake\Http\ResponseEmitter->emit() C:\Apache24\htdocs\chestcounter\vendor\cakephp\cakephp\src\Http\Server.php, line 148
Cake\Http\Server->emit() C:\Apache24\htdocs\chestcounter\webroot\index.php, line 37
[main]

2025-10-27 10:44:33 warning: Cannot modify header information - headers already sent by (output started at C:\Apache24\htdocs\chestcounter\vendor\cakephp\cakephp\src\Error\Renderer\HtmlErrorRenderer.php:37)
Request URL: /score
Client IP: 127.0.0.1
Trace:
Cake\Error\ErrorTrap->handleError() [internal], line ??
C:\Apache24\htdocs\chestcounter\vendor\cakephp\cakephp\src\Http\ResponseEmitter.php C:\Apache24\htdocs\chestcounter\vendor\cakephp\cakephp\src\Http\ResponseEmitter.php, line 159
Cake\Http\ResponseEmitter->emitStatusLine() C:\Apache24\htdocs\chestcounter\vendor\cakephp\cakephp\src\Http\ResponseEmitter.php, line 68
Cake\Http\ResponseEmitter->emit() C:\Apache24\htdocs\chestcounter\vendor\cakephp\cakephp\src\Http\Server.php, line 148
Cake\Http\Server->emit() C:\Apache24\htdocs\chestcounter\webroot\index.php, line 37
[main]

2025-10-27 10:44:33 warning: Cannot modify header information - headers already sent by (output started at C:\Apache24\htdocs\chestcounter\vendor\cakephp\cakephp\src\Error\Renderer\HtmlErrorRenderer.php:37)
Request URL: /score
Client IP: 127.0.0.1
Trace:
Cake\Error\ErrorTrap->handleError() [internal], line ??
C:\Apache24\htdocs\chestcounter\vendor\cakephp\cakephp\src\Http\ResponseEmitter.php C:\Apache24\htdocs\chestcounter\vendor\cakephp\cakephp\src\Http\ResponseEmitter.php, line 192
Cake\Http\ResponseEmitter->emitHeaders() C:\Apache24\htdocs\chestcounter\vendor\cakephp\cakephp\src\Http\ResponseEmitter.php, line 69
Cake\Http\ResponseEmitter->emit() C:\Apache24\htdocs\chestcounter\vendor\cakephp\cakephp\src\Http\Server.php, line 148
Cake\Http\Server->emit() C:\Apache24\htdocs\chestcounter\webroot\index.php, line 37
[main]

2025-10-31 02:24:43 warning: Unable to emit headers. Headers sent in file=C:\Apache24\htdocs\chestcounter\vendor\cakephp\cakephp\src\Error\Renderer\HtmlErrorRenderer.php line=37
Request URL: /score
Referer URL: http://127.0.0.1/chestcounter/player-cycle-summaries/cycles_history
Client IP: 127.0.0.1
Trace:
Cake\Error\ErrorTrap->handleError() [internal], line ??
C:\Apache24\htdocs\chestcounter\vendor\cakephp\cakephp\src\Http\ResponseEmitter.php C:\Apache24\htdocs\chestcounter\vendor\cakephp\cakephp\src\Http\ResponseEmitter.php, line 65
Cake\Http\ResponseEmitter->emit() C:\Apache24\htdocs\chestcounter\vendor\cakephp\cakephp\src\Http\Server.php, line 148
Cake\Http\Server->emit() C:\Apache24\htdocs\chestcounter\webroot\index.php, line 37
[main]

2025-10-31 02:24:43 warning: Cannot modify header information - headers already sent by (output started at C:\Apache24\htdocs\chestcounter\vendor\cakephp\cakephp\src\Error\Renderer\HtmlErrorRenderer.php:37)
Request URL: /score
Referer URL: http://127.0.0.1/chestcounter/player-cycle-summaries/cycles_history
Client IP: 127.0.0.1
Trace:
Cake\Error\ErrorTrap->handleError() [internal], line ??
C:\Apache24\htdocs\chestcounter\vendor\cakephp\cakephp\src\Http\ResponseEmitter.php C:\Apache24\htdocs\chestcounter\vendor\cakephp\cakephp\src\Http\ResponseEmitter.php, line 159
Cake\Http\ResponseEmitter->emitStatusLine() C:\Apache24\htdocs\chestcounter\vendor\cakephp\cakephp\src\Http\ResponseEmitter.php, line 68
Cake\Http\ResponseEmitter->emit() C:\Apache24\htdocs\chestcounter\vendor\cakephp\cakephp\src\Http\Server.php, line 148
Cake\Http\Server->emit() C:\Apache24\htdocs\chestcounter\webroot\index.php, line 37
[main]

2025-10-31 02:24:43 warning: Cannot modify header information - headers already sent by (output started at C:\Apache24\htdocs\chestcounter\vendor\cakephp\cakephp\src\Error\Renderer\HtmlErrorRenderer.php:37)
Request URL: /score
Referer URL: http://127.0.0.1/chestcounter/player-cycle-summaries/cycles_history
Client IP: 127.0.0.1
Trace:
Cake\Error\ErrorTrap->handleError() [internal], line ??
C:\Apache24\htdocs\chestcounter\vendor\cakephp\cakephp\src\Http\ResponseEmitter.php C:\Apache24\htdocs\chestcounter\vendor\cakephp\cakephp\src\Http\ResponseEmitter.php, line 192
Cake\Http\ResponseEmitter->emitHeaders() C:\Apache24\htdocs\chestcounter\vendor\cakephp\cakephp\src\Http\ResponseEmitter.php, line 69
Cake\Http\ResponseEmitter->emit() C:\Apache24\htdocs\chestcounter\vendor\cakephp\cakephp\src\Http\Server.php, line 148
Cake\Http\Server->emit() C:\Apache24\htdocs\chestcounter\webroot\index.php, line 37
[main]

2025-10-31 02:24:44 warning: Unable to emit headers. Headers sent in file=C:\Apache24\htdocs\chestcounter\vendor\cakephp\cakephp\src\Error\Renderer\HtmlErrorRenderer.php line=37
Request URL: /history
Referer URL: http://127.0.0.1/chestcounter/history
Client IP: 127.0.0.1
Trace:
Cake\Error\ErrorTrap->handleError() [internal], line ??
C:\Apache24\htdocs\chestcounter\vendor\cakephp\cakephp\src\Http\ResponseEmitter.php C:\Apache24\htdocs\chestcounter\vendor\cakephp\cakephp\src\Http\ResponseEmitter.php, line 65
Cake\Http\ResponseEmitter->emit() C:\Apache24\htdocs\chestcounter\vendor\cakephp\cakephp\src\Http\Server.php, line 148
Cake\Http\Server->emit() C:\Apache24\htdocs\chestcounter\webroot\index.php, line 37
[main]

2025-10-31 02:24:44 warning: Cannot modify header information - headers already sent by (output started at C:\Apache24\htdocs\chestcounter\vendor\cakephp\cakephp\src\Error\Renderer\HtmlErrorRenderer.php:37)
Request URL: /history
Referer URL: http://127.0.0.1/chestcounter/history
Client IP: 127.0.0.1
Trace:
Cake\Error\ErrorTrap->handleError() [internal], line ??
C:\Apache24\htdocs\chestcounter\vendor\cakephp\cakephp\src\Http\ResponseEmitter.php C:\Apache24\htdocs\chestcounter\vendor\cakephp\cakephp\src\Http\ResponseEmitter.php, line 159
Cake\Http\ResponseEmitter->emitStatusLine() C:\Apache24\htdocs\chestcounter\vendor\cakephp\cakephp\src\Http\ResponseEmitter.php, line 68
Cake\Http\ResponseEmitter->emit() C:\Apache24\htdocs\chestcounter\vendor\cakephp\cakephp\src\Http\Server.php, line 148
Cake\Http\Server->emit() C:\Apache24\htdocs\chestcounter\webroot\index.php, line 37
[main]

2025-10-31 02:24:44 warning: Cannot modify header information - headers already sent by (output started at C:\Apache24\htdocs\chestcounter\vendor\cakephp\cakephp\src\Error\Renderer\HtmlErrorRenderer.php:37)
Request URL: /history
Referer URL: http://127.0.0.1/chestcounter/history
Client IP: 127.0.0.1
Trace:
Cake\Error\ErrorTrap->handleError() [internal], line ??
C:\Apache24\htdocs\chestcounter\vendor\cakephp\cakephp\src\Http\ResponseEmitter.php C:\Apache24\htdocs\chestcounter\vendor\cakephp\cakephp\src\Http\ResponseEmitter.php, line 192
Cake\Http\ResponseEmitter->emitHeaders() C:\Apache24\htdocs\chestcounter\vendor\cakephp\cakephp\src\Http\ResponseEmitter.php, line 69
Cake\Http\ResponseEmitter->emit() C:\Apache24\htdocs\chestcounter\vendor\cakephp\cakephp\src\Http\Server.php, line 148
Cake\Http\Server->emit() C:\Apache24\htdocs\chestcounter\webroot\index.php, line 37
[main]

2025-10-31 10:21:34 warning: Unable to emit headers. Headers sent in file=C:\Apache24\htdocs\chestcounter\vendor\cakephp\cakephp\src\Error\Renderer\HtmlErrorRenderer.php line=37
Request URL: /score
Client IP: 127.0.0.1
Trace:
Cake\Error\ErrorTrap->handleError() [internal], line ??
C:\Apache24\htdocs\chestcounter\vendor\cakephp\cakephp\src\Http\ResponseEmitter.php C:\Apache24\htdocs\chestcounter\vendor\cakephp\cakephp\src\Http\ResponseEmitter.php, line 65
Cake\Http\ResponseEmitter->emit() C:\Apache24\htdocs\chestcounter\vendor\cakephp\cakephp\src\Http\Server.php, line 148
Cake\Http\Server->emit() C:\Apache24\htdocs\chestcounter\webroot\index.php, line 37
[main]

2025-10-31 10:21:34 warning: Cannot modify header information - headers already sent by (output started at C:\Apache24\htdocs\chestcounter\vendor\cakephp\cakephp\src\Error\Renderer\HtmlErrorRenderer.php:37)
Request URL: /score
Client IP: 127.0.0.1
Trace:
Cake\Error\ErrorTrap->handleError() [internal], line ??
C:\Apache24\htdocs\chestcounter\vendor\cakephp\cakephp\src\Http\ResponseEmitter.php C:\Apache24\htdocs\chestcounter\vendor\cakephp\cakephp\src\Http\ResponseEmitter.php, line 159
Cake\Http\ResponseEmitter->emitStatusLine() C:\Apache24\htdocs\chestcounter\vendor\cakephp\cakephp\src\Http\ResponseEmitter.php, line 68
Cake\Http\ResponseEmitter->emit() C:\Apache24\htdocs\chestcounter\vendor\cakephp\cakephp\src\Http\Server.php, line 148
Cake\Http\Server->emit() C:\Apache24\htdocs\chestcounter\webroot\index.php, line 37
[main]

2025-10-31 10:21:34 warning: Cannot modify header information - headers already sent by (output started at C:\Apache24\htdocs\chestcounter\vendor\cakephp\cakephp\src\Error\Renderer\HtmlErrorRenderer.php:37)
Request URL: /score
Client IP: 127.0.0.1
Trace:
Cake\Error\ErrorTrap->handleError() [internal], line ??
C:\Apache24\htdocs\chestcounter\vendor\cakephp\cakephp\src\Http\ResponseEmitter.php C:\Apache24\htdocs\chestcounter\vendor\cakephp\cakephp\src\Http\ResponseEmitter.php, line 192
Cake\Http\ResponseEmitter->emitHeaders() C:\Apache24\htdocs\chestcounter\vendor\cakephp\cakephp\src\Http\ResponseEmitter.php, line 69
Cake\Http\ResponseEmitter->emit() C:\Apache24\htdocs\chestcounter\vendor\cakephp\cakephp\src\Http\Server.php, line 148
Cake\Http\Server->emit() C:\Apache24\htdocs\chestcounter\webroot\index.php, line 37
[main]

2025-10-31 10:21:35 warning: Unable to emit headers. Headers sent in file=C:\Apache24\htdocs\chestcounter\vendor\cakephp\cakephp\src\Error\Renderer\HtmlErrorRenderer.php line=37
Request URL: /history
Referer URL: http://127.0.0.1/chestcounter/history
Client IP: 127.0.0.1
Trace:
Cake\Error\ErrorTrap->handleError() [internal], line ??
C:\Apache24\htdocs\chestcounter\vendor\cakephp\cakephp\src\Http\ResponseEmitter.php C:\Apache24\htdocs\chestcounter\vendor\cakephp\cakephp\src\Http\ResponseEmitter.php, line 65
Cake\Http\ResponseEmitter->emit() C:\Apache24\htdocs\chestcounter\vendor\cakephp\cakephp\src\Http\Server.php, line 148
Cake\Http\Server->emit() C:\Apache24\htdocs\chestcounter\webroot\index.php, line 37
[main]

2025-10-31 10:21:35 warning: Cannot modify header information - headers already sent by (output started at C:\Apache24\htdocs\chestcounter\vendor\cakephp\cakephp\src\Error\Renderer\HtmlErrorRenderer.php:37)
Request URL: /history
Referer URL: http://127.0.0.1/chestcounter/history
Client IP: 127.0.0.1
Trace:
Cake\Error\ErrorTrap->handleError() [internal], line ??
C:\Apache24\htdocs\chestcounter\vendor\cakephp\cakephp\src\Http\ResponseEmitter.php C:\Apache24\htdocs\chestcounter\vendor\cakephp\cakephp\src\Http\ResponseEmitter.php, line 159
Cake\Http\ResponseEmitter->emitStatusLine() C:\Apache24\htdocs\chestcounter\vendor\cakephp\cakephp\src\Http\ResponseEmitter.php, line 68
Cake\Http\ResponseEmitter->emit() C:\Apache24\htdocs\chestcounter\vendor\cakephp\cakephp\src\Http\Server.php, line 148
Cake\Http\Server->emit() C:\Apache24\htdocs\chestcounter\webroot\index.php, line 37
[main]

2025-10-31 10:21:35 warning: Cannot modify header information - headers already sent by (output started at C:\Apache24\htdocs\chestcounter\vendor\cakephp\cakephp\src\Error\Renderer\HtmlErrorRenderer.php:37)
Request URL: /history
Referer URL: http://127.0.0.1/chestcounter/history
Client IP: 127.0.0.1
Trace:
Cake\Error\ErrorTrap->handleError() [internal], line ??
C:\Apache24\htdocs\chestcounter\vendor\cakephp\cakephp\src\Http\ResponseEmitter.php C:\Apache24\htdocs\chestcounter\vendor\cakephp\cakephp\src\Http\ResponseEmitter.php, line 192
Cake\Http\ResponseEmitter->emitHeaders() C:\Apache24\htdocs\chestcounter\vendor\cakephp\cakephp\src\Http\ResponseEmitter.php, line 69
Cake\Http\ResponseEmitter->emit() C:\Apache24\htdocs\chestcounter\vendor\cakephp\cakephp\src\Http\Server.php, line 148
Cake\Http\Server->emit() C:\Apache24\htdocs\chestcounter\webroot\index.php, line 37
[main]

2025-10-31 10:21:36 warning: Unable to emit headers. Headers sent in file=C:\Apache24\htdocs\chestcounter\vendor\cakephp\cakephp\src\Error\Renderer\HtmlErrorRenderer.php line=37
Request URL: /score
Referer URL: http://127.0.0.1/chestcounter/player-cycle-summaries/cycles_history
Client IP: 127.0.0.1
Trace:
Cake\Error\ErrorTrap->handleError() [internal], line ??
C:\Apache24\htdocs\chestcounter\vendor\cakephp\cakephp\src\Http\ResponseEmitter.php C:\Apache24\htdocs\chestcounter\vendor\cakephp\cakephp\src\Http\ResponseEmitter.php, line 65
Cake\Http\ResponseEmitter->emit() C:\Apache24\htdocs\chestcounter\vendor\cakephp\cakephp\src\Http\Server.php, line 148
Cake\Http\Server->emit() C:\Apache24\htdocs\chestcounter\webroot\index.php, line 37
[main]

2025-10-31 10:21:36 warning: Cannot modify header information - headers already sent by (output started at C:\Apache24\htdocs\chestcounter\vendor\cakephp\cakephp\src\Error\Renderer\HtmlErrorRenderer.php:37)
Request URL: /score
Referer URL: http://127.0.0.1/chestcounter/player-cycle-summaries/cycles_history
Client IP: 127.0.0.1
Trace:
Cake\Error\ErrorTrap->handleError() [internal], line ??
C:\Apache24\htdocs\chestcounter\vendor\cakephp\cakephp\src\Http\ResponseEmitter.php C:\Apache24\htdocs\chestcounter\vendor\cakephp\cakephp\src\Http\ResponseEmitter.php, line 159
Cake\Http\ResponseEmitter->emitStatusLine() C:\Apache24\htdocs\chestcounter\vendor\cakephp\cakephp\src\Http\ResponseEmitter.php, line 68
Cake\Http\ResponseEmitter->emit() C:\Apache24\htdocs\chestcounter\vendor\cakephp\cakephp\src\Http\Server.php, line 148
Cake\Http\Server->emit() C:\Apache24\htdocs\chestcounter\webroot\index.php, line 37
[main]

2025-10-31 10:21:36 warning: Cannot modify header information - headers already sent by (output started at C:\Apache24\htdocs\chestcounter\vendor\cakephp\cakephp\src\Error\Renderer\HtmlErrorRenderer.php:37)
Request URL: /score
Referer URL: http://127.0.0.1/chestcounter/player-cycle-summaries/cycles_history
Client IP: 127.0.0.1
Trace:
Cake\Error\ErrorTrap->handleError() [internal], line ??
C:\Apache24\htdocs\chestcounter\vendor\cakephp\cakephp\src\Http\ResponseEmitter.php C:\Apache24\htdocs\chestcounter\vendor\cakephp\cakephp\src\Http\ResponseEmitter.php, line 192
Cake\Http\ResponseEmitter->emitHeaders() C:\Apache24\htdocs\chestcounter\vendor\cakephp\cakephp\src\Http\ResponseEmitter.php, line 69
Cake\Http\ResponseEmitter->emit() C:\Apache24\htdocs\chestcounter\vendor\cakephp\cakephp\src\Http\Server.php, line 148
Cake\Http\Server->emit() C:\Apache24\htdocs\chestcounter\webroot\index.php, line 37
[main]

2025-11-16 17:18:21 warning: Unable to emit headers. Headers sent in file=C:\Apache24\htdocs\chestcounter\vendor\cakephp\cakephp\src\Error\Renderer\HtmlErrorRenderer.php line=37
Request URL: /score
Client IP: 127.0.0.1
Trace:
Cake\Error\ErrorTrap->handleError() [internal], line ??
C:\Apache24\htdocs\chestcounter\vendor\cakephp\cakephp\src\Http\ResponseEmitter.php C:\Apache24\htdocs\chestcounter\vendor\cakephp\cakephp\src\Http\ResponseEmitter.php, line 65
Cake\Http\ResponseEmitter->emit() C:\Apache24\htdocs\chestcounter\vendor\cakephp\cakephp\src\Http\Server.php, line 148
Cake\Http\Server->emit() C:\Apache24\htdocs\chestcounter\webroot\index.php, line 37
[main]

2025-11-16 17:18:21 warning: Cannot modify header information - headers already sent by (output started at C:\Apache24\htdocs\chestcounter\vendor\cakephp\cakephp\src\Error\Renderer\HtmlErrorRenderer.php:37)
Request URL: /score
Client IP: 127.0.0.1
Trace:
Cake\Error\ErrorTrap->handleError() [internal], line ??
C:\Apache24\htdocs\chestcounter\vendor\cakephp\cakephp\src\Http\ResponseEmitter.php C:\Apache24\htdocs\chestcounter\vendor\cakephp\cakephp\src\Http\ResponseEmitter.php, line 159
Cake\Http\ResponseEmitter->emitStatusLine() C:\Apache24\htdocs\chestcounter\vendor\cakephp\cakephp\src\Http\ResponseEmitter.php, line 68
Cake\Http\ResponseEmitter->emit() C:\Apache24\htdocs\chestcounter\vendor\cakephp\cakephp\src\Http\Server.php, line 148
Cake\Http\Server->emit() C:\Apache24\htdocs\chestcounter\webroot\index.php, line 37
[main]

2025-11-16 17:18:21 warning: Cannot modify header information - headers already sent by (output started at C:\Apache24\htdocs\chestcounter\vendor\cakephp\cakephp\src\Error\Renderer\HtmlErrorRenderer.php:37)
Request URL: /score
Client IP: 127.0.0.1
Trace:
Cake\Error\ErrorTrap->handleError() [internal], line ??
C:\Apache24\htdocs\chestcounter\vendor\cakephp\cakephp\src\Http\ResponseEmitter.php C:\Apache24\htdocs\chestcounter\vendor\cakephp\cakephp\src\Http\ResponseEmitter.php, line 192
Cake\Http\ResponseEmitter->emitHeaders() C:\Apache24\htdocs\chestcounter\vendor\cakephp\cakephp\src\Http\ResponseEmitter.php, line 69
Cake\Http\ResponseEmitter->emit() C:\Apache24\htdocs\chestcounter\vendor\cakephp\cakephp\src\Http\Server.php, line 148
Cake\Http\Server->emit() C:\Apache24\htdocs\chestcounter\webroot\index.php, line 37
[main]

2025-11-16 17:18:21 warning: Cannot modify header information - headers already sent by (output started at C:\Apache24\htdocs\chestcounter\vendor\cakephp\cakephp\src\Error\Renderer\HtmlErrorRenderer.php:37)
Request URL: /score
Client IP: 127.0.0.1
Trace:
Cake\Error\ErrorTrap->handleError() [internal], line ??
C:\Apache24\htdocs\chestcounter\vendor\cakephp\cakephp\src\Http\ResponseEmitter.php C:\Apache24\htdocs\chestcounter\vendor\cakephp\cakephp\src\Http\ResponseEmitter.php, line 229
Cake\Http\ResponseEmitter->setCookie() C:\Apache24\htdocs\chestcounter\vendor\cakephp\cakephp\src\Http\ResponseEmitter.php, line 213
Cake\Http\ResponseEmitter->emitCookies() C:\Apache24\htdocs\chestcounter\vendor\cakephp\cakephp\src\Http\ResponseEmitter.php, line 201
Cake\Http\ResponseEmitter->emitHeaders() C:\Apache24\htdocs\chestcounter\vendor\cakephp\cakephp\src\Http\ResponseEmitter.php, line 69
Cake\Http\ResponseEmitter->emit() C:\Apache24\htdocs\chestcounter\vendor\cakephp\cakephp\src\Http\Server.php, line 148
Cake\Http\Server->emit() C:\Apache24\htdocs\chestcounter\webroot\index.php, line 37
[main]

2025-11-16 17:26:06 warning: Unable to emit headers. Headers sent in file=C:\Apache24\htdocs\chestcounter\vendor\cakephp\cakephp\src\Error\Renderer\HtmlErrorRenderer.php line=37
Request URL: /score
Client IP: 127.0.0.1
Trace:
Cake\Error\ErrorTrap->handleError() [internal], line ??
C:\Apache24\htdocs\chestcounter\vendor\cakephp\cakephp\src\Http\ResponseEmitter.php C:\Apache24\htdocs\chestcounter\vendor\cakephp\cakephp\src\Http\ResponseEmitter.php, line 65
Cake\Http\ResponseEmitter->emit() C:\Apache24\htdocs\chestcounter\vendor\cakephp\cakephp\src\Http\Server.php, line 148
Cake\Http\Server->emit() C:\Apache24\htdocs\chestcounter\webroot\index.php, line 37
[main]

2025-11-16 17:26:06 warning: Cannot modify header information - headers already sent by (output started at C:\Apache24\htdocs\chestcounter\vendor\cakephp\cakephp\src\Error\Renderer\HtmlErrorRenderer.php:37)
Request URL: /score
Client IP: 127.0.0.1
Trace:
Cake\Error\ErrorTrap->handleError() [internal], line ??
C:\Apache24\htdocs\chestcounter\vendor\cakephp\cakephp\src\Http\ResponseEmitter.php C:\Apache24\htdocs\chestcounter\vendor\cakephp\cakephp\src\Http\ResponseEmitter.php, line 159
Cake\Http\ResponseEmitter->emitStatusLine() C:\Apache24\htdocs\chestcounter\vendor\cakephp\cakephp\src\Http\ResponseEmitter.php, line 68
Cake\Http\ResponseEmitter->emit() C:\Apache24\htdocs\chestcounter\vendor\cakephp\cakephp\src\Http\Server.php, line 148
Cake\Http\Server->emit() C:\Apache24\htdocs\chestcounter\webroot\index.php, line 37
[main]

2025-11-16 17:26:06 warning: Cannot modify header information - headers already sent by (output started at C:\Apache24\htdocs\chestcounter\vendor\cakephp\cakephp\src\Error\Renderer\HtmlErrorRenderer.php:37)
Request URL: /score
Client IP: 127.0.0.1
Trace:
Cake\Error\ErrorTrap->handleError() [internal], line ??
C:\Apache24\htdocs\chestcounter\vendor\cakephp\cakephp\src\Http\ResponseEmitter.php C:\Apache24\htdocs\chestcounter\vendor\cakephp\cakephp\src\Http\ResponseEmitter.php, line 192
Cake\Http\ResponseEmitter->emitHeaders() C:\Apache24\htdocs\chestcounter\vendor\cakephp\cakephp\src\Http\ResponseEmitter.php, line 69
Cake\Http\ResponseEmitter->emit() C:\Apache24\htdocs\chestcounter\vendor\cakephp\cakephp\src\Http\Server.php, line 148
Cake\Http\Server->emit() C:\Apache24\htdocs\chestcounter\webroot\index.php, line 37
[main]

2025-11-16 17:26:06 warning: Cannot modify header information - headers already sent by (output started at C:\Apache24\htdocs\chestcounter\vendor\cakephp\cakephp\src\Error\Renderer\HtmlErrorRenderer.php:37)
Request URL: /score
Client IP: 127.0.0.1
Trace:
Cake\Error\ErrorTrap->handleError() [internal], line ??
C:\Apache24\htdocs\chestcounter\vendor\cakephp\cakephp\src\Http\ResponseEmitter.php C:\Apache24\htdocs\chestcounter\vendor\cakephp\cakephp\src\Http\ResponseEmitter.php, line 229
Cake\Http\ResponseEmitter->setCookie() C:\Apache24\htdocs\chestcounter\vendor\cakephp\cakephp\src\Http\ResponseEmitter.php, line 213
Cake\Http\ResponseEmitter->emitCookies() C:\Apache24\htdocs\chestcounter\vendor\cakephp\cakephp\src\Http\ResponseEmitter.php, line 201
Cake\Http\ResponseEmitter->emitHeaders() C:\Apache24\htdocs\chestcounter\vendor\cakephp\cakephp\src\Http\ResponseEmitter.php, line 69
Cake\Http\ResponseEmitter->emit() C:\Apache24\htdocs\chestcounter\vendor\cakephp\cakephp\src\Http\Server.php, line 148
Cake\Http\Server->emit() C:\Apache24\htdocs\chestcounter\webroot\index.php, line 37
[main]

2025-11-16 17:26:15 warning: Unable to emit headers. Headers sent in file=C:\Apache24\htdocs\chestcounter\vendor\cakephp\cakephp\src\Error\Renderer\HtmlErrorRenderer.php line=37
Request URL: /score
Referer URL: http://127.0.0.1/chestcounter/users/login
Client IP: 127.0.0.1
Trace:
Cake\Error\ErrorTrap->handleError() [internal], line ??
C:\Apache24\htdocs\chestcounter\vendor\cakephp\cakephp\src\Http\ResponseEmitter.php C:\Apache24\htdocs\chestcounter\vendor\cakephp\cakephp\src\Http\ResponseEmitter.php, line 65
Cake\Http\ResponseEmitter->emit() C:\Apache24\htdocs\chestcounter\vendor\cakephp\cakephp\src\Http\Server.php, line 148
Cake\Http\Server->emit() C:\Apache24\htdocs\chestcounter\webroot\index.php, line 37
[main]

2025-11-16 17:26:15 warning: Cannot modify header information - headers already sent by (output started at C:\Apache24\htdocs\chestcounter\vendor\cakephp\cakephp\src\Error\Renderer\HtmlErrorRenderer.php:37)
Request URL: /score
Referer URL: http://127.0.0.1/chestcounter/users/login
Client IP: 127.0.0.1
Trace:
Cake\Error\ErrorTrap->handleError() [internal], line ??
C:\Apache24\htdocs\chestcounter\vendor\cakephp\cakephp\src\Http\ResponseEmitter.php C:\Apache24\htdocs\chestcounter\vendor\cakephp\cakephp\src\Http\ResponseEmitter.php, line 159
Cake\Http\ResponseEmitter->emitStatusLine() C:\Apache24\htdocs\chestcounter\vendor\cakephp\cakephp\src\Http\ResponseEmitter.php, line 68
Cake\Http\ResponseEmitter->emit() C:\Apache24\htdocs\chestcounter\vendor\cakephp\cakephp\src\Http\Server.php, line 148
Cake\Http\Server->emit() C:\Apache24\htdocs\chestcounter\webroot\index.php, line 37
[main]

2025-11-16 17:26:15 warning: Cannot modify header information - headers already sent by (output started at C:\Apache24\htdocs\chestcounter\vendor\cakephp\cakephp\src\Error\Renderer\HtmlErrorRenderer.php:37)
Request URL: /score
Referer URL: http://127.0.0.1/chestcounter/users/login
Client IP: 127.0.0.1
Trace:
Cake\Error\ErrorTrap->handleError() [internal], line ??
C:\Apache24\htdocs\chestcounter\vendor\cakephp\cakephp\src\Http\ResponseEmitter.php C:\Apache24\htdocs\chestcounter\vendor\cakephp\cakephp\src\Http\ResponseEmitter.php, line 192
Cake\Http\ResponseEmitter->emitHeaders() C:\Apache24\htdocs\chestcounter\vendor\cakephp\cakephp\src\Http\ResponseEmitter.php, line 69
Cake\Http\ResponseEmitter->emit() C:\Apache24\htdocs\chestcounter\vendor\cakephp\cakephp\src\Http\Server.php, line 148
Cake\Http\Server->emit() C:\Apache24\htdocs\chestcounter\webroot\index.php, line 37
[main]

2025-11-16 17:37:16 error: [Cake\View\Exception\MissingTemplateException] Template file `CakeLte\index.php` could not be found.

The following paths were searched:

- `C:\Apache24\htdocs\chestcounter\templates\CakeLte\index.php`
- `C:\Apache24\htdocs\chestcounter\vendor\cakephp\cakephp\templates\CakeLte\index.php`
 in C:\Apache24\htdocs\chestcounter\vendor\cakephp\cakephp\src\View\View.php on line 1377
Exception Attributes: array (
  'file' => 'CakeLte\\index.php',
  'paths' => 
  array (
    0 => 'C:\\Apache24\\htdocs\\chestcounter\\templates\\',
    1 => 'C:\\Apache24\\htdocs\\chestcounter\\vendor\\cakephp\\cakephp\\templates\\',
  ),
)
Stack Trace:
- CORE\src\View\View.php:782
- CORE\src\Controller\Controller.php:712
- CORE\src\Controller\Controller.php:516
- CORE\src\Controller\ControllerFactory.php:166
- CORE\src\Controller\ControllerFactory.php:141
- CORE\src\Http\BaseApplication.php:362
- CORE\src\Http\Runner.php:86
- CORE\src\Http\Middleware\CsrfProtectionMiddleware.php:169
- CORE\src\Http\Runner.php:82
- ROOT\vendor\cakephp\authentication\src\Middleware\AuthenticationMiddleware.php:106
- CORE\src\Http\Runner.php:82
- CORE\src\Http\Middleware\BodyParserMiddleware.php:157
- CORE\src\Http\Runner.php:82
- CORE\src\Routing\Middleware\RoutingMiddleware.php:118
- CORE\src\Http\Runner.php:82
- CORE\src\Routing\Middleware\AssetMiddleware.php:69
- CORE\src\Http\Runner.php:82
- CORE\src\Error\Middleware\ErrorHandlerMiddleware.php:115
- CORE\src\Http\Runner.php:82
- CORE\src\Http\Runner.php:60
- CORE\src\Http\Server.php:104
- ROOT\webroot\index.php:37
- [main]:

Request URL: /PlayerNameMappings
Client IP: 127.0.0.1
2025-11-16 17:40:29 error: [Cake\View\Exception\MissingTemplateException] Template file `plugin/CakeLte\index.php` could not be found.

The following paths were searched:

- `C:\Apache24\htdocs\chestcounter\templates\plugin/CakeLte\index.php`
- `C:\Apache24\htdocs\chestcounter\vendor\cakephp\cakephp\templates\plugin/CakeLte\index.php`
 in C:\Apache24\htdocs\chestcounter\vendor\cakephp\cakephp\src\View\View.php on line 1377
Exception Attributes: array (
  'file' => 'plugin/CakeLte\\index.php',
  'paths' => 
  array (
    0 => 'C:\\Apache24\\htdocs\\chestcounter\\templates\\',
    1 => 'C:\\Apache24\\htdocs\\chestcounter\\vendor\\cakephp\\cakephp\\templates\\',
  ),
)
Stack Trace:
- CORE\src\View\View.php:782
- CORE\src\Controller\Controller.php:712
- CORE\src\Controller\Controller.php:516
- CORE\src\Controller\ControllerFactory.php:166
- CORE\src\Controller\ControllerFactory.php:141
- CORE\src\Http\BaseApplication.php:362
- CORE\src\Http\Runner.php:86
- CORE\src\Http\Middleware\CsrfProtectionMiddleware.php:169
- CORE\src\Http\Runner.php:82
- ROOT\vendor\cakephp\authentication\src\Middleware\AuthenticationMiddleware.php:106
- CORE\src\Http\Runner.php:82
- CORE\src\Http\Middleware\BodyParserMiddleware.php:157
- CORE\src\Http\Runner.php:82
- CORE\src\Routing\Middleware\RoutingMiddleware.php:118
- CORE\src\Http\Runner.php:82
- CORE\src\Routing\Middleware\AssetMiddleware.php:69
- CORE\src\Http\Runner.php:82
- CORE\src\Error\Middleware\ErrorHandlerMiddleware.php:115
- CORE\src\Http\Runner.php:82
- CORE\src\Http\Runner.php:60
- CORE\src\Http\Server.php:104
- ROOT\webroot\index.php:37
- [main]:

Request URL: /PlayerNameMappings
Client IP: 127.0.0.1
2025-11-16 17:40:55 error: [Cake\View\Exception\MissingTemplateException] Template file `\plugin/CakeLte\index.php` could not be found.

The following paths were searched:

- `C:\Apache24\htdocs\chestcounter\templates\\plugin/CakeLte\index.php`
- `C:\Apache24\htdocs\chestcounter\vendor\cakephp\cakephp\templates\\plugin/CakeLte\index.php`
 in C:\Apache24\htdocs\chestcounter\vendor\cakephp\cakephp\src\View\View.php on line 1377
Exception Attributes: array (
  'file' => '\\plugin/CakeLte\\index.php',
  'paths' => 
  array (
    0 => 'C:\\Apache24\\htdocs\\chestcounter\\templates\\',
    1 => 'C:\\Apache24\\htdocs\\chestcounter\\vendor\\cakephp\\cakephp\\templates\\',
  ),
)
Stack Trace:
- CORE\src\View\View.php:782
- CORE\src\Controller\Controller.php:712
- CORE\src\Controller\Controller.php:516
- CORE\src\Controller\ControllerFactory.php:166
- CORE\src\Controller\ControllerFactory.php:141
- CORE\src\Http\BaseApplication.php:362
- CORE\src\Http\Runner.php:86
- CORE\src\Http\Middleware\CsrfProtectionMiddleware.php:169
- CORE\src\Http\Runner.php:82
- ROOT\vendor\cakephp\authentication\src\Middleware\AuthenticationMiddleware.php:106
- CORE\src\Http\Runner.php:82
- CORE\src\Http\Middleware\BodyParserMiddleware.php:157
- CORE\src\Http\Runner.php:82
- CORE\src\Routing\Middleware\RoutingMiddleware.php:118
- CORE\src\Http\Runner.php:82
- CORE\src\Routing\Middleware\AssetMiddleware.php:69
- CORE\src\Http\Runner.php:82
- CORE\src\Error\Middleware\ErrorHandlerMiddleware.php:115
- CORE\src\Http\Runner.php:82
- CORE\src\Http\Runner.php:60
- CORE\src\Http\Server.php:104
- ROOT\webroot\index.php:37
- [main]:

Request URL: /PlayerNameMappings
Client IP: 127.0.0.1
2025-11-16 18:52:58 error: [Cake\Error\FatalErrorException] Fatal Error: Maximum execution time of 30 seconds exceeded in C:\Apache24\htdocs\chestcounter\vendor\composer\ClassLoader.php on line 429
Stack Trace:
- CORE\src\Error\ExceptionTrap.php:278
- [internal]:??
- [main]:

Request URL: /users
Client IP: 127.0.0.1
2025-11-16 19:00:41 error: [Error] Call to undefined method App\Controller\BankController::loadModel() in C:\Apache24\htdocs\chestcounter\src\Controller\BankController.php on line 28
Stack Trace:
- CORE\src\Controller\Controller.php:237
- [internal]:??
- CORE\src\Controller\ControllerFactory.php:111
- CORE\src\Http\BaseApplication.php:360
- CORE\src\Http\Runner.php:86
- CORE\src\Http\Middleware\CsrfProtectionMiddleware.php:169
- CORE\src\Http\Runner.php:82
- ROOT\vendor\cakephp\authentication\src\Middleware\AuthenticationMiddleware.php:106
- CORE\src\Http\Runner.php:82
- CORE\src\Http\Middleware\BodyParserMiddleware.php:157
- CORE\src\Http\Runner.php:82
- CORE\src\Routing\Middleware\RoutingMiddleware.php:118
- CORE\src\Http\Runner.php:82
- CORE\src\Routing\Middleware\AssetMiddleware.php:69
- CORE\src\Http\Runner.php:82
- CORE\src\Error\Middleware\ErrorHandlerMiddleware.php:115
- CORE\src\Http\Runner.php:82
- CORE\src\Http\Runner.php:60
- CORE\src\Http\Server.php:104
- ROOT\webroot\index.php:37
- [main]:

Request URL: /bank
Referer URL: http://127.0.0.1/chestcounter/users
Client IP: 127.0.0.1
2025-11-16 19:00:49 error: [Error] Call to undefined method App\Controller\BankController::loadModel() in C:\Apache24\htdocs\chestcounter\src\Controller\BankController.php on line 28
Stack Trace:
- CORE\src\Controller\Controller.php:237
- [internal]:??
- CORE\src\Controller\ControllerFactory.php:111
- CORE\src\Http\BaseApplication.php:360
- CORE\src\Http\Runner.php:86
- CORE\src\Http\Middleware\CsrfProtectionMiddleware.php:169
- CORE\src\Http\Runner.php:82
- ROOT\vendor\cakephp\authentication\src\Middleware\AuthenticationMiddleware.php:106
- CORE\src\Http\Runner.php:82
- CORE\src\Http\Middleware\BodyParserMiddleware.php:157
- CORE\src\Http\Runner.php:82
- CORE\src\Routing\Middleware\RoutingMiddleware.php:118
- CORE\src\Http\Runner.php:82
- CORE\src\Routing\Middleware\AssetMiddleware.php:69
- CORE\src\Http\Runner.php:82
- CORE\src\Error\Middleware\ErrorHandlerMiddleware.php:115
- CORE\src\Http\Runner.php:82
- CORE\src\Http\Runner.php:60
- CORE\src\Http\Server.php:104
- ROOT\webroot\index.php:37
- [main]:

Request URL: /bank/deposit
Referer URL: http://127.0.0.1/chestcounter/users
Client IP: 127.0.0.1
2025-11-16 19:01:32 error: [Error] Call to undefined method App\Controller\BankController::loadModel() in C:\Apache24\htdocs\chestcounter\src\Controller\BankController.php on line 28
Stack Trace:
- CORE\src\Controller\Controller.php:237
- [internal]:??
- CORE\src\Controller\ControllerFactory.php:111
- CORE\src\Http\BaseApplication.php:360
- CORE\src\Http\Runner.php:86
- CORE\src\Http\Middleware\CsrfProtectionMiddleware.php:169
- CORE\src\Http\Runner.php:82
- ROOT\vendor\cakephp\authentication\src\Middleware\AuthenticationMiddleware.php:106
- CORE\src\Http\Runner.php:82
- CORE\src\Http\Middleware\BodyParserMiddleware.php:157
- CORE\src\Http\Runner.php:82
- CORE\src\Routing\Middleware\RoutingMiddleware.php:118
- CORE\src\Http\Runner.php:82
- CORE\src\Routing\Middleware\AssetMiddleware.php:69
- CORE\src\Http\Runner.php:82
- CORE\src\Error\Middleware\ErrorHandlerMiddleware.php:115
- CORE\src\Http\Runner.php:82
- CORE\src\Http\Runner.php:60
- CORE\src\Http\Server.php:104
- ROOT\webroot\index.php:37
- [main]:

Request URL: /bank
Referer URL: http://127.0.0.1/chestcounter/users
Client IP: 127.0.0.1
2025-11-16 19:03:27 error: [Error] Call to undefined method Cake\Database\Expression\QueryExpression::or_() in C:\Apache24\htdocs\chestcounter\src\Controller\BankController.php on line 121
Stack Trace:
- CORE\src\Database\Query.php:1748
- CORE\src\Database\Query.php:902
- APP/Controller\BankController.php:120
- CORE\src\Controller\Controller.php:505
- CORE\src\Controller\ControllerFactory.php:166
- CORE\src\Controller\ControllerFactory.php:141
- CORE\src\Http\BaseApplication.php:362
- CORE\src\Http\Runner.php:86
- CORE\src\Http\Middleware\CsrfProtectionMiddleware.php:169
- CORE\src\Http\Runner.php:82
- ROOT\vendor\cakephp\authentication\src\Middleware\AuthenticationMiddleware.php:106
- CORE\src\Http\Runner.php:82
- CORE\src\Http\Middleware\BodyParserMiddleware.php:157
- CORE\src\Http\Runner.php:82
- CORE\src\Routing\Middleware\RoutingMiddleware.php:118
- CORE\src\Http\Runner.php:82
- CORE\src\Routing\Middleware\AssetMiddleware.php:69
- CORE\src\Http\Runner.php:82
- CORE\src\Error\Middleware\ErrorHandlerMiddleware.php:115
- CORE\src\Http\Runner.php:82
- CORE\src\Http\Runner.php:60
- CORE\src\Http\Server.php:104
- ROOT\webroot\index.php:37
- [main]:

Request URL: /bank/history/1
Referer URL: http://127.0.0.1/chestcounter/bank
Client IP: 127.0.0.1
2025-11-16 19:03:36 error: [Error] Call to undefined method Cake\Database\Expression\QueryExpression::or_() in C:\Apache24\htdocs\chestcounter\src\Controller\BankController.php on line 121
Stack Trace:
- CORE\src\Database\Query.php:1748
- CORE\src\Database\Query.php:902
- APP/Controller\BankController.php:120
- CORE\src\Controller\Controller.php:505
- CORE\src\Controller\ControllerFactory.php:166
- CORE\src\Controller\ControllerFactory.php:141
- CORE\src\Http\BaseApplication.php:362
- CORE\src\Http\Runner.php:86
- CORE\src\Http\Middleware\CsrfProtectionMiddleware.php:169
- CORE\src\Http\Runner.php:82
- ROOT\vendor\cakephp\authentication\src\Middleware\AuthenticationMiddleware.php:106
- CORE\src\Http\Runner.php:82
- CORE\src\Http\Middleware\BodyParserMiddleware.php:157
- CORE\src\Http\Runner.php:82
- CORE\src\Routing\Middleware\RoutingMiddleware.php:118
- CORE\src\Http\Runner.php:82
- CORE\src\Routing\Middleware\AssetMiddleware.php:69
- CORE\src\Http\Runner.php:82
- CORE\src\Error\Middleware\ErrorHandlerMiddleware.php:115
- CORE\src\Http\Runner.php:82
- CORE\src\Http\Runner.php:60
- CORE\src\Http\Server.php:104
- ROOT\webroot\index.php:37
- [main]:

Request URL: /bank/history/3
Referer URL: http://127.0.0.1/chestcounter/bank
Client IP: 127.0.0.1
2025-11-16 19:05:07 warning: Unable to emit headers. Headers sent in file=C:\Apache24\htdocs\chestcounter\vendor\cakephp\cakephp\src\Error\Renderer\HtmlErrorRenderer.php line=37
Request URL: /bank/deposit
Referer URL: http://127.0.0.1/chestcounter/bank
Client IP: 127.0.0.1
Trace:
Cake\Error\ErrorTrap->handleError() [internal], line ??
C:\Apache24\htdocs\chestcounter\vendor\cakephp\cakephp\src\Http\ResponseEmitter.php C:\Apache24\htdocs\chestcounter\vendor\cakephp\cakephp\src\Http\ResponseEmitter.php, line 65
Cake\Http\ResponseEmitter->emit() C:\Apache24\htdocs\chestcounter\vendor\cakephp\cakephp\src\Http\Server.php, line 148
Cake\Http\Server->emit() C:\Apache24\htdocs\chestcounter\webroot\index.php, line 37
[main]

2025-11-16 19:05:07 warning: Cannot modify header information - headers already sent by (output started at C:\Apache24\htdocs\chestcounter\vendor\cakephp\cakephp\src\Error\Renderer\HtmlErrorRenderer.php:37)
Request URL: /bank/deposit
Referer URL: http://127.0.0.1/chestcounter/bank
Client IP: 127.0.0.1
Trace:
Cake\Error\ErrorTrap->handleError() [internal], line ??
C:\Apache24\htdocs\chestcounter\vendor\cakephp\cakephp\src\Http\ResponseEmitter.php C:\Apache24\htdocs\chestcounter\vendor\cakephp\cakephp\src\Http\ResponseEmitter.php, line 159
Cake\Http\ResponseEmitter->emitStatusLine() C:\Apache24\htdocs\chestcounter\vendor\cakephp\cakephp\src\Http\ResponseEmitter.php, line 68
Cake\Http\ResponseEmitter->emit() C:\Apache24\htdocs\chestcounter\vendor\cakephp\cakephp\src\Http\Server.php, line 148
Cake\Http\Server->emit() C:\Apache24\htdocs\chestcounter\webroot\index.php, line 37
[main]

2025-11-16 19:05:07 warning: Cannot modify header information - headers already sent by (output started at C:\Apache24\htdocs\chestcounter\vendor\cakephp\cakephp\src\Error\Renderer\HtmlErrorRenderer.php:37)
Request URL: /bank/deposit
Referer URL: http://127.0.0.1/chestcounter/bank
Client IP: 127.0.0.1
Trace:
Cake\Error\ErrorTrap->handleError() [internal], line ??
C:\Apache24\htdocs\chestcounter\vendor\cakephp\cakephp\src\Http\ResponseEmitter.php C:\Apache24\htdocs\chestcounter\vendor\cakephp\cakephp\src\Http\ResponseEmitter.php, line 192
Cake\Http\ResponseEmitter->emitHeaders() C:\Apache24\htdocs\chestcounter\vendor\cakephp\cakephp\src\Http\ResponseEmitter.php, line 69
Cake\Http\ResponseEmitter->emit() C:\Apache24\htdocs\chestcounter\vendor\cakephp\cakephp\src\Http\Server.php, line 148
Cake\Http\Server->emit() C:\Apache24\htdocs\chestcounter\webroot\index.php, line 37
[main]

2025-11-16 19:11:07 warning: Unable to emit headers. Headers sent in file=C:\Apache24\htdocs\chestcounter\vendor\cakephp\cakephp\src\Error\Renderer\HtmlErrorRenderer.php line=37
Request URL: /bank/statement
Referer URL: http://127.0.0.1/chestcounter/bank
Client IP: 127.0.0.1
Trace:
Cake\Error\ErrorTrap->handleError() [internal], line ??
C:\Apache24\htdocs\chestcounter\vendor\cakephp\cakephp\src\Http\ResponseEmitter.php C:\Apache24\htdocs\chestcounter\vendor\cakephp\cakephp\src\Http\ResponseEmitter.php, line 65
Cake\Http\ResponseEmitter->emit() C:\Apache24\htdocs\chestcounter\vendor\cakephp\cakephp\src\Http\Server.php, line 148
Cake\Http\Server->emit() C:\Apache24\htdocs\chestcounter\webroot\index.php, line 37
[main]

2025-11-16 19:11:07 warning: Cannot modify header information - headers already sent by (output started at C:\Apache24\htdocs\chestcounter\vendor\cakephp\cakephp\src\Error\Renderer\HtmlErrorRenderer.php:37)
Request URL: /bank/statement
Referer URL: http://127.0.0.1/chestcounter/bank
Client IP: 127.0.0.1
Trace:
Cake\Error\ErrorTrap->handleError() [internal], line ??
C:\Apache24\htdocs\chestcounter\vendor\cakephp\cakephp\src\Http\ResponseEmitter.php C:\Apache24\htdocs\chestcounter\vendor\cakephp\cakephp\src\Http\ResponseEmitter.php, line 159
Cake\Http\ResponseEmitter->emitStatusLine() C:\Apache24\htdocs\chestcounter\vendor\cakephp\cakephp\src\Http\ResponseEmitter.php, line 68
Cake\Http\ResponseEmitter->emit() C:\Apache24\htdocs\chestcounter\vendor\cakephp\cakephp\src\Http\Server.php, line 148
Cake\Http\Server->emit() C:\Apache24\htdocs\chestcounter\webroot\index.php, line 37
[main]

2025-11-16 19:11:07 warning: Cannot modify header information - headers already sent by (output started at C:\Apache24\htdocs\chestcounter\vendor\cakephp\cakephp\src\Error\Renderer\HtmlErrorRenderer.php:37)
Request URL: /bank/statement
Referer URL: http://127.0.0.1/chestcounter/bank
Client IP: 127.0.0.1
Trace:
Cake\Error\ErrorTrap->handleError() [internal], line ??
C:\Apache24\htdocs\chestcounter\vendor\cakephp\cakephp\src\Http\ResponseEmitter.php C:\Apache24\htdocs\chestcounter\vendor\cakephp\cakephp\src\Http\ResponseEmitter.php, line 192
Cake\Http\ResponseEmitter->emitHeaders() C:\Apache24\htdocs\chestcounter\vendor\cakephp\cakephp\src\Http\ResponseEmitter.php, line 69
Cake\Http\ResponseEmitter->emit() C:\Apache24\htdocs\chestcounter\vendor\cakephp\cakephp\src\Http\Server.php, line 148
Cake\Http\Server->emit() C:\Apache24\htdocs\chestcounter\webroot\index.php, line 37
[main]

2025-11-16 19:25:03 error: [TypeError] round(): Argument #1 ($num) must be of type int|float, string given in C:\Apache24\htdocs\chestcounter\src\Controller\BankController.php on line 75
Stack Trace:
- APP/Controller\BankController.php:75
- CORE\src\Controller\Controller.php:505
- CORE\src\Controller\ControllerFactory.php:166
- CORE\src\Controller\ControllerFactory.php:141
- CORE\src\Http\BaseApplication.php:362
- CORE\src\Http\Runner.php:86
- CORE\src\Http\Middleware\CsrfProtectionMiddleware.php:169
- CORE\src\Http\Runner.php:82
- ROOT\vendor\cakephp\authentication\src\Middleware\AuthenticationMiddleware.php:106
- CORE\src\Http\Runner.php:82
- CORE\src\Http\Middleware\BodyParserMiddleware.php:157
- CORE\src\Http\Runner.php:82
- CORE\src\Routing\Middleware\RoutingMiddleware.php:118
- CORE\src\Http\Runner.php:82
- CORE\src\Routing\Middleware\AssetMiddleware.php:69
- CORE\src\Http\Runner.php:82
- CORE\src\Error\Middleware\ErrorHandlerMiddleware.php:115
- CORE\src\Http\Runner.php:82
- CORE\src\Http\Runner.php:60
- CORE\src\Http\Server.php:104
- ROOT\webroot\index.php:37
- [main]:

Request URL: /bank
Client IP: 127.0.0.1
2025-11-16 19:26:34 warning: Unable to emit headers. Headers sent in file=C:\Apache24\htdocs\chestcounter\vendor\cakephp\cakephp\src\Error\Renderer\HtmlErrorRenderer.php line=37
Request URL: /bank/deposit
Referer URL: http://127.0.0.1/chestcounter/bank
Client IP: 127.0.0.1
Trace:
Cake\Error\ErrorTrap->handleError() [internal], line ??
C:\Apache24\htdocs\chestcounter\vendor\cakephp\cakephp\src\Http\ResponseEmitter.php C:\Apache24\htdocs\chestcounter\vendor\cakephp\cakephp\src\Http\ResponseEmitter.php, line 65
Cake\Http\ResponseEmitter->emit() C:\Apache24\htdocs\chestcounter\vendor\cakephp\cakephp\src\Http\Server.php, line 148
Cake\Http\Server->emit() C:\Apache24\htdocs\chestcounter\webroot\index.php, line 37
[main]

2025-11-16 19:26:34 warning: Cannot modify header information - headers already sent by (output started at C:\Apache24\htdocs\chestcounter\vendor\cakephp\cakephp\src\Error\Renderer\HtmlErrorRenderer.php:37)
Request URL: /bank/deposit
Referer URL: http://127.0.0.1/chestcounter/bank
Client IP: 127.0.0.1
Trace:
Cake\Error\ErrorTrap->handleError() [internal], line ??
C:\Apache24\htdocs\chestcounter\vendor\cakephp\cakephp\src\Http\ResponseEmitter.php C:\Apache24\htdocs\chestcounter\vendor\cakephp\cakephp\src\Http\ResponseEmitter.php, line 159
Cake\Http\ResponseEmitter->emitStatusLine() C:\Apache24\htdocs\chestcounter\vendor\cakephp\cakephp\src\Http\ResponseEmitter.php, line 68
Cake\Http\ResponseEmitter->emit() C:\Apache24\htdocs\chestcounter\vendor\cakephp\cakephp\src\Http\Server.php, line 148
Cake\Http\Server->emit() C:\Apache24\htdocs\chestcounter\webroot\index.php, line 37
[main]

2025-11-16 19:26:34 warning: Cannot modify header information - headers already sent by (output started at C:\Apache24\htdocs\chestcounter\vendor\cakephp\cakephp\src\Error\Renderer\HtmlErrorRenderer.php:37)
Request URL: /bank/deposit
Referer URL: http://127.0.0.1/chestcounter/bank
Client IP: 127.0.0.1
Trace:
Cake\Error\ErrorTrap->handleError() [internal], line ??
C:\Apache24\htdocs\chestcounter\vendor\cakephp\cakephp\src\Http\ResponseEmitter.php C:\Apache24\htdocs\chestcounter\vendor\cakephp\cakephp\src\Http\ResponseEmitter.php, line 192
Cake\Http\ResponseEmitter->emitHeaders() C:\Apache24\htdocs\chestcounter\vendor\cakephp\cakephp\src\Http\ResponseEmitter.php, line 69
Cake\Http\ResponseEmitter->emit() C:\Apache24\htdocs\chestcounter\vendor\cakephp\cakephp\src\Http\Server.php, line 148
Cake\Http\Server->emit() C:\Apache24\htdocs\chestcounter\webroot\index.php, line 37
[main]

2025-11-16 19:43:00 warning: Unable to emit headers. Headers sent in file=C:\Apache24\htdocs\chestcounter\vendor\cakephp\cakephp\src\Error\Renderer\HtmlErrorRenderer.php line=37
Request URL: /score
Referer URL: http://127.0.0.1/chestcounter/users
Client IP: 127.0.0.1
Trace:
Cake\Error\ErrorTrap->handleError() [internal], line ??
C:\Apache24\htdocs\chestcounter\vendor\cakephp\cakephp\src\Http\ResponseEmitter.php C:\Apache24\htdocs\chestcounter\vendor\cakephp\cakephp\src\Http\ResponseEmitter.php, line 65
Cake\Http\ResponseEmitter->emit() C:\Apache24\htdocs\chestcounter\vendor\cakephp\cakephp\src\Http\Server.php, line 148
Cake\Http\Server->emit() C:\Apache24\htdocs\chestcounter\webroot\index.php, line 37
[main]

2025-11-16 19:43:00 warning: Cannot modify header information - headers already sent by (output started at C:\Apache24\htdocs\chestcounter\vendor\cakephp\cakephp\src\Error\Renderer\HtmlErrorRenderer.php:37)
Request URL: /score
Referer URL: http://127.0.0.1/chestcounter/users
Client IP: 127.0.0.1
Trace:
Cake\Error\ErrorTrap->handleError() [internal], line ??
C:\Apache24\htdocs\chestcounter\vendor\cakephp\cakephp\src\Http\ResponseEmitter.php C:\Apache24\htdocs\chestcounter\vendor\cakephp\cakephp\src\Http\ResponseEmitter.php, line 159
Cake\Http\ResponseEmitter->emitStatusLine() C:\Apache24\htdocs\chestcounter\vendor\cakephp\cakephp\src\Http\ResponseEmitter.php, line 68
Cake\Http\ResponseEmitter->emit() C:\Apache24\htdocs\chestcounter\vendor\cakephp\cakephp\src\Http\Server.php, line 148
Cake\Http\Server->emit() C:\Apache24\htdocs\chestcounter\webroot\index.php, line 37
[main]

2025-11-16 19:43:00 warning: Cannot modify header information - headers already sent by (output started at C:\Apache24\htdocs\chestcounter\vendor\cakephp\cakephp\src\Error\Renderer\HtmlErrorRenderer.php:37)
Request URL: /score
Referer URL: http://127.0.0.1/chestcounter/users
Client IP: 127.0.0.1
Trace:
Cake\Error\ErrorTrap->handleError() [internal], line ??
C:\Apache24\htdocs\chestcounter\vendor\cakephp\cakephp\src\Http\ResponseEmitter.php C:\Apache24\htdocs\chestcounter\vendor\cakephp\cakephp\src\Http\ResponseEmitter.php, line 192
Cake\Http\ResponseEmitter->emitHeaders() C:\Apache24\htdocs\chestcounter\vendor\cakephp\cakephp\src\Http\ResponseEmitter.php, line 69
Cake\Http\ResponseEmitter->emit() C:\Apache24\htdocs\chestcounter\vendor\cakephp\cakephp\src\Http\Server.php, line 148
Cake\Http\Server->emit() C:\Apache24\htdocs\chestcounter\webroot\index.php, line 37
[main]

2025-11-16 19:43:07 warning: Unable to emit headers. Headers sent in file=C:\Apache24\htdocs\chestcounter\vendor\cakephp\cakephp\src\Error\Renderer\HtmlErrorRenderer.php line=37
Request URL: /score
Referer URL: http://127.0.0.1/chestcounter/users/login
Client IP: 127.0.0.1
Trace:
Cake\Error\ErrorTrap->handleError() [internal], line ??
C:\Apache24\htdocs\chestcounter\vendor\cakephp\cakephp\src\Http\ResponseEmitter.php C:\Apache24\htdocs\chestcounter\vendor\cakephp\cakephp\src\Http\ResponseEmitter.php, line 65
Cake\Http\ResponseEmitter->emit() C:\Apache24\htdocs\chestcounter\vendor\cakephp\cakephp\src\Http\Server.php, line 148
Cake\Http\Server->emit() C:\Apache24\htdocs\chestcounter\webroot\index.php, line 37
[main]

2025-11-16 19:43:07 warning: Cannot modify header information - headers already sent by (output started at C:\Apache24\htdocs\chestcounter\vendor\cakephp\cakephp\src\Error\Renderer\HtmlErrorRenderer.php:37)
Request URL: /score
Referer URL: http://127.0.0.1/chestcounter/users/login
Client IP: 127.0.0.1
Trace:
Cake\Error\ErrorTrap->handleError() [internal], line ??
C:\Apache24\htdocs\chestcounter\vendor\cakephp\cakephp\src\Http\ResponseEmitter.php C:\Apache24\htdocs\chestcounter\vendor\cakephp\cakephp\src\Http\ResponseEmitter.php, line 159
Cake\Http\ResponseEmitter->emitStatusLine() C:\Apache24\htdocs\chestcounter\vendor\cakephp\cakephp\src\Http\ResponseEmitter.php, line 68
Cake\Http\ResponseEmitter->emit() C:\Apache24\htdocs\chestcounter\vendor\cakephp\cakephp\src\Http\Server.php, line 148
Cake\Http\Server->emit() C:\Apache24\htdocs\chestcounter\webroot\index.php, line 37
[main]

2025-11-16 19:43:07 warning: Cannot modify header information - headers already sent by (output started at C:\Apache24\htdocs\chestcounter\vendor\cakephp\cakephp\src\Error\Renderer\HtmlErrorRenderer.php:37)
Request URL: /score
Referer URL: http://127.0.0.1/chestcounter/users/login
Client IP: 127.0.0.1
Trace:
Cake\Error\ErrorTrap->handleError() [internal], line ??
C:\Apache24\htdocs\chestcounter\vendor\cakephp\cakephp\src\Http\ResponseEmitter.php C:\Apache24\htdocs\chestcounter\vendor\cakephp\cakephp\src\Http\ResponseEmitter.php, line 192
Cake\Http\ResponseEmitter->emitHeaders() C:\Apache24\htdocs\chestcounter\vendor\cakephp\cakephp\src\Http\ResponseEmitter.php, line 69
Cake\Http\ResponseEmitter->emit() C:\Apache24\htdocs\chestcounter\vendor\cakephp\cakephp\src\Http\Server.php, line 148
Cake\Http\Server->emit() C:\Apache24\htdocs\chestcounter\webroot\index.php, line 37
[main]

2025-11-16 19:43:13 warning: Unable to emit headers. Headers sent in file=C:\Apache24\htdocs\chestcounter\vendor\cakephp\cakephp\src\Error\Renderer\HtmlErrorRenderer.php line=37
Request URL: /bank/deposit
Referer URL: http://127.0.0.1/chestcounter/score
Client IP: 127.0.0.1
Trace:
Cake\Error\ErrorTrap->handleError() [internal], line ??
C:\Apache24\htdocs\chestcounter\vendor\cakephp\cakephp\src\Http\ResponseEmitter.php C:\Apache24\htdocs\chestcounter\vendor\cakephp\cakephp\src\Http\ResponseEmitter.php, line 65
Cake\Http\ResponseEmitter->emit() C:\Apache24\htdocs\chestcounter\vendor\cakephp\cakephp\src\Http\Server.php, line 148
Cake\Http\Server->emit() C:\Apache24\htdocs\chestcounter\webroot\index.php, line 37
[main]

2025-11-16 19:43:13 warning: Cannot modify header information - headers already sent by (output started at C:\Apache24\htdocs\chestcounter\vendor\cakephp\cakephp\src\Error\Renderer\HtmlErrorRenderer.php:37)
Request URL: /bank/deposit
Referer URL: http://127.0.0.1/chestcounter/score
Client IP: 127.0.0.1
Trace:
Cake\Error\ErrorTrap->handleError() [internal], line ??
C:\Apache24\htdocs\chestcounter\vendor\cakephp\cakephp\src\Http\ResponseEmitter.php C:\Apache24\htdocs\chestcounter\vendor\cakephp\cakephp\src\Http\ResponseEmitter.php, line 159
Cake\Http\ResponseEmitter->emitStatusLine() C:\Apache24\htdocs\chestcounter\vendor\cakephp\cakephp\src\Http\ResponseEmitter.php, line 68
Cake\Http\ResponseEmitter->emit() C:\Apache24\htdocs\chestcounter\vendor\cakephp\cakephp\src\Http\Server.php, line 148
Cake\Http\Server->emit() C:\Apache24\htdocs\chestcounter\webroot\index.php, line 37
[main]

2025-11-16 19:43:13 warning: Cannot modify header information - headers already sent by (output started at C:\Apache24\htdocs\chestcounter\vendor\cakephp\cakephp\src\Error\Renderer\HtmlErrorRenderer.php:37)
Request URL: /bank/deposit
Referer URL: http://127.0.0.1/chestcounter/score
Client IP: 127.0.0.1
Trace:
Cake\Error\ErrorTrap->handleError() [internal], line ??
C:\Apache24\htdocs\chestcounter\vendor\cakephp\cakephp\src\Http\ResponseEmitter.php C:\Apache24\htdocs\chestcounter\vendor\cakephp\cakephp\src\Http\ResponseEmitter.php, line 192
Cake\Http\ResponseEmitter->emitHeaders() C:\Apache24\htdocs\chestcounter\vendor\cakephp\cakephp\src\Http\ResponseEmitter.php, line 69
Cake\Http\ResponseEmitter->emit() C:\Apache24\htdocs\chestcounter\vendor\cakephp\cakephp\src\Http\Server.php, line 148
Cake\Http\Server->emit() C:\Apache24\htdocs\chestcounter\webroot\index.php, line 37
[main]

2025-11-16 19:43:30 warning: Unable to emit headers. Headers sent in file=C:\Apache24\htdocs\chestcounter\vendor\cakephp\cakephp\src\Error\Renderer\HtmlErrorRenderer.php line=37
Request URL: /bank/deposit
Referer URL: http://127.0.0.1/chestcounter/bank/deposit
Client IP: 127.0.0.1
Trace:
Cake\Error\ErrorTrap->handleError() [internal], line ??
C:\Apache24\htdocs\chestcounter\vendor\cakephp\cakephp\src\Http\ResponseEmitter.php C:\Apache24\htdocs\chestcounter\vendor\cakephp\cakephp\src\Http\ResponseEmitter.php, line 65
Cake\Http\ResponseEmitter->emit() C:\Apache24\htdocs\chestcounter\vendor\cakephp\cakephp\src\Http\Server.php, line 148
Cake\Http\Server->emit() C:\Apache24\htdocs\chestcounter\webroot\index.php, line 37
[main]

2025-11-16 19:43:30 warning: Cannot modify header information - headers already sent by (output started at C:\Apache24\htdocs\chestcounter\vendor\cakephp\cakephp\src\Error\Renderer\HtmlErrorRenderer.php:37)
Request URL: /bank/deposit
Referer URL: http://127.0.0.1/chestcounter/bank/deposit
Client IP: 127.0.0.1
Trace:
Cake\Error\ErrorTrap->handleError() [internal], line ??
C:\Apache24\htdocs\chestcounter\vendor\cakephp\cakephp\src\Http\ResponseEmitter.php C:\Apache24\htdocs\chestcounter\vendor\cakephp\cakephp\src\Http\ResponseEmitter.php, line 159
Cake\Http\ResponseEmitter->emitStatusLine() C:\Apache24\htdocs\chestcounter\vendor\cakephp\cakephp\src\Http\ResponseEmitter.php, line 68
Cake\Http\ResponseEmitter->emit() C:\Apache24\htdocs\chestcounter\vendor\cakephp\cakephp\src\Http\Server.php, line 148
Cake\Http\Server->emit() C:\Apache24\htdocs\chestcounter\webroot\index.php, line 37
[main]

2025-11-16 19:43:30 warning: Cannot modify header information - headers already sent by (output started at C:\Apache24\htdocs\chestcounter\vendor\cakephp\cakephp\src\Error\Renderer\HtmlErrorRenderer.php:37)
Request URL: /bank/deposit
Referer URL: http://127.0.0.1/chestcounter/bank/deposit
Client IP: 127.0.0.1
Trace:
Cake\Error\ErrorTrap->handleError() [internal], line ??
C:\Apache24\htdocs\chestcounter\vendor\cakephp\cakephp\src\Http\ResponseEmitter.php C:\Apache24\htdocs\chestcounter\vendor\cakephp\cakephp\src\Http\ResponseEmitter.php, line 192
Cake\Http\ResponseEmitter->emitHeaders() C:\Apache24\htdocs\chestcounter\vendor\cakephp\cakephp\src\Http\ResponseEmitter.php, line 69
Cake\Http\ResponseEmitter->emit() C:\Apache24\htdocs\chestcounter\vendor\cakephp\cakephp\src\Http\Server.php, line 148
Cake\Http\Server->emit() C:\Apache24\htdocs\chestcounter\webroot\index.php, line 37
[main]

2025-11-16 19:43:30 warning: Cannot modify header information - headers already sent by (output started at C:\Apache24\htdocs\chestcounter\vendor\cakephp\cakephp\src\Error\Renderer\HtmlErrorRenderer.php:37)
Request URL: /bank/deposit
Referer URL: http://127.0.0.1/chestcounter/bank/deposit
Client IP: 127.0.0.1
Trace:
Cake\Error\ErrorTrap->handleError() [internal], line ??
C:\Apache24\htdocs\chestcounter\vendor\cakephp\cakephp\src\Http\ResponseEmitter.php C:\Apache24\htdocs\chestcounter\vendor\cakephp\cakephp\src\Http\ResponseEmitter.php, line 192
Cake\Http\ResponseEmitter->emitHeaders() C:\Apache24\htdocs\chestcounter\vendor\cakephp\cakephp\src\Http\ResponseEmitter.php, line 69
Cake\Http\ResponseEmitter->emit() C:\Apache24\htdocs\chestcounter\vendor\cakephp\cakephp\src\Http\Server.php, line 148
Cake\Http\Server->emit() C:\Apache24\htdocs\chestcounter\webroot\index.php, line 37
[main]

2025-11-16 19:43:49 warning: Unable to emit headers. Headers sent in file=C:\Apache24\htdocs\chestcounter\vendor\cakephp\cakephp\src\Error\Renderer\HtmlErrorRenderer.php line=37
Request URL: /bank/deposit
Client IP: 127.0.0.1
Trace:
Cake\Error\ErrorTrap->handleError() [internal], line ??
C:\Apache24\htdocs\chestcounter\vendor\cakephp\cakephp\src\Http\ResponseEmitter.php C:\Apache24\htdocs\chestcounter\vendor\cakephp\cakephp\src\Http\ResponseEmitter.php, line 65
Cake\Http\ResponseEmitter->emit() C:\Apache24\htdocs\chestcounter\vendor\cakephp\cakephp\src\Http\Server.php, line 148
Cake\Http\Server->emit() C:\Apache24\htdocs\chestcounter\webroot\index.php, line 37
[main]

2025-11-16 19:43:49 warning: Cannot modify header information - headers already sent by (output started at C:\Apache24\htdocs\chestcounter\vendor\cakephp\cakephp\src\Error\Renderer\HtmlErrorRenderer.php:37)
Request URL: /bank/deposit
Client IP: 127.0.0.1
Trace:
Cake\Error\ErrorTrap->handleError() [internal], line ??
C:\Apache24\htdocs\chestcounter\vendor\cakephp\cakephp\src\Http\ResponseEmitter.php C:\Apache24\htdocs\chestcounter\vendor\cakephp\cakephp\src\Http\ResponseEmitter.php, line 159
Cake\Http\ResponseEmitter->emitStatusLine() C:\Apache24\htdocs\chestcounter\vendor\cakephp\cakephp\src\Http\ResponseEmitter.php, line 68
Cake\Http\ResponseEmitter->emit() C:\Apache24\htdocs\chestcounter\vendor\cakephp\cakephp\src\Http\Server.php, line 148
Cake\Http\Server->emit() C:\Apache24\htdocs\chestcounter\webroot\index.php, line 37
[main]

2025-11-16 19:43:49 warning: Cannot modify header information - headers already sent by (output started at C:\Apache24\htdocs\chestcounter\vendor\cakephp\cakephp\src\Error\Renderer\HtmlErrorRenderer.php:37)
Request URL: /bank/deposit
Client IP: 127.0.0.1
Trace:
Cake\Error\ErrorTrap->handleError() [internal], line ??
C:\Apache24\htdocs\chestcounter\vendor\cakephp\cakephp\src\Http\ResponseEmitter.php C:\Apache24\htdocs\chestcounter\vendor\cakephp\cakephp\src\Http\ResponseEmitter.php, line 192
Cake\Http\ResponseEmitter->emitHeaders() C:\Apache24\htdocs\chestcounter\vendor\cakephp\cakephp\src\Http\ResponseEmitter.php, line 69
Cake\Http\ResponseEmitter->emit() C:\Apache24\htdocs\chestcounter\vendor\cakephp\cakephp\src\Http\Server.php, line 148
Cake\Http\Server->emit() C:\Apache24\htdocs\chestcounter\webroot\index.php, line 37
[main]

2025-11-16 19:43:54 warning: Unable to emit headers. Headers sent in file=C:\Apache24\htdocs\chestcounter\vendor\cakephp\cakephp\src\Error\Renderer\HtmlErrorRenderer.php line=37
Request URL: /bank/withdraw
Referer URL: http://127.0.0.1/chestcounter/bank/deposit
Client IP: 127.0.0.1
Trace:
Cake\Error\ErrorTrap->handleError() [internal], line ??
C:\Apache24\htdocs\chestcounter\vendor\cakephp\cakephp\src\Http\ResponseEmitter.php C:\Apache24\htdocs\chestcounter\vendor\cakephp\cakephp\src\Http\ResponseEmitter.php, line 65
Cake\Http\ResponseEmitter->emit() C:\Apache24\htdocs\chestcounter\vendor\cakephp\cakephp\src\Http\Server.php, line 148
Cake\Http\Server->emit() C:\Apache24\htdocs\chestcounter\webroot\index.php, line 37
[main]

2025-11-16 19:43:54 warning: Cannot modify header information - headers already sent by (output started at C:\Apache24\htdocs\chestcounter\vendor\cakephp\cakephp\src\Error\Renderer\HtmlErrorRenderer.php:37)
Request URL: /bank/withdraw
Referer URL: http://127.0.0.1/chestcounter/bank/deposit
Client IP: 127.0.0.1
Trace:
Cake\Error\ErrorTrap->handleError() [internal], line ??
C:\Apache24\htdocs\chestcounter\vendor\cakephp\cakephp\src\Http\ResponseEmitter.php C:\Apache24\htdocs\chestcounter\vendor\cakephp\cakephp\src\Http\ResponseEmitter.php, line 159
Cake\Http\ResponseEmitter->emitStatusLine() C:\Apache24\htdocs\chestcounter\vendor\cakephp\cakephp\src\Http\ResponseEmitter.php, line 68
Cake\Http\ResponseEmitter->emit() C:\Apache24\htdocs\chestcounter\vendor\cakephp\cakephp\src\Http\Server.php, line 148
Cake\Http\Server->emit() C:\Apache24\htdocs\chestcounter\webroot\index.php, line 37
[main]

2025-11-16 19:43:54 warning: Cannot modify header information - headers already sent by (output started at C:\Apache24\htdocs\chestcounter\vendor\cakephp\cakephp\src\Error\Renderer\HtmlErrorRenderer.php:37)
Request URL: /bank/withdraw
Referer URL: http://127.0.0.1/chestcounter/bank/deposit
Client IP: 127.0.0.1
Trace:
Cake\Error\ErrorTrap->handleError() [internal], line ??
C:\Apache24\htdocs\chestcounter\vendor\cakephp\cakephp\src\Http\ResponseEmitter.php C:\Apache24\htdocs\chestcounter\vendor\cakephp\cakephp\src\Http\ResponseEmitter.php, line 192
Cake\Http\ResponseEmitter->emitHeaders() C:\Apache24\htdocs\chestcounter\vendor\cakephp\cakephp\src\Http\ResponseEmitter.php, line 69
Cake\Http\ResponseEmitter->emit() C:\Apache24\htdocs\chestcounter\vendor\cakephp\cakephp\src\Http\Server.php, line 148
Cake\Http\Server->emit() C:\Apache24\htdocs\chestcounter\webroot\index.php, line 37
[main]

2025-11-16 19:44:13 warning: Unable to emit headers. Headers sent in file=C:\Apache24\htdocs\chestcounter\vendor\cakephp\cakephp\src\Error\Renderer\HtmlErrorRenderer.php line=37
Request URL: /bank/deposit
Referer URL: http://127.0.0.1/chestcounter/bank/withdraw
Client IP: 127.0.0.1
Trace:
Cake\Error\ErrorTrap->handleError() [internal], line ??
C:\Apache24\htdocs\chestcounter\vendor\cakephp\cakephp\src\Http\ResponseEmitter.php C:\Apache24\htdocs\chestcounter\vendor\cakephp\cakephp\src\Http\ResponseEmitter.php, line 65
Cake\Http\ResponseEmitter->emit() C:\Apache24\htdocs\chestcounter\vendor\cakephp\cakephp\src\Http\Server.php, line 148
Cake\Http\Server->emit() C:\Apache24\htdocs\chestcounter\webroot\index.php, line 37
[main]

2025-11-16 19:44:13 warning: Cannot modify header information - headers already sent by (output started at C:\Apache24\htdocs\chestcounter\vendor\cakephp\cakephp\src\Error\Renderer\HtmlErrorRenderer.php:37)
Request URL: /bank/deposit
Referer URL: http://127.0.0.1/chestcounter/bank/withdraw
Client IP: 127.0.0.1
Trace:
Cake\Error\ErrorTrap->handleError() [internal], line ??
C:\Apache24\htdocs\chestcounter\vendor\cakephp\cakephp\src\Http\ResponseEmitter.php C:\Apache24\htdocs\chestcounter\vendor\cakephp\cakephp\src\Http\ResponseEmitter.php, line 159
Cake\Http\ResponseEmitter->emitStatusLine() C:\Apache24\htdocs\chestcounter\vendor\cakephp\cakephp\src\Http\ResponseEmitter.php, line 68
Cake\Http\ResponseEmitter->emit() C:\Apache24\htdocs\chestcounter\vendor\cakephp\cakephp\src\Http\Server.php, line 148
Cake\Http\Server->emit() C:\Apache24\htdocs\chestcounter\webroot\index.php, line 37
[main]

2025-11-16 19:44:13 warning: Cannot modify header information - headers already sent by (output started at C:\Apache24\htdocs\chestcounter\vendor\cakephp\cakephp\src\Error\Renderer\HtmlErrorRenderer.php:37)
Request URL: /bank/deposit
Referer URL: http://127.0.0.1/chestcounter/bank/withdraw
Client IP: 127.0.0.1
Trace:
Cake\Error\ErrorTrap->handleError() [internal], line ??
C:\Apache24\htdocs\chestcounter\vendor\cakephp\cakephp\src\Http\ResponseEmitter.php C:\Apache24\htdocs\chestcounter\vendor\cakephp\cakephp\src\Http\ResponseEmitter.php, line 192
Cake\Http\ResponseEmitter->emitHeaders() C:\Apache24\htdocs\chestcounter\vendor\cakephp\cakephp\src\Http\ResponseEmitter.php, line 69
Cake\Http\ResponseEmitter->emit() C:\Apache24\htdocs\chestcounter\vendor\cakephp\cakephp\src\Http\Server.php, line 148
Cake\Http\Server->emit() C:\Apache24\htdocs\chestcounter\webroot\index.php, line 37
[main]

2025-11-16 19:44:20 warning: Unable to emit headers. Headers sent in file=C:\Apache24\htdocs\chestcounter\vendor\cakephp\cakephp\src\Error\Renderer\HtmlErrorRenderer.php line=37
Request URL: /bank/deposit
Referer URL: http://127.0.0.1/chestcounter/bank/deposit
Client IP: 127.0.0.1
Trace:
Cake\Error\ErrorTrap->handleError() [internal], line ??
C:\Apache24\htdocs\chestcounter\vendor\cakephp\cakephp\src\Http\ResponseEmitter.php C:\Apache24\htdocs\chestcounter\vendor\cakephp\cakephp\src\Http\ResponseEmitter.php, line 65
Cake\Http\ResponseEmitter->emit() C:\Apache24\htdocs\chestcounter\vendor\cakephp\cakephp\src\Http\Server.php, line 148
Cake\Http\Server->emit() C:\Apache24\htdocs\chestcounter\webroot\index.php, line 37
[main]

2025-11-16 19:44:20 warning: Cannot modify header information - headers already sent by (output started at C:\Apache24\htdocs\chestcounter\vendor\cakephp\cakephp\src\Error\Renderer\HtmlErrorRenderer.php:37)
Request URL: /bank/deposit
Referer URL: http://127.0.0.1/chestcounter/bank/deposit
Client IP: 127.0.0.1
Trace:
Cake\Error\ErrorTrap->handleError() [internal], line ??
C:\Apache24\htdocs\chestcounter\vendor\cakephp\cakephp\src\Http\ResponseEmitter.php C:\Apache24\htdocs\chestcounter\vendor\cakephp\cakephp\src\Http\ResponseEmitter.php, line 159
Cake\Http\ResponseEmitter->emitStatusLine() C:\Apache24\htdocs\chestcounter\vendor\cakephp\cakephp\src\Http\ResponseEmitter.php, line 68
Cake\Http\ResponseEmitter->emit() C:\Apache24\htdocs\chestcounter\vendor\cakephp\cakephp\src\Http\Server.php, line 148
Cake\Http\Server->emit() C:\Apache24\htdocs\chestcounter\webroot\index.php, line 37
[main]

2025-11-16 19:44:20 warning: Cannot modify header information - headers already sent by (output started at C:\Apache24\htdocs\chestcounter\vendor\cakephp\cakephp\src\Error\Renderer\HtmlErrorRenderer.php:37)
Request URL: /bank/deposit
Referer URL: http://127.0.0.1/chestcounter/bank/deposit
Client IP: 127.0.0.1
Trace:
Cake\Error\ErrorTrap->handleError() [internal], line ??
C:\Apache24\htdocs\chestcounter\vendor\cakephp\cakephp\src\Http\ResponseEmitter.php C:\Apache24\htdocs\chestcounter\vendor\cakephp\cakephp\src\Http\ResponseEmitter.php, line 192
Cake\Http\ResponseEmitter->emitHeaders() C:\Apache24\htdocs\chestcounter\vendor\cakephp\cakephp\src\Http\ResponseEmitter.php, line 69
Cake\Http\ResponseEmitter->emit() C:\Apache24\htdocs\chestcounter\vendor\cakephp\cakephp\src\Http\Server.php, line 148
Cake\Http\Server->emit() C:\Apache24\htdocs\chestcounter\webroot\index.php, line 37
[main]

2025-11-16 19:44:20 warning: Cannot modify header information - headers already sent by (output started at C:\Apache24\htdocs\chestcounter\vendor\cakephp\cakephp\src\Error\Renderer\HtmlErrorRenderer.php:37)
Request URL: /bank/deposit
Referer URL: http://127.0.0.1/chestcounter/bank/deposit
Client IP: 127.0.0.1
Trace:
Cake\Error\ErrorTrap->handleError() [internal], line ??
C:\Apache24\htdocs\chestcounter\vendor\cakephp\cakephp\src\Http\ResponseEmitter.php C:\Apache24\htdocs\chestcounter\vendor\cakephp\cakephp\src\Http\ResponseEmitter.php, line 192
Cake\Http\ResponseEmitter->emitHeaders() C:\Apache24\htdocs\chestcounter\vendor\cakephp\cakephp\src\Http\ResponseEmitter.php, line 69
Cake\Http\ResponseEmitter->emit() C:\Apache24\htdocs\chestcounter\vendor\cakephp\cakephp\src\Http\Server.php, line 148
Cake\Http\Server->emit() C:\Apache24\htdocs\chestcounter\webroot\index.php, line 37
[main]

2025-11-16 19:44:35 warning: Unable to emit headers. Headers sent in file=C:\Apache24\htdocs\chestcounter\vendor\cakephp\cakephp\src\Error\Renderer\HtmlErrorRenderer.php line=37
Request URL: /bank/deposit
Referer URL: http://127.0.0.1/chestcounter/bank/withdraw
Client IP: 127.0.0.1
Trace:
Cake\Error\ErrorTrap->handleError() [internal], line ??
C:\Apache24\htdocs\chestcounter\vendor\cakephp\cakephp\src\Http\ResponseEmitter.php C:\Apache24\htdocs\chestcounter\vendor\cakephp\cakephp\src\Http\ResponseEmitter.php, line 65
Cake\Http\ResponseEmitter->emit() C:\Apache24\htdocs\chestcounter\vendor\cakephp\cakephp\src\Http\Server.php, line 148
Cake\Http\Server->emit() C:\Apache24\htdocs\chestcounter\webroot\index.php, line 37
[main]

2025-11-16 19:44:35 warning: Cannot modify header information - headers already sent by (output started at C:\Apache24\htdocs\chestcounter\vendor\cakephp\cakephp\src\Error\Renderer\HtmlErrorRenderer.php:37)
Request URL: /bank/deposit
Referer URL: http://127.0.0.1/chestcounter/bank/withdraw
Client IP: 127.0.0.1
Trace:
Cake\Error\ErrorTrap->handleError() [internal], line ??
C:\Apache24\htdocs\chestcounter\vendor\cakephp\cakephp\src\Http\ResponseEmitter.php C:\Apache24\htdocs\chestcounter\vendor\cakephp\cakephp\src\Http\ResponseEmitter.php, line 159
Cake\Http\ResponseEmitter->emitStatusLine() C:\Apache24\htdocs\chestcounter\vendor\cakephp\cakephp\src\Http\ResponseEmitter.php, line 68
Cake\Http\ResponseEmitter->emit() C:\Apache24\htdocs\chestcounter\vendor\cakephp\cakephp\src\Http\Server.php, line 148
Cake\Http\Server->emit() C:\Apache24\htdocs\chestcounter\webroot\index.php, line 37
[main]

2025-11-16 19:44:35 warning: Cannot modify header information - headers already sent by (output started at C:\Apache24\htdocs\chestcounter\vendor\cakephp\cakephp\src\Error\Renderer\HtmlErrorRenderer.php:37)
Request URL: /bank/deposit
Referer URL: http://127.0.0.1/chestcounter/bank/withdraw
Client IP: 127.0.0.1
Trace:
Cake\Error\ErrorTrap->handleError() [internal], line ??
C:\Apache24\htdocs\chestcounter\vendor\cakephp\cakephp\src\Http\ResponseEmitter.php C:\Apache24\htdocs\chestcounter\vendor\cakephp\cakephp\src\Http\ResponseEmitter.php, line 192
Cake\Http\ResponseEmitter->emitHeaders() C:\Apache24\htdocs\chestcounter\vendor\cakephp\cakephp\src\Http\ResponseEmitter.php, line 69
Cake\Http\ResponseEmitter->emit() C:\Apache24\htdocs\chestcounter\vendor\cakephp\cakephp\src\Http\Server.php, line 148
Cake\Http\Server->emit() C:\Apache24\htdocs\chestcounter\webroot\index.php, line 37
[main]

2025-11-16 19:44:56 warning: Unable to emit headers. Headers sent in file=C:\Apache24\htdocs\chestcounter\vendor\cakephp\cakephp\src\Error\Renderer\HtmlErrorRenderer.php line=37
Request URL: /bank/deposit
Referer URL: http://127.0.0.1/chestcounter/bank
Client IP: 127.0.0.1
Trace:
Cake\Error\ErrorTrap->handleError() [internal], line ??
C:\Apache24\htdocs\chestcounter\vendor\cakephp\cakephp\src\Http\ResponseEmitter.php C:\Apache24\htdocs\chestcounter\vendor\cakephp\cakephp\src\Http\ResponseEmitter.php, line 65
Cake\Http\ResponseEmitter->emit() C:\Apache24\htdocs\chestcounter\vendor\cakephp\cakephp\src\Http\Server.php, line 148
Cake\Http\Server->emit() C:\Apache24\htdocs\chestcounter\webroot\index.php, line 37
[main]

2025-11-16 19:44:56 warning: Cannot modify header information - headers already sent by (output started at C:\Apache24\htdocs\chestcounter\vendor\cakephp\cakephp\src\Error\Renderer\HtmlErrorRenderer.php:37)
Request URL: /bank/deposit
Referer URL: http://127.0.0.1/chestcounter/bank
Client IP: 127.0.0.1
Trace:
Cake\Error\ErrorTrap->handleError() [internal], line ??
C:\Apache24\htdocs\chestcounter\vendor\cakephp\cakephp\src\Http\ResponseEmitter.php C:\Apache24\htdocs\chestcounter\vendor\cakephp\cakephp\src\Http\ResponseEmitter.php, line 159
Cake\Http\ResponseEmitter->emitStatusLine() C:\Apache24\htdocs\chestcounter\vendor\cakephp\cakephp\src\Http\ResponseEmitter.php, line 68
Cake\Http\ResponseEmitter->emit() C:\Apache24\htdocs\chestcounter\vendor\cakephp\cakephp\src\Http\Server.php, line 148
Cake\Http\Server->emit() C:\Apache24\htdocs\chestcounter\webroot\index.php, line 37
[main]

2025-11-16 19:44:56 warning: Cannot modify header information - headers already sent by (output started at C:\Apache24\htdocs\chestcounter\vendor\cakephp\cakephp\src\Error\Renderer\HtmlErrorRenderer.php:37)
Request URL: /bank/deposit
Referer URL: http://127.0.0.1/chestcounter/bank
Client IP: 127.0.0.1
Trace:
Cake\Error\ErrorTrap->handleError() [internal], line ??
C:\Apache24\htdocs\chestcounter\vendor\cakephp\cakephp\src\Http\ResponseEmitter.php C:\Apache24\htdocs\chestcounter\vendor\cakephp\cakephp\src\Http\ResponseEmitter.php, line 192
Cake\Http\ResponseEmitter->emitHeaders() C:\Apache24\htdocs\chestcounter\vendor\cakephp\cakephp\src\Http\ResponseEmitter.php, line 69
Cake\Http\ResponseEmitter->emit() C:\Apache24\htdocs\chestcounter\vendor\cakephp\cakephp\src\Http\Server.php, line 148
Cake\Http\Server->emit() C:\Apache24\htdocs\chestcounter\webroot\index.php, line 37
[main]

2025-11-16 20:00:47 warning: Unable to emit headers. Headers sent in file=C:\Apache24\htdocs\chestcounter\vendor\cakephp\cakephp\src\Error\Renderer\HtmlErrorRenderer.php line=37
Request URL: /score
Referer URL: http://127.0.0.1/chestcounter/bank
Client IP: 127.0.0.1
Trace:
Cake\Error\ErrorTrap->handleError() [internal], line ??
C:\Apache24\htdocs\chestcounter\vendor\cakephp\cakephp\src\Http\ResponseEmitter.php C:\Apache24\htdocs\chestcounter\vendor\cakephp\cakephp\src\Http\ResponseEmitter.php, line 65
Cake\Http\ResponseEmitter->emit() C:\Apache24\htdocs\chestcounter\vendor\cakephp\cakephp\src\Http\Server.php, line 148
Cake\Http\Server->emit() C:\Apache24\htdocs\chestcounter\webroot\index.php, line 37
[main]

2025-11-16 20:00:47 warning: Cannot modify header information - headers already sent by (output started at C:\Apache24\htdocs\chestcounter\vendor\cakephp\cakephp\src\Error\Renderer\HtmlErrorRenderer.php:37)
Request URL: /score
Referer URL: http://127.0.0.1/chestcounter/bank
Client IP: 127.0.0.1
Trace:
Cake\Error\ErrorTrap->handleError() [internal], line ??
C:\Apache24\htdocs\chestcounter\vendor\cakephp\cakephp\src\Http\ResponseEmitter.php C:\Apache24\htdocs\chestcounter\vendor\cakephp\cakephp\src\Http\ResponseEmitter.php, line 159
Cake\Http\ResponseEmitter->emitStatusLine() C:\Apache24\htdocs\chestcounter\vendor\cakephp\cakephp\src\Http\ResponseEmitter.php, line 68
Cake\Http\ResponseEmitter->emit() C:\Apache24\htdocs\chestcounter\vendor\cakephp\cakephp\src\Http\Server.php, line 148
Cake\Http\Server->emit() C:\Apache24\htdocs\chestcounter\webroot\index.php, line 37
[main]

2025-11-16 20:00:47 warning: Cannot modify header information - headers already sent by (output started at C:\Apache24\htdocs\chestcounter\vendor\cakephp\cakephp\src\Error\Renderer\HtmlErrorRenderer.php:37)
Request URL: /score
Referer URL: http://127.0.0.1/chestcounter/bank
Client IP: 127.0.0.1
Trace:
Cake\Error\ErrorTrap->handleError() [internal], line ??
C:\Apache24\htdocs\chestcounter\vendor\cakephp\cakephp\src\Http\ResponseEmitter.php C:\Apache24\htdocs\chestcounter\vendor\cakephp\cakephp\src\Http\ResponseEmitter.php, line 192
Cake\Http\ResponseEmitter->emitHeaders() C:\Apache24\htdocs\chestcounter\vendor\cakephp\cakephp\src\Http\ResponseEmitter.php, line 69
Cake\Http\ResponseEmitter->emit() C:\Apache24\htdocs\chestcounter\vendor\cakephp\cakephp\src\Http\Server.php, line 148
Cake\Http\Server->emit() C:\Apache24\htdocs\chestcounter\webroot\index.php, line 37
[main]

2025-11-16 20:00:53 warning: Unable to emit headers. Headers sent in file=C:\Apache24\htdocs\chestcounter\vendor\cakephp\cakephp\src\Error\Renderer\HtmlErrorRenderer.php line=37
Request URL: /score
Referer URL: http://127.0.0.1/chestcounter/users/login
Client IP: 127.0.0.1
Trace:
Cake\Error\ErrorTrap->handleError() [internal], line ??
C:\Apache24\htdocs\chestcounter\vendor\cakephp\cakephp\src\Http\ResponseEmitter.php C:\Apache24\htdocs\chestcounter\vendor\cakephp\cakephp\src\Http\ResponseEmitter.php, line 65
Cake\Http\ResponseEmitter->emit() C:\Apache24\htdocs\chestcounter\vendor\cakephp\cakephp\src\Http\Server.php, line 148
Cake\Http\Server->emit() C:\Apache24\htdocs\chestcounter\webroot\index.php, line 37
[main]

2025-11-16 20:00:53 warning: Cannot modify header information - headers already sent by (output started at C:\Apache24\htdocs\chestcounter\vendor\cakephp\cakephp\src\Error\Renderer\HtmlErrorRenderer.php:37)
Request URL: /score
Referer URL: http://127.0.0.1/chestcounter/users/login
Client IP: 127.0.0.1
Trace:
Cake\Error\ErrorTrap->handleError() [internal], line ??
C:\Apache24\htdocs\chestcounter\vendor\cakephp\cakephp\src\Http\ResponseEmitter.php C:\Apache24\htdocs\chestcounter\vendor\cakephp\cakephp\src\Http\ResponseEmitter.php, line 159
Cake\Http\ResponseEmitter->emitStatusLine() C:\Apache24\htdocs\chestcounter\vendor\cakephp\cakephp\src\Http\ResponseEmitter.php, line 68
Cake\Http\ResponseEmitter->emit() C:\Apache24\htdocs\chestcounter\vendor\cakephp\cakephp\src\Http\Server.php, line 148
Cake\Http\Server->emit() C:\Apache24\htdocs\chestcounter\webroot\index.php, line 37
[main]

2025-11-16 20:00:53 warning: Cannot modify header information - headers already sent by (output started at C:\Apache24\htdocs\chestcounter\vendor\cakephp\cakephp\src\Error\Renderer\HtmlErrorRenderer.php:37)
Request URL: /score
Referer URL: http://127.0.0.1/chestcounter/users/login
Client IP: 127.0.0.1
Trace:
Cake\Error\ErrorTrap->handleError() [internal], line ??
C:\Apache24\htdocs\chestcounter\vendor\cakephp\cakephp\src\Http\ResponseEmitter.php C:\Apache24\htdocs\chestcounter\vendor\cakephp\cakephp\src\Http\ResponseEmitter.php, line 192
Cake\Http\ResponseEmitter->emitHeaders() C:\Apache24\htdocs\chestcounter\vendor\cakephp\cakephp\src\Http\ResponseEmitter.php, line 69
Cake\Http\ResponseEmitter->emit() C:\Apache24\htdocs\chestcounter\vendor\cakephp\cakephp\src\Http\Server.php, line 148
Cake\Http\Server->emit() C:\Apache24\htdocs\chestcounter\webroot\index.php, line 37
[main]

2025-11-16 20:02:53 error: [Cake\Controller\Exception\InvalidParameterException] Missing passed parameter for `memberId` in action `Bank::history()`. in C:\Apache24\htdocs\chestcounter\vendor\cakephp\cakephp\src\Controller\ControllerFactory.php on line 259
Exception Attributes: array (
  'parameter' => 'memberId',
  'controller' => 'Bank',
  'action' => 'history',
  'prefix' => NULL,
  'plugin' => NULL,
)
Stack Trace:
- CORE\src\Controller\ControllerFactory.php:162
- CORE\src\Controller\ControllerFactory.php:141
- CORE\src\Http\BaseApplication.php:362
- CORE\src\Http\Runner.php:86
- CORE\src\Http\Middleware\CsrfProtectionMiddleware.php:169
- CORE\src\Http\Runner.php:82
- ROOT\vendor\cakephp\authentication\src\Middleware\AuthenticationMiddleware.php:106
- CORE\src\Http\Runner.php:82
- CORE\src\Http\Middleware\BodyParserMiddleware.php:157
- CORE\src\Http\Runner.php:82
- CORE\src\Routing\Middleware\RoutingMiddleware.php:118
- CORE\src\Http\Runner.php:82
- CORE\src\Routing\Middleware\AssetMiddleware.php:69
- CORE\src\Http\Runner.php:82
- CORE\src\Error\Middleware\ErrorHandlerMiddleware.php:115
- CORE\src\Http\Runner.php:82
- CORE\src\Http\Runner.php:60
- CORE\src\Http\Server.php:104
- ROOT\webroot\index.php:37
- [main]:

Request URL: /bank/history
Client IP: 127.0.0.1
2025-11-16 20:05:52 error: [TypeError] App\Service\BankingService::addToBalance(): Argument #2 ($amount) must be of type int, float given, called in C:\Apache24\htdocs\chestcounter\src\Controller\Admin\BankController.php on line 224 in C:\Apache24\htdocs\chestcounter\src\Service\BankingService.php on line 40
Stack Trace:
- APP/Controller\Admin\BankController.php:224
- APP/Controller\Admin\BankController.php:85
- CORE\src\Controller\Controller.php:505
- CORE\src\Controller\ControllerFactory.php:166
- CORE\src\Controller\ControllerFactory.php:141
- CORE\src\Http\BaseApplication.php:362
- CORE\src\Http\Runner.php:86
- CORE\src\Http\Middleware\CsrfProtectionMiddleware.php:169
- CORE\src\Http\Runner.php:82
- ROOT\vendor\cakephp\authentication\src\Middleware\AuthenticationMiddleware.php:106
- CORE\src\Http\Runner.php:82
- CORE\src\Http\Middleware\BodyParserMiddleware.php:162
- CORE\src\Http\Runner.php:82
- CORE\src\Routing\Middleware\RoutingMiddleware.php:118
- CORE\src\Http\Runner.php:82
- CORE\src\Routing\Middleware\AssetMiddleware.php:69
- CORE\src\Http\Runner.php:82
- CORE\src\Error\Middleware\ErrorHandlerMiddleware.php:115
- CORE\src\Http\Runner.php:82
- CORE\src\Http\Runner.php:60
- CORE\src\Http\Server.php:104
- ROOT\webroot\index.php:37
- [main]:

Request URL: /admin/bank/approve/1
Referer URL: http://127.0.0.1/chestcounter/admin/bank
Client IP: 127.0.0.1
2025-11-16 20:05:53 warning: Unable to emit headers. Headers sent in file=C:\Apache24\htdocs\chestcounter\vendor\cakephp\cakephp\src\Error\Renderer\HtmlErrorRenderer.php line=37
Request URL: /admin/bank/approve/1
Referer URL: http://127.0.0.1/chestcounter/admin/bank
Client IP: 127.0.0.1
Trace:
Cake\Error\ErrorTrap->handleError() [internal], line ??
C:\Apache24\htdocs\chestcounter\vendor\cakephp\cakephp\src\Http\ResponseEmitter.php C:\Apache24\htdocs\chestcounter\vendor\cakephp\cakephp\src\Http\ResponseEmitter.php, line 65
Cake\Http\ResponseEmitter->emit() C:\Apache24\htdocs\chestcounter\vendor\cakephp\cakephp\src\Http\Server.php, line 148
Cake\Http\Server->emit() C:\Apache24\htdocs\chestcounter\webroot\index.php, line 37
[main]

2025-11-16 20:05:53 warning: Cannot modify header information - headers already sent by (output started at C:\Apache24\htdocs\chestcounter\vendor\cakephp\cakephp\src\Error\Renderer\HtmlErrorRenderer.php:37)
Request URL: /admin/bank/approve/1
Referer URL: http://127.0.0.1/chestcounter/admin/bank
Client IP: 127.0.0.1
Trace:
Cake\Error\ErrorTrap->handleError() [internal], line ??
C:\Apache24\htdocs\chestcounter\vendor\cakephp\cakephp\src\Http\ResponseEmitter.php C:\Apache24\htdocs\chestcounter\vendor\cakephp\cakephp\src\Http\ResponseEmitter.php, line 159
Cake\Http\ResponseEmitter->emitStatusLine() C:\Apache24\htdocs\chestcounter\vendor\cakephp\cakephp\src\Http\ResponseEmitter.php, line 68
Cake\Http\ResponseEmitter->emit() C:\Apache24\htdocs\chestcounter\vendor\cakephp\cakephp\src\Http\Server.php, line 148
Cake\Http\Server->emit() C:\Apache24\htdocs\chestcounter\webroot\index.php, line 37
[main]

2025-11-16 20:05:53 warning: Cannot modify header information - headers already sent by (output started at C:\Apache24\htdocs\chestcounter\vendor\cakephp\cakephp\src\Error\Renderer\HtmlErrorRenderer.php:37)
Request URL: /admin/bank/approve/1
Referer URL: http://127.0.0.1/chestcounter/admin/bank
Client IP: 127.0.0.1
Trace:
Cake\Error\ErrorTrap->handleError() [internal], line ??
C:\Apache24\htdocs\chestcounter\vendor\cakephp\cakephp\src\Http\ResponseEmitter.php C:\Apache24\htdocs\chestcounter\vendor\cakephp\cakephp\src\Http\ResponseEmitter.php, line 192
Cake\Http\ResponseEmitter->emitHeaders() C:\Apache24\htdocs\chestcounter\vendor\cakephp\cakephp\src\Http\ResponseEmitter.php, line 69
Cake\Http\ResponseEmitter->emit() C:\Apache24\htdocs\chestcounter\vendor\cakephp\cakephp\src\Http\Server.php, line 148
Cake\Http\Server->emit() C:\Apache24\htdocs\chestcounter\webroot\index.php, line 37
[main]

2025-11-16 20:07:52 error: [TypeError] round(): Argument #1 ($num) must be of type int|float, string given in C:\Apache24\htdocs\chestcounter\src\Controller\Admin\BankController.php on line 224
Stack Trace:
- APP/Controller\Admin\BankController.php:224
- APP/Controller\Admin\BankController.php:85
- CORE\src\Controller\Controller.php:505
- CORE\src\Controller\ControllerFactory.php:166
- CORE\src\Controller\ControllerFactory.php:141
- CORE\src\Http\BaseApplication.php:362
- CORE\src\Http\Runner.php:86
- CORE\src\Http\Middleware\CsrfProtectionMiddleware.php:169
- CORE\src\Http\Runner.php:82
- ROOT\vendor\cakephp\authentication\src\Middleware\AuthenticationMiddleware.php:106
- CORE\src\Http\Runner.php:82
- CORE\src\Http\Middleware\BodyParserMiddleware.php:162
- CORE\src\Http\Runner.php:82
- CORE\src\Routing\Middleware\RoutingMiddleware.php:118
- CORE\src\Http\Runner.php:82
- CORE\src\Routing\Middleware\AssetMiddleware.php:69
- CORE\src\Http\Runner.php:82
- CORE\src\Error\Middleware\ErrorHandlerMiddleware.php:115
- CORE\src\Http\Runner.php:82
- CORE\src\Http\Runner.php:60
- CORE\src\Http\Server.php:104
- ROOT\webroot\index.php:37
- [main]:

Request URL: /admin/bank/approve/1
Referer URL: http://127.0.0.1/chestcounter/admin/bank
Client IP: 127.0.0.1
2025-11-16 20:07:52 warning: Unable to emit headers. Headers sent in file=C:\Apache24\htdocs\chestcounter\vendor\cakephp\cakephp\src\Error\Renderer\HtmlErrorRenderer.php line=37
Request URL: /admin/bank/approve/1
Referer URL: http://127.0.0.1/chestcounter/admin/bank
Client IP: 127.0.0.1
Trace:
Cake\Error\ErrorTrap->handleError() [internal], line ??
C:\Apache24\htdocs\chestcounter\vendor\cakephp\cakephp\src\Http\ResponseEmitter.php C:\Apache24\htdocs\chestcounter\vendor\cakephp\cakephp\src\Http\ResponseEmitter.php, line 65
Cake\Http\ResponseEmitter->emit() C:\Apache24\htdocs\chestcounter\vendor\cakephp\cakephp\src\Http\Server.php, line 148
Cake\Http\Server->emit() C:\Apache24\htdocs\chestcounter\webroot\index.php, line 37
[main]

2025-11-16 20:07:52 warning: Cannot modify header information - headers already sent by (output started at C:\Apache24\htdocs\chestcounter\vendor\cakephp\cakephp\src\Error\Renderer\HtmlErrorRenderer.php:37)
Request URL: /admin/bank/approve/1
Referer URL: http://127.0.0.1/chestcounter/admin/bank
Client IP: 127.0.0.1
Trace:
Cake\Error\ErrorTrap->handleError() [internal], line ??
C:\Apache24\htdocs\chestcounter\vendor\cakephp\cakephp\src\Http\ResponseEmitter.php C:\Apache24\htdocs\chestcounter\vendor\cakephp\cakephp\src\Http\ResponseEmitter.php, line 159
Cake\Http\ResponseEmitter->emitStatusLine() C:\Apache24\htdocs\chestcounter\vendor\cakephp\cakephp\src\Http\ResponseEmitter.php, line 68
Cake\Http\ResponseEmitter->emit() C:\Apache24\htdocs\chestcounter\vendor\cakephp\cakephp\src\Http\Server.php, line 148
Cake\Http\Server->emit() C:\Apache24\htdocs\chestcounter\webroot\index.php, line 37
[main]

2025-11-16 20:07:52 warning: Cannot modify header information - headers already sent by (output started at C:\Apache24\htdocs\chestcounter\vendor\cakephp\cakephp\src\Error\Renderer\HtmlErrorRenderer.php:37)
Request URL: /admin/bank/approve/1
Referer URL: http://127.0.0.1/chestcounter/admin/bank
Client IP: 127.0.0.1
Trace:
Cake\Error\ErrorTrap->handleError() [internal], line ??
C:\Apache24\htdocs\chestcounter\vendor\cakephp\cakephp\src\Http\ResponseEmitter.php C:\Apache24\htdocs\chestcounter\vendor\cakephp\cakephp\src\Http\ResponseEmitter.php, line 192
Cake\Http\ResponseEmitter->emitHeaders() C:\Apache24\htdocs\chestcounter\vendor\cakephp\cakephp\src\Http\ResponseEmitter.php, line 69
Cake\Http\ResponseEmitter->emit() C:\Apache24\htdocs\chestcounter\vendor\cakephp\cakephp\src\Http\Server.php, line 148
Cake\Http\Server->emit() C:\Apache24\htdocs\chestcounter\webroot\index.php, line 37
[main]

2025-11-16 20:09:31 warning: Unable to emit headers. Headers sent in file=C:\Apache24\htdocs\chestcounter\vendor\cakephp\cakephp\src\Error\Renderer\HtmlErrorRenderer.php line=37
Request URL: /admin/bank/approve/1
Referer URL: http://127.0.0.1/chestcounter/admin/bank/
Client IP: 127.0.0.1
Trace:
Cake\Error\ErrorTrap->handleError() [internal], line ??
C:\Apache24\htdocs\chestcounter\vendor\cakephp\cakephp\src\Http\ResponseEmitter.php C:\Apache24\htdocs\chestcounter\vendor\cakephp\cakephp\src\Http\ResponseEmitter.php, line 65
Cake\Http\ResponseEmitter->emit() C:\Apache24\htdocs\chestcounter\vendor\cakephp\cakephp\src\Http\Server.php, line 148
Cake\Http\Server->emit() C:\Apache24\htdocs\chestcounter\webroot\index.php, line 37
[main]

2025-11-16 20:09:31 warning: Cannot modify header information - headers already sent by (output started at C:\Apache24\htdocs\chestcounter\vendor\cakephp\cakephp\src\Error\Renderer\HtmlErrorRenderer.php:37)
Request URL: /admin/bank/approve/1
Referer URL: http://127.0.0.1/chestcounter/admin/bank/
Client IP: 127.0.0.1
Trace:
Cake\Error\ErrorTrap->handleError() [internal], line ??
C:\Apache24\htdocs\chestcounter\vendor\cakephp\cakephp\src\Http\ResponseEmitter.php C:\Apache24\htdocs\chestcounter\vendor\cakephp\cakephp\src\Http\ResponseEmitter.php, line 159
Cake\Http\ResponseEmitter->emitStatusLine() C:\Apache24\htdocs\chestcounter\vendor\cakephp\cakephp\src\Http\ResponseEmitter.php, line 68
Cake\Http\ResponseEmitter->emit() C:\Apache24\htdocs\chestcounter\vendor\cakephp\cakephp\src\Http\Server.php, line 148
Cake\Http\Server->emit() C:\Apache24\htdocs\chestcounter\webroot\index.php, line 37
[main]

2025-11-16 20:09:31 warning: Cannot modify header information - headers already sent by (output started at C:\Apache24\htdocs\chestcounter\vendor\cakephp\cakephp\src\Error\Renderer\HtmlErrorRenderer.php:37)
Request URL: /admin/bank/approve/1
Referer URL: http://127.0.0.1/chestcounter/admin/bank/
Client IP: 127.0.0.1
Trace:
Cake\Error\ErrorTrap->handleError() [internal], line ??
C:\Apache24\htdocs\chestcounter\vendor\cakephp\cakephp\src\Http\ResponseEmitter.php C:\Apache24\htdocs\chestcounter\vendor\cakephp\cakephp\src\Http\ResponseEmitter.php, line 192
Cake\Http\ResponseEmitter->emitHeaders() C:\Apache24\htdocs\chestcounter\vendor\cakephp\cakephp\src\Http\ResponseEmitter.php, line 69
Cake\Http\ResponseEmitter->emit() C:\Apache24\htdocs\chestcounter\vendor\cakephp\cakephp\src\Http\Server.php, line 148
Cake\Http\Server->emit() C:\Apache24\htdocs\chestcounter\webroot\index.php, line 37
[main]

2025-11-16 20:09:31 warning: Cannot modify header information - headers already sent by (output started at C:\Apache24\htdocs\chestcounter\vendor\cakephp\cakephp\src\Error\Renderer\HtmlErrorRenderer.php:37)
Request URL: /admin/bank/approve/1
Referer URL: http://127.0.0.1/chestcounter/admin/bank/
Client IP: 127.0.0.1
Trace:
Cake\Error\ErrorTrap->handleError() [internal], line ??
C:\Apache24\htdocs\chestcounter\vendor\cakephp\cakephp\src\Http\ResponseEmitter.php C:\Apache24\htdocs\chestcounter\vendor\cakephp\cakephp\src\Http\ResponseEmitter.php, line 192
Cake\Http\ResponseEmitter->emitHeaders() C:\Apache24\htdocs\chestcounter\vendor\cakephp\cakephp\src\Http\ResponseEmitter.php, line 69
Cake\Http\ResponseEmitter->emit() C:\Apache24\htdocs\chestcounter\vendor\cakephp\cakephp\src\Http\Server.php, line 148
Cake\Http\Server->emit() C:\Apache24\htdocs\chestcounter\webroot\index.php, line 37
[main]

2025-11-16 20:12:10 warning: Unable to emit headers. Headers sent in file=C:\Apache24\htdocs\chestcounter\vendor\cakephp\cakephp\src\Error\Renderer\HtmlErrorRenderer.php line=37
Request URL: /admin/bank/correct/2
Referer URL: http://127.0.0.1/chestcounter/admin/bank/
Client IP: 127.0.0.1
Trace:
Cake\Error\ErrorTrap->handleError() [internal], line ??
C:\Apache24\htdocs\chestcounter\vendor\cakephp\cakephp\src\Http\ResponseEmitter.php C:\Apache24\htdocs\chestcounter\vendor\cakephp\cakephp\src\Http\ResponseEmitter.php, line 65
Cake\Http\ResponseEmitter->emit() C:\Apache24\htdocs\chestcounter\vendor\cakephp\cakephp\src\Http\Server.php, line 148
Cake\Http\Server->emit() C:\Apache24\htdocs\chestcounter\webroot\index.php, line 37
[main]

2025-11-16 20:12:10 warning: Cannot modify header information - headers already sent by (output started at C:\Apache24\htdocs\chestcounter\vendor\cakephp\cakephp\src\Error\Renderer\HtmlErrorRenderer.php:37)
Request URL: /admin/bank/correct/2
Referer URL: http://127.0.0.1/chestcounter/admin/bank/
Client IP: 127.0.0.1
Trace:
Cake\Error\ErrorTrap->handleError() [internal], line ??
C:\Apache24\htdocs\chestcounter\vendor\cakephp\cakephp\src\Http\ResponseEmitter.php C:\Apache24\htdocs\chestcounter\vendor\cakephp\cakephp\src\Http\ResponseEmitter.php, line 159
Cake\Http\ResponseEmitter->emitStatusLine() C:\Apache24\htdocs\chestcounter\vendor\cakephp\cakephp\src\Http\ResponseEmitter.php, line 68
Cake\Http\ResponseEmitter->emit() C:\Apache24\htdocs\chestcounter\vendor\cakephp\cakephp\src\Http\Server.php, line 148
Cake\Http\Server->emit() C:\Apache24\htdocs\chestcounter\webroot\index.php, line 37
[main]

2025-11-16 20:12:10 warning: Cannot modify header information - headers already sent by (output started at C:\Apache24\htdocs\chestcounter\vendor\cakephp\cakephp\src\Error\Renderer\HtmlErrorRenderer.php:37)
Request URL: /admin/bank/correct/2
Referer URL: http://127.0.0.1/chestcounter/admin/bank/
Client IP: 127.0.0.1
Trace:
Cake\Error\ErrorTrap->handleError() [internal], line ??
C:\Apache24\htdocs\chestcounter\vendor\cakephp\cakephp\src\Http\ResponseEmitter.php C:\Apache24\htdocs\chestcounter\vendor\cakephp\cakephp\src\Http\ResponseEmitter.php, line 192
Cake\Http\ResponseEmitter->emitHeaders() C:\Apache24\htdocs\chestcounter\vendor\cakephp\cakephp\src\Http\ResponseEmitter.php, line 69
Cake\Http\ResponseEmitter->emit() C:\Apache24\htdocs\chestcounter\vendor\cakephp\cakephp\src\Http\Server.php, line 148
Cake\Http\Server->emit() C:\Apache24\htdocs\chestcounter\webroot\index.php, line 37
[main]

2025-11-16 20:12:31 warning: Unable to emit headers. Headers sent in file=C:\Apache24\htdocs\chestcounter\vendor\cakephp\cakephp\src\Error\Renderer\HtmlErrorRenderer.php line=37
Request URL: /admin/bank/correct/2
Referer URL: http://127.0.0.1/chestcounter/admin/bank/correct/2
Client IP: 127.0.0.1
Trace:
Cake\Error\ErrorTrap->handleError() [internal], line ??
C:\Apache24\htdocs\chestcounter\vendor\cakephp\cakephp\src\Http\ResponseEmitter.php C:\Apache24\htdocs\chestcounter\vendor\cakephp\cakephp\src\Http\ResponseEmitter.php, line 65
Cake\Http\ResponseEmitter->emit() C:\Apache24\htdocs\chestcounter\vendor\cakephp\cakephp\src\Http\Server.php, line 148
Cake\Http\Server->emit() C:\Apache24\htdocs\chestcounter\webroot\index.php, line 37
[main]

2025-11-16 20:12:31 warning: Cannot modify header information - headers already sent by (output started at C:\Apache24\htdocs\chestcounter\vendor\cakephp\cakephp\src\Error\Renderer\HtmlErrorRenderer.php:37)
Request URL: /admin/bank/correct/2
Referer URL: http://127.0.0.1/chestcounter/admin/bank/correct/2
Client IP: 127.0.0.1
Trace:
Cake\Error\ErrorTrap->handleError() [internal], line ??
C:\Apache24\htdocs\chestcounter\vendor\cakephp\cakephp\src\Http\ResponseEmitter.php C:\Apache24\htdocs\chestcounter\vendor\cakephp\cakephp\src\Http\ResponseEmitter.php, line 159
Cake\Http\ResponseEmitter->emitStatusLine() C:\Apache24\htdocs\chestcounter\vendor\cakephp\cakephp\src\Http\ResponseEmitter.php, line 68
Cake\Http\ResponseEmitter->emit() C:\Apache24\htdocs\chestcounter\vendor\cakephp\cakephp\src\Http\Server.php, line 148
Cake\Http\Server->emit() C:\Apache24\htdocs\chestcounter\webroot\index.php, line 37
[main]

2025-11-16 20:12:31 warning: Cannot modify header information - headers already sent by (output started at C:\Apache24\htdocs\chestcounter\vendor\cakephp\cakephp\src\Error\Renderer\HtmlErrorRenderer.php:37)
Request URL: /admin/bank/correct/2
Referer URL: http://127.0.0.1/chestcounter/admin/bank/correct/2
Client IP: 127.0.0.1
Trace:
Cake\Error\ErrorTrap->handleError() [internal], line ??
C:\Apache24\htdocs\chestcounter\vendor\cakephp\cakephp\src\Http\ResponseEmitter.php C:\Apache24\htdocs\chestcounter\vendor\cakephp\cakephp\src\Http\ResponseEmitter.php, line 192
Cake\Http\ResponseEmitter->emitHeaders() C:\Apache24\htdocs\chestcounter\vendor\cakephp\cakephp\src\Http\ResponseEmitter.php, line 69
Cake\Http\ResponseEmitter->emit() C:\Apache24\htdocs\chestcounter\vendor\cakephp\cakephp\src\Http\Server.php, line 148
Cake\Http\Server->emit() C:\Apache24\htdocs\chestcounter\webroot\index.php, line 37
[main]

2025-11-16 20:12:31 warning: Cannot modify header information - headers already sent by (output started at C:\Apache24\htdocs\chestcounter\vendor\cakephp\cakephp\src\Error\Renderer\HtmlErrorRenderer.php:37)
Request URL: /admin/bank/correct/2
Referer URL: http://127.0.0.1/chestcounter/admin/bank/correct/2
Client IP: 127.0.0.1
Trace:
Cake\Error\ErrorTrap->handleError() [internal], line ??
C:\Apache24\htdocs\chestcounter\vendor\cakephp\cakephp\src\Http\ResponseEmitter.php C:\Apache24\htdocs\chestcounter\vendor\cakephp\cakephp\src\Http\ResponseEmitter.php, line 192
Cake\Http\ResponseEmitter->emitHeaders() C:\Apache24\htdocs\chestcounter\vendor\cakephp\cakephp\src\Http\ResponseEmitter.php, line 69
Cake\Http\ResponseEmitter->emit() C:\Apache24\htdocs\chestcounter\vendor\cakephp\cakephp\src\Http\Server.php, line 148
Cake\Http\Server->emit() C:\Apache24\htdocs\chestcounter\webroot\index.php, line 37
[main]

2025-11-16 20:12:53 warning: Unable to emit headers. Headers sent in file=C:\Apache24\htdocs\chestcounter\vendor\cakephp\cakephp\src\Error\Renderer\HtmlErrorRenderer.php line=37
Request URL: /admin/bank/approve/3
Referer URL: http://127.0.0.1/chestcounter/admin/bank/
Client IP: 127.0.0.1
Trace:
Cake\Error\ErrorTrap->handleError() [internal], line ??
C:\Apache24\htdocs\chestcounter\vendor\cakephp\cakephp\src\Http\ResponseEmitter.php C:\Apache24\htdocs\chestcounter\vendor\cakephp\cakephp\src\Http\ResponseEmitter.php, line 65
Cake\Http\ResponseEmitter->emit() C:\Apache24\htdocs\chestcounter\vendor\cakephp\cakephp\src\Http\Server.php, line 148
Cake\Http\Server->emit() C:\Apache24\htdocs\chestcounter\webroot\index.php, line 37
[main]

2025-11-16 20:12:53 warning: Cannot modify header information - headers already sent by (output started at C:\Apache24\htdocs\chestcounter\vendor\cakephp\cakephp\src\Error\Renderer\HtmlErrorRenderer.php:37)
Request URL: /admin/bank/approve/3
Referer URL: http://127.0.0.1/chestcounter/admin/bank/
Client IP: 127.0.0.1
Trace:
Cake\Error\ErrorTrap->handleError() [internal], line ??
C:\Apache24\htdocs\chestcounter\vendor\cakephp\cakephp\src\Http\ResponseEmitter.php C:\Apache24\htdocs\chestcounter\vendor\cakephp\cakephp\src\Http\ResponseEmitter.php, line 159
Cake\Http\ResponseEmitter->emitStatusLine() C:\Apache24\htdocs\chestcounter\vendor\cakephp\cakephp\src\Http\ResponseEmitter.php, line 68
Cake\Http\ResponseEmitter->emit() C:\Apache24\htdocs\chestcounter\vendor\cakephp\cakephp\src\Http\Server.php, line 148
Cake\Http\Server->emit() C:\Apache24\htdocs\chestcounter\webroot\index.php, line 37
[main]

2025-11-16 20:12:53 warning: Cannot modify header information - headers already sent by (output started at C:\Apache24\htdocs\chestcounter\vendor\cakephp\cakephp\src\Error\Renderer\HtmlErrorRenderer.php:37)
Request URL: /admin/bank/approve/3
Referer URL: http://127.0.0.1/chestcounter/admin/bank/
Client IP: 127.0.0.1
Trace:
Cake\Error\ErrorTrap->handleError() [internal], line ??
C:\Apache24\htdocs\chestcounter\vendor\cakephp\cakephp\src\Http\ResponseEmitter.php C:\Apache24\htdocs\chestcounter\vendor\cakephp\cakephp\src\Http\ResponseEmitter.php, line 192
Cake\Http\ResponseEmitter->emitHeaders() C:\Apache24\htdocs\chestcounter\vendor\cakephp\cakephp\src\Http\ResponseEmitter.php, line 69
Cake\Http\ResponseEmitter->emit() C:\Apache24\htdocs\chestcounter\vendor\cakephp\cakephp\src\Http\Server.php, line 148
Cake\Http\Server->emit() C:\Apache24\htdocs\chestcounter\webroot\index.php, line 37
[main]

2025-11-16 20:12:53 warning: Cannot modify header information - headers already sent by (output started at C:\Apache24\htdocs\chestcounter\vendor\cakephp\cakephp\src\Error\Renderer\HtmlErrorRenderer.php:37)
Request URL: /admin/bank/approve/3
Referer URL: http://127.0.0.1/chestcounter/admin/bank/
Client IP: 127.0.0.1
Trace:
Cake\Error\ErrorTrap->handleError() [internal], line ??
C:\Apache24\htdocs\chestcounter\vendor\cakephp\cakephp\src\Http\ResponseEmitter.php C:\Apache24\htdocs\chestcounter\vendor\cakephp\cakephp\src\Http\ResponseEmitter.php, line 192
Cake\Http\ResponseEmitter->emitHeaders() C:\Apache24\htdocs\chestcounter\vendor\cakephp\cakephp\src\Http\ResponseEmitter.php, line 69
Cake\Http\ResponseEmitter->emit() C:\Apache24\htdocs\chestcounter\vendor\cakephp\cakephp\src\Http\Server.php, line 148
Cake\Http\Server->emit() C:\Apache24\htdocs\chestcounter\webroot\index.php, line 37
[main]

2025-11-16 21:19:49 warning: Unable to emit headers. Headers sent in file=C:\Apache24\htdocs\chestcounter\vendor\cakephp\cakephp\src\Error\Renderer\HtmlErrorRenderer.php line=37
Request URL: /admin/bank/approve/2
Referer URL: http://127.0.0.1/chestcounter/admin/bank/
Client IP: 127.0.0.1
Trace:
Cake\Error\ErrorTrap->handleError() [internal], line ??
C:\Apache24\htdocs\chestcounter\vendor\cakephp\cakephp\src\Http\ResponseEmitter.php C:\Apache24\htdocs\chestcounter\vendor\cakephp\cakephp\src\Http\ResponseEmitter.php, line 65
Cake\Http\ResponseEmitter->emit() C:\Apache24\htdocs\chestcounter\vendor\cakephp\cakephp\src\Http\Server.php, line 148
Cake\Http\Server->emit() C:\Apache24\htdocs\chestcounter\webroot\index.php, line 37
[main]

2025-11-16 21:19:49 warning: Cannot modify header information - headers already sent by (output started at C:\Apache24\htdocs\chestcounter\vendor\cakephp\cakephp\src\Error\Renderer\HtmlErrorRenderer.php:37)
Request URL: /admin/bank/approve/2
Referer URL: http://127.0.0.1/chestcounter/admin/bank/
Client IP: 127.0.0.1
Trace:
Cake\Error\ErrorTrap->handleError() [internal], line ??
C:\Apache24\htdocs\chestcounter\vendor\cakephp\cakephp\src\Http\ResponseEmitter.php C:\Apache24\htdocs\chestcounter\vendor\cakephp\cakephp\src\Http\ResponseEmitter.php, line 159
Cake\Http\ResponseEmitter->emitStatusLine() C:\Apache24\htdocs\chestcounter\vendor\cakephp\cakephp\src\Http\ResponseEmitter.php, line 68
Cake\Http\ResponseEmitter->emit() C:\Apache24\htdocs\chestcounter\vendor\cakephp\cakephp\src\Http\Server.php, line 148
Cake\Http\Server->emit() C:\Apache24\htdocs\chestcounter\webroot\index.php, line 37
[main]

2025-11-16 21:19:49 warning: Cannot modify header information - headers already sent by (output started at C:\Apache24\htdocs\chestcounter\vendor\cakephp\cakephp\src\Error\Renderer\HtmlErrorRenderer.php:37)
Request URL: /admin/bank/approve/2
Referer URL: http://127.0.0.1/chestcounter/admin/bank/
Client IP: 127.0.0.1
Trace:
Cake\Error\ErrorTrap->handleError() [internal], line ??
C:\Apache24\htdocs\chestcounter\vendor\cakephp\cakephp\src\Http\ResponseEmitter.php C:\Apache24\htdocs\chestcounter\vendor\cakephp\cakephp\src\Http\ResponseEmitter.php, line 192
Cake\Http\ResponseEmitter->emitHeaders() C:\Apache24\htdocs\chestcounter\vendor\cakephp\cakephp\src\Http\ResponseEmitter.php, line 69
Cake\Http\ResponseEmitter->emit() C:\Apache24\htdocs\chestcounter\vendor\cakephp\cakephp\src\Http\Server.php, line 148
Cake\Http\Server->emit() C:\Apache24\htdocs\chestcounter\webroot\index.php, line 37
[main]

2025-11-16 21:19:49 warning: Cannot modify header information - headers already sent by (output started at C:\Apache24\htdocs\chestcounter\vendor\cakephp\cakephp\src\Error\Renderer\HtmlErrorRenderer.php:37)
Request URL: /admin/bank/approve/2
Referer URL: http://127.0.0.1/chestcounter/admin/bank/
Client IP: 127.0.0.1
Trace:
Cake\Error\ErrorTrap->handleError() [internal], line ??
C:\Apache24\htdocs\chestcounter\vendor\cakephp\cakephp\src\Http\ResponseEmitter.php C:\Apache24\htdocs\chestcounter\vendor\cakephp\cakephp\src\Http\ResponseEmitter.php, line 192
Cake\Http\ResponseEmitter->emitHeaders() C:\Apache24\htdocs\chestcounter\vendor\cakephp\cakephp\src\Http\ResponseEmitter.php, line 69
Cake\Http\ResponseEmitter->emit() C:\Apache24\htdocs\chestcounter\vendor\cakephp\cakephp\src\Http\Server.php, line 148
Cake\Http\Server->emit() C:\Apache24\htdocs\chestcounter\webroot\index.php, line 37
[main]

2025-11-16 21:21:08 error: [Cake\Controller\Exception\MissingActionException] Action `Admin/BankController::statement()` could not be found, or is not accessible. in C:\Apache24\htdocs\chestcounter\vendor\cakephp\cakephp\src\Controller\Controller.php on line 487
Exception Attributes: array (
  0 => 'Admin/BankController',
  1 => 'statement',
)
Stack Trace:
- CORE\src\Controller\ControllerFactory.php:161
- CORE\src\Controller\ControllerFactory.php:141
- CORE\src\Http\BaseApplication.php:362
- CORE\src\Http\Runner.php:86
- CORE\src\Http\Middleware\CsrfProtectionMiddleware.php:169
- CORE\src\Http\Runner.php:82
- ROOT\vendor\cakephp\authentication\src\Middleware\AuthenticationMiddleware.php:106
- CORE\src\Http\Runner.php:82
- CORE\src\Http\Middleware\BodyParserMiddleware.php:157
- CORE\src\Http\Runner.php:82
- CORE\src\Routing\Middleware\RoutingMiddleware.php:118
- CORE\src\Http\Runner.php:82
- CORE\src\Routing\Middleware\AssetMiddleware.php:69
- CORE\src\Http\Runner.php:82
- CORE\src\Error\Middleware\ErrorHandlerMiddleware.php:115
- CORE\src\Http\Runner.php:82
- CORE\src\Http\Runner.php:60
- CORE\src\Http\Server.php:104
- ROOT\webroot\index.php:37
- [main]:

Request URL: /admin/bank/statement
Referer URL: http://127.0.0.1/chestcounter/admin/bank/
Client IP: 127.0.0.1
2025-11-16 21:21:09 warning: Undefined variable $type
Request URL: /admin/bank/statement
Referer URL: http://127.0.0.1/chestcounter/admin/bank/
Client IP: 127.0.0.1
Trace:
Cake\Error\ErrorTrap->handleError() C:\Apache24\htdocs\chestcounter\vendor\cakephp\cakephp\templates\Error\missing_action.php, line 49
C:\Apache24\htdocs\chestcounter\vendor\cakephp\cakephp\src\View\View.php C:\Apache24\htdocs\chestcounter\vendor\cakephp\cakephp\src\View\View.php, line 1188
Cake\View\View->_evaluate() C:\Apache24\htdocs\chestcounter\vendor\cakephp\cakephp\src\View\View.php, line 1145
Cake\View\View->_render() C:\Apache24\htdocs\chestcounter\vendor\cakephp\cakephp\src\View\View.php, line 785
Cake\View\View->render() C:\Apache24\htdocs\chestcounter\vendor\cakephp\cakephp\src\Controller\Controller.php, line 712
Cake\Controller\Controller->render() C:\Apache24\htdocs\chestcounter\vendor\cakephp\cakephp\src\Error\Renderer\WebExceptionRenderer.php, line 419
Cake\Error\Renderer\WebExceptionRenderer->_outputMessage() C:\Apache24\htdocs\chestcounter\vendor\cakephp\cakephp\src\Error\Renderer\WebExceptionRenderer.php, line 290
Cake\Error\Renderer\WebExceptionRenderer->render() C:\Apache24\htdocs\chestcounter\vendor\cakephp\cakephp\src\Error\Middleware\ErrorHandlerMiddleware.php, line 149
Cake\Error\Middleware\ErrorHandlerMiddleware->handleException() C:\Apache24\htdocs\chestcounter\vendor\cakephp\cakephp\src\Error\Middleware\ErrorHandlerMiddleware.php, line 119
Cake\Error\Middleware\ErrorHandlerMiddleware->process() C:\Apache24\htdocs\chestcounter\vendor\cakephp\cakephp\src\Http\Runner.php, line 82
Cake\Http\Runner->handle() C:\Apache24\htdocs\chestcounter\vendor\cakephp\cakephp\src\Http\Runner.php, line 60
Cake\Http\Runner->run() C:\Apache24\htdocs\chestcounter\vendor\cakephp\cakephp\src\Http\Server.php, line 104
Cake\Http\Server->run() C:\Apache24\htdocs\chestcounter\webroot\index.php, line 37
[main]

2025-11-16 21:21:09 warning: Undefined variable $class
Request URL: /admin/bank/statement
Referer URL: http://127.0.0.1/chestcounter/admin/bank/
Client IP: 127.0.0.1
Trace:
Cake\Error\ErrorTrap->handleError() C:\Apache24\htdocs\chestcounter\vendor\cakephp\cakephp\templates\Error\missing_action.php, line 49
C:\Apache24\htdocs\chestcounter\vendor\cakephp\cakephp\src\View\View.php C:\Apache24\htdocs\chestcounter\vendor\cakephp\cakephp\src\View\View.php, line 1188
Cake\View\View->_evaluate() C:\Apache24\htdocs\chestcounter\vendor\cakephp\cakephp\src\View\View.php, line 1145
Cake\View\View->_render() C:\Apache24\htdocs\chestcounter\vendor\cakephp\cakephp\src\View\View.php, line 785
Cake\View\View->render() C:\Apache24\htdocs\chestcounter\vendor\cakephp\cakephp\src\Controller\Controller.php, line 712
Cake\Controller\Controller->render() C:\Apache24\htdocs\chestcounter\vendor\cakephp\cakephp\src\Error\Renderer\WebExceptionRenderer.php, line 419
Cake\Error\Renderer\WebExceptionRenderer->_outputMessage() C:\Apache24\htdocs\chestcounter\vendor\cakephp\cakephp\src\Error\Renderer\WebExceptionRenderer.php, line 290
Cake\Error\Renderer\WebExceptionRenderer->render() C:\Apache24\htdocs\chestcounter\vendor\cakephp\cakephp\src\Error\Middleware\ErrorHandlerMiddleware.php, line 149
Cake\Error\Middleware\ErrorHandlerMiddleware->handleException() C:\Apache24\htdocs\chestcounter\vendor\cakephp\cakephp\src\Error\Middleware\ErrorHandlerMiddleware.php, line 119
Cake\Error\Middleware\ErrorHandlerMiddleware->process() C:\Apache24\htdocs\chestcounter\vendor\cakephp\cakephp\src\Http\Runner.php, line 82
Cake\Http\Runner->handle() C:\Apache24\htdocs\chestcounter\vendor\cakephp\cakephp\src\Http\Runner.php, line 60
Cake\Http\Runner->run() C:\Apache24\htdocs\chestcounter\vendor\cakephp\cakephp\src\Http\Server.php, line 104
Cake\Http\Server->run() C:\Apache24\htdocs\chestcounter\webroot\index.php, line 37
[main]

2025-11-16 21:21:09 warning: Undefined variable $class
Request URL: /admin/bank/statement
Referer URL: http://127.0.0.1/chestcounter/admin/bank/
Client IP: 127.0.0.1
Trace:
Cake\Error\ErrorTrap->handleError() C:\Apache24\htdocs\chestcounter\vendor\cakephp\cakephp\templates\Error\missing_action.php, line 56
C:\Apache24\htdocs\chestcounter\vendor\cakephp\cakephp\src\View\View.php C:\Apache24\htdocs\chestcounter\vendor\cakephp\cakephp\src\View\View.php, line 1188
Cake\View\View->_evaluate() C:\Apache24\htdocs\chestcounter\vendor\cakephp\cakephp\src\View\View.php, line 1145
Cake\View\View->_render() C:\Apache24\htdocs\chestcounter\vendor\cakephp\cakephp\src\View\View.php, line 785
Cake\View\View->render() C:\Apache24\htdocs\chestcounter\vendor\cakephp\cakephp\src\Controller\Controller.php, line 712
Cake\Controller\Controller->render() C:\Apache24\htdocs\chestcounter\vendor\cakephp\cakephp\src\Error\Renderer\WebExceptionRenderer.php, line 419
Cake\Error\Renderer\WebExceptionRenderer->_outputMessage() C:\Apache24\htdocs\chestcounter\vendor\cakephp\cakephp\src\Error\Renderer\WebExceptionRenderer.php, line 290
Cake\Error\Renderer\WebExceptionRenderer->render() C:\Apache24\htdocs\chestcounter\vendor\cakephp\cakephp\src\Error\Middleware\ErrorHandlerMiddleware.php, line 149
Cake\Error\Middleware\ErrorHandlerMiddleware->handleException() C:\Apache24\htdocs\chestcounter\vendor\cakephp\cakephp\src\Error\Middleware\ErrorHandlerMiddleware.php, line 119
Cake\Error\Middleware\ErrorHandlerMiddleware->process() C:\Apache24\htdocs\chestcounter\vendor\cakephp\cakephp\src\Http\Runner.php, line 82
Cake\Http\Runner->handle() C:\Apache24\htdocs\chestcounter\vendor\cakephp\cakephp\src\Http\Runner.php, line 60
Cake\Http\Runner->run() C:\Apache24\htdocs\chestcounter\vendor\cakephp\cakephp\src\Http\Server.php, line 104
Cake\Http\Server->run() C:\Apache24\htdocs\chestcounter\webroot\index.php, line 37
[main]

2025-11-16 21:21:09 warning: Undefined variable $action
Request URL: /admin/bank/statement
Referer URL: http://127.0.0.1/chestcounter/admin/bank/
Client IP: 127.0.0.1
Trace:
Cake\Error\ErrorTrap->handleError() C:\Apache24\htdocs\chestcounter\vendor\cakephp\cakephp\templates\Error\missing_action.php, line 59
C:\Apache24\htdocs\chestcounter\vendor\cakephp\cakephp\src\View\View.php C:\Apache24\htdocs\chestcounter\vendor\cakephp\cakephp\src\View\View.php, line 1188
Cake\View\View->_evaluate() C:\Apache24\htdocs\chestcounter\vendor\cakephp\cakephp\src\View\View.php, line 1145
Cake\View\View->_render() C:\Apache24\htdocs\chestcounter\vendor\cakephp\cakephp\src\View\View.php, line 785
Cake\View\View->render() C:\Apache24\htdocs\chestcounter\vendor\cakephp\cakephp\src\Controller\Controller.php, line 712
Cake\Controller\Controller->render() C:\Apache24\htdocs\chestcounter\vendor\cakephp\cakephp\src\Error\Renderer\WebExceptionRenderer.php, line 419
Cake\Error\Renderer\WebExceptionRenderer->_outputMessage() C:\Apache24\htdocs\chestcounter\vendor\cakephp\cakephp\src\Error\Renderer\WebExceptionRenderer.php, line 290
Cake\Error\Renderer\WebExceptionRenderer->render() C:\Apache24\htdocs\chestcounter\vendor\cakephp\cakephp\src\Error\Middleware\ErrorHandlerMiddleware.php, line 149
Cake\Error\Middleware\ErrorHandlerMiddleware->handleException() C:\Apache24\htdocs\chestcounter\vendor\cakephp\cakephp\src\Error\Middleware\ErrorHandlerMiddleware.php, line 119
Cake\Error\Middleware\ErrorHandlerMiddleware->process() C:\Apache24\htdocs\chestcounter\vendor\cakephp\cakephp\src\Http\Runner.php, line 82
Cake\Http\Runner->handle() C:\Apache24\htdocs\chestcounter\vendor\cakephp\cakephp\src\Http\Runner.php, line 60
Cake\Http\Runner->run() C:\Apache24\htdocs\chestcounter\vendor\cakephp\cakephp\src\Http\Server.php, line 104
Cake\Http\Server->run() C:\Apache24\htdocs\chestcounter\webroot\index.php, line 37
[main]

2025-11-16 21:21:09 warning: Undefined variable $class
Request URL: /admin/bank/statement
Referer URL: http://127.0.0.1/chestcounter/admin/bank/
Client IP: 127.0.0.1
Trace:
Cake\Error\ErrorTrap->handleError() C:\Apache24\htdocs\chestcounter\vendor\cakephp\cakephp\templates\Error\missing_action.php, line 59
C:\Apache24\htdocs\chestcounter\vendor\cakephp\cakephp\src\View\View.php C:\Apache24\htdocs\chestcounter\vendor\cakephp\cakephp\src\View\View.php, line 1188
Cake\View\View->_evaluate() C:\Apache24\htdocs\chestcounter\vendor\cakephp\cakephp\src\View\View.php, line 1145
Cake\View\View->_render() C:\Apache24\htdocs\chestcounter\vendor\cakephp\cakephp\src\View\View.php, line 785
Cake\View\View->render() C:\Apache24\htdocs\chestcounter\vendor\cakephp\cakephp\src\Controller\Controller.php, line 712
Cake\Controller\Controller->render() C:\Apache24\htdocs\chestcounter\vendor\cakephp\cakephp\src\Error\Renderer\WebExceptionRenderer.php, line 419
Cake\Error\Renderer\WebExceptionRenderer->_outputMessage() C:\Apache24\htdocs\chestcounter\vendor\cakephp\cakephp\src\Error\Renderer\WebExceptionRenderer.php, line 290
Cake\Error\Renderer\WebExceptionRenderer->render() C:\Apache24\htdocs\chestcounter\vendor\cakephp\cakephp\src\Error\Middleware\ErrorHandlerMiddleware.php, line 149
Cake\Error\Middleware\ErrorHandlerMiddleware->handleException() C:\Apache24\htdocs\chestcounter\vendor\cakephp\cakephp\src\Error\Middleware\ErrorHandlerMiddleware.php, line 119
Cake\Error\Middleware\ErrorHandlerMiddleware->process() C:\Apache24\htdocs\chestcounter\vendor\cakephp\cakephp\src\Http\Runner.php, line 82
Cake\Http\Runner->handle() C:\Apache24\htdocs\chestcounter\vendor\cakephp\cakephp\src\Http\Runner.php, line 60
Cake\Http\Runner->run() C:\Apache24\htdocs\chestcounter\vendor\cakephp\cakephp\src\Http\Server.php, line 104
Cake\Http\Server->run() C:\Apache24\htdocs\chestcounter\webroot\index.php, line 37
[main]

2025-11-16 21:21:09 warning: Undefined variable $class
Request URL: /admin/bank/statement
Referer URL: http://127.0.0.1/chestcounter/admin/bank/
Client IP: 127.0.0.1
Trace:
Cake\Error\ErrorTrap->handleError() C:\Apache24\htdocs\chestcounter\vendor\cakephp\cakephp\templates\Error\missing_action.php, line 67
C:\Apache24\htdocs\chestcounter\vendor\cakephp\cakephp\src\View\View.php C:\Apache24\htdocs\chestcounter\vendor\cakephp\cakephp\src\View\View.php, line 1188
Cake\View\View->_evaluate() C:\Apache24\htdocs\chestcounter\vendor\cakephp\cakephp\src\View\View.php, line 1145
Cake\View\View->_render() C:\Apache24\htdocs\chestcounter\vendor\cakephp\cakephp\src\View\View.php, line 785
Cake\View\View->render() C:\Apache24\htdocs\chestcounter\vendor\cakephp\cakephp\src\Controller\Controller.php, line 712
Cake\Controller\Controller->render() C:\Apache24\htdocs\chestcounter\vendor\cakephp\cakephp\src\Error\Renderer\WebExceptionRenderer.php, line 419
Cake\Error\Renderer\WebExceptionRenderer->_outputMessage() C:\Apache24\htdocs\chestcounter\vendor\cakephp\cakephp\src\Error\Renderer\WebExceptionRenderer.php, line 290
Cake\Error\Renderer\WebExceptionRenderer->render() C:\Apache24\htdocs\chestcounter\vendor\cakephp\cakephp\src\Error\Middleware\ErrorHandlerMiddleware.php, line 149
Cake\Error\Middleware\ErrorHandlerMiddleware->handleException() C:\Apache24\htdocs\chestcounter\vendor\cakephp\cakephp\src\Error\Middleware\ErrorHandlerMiddleware.php, line 119
Cake\Error\Middleware\ErrorHandlerMiddleware->process() C:\Apache24\htdocs\chestcounter\vendor\cakephp\cakephp\src\Http\Runner.php, line 82
Cake\Http\Runner->handle() C:\Apache24\htdocs\chestcounter\vendor\cakephp\cakephp\src\Http\Runner.php, line 60
Cake\Http\Runner->run() C:\Apache24\htdocs\chestcounter\vendor\cakephp\cakephp\src\Http\Server.php, line 104
Cake\Http\Server->run() C:\Apache24\htdocs\chestcounter\webroot\index.php, line 37
[main]

2025-11-16 21:21:09 warning: Undefined variable $action
Request URL: /admin/bank/statement
Referer URL: http://127.0.0.1/chestcounter/admin/bank/
Client IP: 127.0.0.1
Trace:
Cake\Error\ErrorTrap->handleError() C:\Apache24\htdocs\chestcounter\vendor\cakephp\cakephp\templates\Error\missing_action.php, line 67
C:\Apache24\htdocs\chestcounter\vendor\cakephp\cakephp\src\View\View.php C:\Apache24\htdocs\chestcounter\vendor\cakephp\cakephp\src\View\View.php, line 1188
Cake\View\View->_evaluate() C:\Apache24\htdocs\chestcounter\vendor\cakephp\cakephp\src\View\View.php, line 1145
Cake\View\View->_render() C:\Apache24\htdocs\chestcounter\vendor\cakephp\cakephp\src\View\View.php, line 785
Cake\View\View->render() C:\Apache24\htdocs\chestcounter\vendor\cakephp\cakephp\src\Controller\Controller.php, line 712
Cake\Controller\Controller->render() C:\Apache24\htdocs\chestcounter\vendor\cakephp\cakephp\src\Error\Renderer\WebExceptionRenderer.php, line 419
Cake\Error\Renderer\WebExceptionRenderer->_outputMessage() C:\Apache24\htdocs\chestcounter\vendor\cakephp\cakephp\src\Error\Renderer\WebExceptionRenderer.php, line 290
Cake\Error\Renderer\WebExceptionRenderer->render() C:\Apache24\htdocs\chestcounter\vendor\cakephp\cakephp\src\Error\Middleware\ErrorHandlerMiddleware.php, line 149
Cake\Error\Middleware\ErrorHandlerMiddleware->handleException() C:\Apache24\htdocs\chestcounter\vendor\cakephp\cakephp\src\Error\Middleware\ErrorHandlerMiddleware.php, line 119
Cake\Error\Middleware\ErrorHandlerMiddleware->process() C:\Apache24\htdocs\chestcounter\vendor\cakephp\cakephp\src\Http\Runner.php, line 82
Cake\Http\Runner->handle() C:\Apache24\htdocs\chestcounter\vendor\cakephp\cakephp\src\Http\Runner.php, line 60
Cake\Http\Runner->run() C:\Apache24\htdocs\chestcounter\vendor\cakephp\cakephp\src\Http\Server.php, line 104
Cake\Http\Server->run() C:\Apache24\htdocs\chestcounter\webroot\index.php, line 37
[main]

2025-11-16 21:21:09 warning: Undefined variable $type
Request URL: /admin/bank/statement
Referer URL: http://127.0.0.1/chestcounter/admin/bank/
Client IP: 127.0.0.1
Trace:
Cake\Error\ErrorTrap->handleError() C:\Apache24\htdocs\chestcounter\vendor\cakephp\cakephp\templates\Error\missing_action.php, line 73
C:\Apache24\htdocs\chestcounter\vendor\cakephp\cakephp\src\View\View.php C:\Apache24\htdocs\chestcounter\vendor\cakephp\cakephp\src\View\View.php, line 1188
Cake\View\View->_evaluate() C:\Apache24\htdocs\chestcounter\vendor\cakephp\cakephp\src\View\View.php, line 1145
Cake\View\View->_render() C:\Apache24\htdocs\chestcounter\vendor\cakephp\cakephp\src\View\View.php, line 785
Cake\View\View->render() C:\Apache24\htdocs\chestcounter\vendor\cakephp\cakephp\src\Controller\Controller.php, line 712
Cake\Controller\Controller->render() C:\Apache24\htdocs\chestcounter\vendor\cakephp\cakephp\src\Error\Renderer\WebExceptionRenderer.php, line 419
Cake\Error\Renderer\WebExceptionRenderer->_outputMessage() C:\Apache24\htdocs\chestcounter\vendor\cakephp\cakephp\src\Error\Renderer\WebExceptionRenderer.php, line 290
Cake\Error\Renderer\WebExceptionRenderer->render() C:\Apache24\htdocs\chestcounter\vendor\cakephp\cakephp\src\Error\Middleware\ErrorHandlerMiddleware.php, line 149
Cake\Error\Middleware\ErrorHandlerMiddleware->handleException() C:\Apache24\htdocs\chestcounter\vendor\cakephp\cakephp\src\Error\Middleware\ErrorHandlerMiddleware.php, line 119
Cake\Error\Middleware\ErrorHandlerMiddleware->process() C:\Apache24\htdocs\chestcounter\vendor\cakephp\cakephp\src\Http\Runner.php, line 82
Cake\Http\Runner->handle() C:\Apache24\htdocs\chestcounter\vendor\cakephp\cakephp\src\Http\Runner.php, line 60
Cake\Http\Runner->run() C:\Apache24\htdocs\chestcounter\vendor\cakephp\cakephp\src\Http\Server.php, line 104
Cake\Http\Server->run() C:\Apache24\htdocs\chestcounter\webroot\index.php, line 37
[main]

2025-11-16 21:21:09 warning: Undefined variable $baseClass
Request URL: /admin/bank/statement
Referer URL: http://127.0.0.1/chestcounter/admin/bank/
Client IP: 127.0.0.1
Trace:
Cake\Error\ErrorTrap->handleError() C:\Apache24\htdocs\chestcounter\vendor\cakephp\cakephp\templates\Error\missing_action.php, line 75
C:\Apache24\htdocs\chestcounter\vendor\cakephp\cakephp\src\View\View.php C:\Apache24\htdocs\chestcounter\vendor\cakephp\cakephp\src\View\View.php, line 1188
Cake\View\View->_evaluate() C:\Apache24\htdocs\chestcounter\vendor\cakephp\cakephp\src\View\View.php, line 1145
Cake\View\View->_render() C:\Apache24\htdocs\chestcounter\vendor\cakephp\cakephp\src\View\View.php, line 785
Cake\View\View->render() C:\Apache24\htdocs\chestcounter\vendor\cakephp\cakephp\src\Controller\Controller.php, line 712
Cake\Controller\Controller->render() C:\Apache24\htdocs\chestcounter\vendor\cakephp\cakephp\src\Error\Renderer\WebExceptionRenderer.php, line 419
Cake\Error\Renderer\WebExceptionRenderer->_outputMessage() C:\Apache24\htdocs\chestcounter\vendor\cakephp\cakephp\src\Error\Renderer\WebExceptionRenderer.php, line 290
Cake\Error\Renderer\WebExceptionRenderer->render() C:\Apache24\htdocs\chestcounter\vendor\cakephp\cakephp\src\Error\Middleware\ErrorHandlerMiddleware.php, line 149
Cake\Error\Middleware\ErrorHandlerMiddleware->handleException() C:\Apache24\htdocs\chestcounter\vendor\cakephp\cakephp\src\Error\Middleware\ErrorHandlerMiddleware.php, line 119
Cake\Error\Middleware\ErrorHandlerMiddleware->process() C:\Apache24\htdocs\chestcounter\vendor\cakephp\cakephp\src\Http\Runner.php, line 82
Cake\Http\Runner->handle() C:\Apache24\htdocs\chestcounter\vendor\cakephp\cakephp\src\Http\Runner.php, line 60
Cake\Http\Runner->run() C:\Apache24\htdocs\chestcounter\vendor\cakephp\cakephp\src\Http\Server.php, line 104
Cake\Http\Server->run() C:\Apache24\htdocs\chestcounter\webroot\index.php, line 37
[main]

2025-11-16 21:21:09 warning: Undefined variable $class
Request URL: /admin/bank/statement
Referer URL: http://127.0.0.1/chestcounter/admin/bank/
Client IP: 127.0.0.1
Trace:
Cake\Error\ErrorTrap->handleError() C:\Apache24\htdocs\chestcounter\vendor\cakephp\cakephp\templates\Error\missing_action.php, line 77
C:\Apache24\htdocs\chestcounter\vendor\cakephp\cakephp\src\View\View.php C:\Apache24\htdocs\chestcounter\vendor\cakephp\cakephp\src\View\View.php, line 1188
Cake\View\View->_evaluate() C:\Apache24\htdocs\chestcounter\vendor\cakephp\cakephp\src\View\View.php, line 1145
Cake\View\View->_render() C:\Apache24\htdocs\chestcounter\vendor\cakephp\cakephp\src\View\View.php, line 785
Cake\View\View->render() C:\Apache24\htdocs\chestcounter\vendor\cakephp\cakephp\src\Controller\Controller.php, line 712
Cake\Controller\Controller->render() C:\Apache24\htdocs\chestcounter\vendor\cakephp\cakephp\src\Error\Renderer\WebExceptionRenderer.php, line 419
Cake\Error\Renderer\WebExceptionRenderer->_outputMessage() C:\Apache24\htdocs\chestcounter\vendor\cakephp\cakephp\src\Error\Renderer\WebExceptionRenderer.php, line 290
Cake\Error\Renderer\WebExceptionRenderer->render() C:\Apache24\htdocs\chestcounter\vendor\cakephp\cakephp\src\Error\Middleware\ErrorHandlerMiddleware.php, line 149
Cake\Error\Middleware\ErrorHandlerMiddleware->handleException() C:\Apache24\htdocs\chestcounter\vendor\cakephp\cakephp\src\Error\Middleware\ErrorHandlerMiddleware.php, line 119
Cake\Error\Middleware\ErrorHandlerMiddleware->process() C:\Apache24\htdocs\chestcounter\vendor\cakephp\cakephp\src\Http\Runner.php, line 82
Cake\Http\Runner->handle() C:\Apache24\htdocs\chestcounter\vendor\cakephp\cakephp\src\Http\Runner.php, line 60
Cake\Http\Runner->run() C:\Apache24\htdocs\chestcounter\vendor\cakephp\cakephp\src\Http\Server.php, line 104
Cake\Http\Server->run() C:\Apache24\htdocs\chestcounter\webroot\index.php, line 37
[main]

2025-11-16 21:21:09 warning: Undefined variable $extends
Request URL: /admin/bank/statement
Referer URL: http://127.0.0.1/chestcounter/admin/bank/
Client IP: 127.0.0.1
Trace:
Cake\Error\ErrorTrap->handleError() C:\Apache24\htdocs\chestcounter\vendor\cakephp\cakephp\templates\Error\missing_action.php, line 77
C:\Apache24\htdocs\chestcounter\vendor\cakephp\cakephp\src\View\View.php C:\Apache24\htdocs\chestcounter\vendor\cakephp\cakephp\src\View\View.php, line 1188
Cake\View\View->_evaluate() C:\Apache24\htdocs\chestcounter\vendor\cakephp\cakephp\src\View\View.php, line 1145
Cake\View\View->_render() C:\Apache24\htdocs\chestcounter\vendor\cakephp\cakephp\src\View\View.php, line 785
Cake\View\View->render() C:\Apache24\htdocs\chestcounter\vendor\cakephp\cakephp\src\Controller\Controller.php, line 712
Cake\Controller\Controller->render() C:\Apache24\htdocs\chestcounter\vendor\cakephp\cakephp\src\Error\Renderer\WebExceptionRenderer.php, line 419
Cake\Error\Renderer\WebExceptionRenderer->_outputMessage() C:\Apache24\htdocs\chestcounter\vendor\cakephp\cakephp\src\Error\Renderer\WebExceptionRenderer.php, line 290
Cake\Error\Renderer\WebExceptionRenderer->render() C:\Apache24\htdocs\chestcounter\vendor\cakephp\cakephp\src\Error\Middleware\ErrorHandlerMiddleware.php, line 149
Cake\Error\Middleware\ErrorHandlerMiddleware->handleException() C:\Apache24\htdocs\chestcounter\vendor\cakephp\cakephp\src\Error\Middleware\ErrorHandlerMiddleware.php, line 119
Cake\Error\Middleware\ErrorHandlerMiddleware->process() C:\Apache24\htdocs\chestcounter\vendor\cakephp\cakephp\src\Http\Runner.php, line 82
Cake\Http\Runner->handle() C:\Apache24\htdocs\chestcounter\vendor\cakephp\cakephp\src\Http\Runner.php, line 60
Cake\Http\Runner->run() C:\Apache24\htdocs\chestcounter\vendor\cakephp\cakephp\src\Http\Server.php, line 104
Cake\Http\Server->run() C:\Apache24\htdocs\chestcounter\webroot\index.php, line 37
[main]

2025-11-16 21:21:09 warning: Undefined variable $action
Request URL: /admin/bank/statement
Referer URL: http://127.0.0.1/chestcounter/admin/bank/
Client IP: 127.0.0.1
Trace:
Cake\Error\ErrorTrap->handleError() C:\Apache24\htdocs\chestcounter\vendor\cakephp\cakephp\templates\Error\missing_action.php, line 80
C:\Apache24\htdocs\chestcounter\vendor\cakephp\cakephp\src\View\View.php C:\Apache24\htdocs\chestcounter\vendor\cakephp\cakephp\src\View\View.php, line 1188
Cake\View\View->_evaluate() C:\Apache24\htdocs\chestcounter\vendor\cakephp\cakephp\src\View\View.php, line 1145
Cake\View\View->_render() C:\Apache24\htdocs\chestcounter\vendor\cakephp\cakephp\src\View\View.php, line 785
Cake\View\View->render() C:\Apache24\htdocs\chestcounter\vendor\cakephp\cakephp\src\Controller\Controller.php, line 712
Cake\Controller\Controller->render() C:\Apache24\htdocs\chestcounter\vendor\cakephp\cakephp\src\Error\Renderer\WebExceptionRenderer.php, line 419
Cake\Error\Renderer\WebExceptionRenderer->_outputMessage() C:\Apache24\htdocs\chestcounter\vendor\cakephp\cakephp\src\Error\Renderer\WebExceptionRenderer.php, line 290
Cake\Error\Renderer\WebExceptionRenderer->render() C:\Apache24\htdocs\chestcounter\vendor\cakephp\cakephp\src\Error\Middleware\ErrorHandlerMiddleware.php, line 149
Cake\Error\Middleware\ErrorHandlerMiddleware->handleException() C:\Apache24\htdocs\chestcounter\vendor\cakephp\cakephp\src\Error\Middleware\ErrorHandlerMiddleware.php, line 119
Cake\Error\Middleware\ErrorHandlerMiddleware->process() C:\Apache24\htdocs\chestcounter\vendor\cakephp\cakephp\src\Http\Runner.php, line 82
Cake\Http\Runner->handle() C:\Apache24\htdocs\chestcounter\vendor\cakephp\cakephp\src\Http\Runner.php, line 60
Cake\Http\Runner->run() C:\Apache24\htdocs\chestcounter\vendor\cakephp\cakephp\src\Http\Server.php, line 104
Cake\Http\Server->run() C:\Apache24\htdocs\chestcounter\webroot\index.php, line 37
[main]

2025-11-16 21:21:33 error: [Cake\Controller\Exception\MissingActionException] Action `Admin/BankController::deposit()` could not be found, or is not accessible. in C:\Apache24\htdocs\chestcounter\vendor\cakephp\cakephp\src\Controller\Controller.php on line 487
Exception Attributes: array (
  0 => 'Admin/BankController',
  1 => 'deposit',
)
Stack Trace:
- CORE\src\Controller\ControllerFactory.php:161
- CORE\src\Controller\ControllerFactory.php:141
- CORE\src\Http\BaseApplication.php:362
- CORE\src\Http\Runner.php:86
- CORE\src\Http\Middleware\CsrfProtectionMiddleware.php:169
- CORE\src\Http\Runner.php:82
- ROOT\vendor\cakephp\authentication\src\Middleware\AuthenticationMiddleware.php:106
- CORE\src\Http\Runner.php:82
- CORE\src\Http\Middleware\BodyParserMiddleware.php:157
- CORE\src\Http\Runner.php:82
- CORE\src\Routing\Middleware\RoutingMiddleware.php:118
- CORE\src\Http\Runner.php:82
- CORE\src\Routing\Middleware\AssetMiddleware.php:69
- CORE\src\Http\Runner.php:82
- CORE\src\Error\Middleware\ErrorHandlerMiddleware.php:115
- CORE\src\Http\Runner.php:82
- CORE\src\Http\Runner.php:60
- CORE\src\Http\Server.php:104
- ROOT\webroot\index.php:37
- [main]:

Request URL: /admin/bank/deposit
Referer URL: http://127.0.0.1/chestcounter/admin/bank
Client IP: 127.0.0.1
2025-11-16 21:21:33 warning: Undefined variable $type
Request URL: /admin/bank/deposit
Referer URL: http://127.0.0.1/chestcounter/admin/bank
Client IP: 127.0.0.1
Trace:
Cake\Error\ErrorTrap->handleError() C:\Apache24\htdocs\chestcounter\vendor\cakephp\cakephp\templates\Error\missing_action.php, line 49
C:\Apache24\htdocs\chestcounter\vendor\cakephp\cakephp\src\View\View.php C:\Apache24\htdocs\chestcounter\vendor\cakephp\cakephp\src\View\View.php, line 1188
Cake\View\View->_evaluate() C:\Apache24\htdocs\chestcounter\vendor\cakephp\cakephp\src\View\View.php, line 1145
Cake\View\View->_render() C:\Apache24\htdocs\chestcounter\vendor\cakephp\cakephp\src\View\View.php, line 785
Cake\View\View->render() C:\Apache24\htdocs\chestcounter\vendor\cakephp\cakephp\src\Controller\Controller.php, line 712
Cake\Controller\Controller->render() C:\Apache24\htdocs\chestcounter\vendor\cakephp\cakephp\src\Error\Renderer\WebExceptionRenderer.php, line 419
Cake\Error\Renderer\WebExceptionRenderer->_outputMessage() C:\Apache24\htdocs\chestcounter\vendor\cakephp\cakephp\src\Error\Renderer\WebExceptionRenderer.php, line 290
Cake\Error\Renderer\WebExceptionRenderer->render() C:\Apache24\htdocs\chestcounter\vendor\cakephp\cakephp\src\Error\Middleware\ErrorHandlerMiddleware.php, line 149
Cake\Error\Middleware\ErrorHandlerMiddleware->handleException() C:\Apache24\htdocs\chestcounter\vendor\cakephp\cakephp\src\Error\Middleware\ErrorHandlerMiddleware.php, line 119
Cake\Error\Middleware\ErrorHandlerMiddleware->process() C:\Apache24\htdocs\chestcounter\vendor\cakephp\cakephp\src\Http\Runner.php, line 82
Cake\Http\Runner->handle() C:\Apache24\htdocs\chestcounter\vendor\cakephp\cakephp\src\Http\Runner.php, line 60
Cake\Http\Runner->run() C:\Apache24\htdocs\chestcounter\vendor\cakephp\cakephp\src\Http\Server.php, line 104
Cake\Http\Server->run() C:\Apache24\htdocs\chestcounter\webroot\index.php, line 37
[main]

2025-11-16 21:21:33 warning: Undefined variable $class
Request URL: /admin/bank/deposit
Referer URL: http://127.0.0.1/chestcounter/admin/bank
Client IP: 127.0.0.1
Trace:
Cake\Error\ErrorTrap->handleError() C:\Apache24\htdocs\chestcounter\vendor\cakephp\cakephp\templates\Error\missing_action.php, line 49
C:\Apache24\htdocs\chestcounter\vendor\cakephp\cakephp\src\View\View.php C:\Apache24\htdocs\chestcounter\vendor\cakephp\cakephp\src\View\View.php, line 1188
Cake\View\View->_evaluate() C:\Apache24\htdocs\chestcounter\vendor\cakephp\cakephp\src\View\View.php, line 1145
Cake\View\View->_render() C:\Apache24\htdocs\chestcounter\vendor\cakephp\cakephp\src\View\View.php, line 785
Cake\View\View->render() C:\Apache24\htdocs\chestcounter\vendor\cakephp\cakephp\src\Controller\Controller.php, line 712
Cake\Controller\Controller->render() C:\Apache24\htdocs\chestcounter\vendor\cakephp\cakephp\src\Error\Renderer\WebExceptionRenderer.php, line 419
Cake\Error\Renderer\WebExceptionRenderer->_outputMessage() C:\Apache24\htdocs\chestcounter\vendor\cakephp\cakephp\src\Error\Renderer\WebExceptionRenderer.php, line 290
Cake\Error\Renderer\WebExceptionRenderer->render() C:\Apache24\htdocs\chestcounter\vendor\cakephp\cakephp\src\Error\Middleware\ErrorHandlerMiddleware.php, line 149
Cake\Error\Middleware\ErrorHandlerMiddleware->handleException() C:\Apache24\htdocs\chestcounter\vendor\cakephp\cakephp\src\Error\Middleware\ErrorHandlerMiddleware.php, line 119
Cake\Error\Middleware\ErrorHandlerMiddleware->process() C:\Apache24\htdocs\chestcounter\vendor\cakephp\cakephp\src\Http\Runner.php, line 82
Cake\Http\Runner->handle() C:\Apache24\htdocs\chestcounter\vendor\cakephp\cakephp\src\Http\Runner.php, line 60
Cake\Http\Runner->run() C:\Apache24\htdocs\chestcounter\vendor\cakephp\cakephp\src\Http\Server.php, line 104
Cake\Http\Server->run() C:\Apache24\htdocs\chestcounter\webroot\index.php, line 37
[main]

2025-11-16 21:21:33 warning: Undefined variable $class
Request URL: /admin/bank/deposit
Referer URL: http://127.0.0.1/chestcounter/admin/bank
Client IP: 127.0.0.1
Trace:
Cake\Error\ErrorTrap->handleError() C:\Apache24\htdocs\chestcounter\vendor\cakephp\cakephp\templates\Error\missing_action.php, line 56
C:\Apache24\htdocs\chestcounter\vendor\cakephp\cakephp\src\View\View.php C:\Apache24\htdocs\chestcounter\vendor\cakephp\cakephp\src\View\View.php, line 1188
Cake\View\View->_evaluate() C:\Apache24\htdocs\chestcounter\vendor\cakephp\cakephp\src\View\View.php, line 1145
Cake\View\View->_render() C:\Apache24\htdocs\chestcounter\vendor\cakephp\cakephp\src\View\View.php, line 785
Cake\View\View->render() C:\Apache24\htdocs\chestcounter\vendor\cakephp\cakephp\src\Controller\Controller.php, line 712
Cake\Controller\Controller->render() C:\Apache24\htdocs\chestcounter\vendor\cakephp\cakephp\src\Error\Renderer\WebExceptionRenderer.php, line 419
Cake\Error\Renderer\WebExceptionRenderer->_outputMessage() C:\Apache24\htdocs\chestcounter\vendor\cakephp\cakephp\src\Error\Renderer\WebExceptionRenderer.php, line 290
Cake\Error\Renderer\WebExceptionRenderer->render() C:\Apache24\htdocs\chestcounter\vendor\cakephp\cakephp\src\Error\Middleware\ErrorHandlerMiddleware.php, line 149
Cake\Error\Middleware\ErrorHandlerMiddleware->handleException() C:\Apache24\htdocs\chestcounter\vendor\cakephp\cakephp\src\Error\Middleware\ErrorHandlerMiddleware.php, line 119
Cake\Error\Middleware\ErrorHandlerMiddleware->process() C:\Apache24\htdocs\chestcounter\vendor\cakephp\cakephp\src\Http\Runner.php, line 82
Cake\Http\Runner->handle() C:\Apache24\htdocs\chestcounter\vendor\cakephp\cakephp\src\Http\Runner.php, line 60
Cake\Http\Runner->run() C:\Apache24\htdocs\chestcounter\vendor\cakephp\cakephp\src\Http\Server.php, line 104
Cake\Http\Server->run() C:\Apache24\htdocs\chestcounter\webroot\index.php, line 37
[main]

2025-11-16 21:21:33 warning: Undefined variable $action
Request URL: /admin/bank/deposit
Referer URL: http://127.0.0.1/chestcounter/admin/bank
Client IP: 127.0.0.1
Trace:
Cake\Error\ErrorTrap->handleError() C:\Apache24\htdocs\chestcounter\vendor\cakephp\cakephp\templates\Error\missing_action.php, line 59
C:\Apache24\htdocs\chestcounter\vendor\cakephp\cakephp\src\View\View.php C:\Apache24\htdocs\chestcounter\vendor\cakephp\cakephp\src\View\View.php, line 1188
Cake\View\View->_evaluate() C:\Apache24\htdocs\chestcounter\vendor\cakephp\cakephp\src\View\View.php, line 1145
Cake\View\View->_render() C:\Apache24\htdocs\chestcounter\vendor\cakephp\cakephp\src\View\View.php, line 785
Cake\View\View->render() C:\Apache24\htdocs\chestcounter\vendor\cakephp\cakephp\src\Controller\Controller.php, line 712
Cake\Controller\Controller->render() C:\Apache24\htdocs\chestcounter\vendor\cakephp\cakephp\src\Error\Renderer\WebExceptionRenderer.php, line 419
Cake\Error\Renderer\WebExceptionRenderer->_outputMessage() C:\Apache24\htdocs\chestcounter\vendor\cakephp\cakephp\src\Error\Renderer\WebExceptionRenderer.php, line 290
Cake\Error\Renderer\WebExceptionRenderer->render() C:\Apache24\htdocs\chestcounter\vendor\cakephp\cakephp\src\Error\Middleware\ErrorHandlerMiddleware.php, line 149
Cake\Error\Middleware\ErrorHandlerMiddleware->handleException() C:\Apache24\htdocs\chestcounter\vendor\cakephp\cakephp\src\Error\Middleware\ErrorHandlerMiddleware.php, line 119
Cake\Error\Middleware\ErrorHandlerMiddleware->process() C:\Apache24\htdocs\chestcounter\vendor\cakephp\cakephp\src\Http\Runner.php, line 82
Cake\Http\Runner->handle() C:\Apache24\htdocs\chestcounter\vendor\cakephp\cakephp\src\Http\Runner.php, line 60
Cake\Http\Runner->run() C:\Apache24\htdocs\chestcounter\vendor\cakephp\cakephp\src\Http\Server.php, line 104
Cake\Http\Server->run() C:\Apache24\htdocs\chestcounter\webroot\index.php, line 37
[main]

2025-11-16 21:21:33 warning: Undefined variable $class
Request URL: /admin/bank/deposit
Referer URL: http://127.0.0.1/chestcounter/admin/bank
Client IP: 127.0.0.1
Trace:
Cake\Error\ErrorTrap->handleError() C:\Apache24\htdocs\chestcounter\vendor\cakephp\cakephp\templates\Error\missing_action.php, line 59
C:\Apache24\htdocs\chestcounter\vendor\cakephp\cakephp\src\View\View.php C:\Apache24\htdocs\chestcounter\vendor\cakephp\cakephp\src\View\View.php, line 1188
Cake\View\View->_evaluate() C:\Apache24\htdocs\chestcounter\vendor\cakephp\cakephp\src\View\View.php, line 1145
Cake\View\View->_render() C:\Apache24\htdocs\chestcounter\vendor\cakephp\cakephp\src\View\View.php, line 785
Cake\View\View->render() C:\Apache24\htdocs\chestcounter\vendor\cakephp\cakephp\src\Controller\Controller.php, line 712
Cake\Controller\Controller->render() C:\Apache24\htdocs\chestcounter\vendor\cakephp\cakephp\src\Error\Renderer\WebExceptionRenderer.php, line 419
Cake\Error\Renderer\WebExceptionRenderer->_outputMessage() C:\Apache24\htdocs\chestcounter\vendor\cakephp\cakephp\src\Error\Renderer\WebExceptionRenderer.php, line 290
Cake\Error\Renderer\WebExceptionRenderer->render() C:\Apache24\htdocs\chestcounter\vendor\cakephp\cakephp\src\Error\Middleware\ErrorHandlerMiddleware.php, line 149
Cake\Error\Middleware\ErrorHandlerMiddleware->handleException() C:\Apache24\htdocs\chestcounter\vendor\cakephp\cakephp\src\Error\Middleware\ErrorHandlerMiddleware.php, line 119
Cake\Error\Middleware\ErrorHandlerMiddleware->process() C:\Apache24\htdocs\chestcounter\vendor\cakephp\cakephp\src\Http\Runner.php, line 82
Cake\Http\Runner->handle() C:\Apache24\htdocs\chestcounter\vendor\cakephp\cakephp\src\Http\Runner.php, line 60
Cake\Http\Runner->run() C:\Apache24\htdocs\chestcounter\vendor\cakephp\cakephp\src\Http\Server.php, line 104
Cake\Http\Server->run() C:\Apache24\htdocs\chestcounter\webroot\index.php, line 37
[main]

2025-11-16 21:21:33 warning: Undefined variable $class
Request URL: /admin/bank/deposit
Referer URL: http://127.0.0.1/chestcounter/admin/bank
Client IP: 127.0.0.1
Trace:
Cake\Error\ErrorTrap->handleError() C:\Apache24\htdocs\chestcounter\vendor\cakephp\cakephp\templates\Error\missing_action.php, line 67
C:\Apache24\htdocs\chestcounter\vendor\cakephp\cakephp\src\View\View.php C:\Apache24\htdocs\chestcounter\vendor\cakephp\cakephp\src\View\View.php, line 1188
Cake\View\View->_evaluate() C:\Apache24\htdocs\chestcounter\vendor\cakephp\cakephp\src\View\View.php, line 1145
Cake\View\View->_render() C:\Apache24\htdocs\chestcounter\vendor\cakephp\cakephp\src\View\View.php, line 785
Cake\View\View->render() C:\Apache24\htdocs\chestcounter\vendor\cakephp\cakephp\src\Controller\Controller.php, line 712
Cake\Controller\Controller->render() C:\Apache24\htdocs\chestcounter\vendor\cakephp\cakephp\src\Error\Renderer\WebExceptionRenderer.php, line 419
Cake\Error\Renderer\WebExceptionRenderer->_outputMessage() C:\Apache24\htdocs\chestcounter\vendor\cakephp\cakephp\src\Error\Renderer\WebExceptionRenderer.php, line 290
Cake\Error\Renderer\WebExceptionRenderer->render() C:\Apache24\htdocs\chestcounter\vendor\cakephp\cakephp\src\Error\Middleware\ErrorHandlerMiddleware.php, line 149
Cake\Error\Middleware\ErrorHandlerMiddleware->handleException() C:\Apache24\htdocs\chestcounter\vendor\cakephp\cakephp\src\Error\Middleware\ErrorHandlerMiddleware.php, line 119
Cake\Error\Middleware\ErrorHandlerMiddleware->process() C:\Apache24\htdocs\chestcounter\vendor\cakephp\cakephp\src\Http\Runner.php, line 82
Cake\Http\Runner->handle() C:\Apache24\htdocs\chestcounter\vendor\cakephp\cakephp\src\Http\Runner.php, line 60
Cake\Http\Runner->run() C:\Apache24\htdocs\chestcounter\vendor\cakephp\cakephp\src\Http\Server.php, line 104
Cake\Http\Server->run() C:\Apache24\htdocs\chestcounter\webroot\index.php, line 37
[main]

2025-11-16 21:21:33 warning: Undefined variable $action
Request URL: /admin/bank/deposit
Referer URL: http://127.0.0.1/chestcounter/admin/bank
Client IP: 127.0.0.1
Trace:
Cake\Error\ErrorTrap->handleError() C:\Apache24\htdocs\chestcounter\vendor\cakephp\cakephp\templates\Error\missing_action.php, line 67
C:\Apache24\htdocs\chestcounter\vendor\cakephp\cakephp\src\View\View.php C:\Apache24\htdocs\chestcounter\vendor\cakephp\cakephp\src\View\View.php, line 1188
Cake\View\View->_evaluate() C:\Apache24\htdocs\chestcounter\vendor\cakephp\cakephp\src\View\View.php, line 1145
Cake\View\View->_render() C:\Apache24\htdocs\chestcounter\vendor\cakephp\cakephp\src\View\View.php, line 785
Cake\View\View->render() C:\Apache24\htdocs\chestcounter\vendor\cakephp\cakephp\src\Controller\Controller.php, line 712
Cake\Controller\Controller->render() C:\Apache24\htdocs\chestcounter\vendor\cakephp\cakephp\src\Error\Renderer\WebExceptionRenderer.php, line 419
Cake\Error\Renderer\WebExceptionRenderer->_outputMessage() C:\Apache24\htdocs\chestcounter\vendor\cakephp\cakephp\src\Error\Renderer\WebExceptionRenderer.php, line 290
Cake\Error\Renderer\WebExceptionRenderer->render() C:\Apache24\htdocs\chestcounter\vendor\cakephp\cakephp\src\Error\Middleware\ErrorHandlerMiddleware.php, line 149
Cake\Error\Middleware\ErrorHandlerMiddleware->handleException() C:\Apache24\htdocs\chestcounter\vendor\cakephp\cakephp\src\Error\Middleware\ErrorHandlerMiddleware.php, line 119
Cake\Error\Middleware\ErrorHandlerMiddleware->process() C:\Apache24\htdocs\chestcounter\vendor\cakephp\cakephp\src\Http\Runner.php, line 82
Cake\Http\Runner->handle() C:\Apache24\htdocs\chestcounter\vendor\cakephp\cakephp\src\Http\Runner.php, line 60
Cake\Http\Runner->run() C:\Apache24\htdocs\chestcounter\vendor\cakephp\cakephp\src\Http\Server.php, line 104
Cake\Http\Server->run() C:\Apache24\htdocs\chestcounter\webroot\index.php, line 37
[main]

2025-11-16 21:21:33 warning: Undefined variable $type
Request URL: /admin/bank/deposit
Referer URL: http://127.0.0.1/chestcounter/admin/bank
Client IP: 127.0.0.1
Trace:
Cake\Error\ErrorTrap->handleError() C:\Apache24\htdocs\chestcounter\vendor\cakephp\cakephp\templates\Error\missing_action.php, line 73
C:\Apache24\htdocs\chestcounter\vendor\cakephp\cakephp\src\View\View.php C:\Apache24\htdocs\chestcounter\vendor\cakephp\cakephp\src\View\View.php, line 1188
Cake\View\View->_evaluate() C:\Apache24\htdocs\chestcounter\vendor\cakephp\cakephp\src\View\View.php, line 1145
Cake\View\View->_render() C:\Apache24\htdocs\chestcounter\vendor\cakephp\cakephp\src\View\View.php, line 785
Cake\View\View->render() C:\Apache24\htdocs\chestcounter\vendor\cakephp\cakephp\src\Controller\Controller.php, line 712
Cake\Controller\Controller->render() C:\Apache24\htdocs\chestcounter\vendor\cakephp\cakephp\src\Error\Renderer\WebExceptionRenderer.php, line 419
Cake\Error\Renderer\WebExceptionRenderer->_outputMessage() C:\Apache24\htdocs\chestcounter\vendor\cakephp\cakephp\src\Error\Renderer\WebExceptionRenderer.php, line 290
Cake\Error\Renderer\WebExceptionRenderer->render() C:\Apache24\htdocs\chestcounter\vendor\cakephp\cakephp\src\Error\Middleware\ErrorHandlerMiddleware.php, line 149
Cake\Error\Middleware\ErrorHandlerMiddleware->handleException() C:\Apache24\htdocs\chestcounter\vendor\cakephp\cakephp\src\Error\Middleware\ErrorHandlerMiddleware.php, line 119
Cake\Error\Middleware\ErrorHandlerMiddleware->process() C:\Apache24\htdocs\chestcounter\vendor\cakephp\cakephp\src\Http\Runner.php, line 82
Cake\Http\Runner->handle() C:\Apache24\htdocs\chestcounter\vendor\cakephp\cakephp\src\Http\Runner.php, line 60
Cake\Http\Runner->run() C:\Apache24\htdocs\chestcounter\vendor\cakephp\cakephp\src\Http\Server.php, line 104
Cake\Http\Server->run() C:\Apache24\htdocs\chestcounter\webroot\index.php, line 37
[main]

2025-11-16 21:21:33 warning: Undefined variable $baseClass
Request URL: /admin/bank/deposit
Referer URL: http://127.0.0.1/chestcounter/admin/bank
Client IP: 127.0.0.1
Trace:
Cake\Error\ErrorTrap->handleError() C:\Apache24\htdocs\chestcounter\vendor\cakephp\cakephp\templates\Error\missing_action.php, line 75
C:\Apache24\htdocs\chestcounter\vendor\cakephp\cakephp\src\View\View.php C:\Apache24\htdocs\chestcounter\vendor\cakephp\cakephp\src\View\View.php, line 1188
Cake\View\View->_evaluate() C:\Apache24\htdocs\chestcounter\vendor\cakephp\cakephp\src\View\View.php, line 1145
Cake\View\View->_render() C:\Apache24\htdocs\chestcounter\vendor\cakephp\cakephp\src\View\View.php, line 785
Cake\View\View->render() C:\Apache24\htdocs\chestcounter\vendor\cakephp\cakephp\src\Controller\Controller.php, line 712
Cake\Controller\Controller->render() C:\Apache24\htdocs\chestcounter\vendor\cakephp\cakephp\src\Error\Renderer\WebExceptionRenderer.php, line 419
Cake\Error\Renderer\WebExceptionRenderer->_outputMessage() C:\Apache24\htdocs\chestcounter\vendor\cakephp\cakephp\src\Error\Renderer\WebExceptionRenderer.php, line 290
Cake\Error\Renderer\WebExceptionRenderer->render() C:\Apache24\htdocs\chestcounter\vendor\cakephp\cakephp\src\Error\Middleware\ErrorHandlerMiddleware.php, line 149
Cake\Error\Middleware\ErrorHandlerMiddleware->handleException() C:\Apache24\htdocs\chestcounter\vendor\cakephp\cakephp\src\Error\Middleware\ErrorHandlerMiddleware.php, line 119
Cake\Error\Middleware\ErrorHandlerMiddleware->process() C:\Apache24\htdocs\chestcounter\vendor\cakephp\cakephp\src\Http\Runner.php, line 82
Cake\Http\Runner->handle() C:\Apache24\htdocs\chestcounter\vendor\cakephp\cakephp\src\Http\Runner.php, line 60
Cake\Http\Runner->run() C:\Apache24\htdocs\chestcounter\vendor\cakephp\cakephp\src\Http\Server.php, line 104
Cake\Http\Server->run() C:\Apache24\htdocs\chestcounter\webroot\index.php, line 37
[main]

2025-11-16 21:21:33 warning: Undefined variable $class
Request URL: /admin/bank/deposit
Referer URL: http://127.0.0.1/chestcounter/admin/bank
Client IP: 127.0.0.1
Trace:
Cake\Error\ErrorTrap->handleError() C:\Apache24\htdocs\chestcounter\vendor\cakephp\cakephp\templates\Error\missing_action.php, line 77
C:\Apache24\htdocs\chestcounter\vendor\cakephp\cakephp\src\View\View.php C:\Apache24\htdocs\chestcounter\vendor\cakephp\cakephp\src\View\View.php, line 1188
Cake\View\View->_evaluate() C:\Apache24\htdocs\chestcounter\vendor\cakephp\cakephp\src\View\View.php, line 1145
Cake\View\View->_render() C:\Apache24\htdocs\chestcounter\vendor\cakephp\cakephp\src\View\View.php, line 785
Cake\View\View->render() C:\Apache24\htdocs\chestcounter\vendor\cakephp\cakephp\src\Controller\Controller.php, line 712
Cake\Controller\Controller->render() C:\Apache24\htdocs\chestcounter\vendor\cakephp\cakephp\src\Error\Renderer\WebExceptionRenderer.php, line 419
Cake\Error\Renderer\WebExceptionRenderer->_outputMessage() C:\Apache24\htdocs\chestcounter\vendor\cakephp\cakephp\src\Error\Renderer\WebExceptionRenderer.php, line 290
Cake\Error\Renderer\WebExceptionRenderer->render() C:\Apache24\htdocs\chestcounter\vendor\cakephp\cakephp\src\Error\Middleware\ErrorHandlerMiddleware.php, line 149
Cake\Error\Middleware\ErrorHandlerMiddleware->handleException() C:\Apache24\htdocs\chestcounter\vendor\cakephp\cakephp\src\Error\Middleware\ErrorHandlerMiddleware.php, line 119
Cake\Error\Middleware\ErrorHandlerMiddleware->process() C:\Apache24\htdocs\chestcounter\vendor\cakephp\cakephp\src\Http\Runner.php, line 82
Cake\Http\Runner->handle() C:\Apache24\htdocs\chestcounter\vendor\cakephp\cakephp\src\Http\Runner.php, line 60
Cake\Http\Runner->run() C:\Apache24\htdocs\chestcounter\vendor\cakephp\cakephp\src\Http\Server.php, line 104
Cake\Http\Server->run() C:\Apache24\htdocs\chestcounter\webroot\index.php, line 37
[main]

2025-11-16 21:21:33 warning: Undefined variable $extends
Request URL: /admin/bank/deposit
Referer URL: http://127.0.0.1/chestcounter/admin/bank
Client IP: 127.0.0.1
Trace:
Cake\Error\ErrorTrap->handleError() C:\Apache24\htdocs\chestcounter\vendor\cakephp\cakephp\templates\Error\missing_action.php, line 77
C:\Apache24\htdocs\chestcounter\vendor\cakephp\cakephp\src\View\View.php C:\Apache24\htdocs\chestcounter\vendor\cakephp\cakephp\src\View\View.php, line 1188
Cake\View\View->_evaluate() C:\Apache24\htdocs\chestcounter\vendor\cakephp\cakephp\src\View\View.php, line 1145
Cake\View\View->_render() C:\Apache24\htdocs\chestcounter\vendor\cakephp\cakephp\src\View\View.php, line 785
Cake\View\View->render() C:\Apache24\htdocs\chestcounter\vendor\cakephp\cakephp\src\Controller\Controller.php, line 712
Cake\Controller\Controller->render() C:\Apache24\htdocs\chestcounter\vendor\cakephp\cakephp\src\Error\Renderer\WebExceptionRenderer.php, line 419
Cake\Error\Renderer\WebExceptionRenderer->_outputMessage() C:\Apache24\htdocs\chestcounter\vendor\cakephp\cakephp\src\Error\Renderer\WebExceptionRenderer.php, line 290
Cake\Error\Renderer\WebExceptionRenderer->render() C:\Apache24\htdocs\chestcounter\vendor\cakephp\cakephp\src\Error\Middleware\ErrorHandlerMiddleware.php, line 149
Cake\Error\Middleware\ErrorHandlerMiddleware->handleException() C:\Apache24\htdocs\chestcounter\vendor\cakephp\cakephp\src\Error\Middleware\ErrorHandlerMiddleware.php, line 119
Cake\Error\Middleware\ErrorHandlerMiddleware->process() C:\Apache24\htdocs\chestcounter\vendor\cakephp\cakephp\src\Http\Runner.php, line 82
Cake\Http\Runner->handle() C:\Apache24\htdocs\chestcounter\vendor\cakephp\cakephp\src\Http\Runner.php, line 60
Cake\Http\Runner->run() C:\Apache24\htdocs\chestcounter\vendor\cakephp\cakephp\src\Http\Server.php, line 104
Cake\Http\Server->run() C:\Apache24\htdocs\chestcounter\webroot\index.php, line 37
[main]

2025-11-16 21:21:33 warning: Undefined variable $action
Request URL: /admin/bank/deposit
Referer URL: http://127.0.0.1/chestcounter/admin/bank
Client IP: 127.0.0.1
Trace:
Cake\Error\ErrorTrap->handleError() C:\Apache24\htdocs\chestcounter\vendor\cakephp\cakephp\templates\Error\missing_action.php, line 80
C:\Apache24\htdocs\chestcounter\vendor\cakephp\cakephp\src\View\View.php C:\Apache24\htdocs\chestcounter\vendor\cakephp\cakephp\src\View\View.php, line 1188
Cake\View\View->_evaluate() C:\Apache24\htdocs\chestcounter\vendor\cakephp\cakephp\src\View\View.php, line 1145
Cake\View\View->_render() C:\Apache24\htdocs\chestcounter\vendor\cakephp\cakephp\src\View\View.php, line 785
Cake\View\View->render() C:\Apache24\htdocs\chestcounter\vendor\cakephp\cakephp\src\Controller\Controller.php, line 712
Cake\Controller\Controller->render() C:\Apache24\htdocs\chestcounter\vendor\cakephp\cakephp\src\Error\Renderer\WebExceptionRenderer.php, line 419
Cake\Error\Renderer\WebExceptionRenderer->_outputMessage() C:\Apache24\htdocs\chestcounter\vendor\cakephp\cakephp\src\Error\Renderer\WebExceptionRenderer.php, line 290
Cake\Error\Renderer\WebExceptionRenderer->render() C:\Apache24\htdocs\chestcounter\vendor\cakephp\cakephp\src\Error\Middleware\ErrorHandlerMiddleware.php, line 149
Cake\Error\Middleware\ErrorHandlerMiddleware->handleException() C:\Apache24\htdocs\chestcounter\vendor\cakephp\cakephp\src\Error\Middleware\ErrorHandlerMiddleware.php, line 119
Cake\Error\Middleware\ErrorHandlerMiddleware->process() C:\Apache24\htdocs\chestcounter\vendor\cakephp\cakephp\src\Http\Runner.php, line 82
Cake\Http\Runner->handle() C:\Apache24\htdocs\chestcounter\vendor\cakephp\cakephp\src\Http\Runner.php, line 60
Cake\Http\Runner->run() C:\Apache24\htdocs\chestcounter\vendor\cakephp\cakephp\src\Http\Server.php, line 104
Cake\Http\Server->run() C:\Apache24\htdocs\chestcounter\webroot\index.php, line 37
[main]

2025-11-16 21:24:03 warning: Unable to emit headers. Headers sent in file=C:\Apache24\htdocs\chestcounter\vendor\cakephp\cakephp\src\Error\Renderer\HtmlErrorRenderer.php line=37
Request URL: /score
Referer URL: http://127.0.0.1/chestcounter/bank/statement
Client IP: 127.0.0.1
Trace:
Cake\Error\ErrorTrap->handleError() [internal], line ??
C:\Apache24\htdocs\chestcounter\vendor\cakephp\cakephp\src\Http\ResponseEmitter.php C:\Apache24\htdocs\chestcounter\vendor\cakephp\cakephp\src\Http\ResponseEmitter.php, line 65
Cake\Http\ResponseEmitter->emit() C:\Apache24\htdocs\chestcounter\vendor\cakephp\cakephp\src\Http\Server.php, line 148
Cake\Http\Server->emit() C:\Apache24\htdocs\chestcounter\webroot\index.php, line 37
[main]

2025-11-16 21:24:03 warning: Cannot modify header information - headers already sent by (output started at C:\Apache24\htdocs\chestcounter\vendor\cakephp\cakephp\src\Error\Renderer\HtmlErrorRenderer.php:37)
Request URL: /score
Referer URL: http://127.0.0.1/chestcounter/bank/statement
Client IP: 127.0.0.1
Trace:
Cake\Error\ErrorTrap->handleError() [internal], line ??
C:\Apache24\htdocs\chestcounter\vendor\cakephp\cakephp\src\Http\ResponseEmitter.php C:\Apache24\htdocs\chestcounter\vendor\cakephp\cakephp\src\Http\ResponseEmitter.php, line 159
Cake\Http\ResponseEmitter->emitStatusLine() C:\Apache24\htdocs\chestcounter\vendor\cakephp\cakephp\src\Http\ResponseEmitter.php, line 68
Cake\Http\ResponseEmitter->emit() C:\Apache24\htdocs\chestcounter\vendor\cakephp\cakephp\src\Http\Server.php, line 148
Cake\Http\Server->emit() C:\Apache24\htdocs\chestcounter\webroot\index.php, line 37
[main]

2025-11-16 21:24:03 warning: Cannot modify header information - headers already sent by (output started at C:\Apache24\htdocs\chestcounter\vendor\cakephp\cakephp\src\Error\Renderer\HtmlErrorRenderer.php:37)
Request URL: /score
Referer URL: http://127.0.0.1/chestcounter/bank/statement
Client IP: 127.0.0.1
Trace:
Cake\Error\ErrorTrap->handleError() [internal], line ??
C:\Apache24\htdocs\chestcounter\vendor\cakephp\cakephp\src\Http\ResponseEmitter.php C:\Apache24\htdocs\chestcounter\vendor\cakephp\cakephp\src\Http\ResponseEmitter.php, line 192
Cake\Http\ResponseEmitter->emitHeaders() C:\Apache24\htdocs\chestcounter\vendor\cakephp\cakephp\src\Http\ResponseEmitter.php, line 69
Cake\Http\ResponseEmitter->emit() C:\Apache24\htdocs\chestcounter\vendor\cakephp\cakephp\src\Http\Server.php, line 148
Cake\Http\Server->emit() C:\Apache24\htdocs\chestcounter\webroot\index.php, line 37
[main]

2025-11-16 21:24:09 warning: Unable to emit headers. Headers sent in file=C:\Apache24\htdocs\chestcounter\vendor\cakephp\cakephp\src\Error\Renderer\HtmlErrorRenderer.php line=37
Request URL: /score
Referer URL: http://127.0.0.1/chestcounter/users/login
Client IP: 127.0.0.1
Trace:
Cake\Error\ErrorTrap->handleError() [internal], line ??
C:\Apache24\htdocs\chestcounter\vendor\cakephp\cakephp\src\Http\ResponseEmitter.php C:\Apache24\htdocs\chestcounter\vendor\cakephp\cakephp\src\Http\ResponseEmitter.php, line 65
Cake\Http\ResponseEmitter->emit() C:\Apache24\htdocs\chestcounter\vendor\cakephp\cakephp\src\Http\Server.php, line 148
Cake\Http\Server->emit() C:\Apache24\htdocs\chestcounter\webroot\index.php, line 37
[main]

2025-11-16 21:24:09 warning: Cannot modify header information - headers already sent by (output started at C:\Apache24\htdocs\chestcounter\vendor\cakephp\cakephp\src\Error\Renderer\HtmlErrorRenderer.php:37)
Request URL: /score
Referer URL: http://127.0.0.1/chestcounter/users/login
Client IP: 127.0.0.1
Trace:
Cake\Error\ErrorTrap->handleError() [internal], line ??
C:\Apache24\htdocs\chestcounter\vendor\cakephp\cakephp\src\Http\ResponseEmitter.php C:\Apache24\htdocs\chestcounter\vendor\cakephp\cakephp\src\Http\ResponseEmitter.php, line 159
Cake\Http\ResponseEmitter->emitStatusLine() C:\Apache24\htdocs\chestcounter\vendor\cakephp\cakephp\src\Http\ResponseEmitter.php, line 68
Cake\Http\ResponseEmitter->emit() C:\Apache24\htdocs\chestcounter\vendor\cakephp\cakephp\src\Http\Server.php, line 148
Cake\Http\Server->emit() C:\Apache24\htdocs\chestcounter\webroot\index.php, line 37
[main]

2025-11-16 21:24:09 warning: Cannot modify header information - headers already sent by (output started at C:\Apache24\htdocs\chestcounter\vendor\cakephp\cakephp\src\Error\Renderer\HtmlErrorRenderer.php:37)
Request URL: /score
Referer URL: http://127.0.0.1/chestcounter/users/login
Client IP: 127.0.0.1
Trace:
Cake\Error\ErrorTrap->handleError() [internal], line ??
C:\Apache24\htdocs\chestcounter\vendor\cakephp\cakephp\src\Http\ResponseEmitter.php C:\Apache24\htdocs\chestcounter\vendor\cakephp\cakephp\src\Http\ResponseEmitter.php, line 192
Cake\Http\ResponseEmitter->emitHeaders() C:\Apache24\htdocs\chestcounter\vendor\cakephp\cakephp\src\Http\ResponseEmitter.php, line 69
Cake\Http\ResponseEmitter->emit() C:\Apache24\htdocs\chestcounter\vendor\cakephp\cakephp\src\Http\Server.php, line 148
Cake\Http\Server->emit() C:\Apache24\htdocs\chestcounter\webroot\index.php, line 37
[main]

2025-11-16 21:26:19 warning: Unable to emit headers. Headers sent in file=C:\Apache24\htdocs\chestcounter\vendor\cakephp\cakephp\src\Error\Renderer\HtmlErrorRenderer.php line=37
Request URL: /score
Referer URL: http://127.0.0.1/chestcounter/bank
Client IP: 127.0.0.1
Trace:
Cake\Error\ErrorTrap->handleError() [internal], line ??
C:\Apache24\htdocs\chestcounter\vendor\cakephp\cakephp\src\Http\ResponseEmitter.php C:\Apache24\htdocs\chestcounter\vendor\cakephp\cakephp\src\Http\ResponseEmitter.php, line 65
Cake\Http\ResponseEmitter->emit() C:\Apache24\htdocs\chestcounter\vendor\cakephp\cakephp\src\Http\Server.php, line 148
Cake\Http\Server->emit() C:\Apache24\htdocs\chestcounter\webroot\index.php, line 37
[main]

2025-11-16 21:26:19 warning: Cannot modify header information - headers already sent by (output started at C:\Apache24\htdocs\chestcounter\vendor\cakephp\cakephp\src\Error\Renderer\HtmlErrorRenderer.php:37)
Request URL: /score
Referer URL: http://127.0.0.1/chestcounter/bank
Client IP: 127.0.0.1
Trace:
Cake\Error\ErrorTrap->handleError() [internal], line ??
C:\Apache24\htdocs\chestcounter\vendor\cakephp\cakephp\src\Http\ResponseEmitter.php C:\Apache24\htdocs\chestcounter\vendor\cakephp\cakephp\src\Http\ResponseEmitter.php, line 159
Cake\Http\ResponseEmitter->emitStatusLine() C:\Apache24\htdocs\chestcounter\vendor\cakephp\cakephp\src\Http\ResponseEmitter.php, line 68
Cake\Http\ResponseEmitter->emit() C:\Apache24\htdocs\chestcounter\vendor\cakephp\cakephp\src\Http\Server.php, line 148
Cake\Http\Server->emit() C:\Apache24\htdocs\chestcounter\webroot\index.php, line 37
[main]

2025-11-16 21:26:19 warning: Cannot modify header information - headers already sent by (output started at C:\Apache24\htdocs\chestcounter\vendor\cakephp\cakephp\src\Error\Renderer\HtmlErrorRenderer.php:37)
Request URL: /score
Referer URL: http://127.0.0.1/chestcounter/bank
Client IP: 127.0.0.1
Trace:
Cake\Error\ErrorTrap->handleError() [internal], line ??
C:\Apache24\htdocs\chestcounter\vendor\cakephp\cakephp\src\Http\ResponseEmitter.php C:\Apache24\htdocs\chestcounter\vendor\cakephp\cakephp\src\Http\ResponseEmitter.php, line 192
Cake\Http\ResponseEmitter->emitHeaders() C:\Apache24\htdocs\chestcounter\vendor\cakephp\cakephp\src\Http\ResponseEmitter.php, line 69
Cake\Http\ResponseEmitter->emit() C:\Apache24\htdocs\chestcounter\vendor\cakephp\cakephp\src\Http\Server.php, line 148
Cake\Http\Server->emit() C:\Apache24\htdocs\chestcounter\webroot\index.php, line 37
[main]

2025-11-16 21:26:28 warning: Unable to emit headers. Headers sent in file=C:\Apache24\htdocs\chestcounter\vendor\cakephp\cakephp\src\Error\Renderer\HtmlErrorRenderer.php line=37
Request URL: /score
Referer URL: http://127.0.0.1/chestcounter/users/login
Client IP: 127.0.0.1
Trace:
Cake\Error\ErrorTrap->handleError() [internal], line ??
C:\Apache24\htdocs\chestcounter\vendor\cakephp\cakephp\src\Http\ResponseEmitter.php C:\Apache24\htdocs\chestcounter\vendor\cakephp\cakephp\src\Http\ResponseEmitter.php, line 65
Cake\Http\ResponseEmitter->emit() C:\Apache24\htdocs\chestcounter\vendor\cakephp\cakephp\src\Http\Server.php, line 148
Cake\Http\Server->emit() C:\Apache24\htdocs\chestcounter\webroot\index.php, line 37
[main]

2025-11-16 21:26:28 warning: Cannot modify header information - headers already sent by (output started at C:\Apache24\htdocs\chestcounter\vendor\cakephp\cakephp\src\Error\Renderer\HtmlErrorRenderer.php:37)
Request URL: /score
Referer URL: http://127.0.0.1/chestcounter/users/login
Client IP: 127.0.0.1
Trace:
Cake\Error\ErrorTrap->handleError() [internal], line ??
C:\Apache24\htdocs\chestcounter\vendor\cakephp\cakephp\src\Http\ResponseEmitter.php C:\Apache24\htdocs\chestcounter\vendor\cakephp\cakephp\src\Http\ResponseEmitter.php, line 159
Cake\Http\ResponseEmitter->emitStatusLine() C:\Apache24\htdocs\chestcounter\vendor\cakephp\cakephp\src\Http\ResponseEmitter.php, line 68
Cake\Http\ResponseEmitter->emit() C:\Apache24\htdocs\chestcounter\vendor\cakephp\cakephp\src\Http\Server.php, line 148
Cake\Http\Server->emit() C:\Apache24\htdocs\chestcounter\webroot\index.php, line 37
[main]

2025-11-16 21:26:28 warning: Cannot modify header information - headers already sent by (output started at C:\Apache24\htdocs\chestcounter\vendor\cakephp\cakephp\src\Error\Renderer\HtmlErrorRenderer.php:37)
Request URL: /score
Referer URL: http://127.0.0.1/chestcounter/users/login
Client IP: 127.0.0.1
Trace:
Cake\Error\ErrorTrap->handleError() [internal], line ??
C:\Apache24\htdocs\chestcounter\vendor\cakephp\cakephp\src\Http\ResponseEmitter.php C:\Apache24\htdocs\chestcounter\vendor\cakephp\cakephp\src\Http\ResponseEmitter.php, line 192
Cake\Http\ResponseEmitter->emitHeaders() C:\Apache24\htdocs\chestcounter\vendor\cakephp\cakephp\src\Http\ResponseEmitter.php, line 69
Cake\Http\ResponseEmitter->emit() C:\Apache24\htdocs\chestcounter\vendor\cakephp\cakephp\src\Http\Server.php, line 148
Cake\Http\Server->emit() C:\Apache24\htdocs\chestcounter\webroot\index.php, line 37
[main]

2025-11-16 21:32:43 warning: Unable to emit headers. Headers sent in file=C:\Apache24\htdocs\chestcounter\vendor\cakephp\cakephp\src\Error\Renderer\HtmlErrorRenderer.php line=37
Request URL: /admin/bank/approve/5
Referer URL: http://127.0.0.1/chestcounter/admin/bank
Client IP: 127.0.0.1
Trace:
Cake\Error\ErrorTrap->handleError() [internal], line ??
C:\Apache24\htdocs\chestcounter\vendor\cakephp\cakephp\src\Http\ResponseEmitter.php C:\Apache24\htdocs\chestcounter\vendor\cakephp\cakephp\src\Http\ResponseEmitter.php, line 65
Cake\Http\ResponseEmitter->emit() C:\Apache24\htdocs\chestcounter\vendor\cakephp\cakephp\src\Http\Server.php, line 148
Cake\Http\Server->emit() C:\Apache24\htdocs\chestcounter\webroot\index.php, line 37
[main]

2025-11-16 21:32:43 warning: Cannot modify header information - headers already sent by (output started at C:\Apache24\htdocs\chestcounter\vendor\cakephp\cakephp\src\Error\Renderer\HtmlErrorRenderer.php:37)
Request URL: /admin/bank/approve/5
Referer URL: http://127.0.0.1/chestcounter/admin/bank
Client IP: 127.0.0.1
Trace:
Cake\Error\ErrorTrap->handleError() [internal], line ??
C:\Apache24\htdocs\chestcounter\vendor\cakephp\cakephp\src\Http\ResponseEmitter.php C:\Apache24\htdocs\chestcounter\vendor\cakephp\cakephp\src\Http\ResponseEmitter.php, line 159
Cake\Http\ResponseEmitter->emitStatusLine() C:\Apache24\htdocs\chestcounter\vendor\cakephp\cakephp\src\Http\ResponseEmitter.php, line 68
Cake\Http\ResponseEmitter->emit() C:\Apache24\htdocs\chestcounter\vendor\cakephp\cakephp\src\Http\Server.php, line 148
Cake\Http\Server->emit() C:\Apache24\htdocs\chestcounter\webroot\index.php, line 37
[main]

2025-11-16 21:32:43 warning: Cannot modify header information - headers already sent by (output started at C:\Apache24\htdocs\chestcounter\vendor\cakephp\cakephp\src\Error\Renderer\HtmlErrorRenderer.php:37)
Request URL: /admin/bank/approve/5
Referer URL: http://127.0.0.1/chestcounter/admin/bank
Client IP: 127.0.0.1
Trace:
Cake\Error\ErrorTrap->handleError() [internal], line ??
C:\Apache24\htdocs\chestcounter\vendor\cakephp\cakephp\src\Http\ResponseEmitter.php C:\Apache24\htdocs\chestcounter\vendor\cakephp\cakephp\src\Http\ResponseEmitter.php, line 192
Cake\Http\ResponseEmitter->emitHeaders() C:\Apache24\htdocs\chestcounter\vendor\cakephp\cakephp\src\Http\ResponseEmitter.php, line 69
Cake\Http\ResponseEmitter->emit() C:\Apache24\htdocs\chestcounter\vendor\cakephp\cakephp\src\Http\Server.php, line 148
Cake\Http\Server->emit() C:\Apache24\htdocs\chestcounter\webroot\index.php, line 37
[main]

2025-11-16 21:32:43 warning: Cannot modify header information - headers already sent by (output started at C:\Apache24\htdocs\chestcounter\vendor\cakephp\cakephp\src\Error\Renderer\HtmlErrorRenderer.php:37)
Request URL: /admin/bank/approve/5
Referer URL: http://127.0.0.1/chestcounter/admin/bank
Client IP: 127.0.0.1
Trace:
Cake\Error\ErrorTrap->handleError() [internal], line ??
C:\Apache24\htdocs\chestcounter\vendor\cakephp\cakephp\src\Http\ResponseEmitter.php C:\Apache24\htdocs\chestcounter\vendor\cakephp\cakephp\src\Http\ResponseEmitter.php, line 192
Cake\Http\ResponseEmitter->emitHeaders() C:\Apache24\htdocs\chestcounter\vendor\cakephp\cakephp\src\Http\ResponseEmitter.php, line 69
Cake\Http\ResponseEmitter->emit() C:\Apache24\htdocs\chestcounter\vendor\cakephp\cakephp\src\Http\Server.php, line 148
Cake\Http\Server->emit() C:\Apache24\htdocs\chestcounter\webroot\index.php, line 37
[main]

2025-11-16 21:43:56 error: [Cake\Controller\Exception\MissingActionException] Action `Admin/BankController::deposit()` could not be found, or is not accessible. in C:\Apache24\htdocs\chestcounter\vendor\cakephp\cakephp\src\Controller\Controller.php on line 487
Exception Attributes: array (
  0 => 'Admin/BankController',
  1 => 'deposit',
)
Stack Trace:
- CORE\src\Controller\ControllerFactory.php:161
- CORE\src\Controller\ControllerFactory.php:141
- CORE\src\Http\BaseApplication.php:362
- CORE\src\Http\Runner.php:86
- CORE\src\Http\Middleware\CsrfProtectionMiddleware.php:169
- CORE\src\Http\Runner.php:82
- ROOT\vendor\cakephp\authentication\src\Middleware\AuthenticationMiddleware.php:106
- CORE\src\Http\Runner.php:82
- CORE\src\Http\Middleware\BodyParserMiddleware.php:157
- CORE\src\Http\Runner.php:82
- CORE\src\Routing\Middleware\RoutingMiddleware.php:118
- CORE\src\Http\Runner.php:82
- CORE\src\Routing\Middleware\AssetMiddleware.php:69
- CORE\src\Http\Runner.php:82
- CORE\src\Error\Middleware\ErrorHandlerMiddleware.php:115
- CORE\src\Http\Runner.php:82
- CORE\src\Http\Runner.php:60
- CORE\src\Http\Server.php:104
- ROOT\webroot\index.php:37
- [main]:

Request URL: /admin/bank/deposit
Referer URL: http://127.0.0.1/chestcounter/admin/bank/correct/9
Client IP: 127.0.0.1
2025-11-16 21:43:56 warning: Undefined variable $type
Request URL: /admin/bank/deposit
Referer URL: http://127.0.0.1/chestcounter/admin/bank/correct/9
Client IP: 127.0.0.1
Trace:
Cake\Error\ErrorTrap->handleError() C:\Apache24\htdocs\chestcounter\vendor\cakephp\cakephp\templates\Error\missing_action.php, line 49
C:\Apache24\htdocs\chestcounter\vendor\cakephp\cakephp\src\View\View.php C:\Apache24\htdocs\chestcounter\vendor\cakephp\cakephp\src\View\View.php, line 1188
Cake\View\View->_evaluate() C:\Apache24\htdocs\chestcounter\vendor\cakephp\cakephp\src\View\View.php, line 1145
Cake\View\View->_render() C:\Apache24\htdocs\chestcounter\vendor\cakephp\cakephp\src\View\View.php, line 785
Cake\View\View->render() C:\Apache24\htdocs\chestcounter\vendor\cakephp\cakephp\src\Controller\Controller.php, line 712
Cake\Controller\Controller->render() C:\Apache24\htdocs\chestcounter\vendor\cakephp\cakephp\src\Error\Renderer\WebExceptionRenderer.php, line 419
Cake\Error\Renderer\WebExceptionRenderer->_outputMessage() C:\Apache24\htdocs\chestcounter\vendor\cakephp\cakephp\src\Error\Renderer\WebExceptionRenderer.php, line 290
Cake\Error\Renderer\WebExceptionRenderer->render() C:\Apache24\htdocs\chestcounter\vendor\cakephp\cakephp\src\Error\Middleware\ErrorHandlerMiddleware.php, line 149
Cake\Error\Middleware\ErrorHandlerMiddleware->handleException() C:\Apache24\htdocs\chestcounter\vendor\cakephp\cakephp\src\Error\Middleware\ErrorHandlerMiddleware.php, line 119
Cake\Error\Middleware\ErrorHandlerMiddleware->process() C:\Apache24\htdocs\chestcounter\vendor\cakephp\cakephp\src\Http\Runner.php, line 82
Cake\Http\Runner->handle() C:\Apache24\htdocs\chestcounter\vendor\cakephp\cakephp\src\Http\Runner.php, line 60
Cake\Http\Runner->run() C:\Apache24\htdocs\chestcounter\vendor\cakephp\cakephp\src\Http\Server.php, line 104
Cake\Http\Server->run() C:\Apache24\htdocs\chestcounter\webroot\index.php, line 37
[main]

2025-11-16 21:43:56 warning: Undefined variable $class
Request URL: /admin/bank/deposit
Referer URL: http://127.0.0.1/chestcounter/admin/bank/correct/9
Client IP: 127.0.0.1
Trace:
Cake\Error\ErrorTrap->handleError() C:\Apache24\htdocs\chestcounter\vendor\cakephp\cakephp\templates\Error\missing_action.php, line 49
C:\Apache24\htdocs\chestcounter\vendor\cakephp\cakephp\src\View\View.php C:\Apache24\htdocs\chestcounter\vendor\cakephp\cakephp\src\View\View.php, line 1188
Cake\View\View->_evaluate() C:\Apache24\htdocs\chestcounter\vendor\cakephp\cakephp\src\View\View.php, line 1145
Cake\View\View->_render() C:\Apache24\htdocs\chestcounter\vendor\cakephp\cakephp\src\View\View.php, line 785
Cake\View\View->render() C:\Apache24\htdocs\chestcounter\vendor\cakephp\cakephp\src\Controller\Controller.php, line 712
Cake\Controller\Controller->render() C:\Apache24\htdocs\chestcounter\vendor\cakephp\cakephp\src\Error\Renderer\WebExceptionRenderer.php, line 419
Cake\Error\Renderer\WebExceptionRenderer->_outputMessage() C:\Apache24\htdocs\chestcounter\vendor\cakephp\cakephp\src\Error\Renderer\WebExceptionRenderer.php, line 290
Cake\Error\Renderer\WebExceptionRenderer->render() C:\Apache24\htdocs\chestcounter\vendor\cakephp\cakephp\src\Error\Middleware\ErrorHandlerMiddleware.php, line 149
Cake\Error\Middleware\ErrorHandlerMiddleware->handleException() C:\Apache24\htdocs\chestcounter\vendor\cakephp\cakephp\src\Error\Middleware\ErrorHandlerMiddleware.php, line 119
Cake\Error\Middleware\ErrorHandlerMiddleware->process() C:\Apache24\htdocs\chestcounter\vendor\cakephp\cakephp\src\Http\Runner.php, line 82
Cake\Http\Runner->handle() C:\Apache24\htdocs\chestcounter\vendor\cakephp\cakephp\src\Http\Runner.php, line 60
Cake\Http\Runner->run() C:\Apache24\htdocs\chestcounter\vendor\cakephp\cakephp\src\Http\Server.php, line 104
Cake\Http\Server->run() C:\Apache24\htdocs\chestcounter\webroot\index.php, line 37
[main]

2025-11-16 21:43:56 warning: Undefined variable $class
Request URL: /admin/bank/deposit
Referer URL: http://127.0.0.1/chestcounter/admin/bank/correct/9
Client IP: 127.0.0.1
Trace:
Cake\Error\ErrorTrap->handleError() C:\Apache24\htdocs\chestcounter\vendor\cakephp\cakephp\templates\Error\missing_action.php, line 56
C:\Apache24\htdocs\chestcounter\vendor\cakephp\cakephp\src\View\View.php C:\Apache24\htdocs\chestcounter\vendor\cakephp\cakephp\src\View\View.php, line 1188
Cake\View\View->_evaluate() C:\Apache24\htdocs\chestcounter\vendor\cakephp\cakephp\src\View\View.php, line 1145
Cake\View\View->_render() C:\Apache24\htdocs\chestcounter\vendor\cakephp\cakephp\src\View\View.php, line 785
Cake\View\View->render() C:\Apache24\htdocs\chestcounter\vendor\cakephp\cakephp\src\Controller\Controller.php, line 712
Cake\Controller\Controller->render() C:\Apache24\htdocs\chestcounter\vendor\cakephp\cakephp\src\Error\Renderer\WebExceptionRenderer.php, line 419
Cake\Error\Renderer\WebExceptionRenderer->_outputMessage() C:\Apache24\htdocs\chestcounter\vendor\cakephp\cakephp\src\Error\Renderer\WebExceptionRenderer.php, line 290
Cake\Error\Renderer\WebExceptionRenderer->render() C:\Apache24\htdocs\chestcounter\vendor\cakephp\cakephp\src\Error\Middleware\ErrorHandlerMiddleware.php, line 149
Cake\Error\Middleware\ErrorHandlerMiddleware->handleException() C:\Apache24\htdocs\chestcounter\vendor\cakephp\cakephp\src\Error\Middleware\ErrorHandlerMiddleware.php, line 119
Cake\Error\Middleware\ErrorHandlerMiddleware->process() C:\Apache24\htdocs\chestcounter\vendor\cakephp\cakephp\src\Http\Runner.php, line 82
Cake\Http\Runner->handle() C:\Apache24\htdocs\chestcounter\vendor\cakephp\cakephp\src\Http\Runner.php, line 60
Cake\Http\Runner->run() C:\Apache24\htdocs\chestcounter\vendor\cakephp\cakephp\src\Http\Server.php, line 104
Cake\Http\Server->run() C:\Apache24\htdocs\chestcounter\webroot\index.php, line 37
[main]

2025-11-16 21:43:56 warning: Undefined variable $action
Request URL: /admin/bank/deposit
Referer URL: http://127.0.0.1/chestcounter/admin/bank/correct/9
Client IP: 127.0.0.1
Trace:
Cake\Error\ErrorTrap->handleError() C:\Apache24\htdocs\chestcounter\vendor\cakephp\cakephp\templates\Error\missing_action.php, line 59
C:\Apache24\htdocs\chestcounter\vendor\cakephp\cakephp\src\View\View.php C:\Apache24\htdocs\chestcounter\vendor\cakephp\cakephp\src\View\View.php, line 1188
Cake\View\View->_evaluate() C:\Apache24\htdocs\chestcounter\vendor\cakephp\cakephp\src\View\View.php, line 1145
Cake\View\View->_render() C:\Apache24\htdocs\chestcounter\vendor\cakephp\cakephp\src\View\View.php, line 785
Cake\View\View->render() C:\Apache24\htdocs\chestcounter\vendor\cakephp\cakephp\src\Controller\Controller.php, line 712
Cake\Controller\Controller->render() C:\Apache24\htdocs\chestcounter\vendor\cakephp\cakephp\src\Error\Renderer\WebExceptionRenderer.php, line 419
Cake\Error\Renderer\WebExceptionRenderer->_outputMessage() C:\Apache24\htdocs\chestcounter\vendor\cakephp\cakephp\src\Error\Renderer\WebExceptionRenderer.php, line 290
Cake\Error\Renderer\WebExceptionRenderer->render() C:\Apache24\htdocs\chestcounter\vendor\cakephp\cakephp\src\Error\Middleware\ErrorHandlerMiddleware.php, line 149
Cake\Error\Middleware\ErrorHandlerMiddleware->handleException() C:\Apache24\htdocs\chestcounter\vendor\cakephp\cakephp\src\Error\Middleware\ErrorHandlerMiddleware.php, line 119
Cake\Error\Middleware\ErrorHandlerMiddleware->process() C:\Apache24\htdocs\chestcounter\vendor\cakephp\cakephp\src\Http\Runner.php, line 82
Cake\Http\Runner->handle() C:\Apache24\htdocs\chestcounter\vendor\cakephp\cakephp\src\Http\Runner.php, line 60
Cake\Http\Runner->run() C:\Apache24\htdocs\chestcounter\vendor\cakephp\cakephp\src\Http\Server.php, line 104
Cake\Http\Server->run() C:\Apache24\htdocs\chestcounter\webroot\index.php, line 37
[main]

2025-11-16 21:43:56 warning: Undefined variable $class
Request URL: /admin/bank/deposit
Referer URL: http://127.0.0.1/chestcounter/admin/bank/correct/9
Client IP: 127.0.0.1
Trace:
Cake\Error\ErrorTrap->handleError() C:\Apache24\htdocs\chestcounter\vendor\cakephp\cakephp\templates\Error\missing_action.php, line 59
C:\Apache24\htdocs\chestcounter\vendor\cakephp\cakephp\src\View\View.php C:\Apache24\htdocs\chestcounter\vendor\cakephp\cakephp\src\View\View.php, line 1188
Cake\View\View->_evaluate() C:\Apache24\htdocs\chestcounter\vendor\cakephp\cakephp\src\View\View.php, line 1145
Cake\View\View->_render() C:\Apache24\htdocs\chestcounter\vendor\cakephp\cakephp\src\View\View.php, line 785
Cake\View\View->render() C:\Apache24\htdocs\chestcounter\vendor\cakephp\cakephp\src\Controller\Controller.php, line 712
Cake\Controller\Controller->render() C:\Apache24\htdocs\chestcounter\vendor\cakephp\cakephp\src\Error\Renderer\WebExceptionRenderer.php, line 419
Cake\Error\Renderer\WebExceptionRenderer->_outputMessage() C:\Apache24\htdocs\chestcounter\vendor\cakephp\cakephp\src\Error\Renderer\WebExceptionRenderer.php, line 290
Cake\Error\Renderer\WebExceptionRenderer->render() C:\Apache24\htdocs\chestcounter\vendor\cakephp\cakephp\src\Error\Middleware\ErrorHandlerMiddleware.php, line 149
Cake\Error\Middleware\ErrorHandlerMiddleware->handleException() C:\Apache24\htdocs\chestcounter\vendor\cakephp\cakephp\src\Error\Middleware\ErrorHandlerMiddleware.php, line 119
Cake\Error\Middleware\ErrorHandlerMiddleware->process() C:\Apache24\htdocs\chestcounter\vendor\cakephp\cakephp\src\Http\Runner.php, line 82
Cake\Http\Runner->handle() C:\Apache24\htdocs\chestcounter\vendor\cakephp\cakephp\src\Http\Runner.php, line 60
Cake\Http\Runner->run() C:\Apache24\htdocs\chestcounter\vendor\cakephp\cakephp\src\Http\Server.php, line 104
Cake\Http\Server->run() C:\Apache24\htdocs\chestcounter\webroot\index.php, line 37
[main]

2025-11-16 21:43:56 warning: Undefined variable $class
Request URL: /admin/bank/deposit
Referer URL: http://127.0.0.1/chestcounter/admin/bank/correct/9
Client IP: 127.0.0.1
Trace:
Cake\Error\ErrorTrap->handleError() C:\Apache24\htdocs\chestcounter\vendor\cakephp\cakephp\templates\Error\missing_action.php, line 67
C:\Apache24\htdocs\chestcounter\vendor\cakephp\cakephp\src\View\View.php C:\Apache24\htdocs\chestcounter\vendor\cakephp\cakephp\src\View\View.php, line 1188
Cake\View\View->_evaluate() C:\Apache24\htdocs\chestcounter\vendor\cakephp\cakephp\src\View\View.php, line 1145
Cake\View\View->_render() C:\Apache24\htdocs\chestcounter\vendor\cakephp\cakephp\src\View\View.php, line 785
Cake\View\View->render() C:\Apache24\htdocs\chestcounter\vendor\cakephp\cakephp\src\Controller\Controller.php, line 712
Cake\Controller\Controller->render() C:\Apache24\htdocs\chestcounter\vendor\cakephp\cakephp\src\Error\Renderer\WebExceptionRenderer.php, line 419
Cake\Error\Renderer\WebExceptionRenderer->_outputMessage() C:\Apache24\htdocs\chestcounter\vendor\cakephp\cakephp\src\Error\Renderer\WebExceptionRenderer.php, line 290
Cake\Error\Renderer\WebExceptionRenderer->render() C:\Apache24\htdocs\chestcounter\vendor\cakephp\cakephp\src\Error\Middleware\ErrorHandlerMiddleware.php, line 149
Cake\Error\Middleware\ErrorHandlerMiddleware->handleException() C:\Apache24\htdocs\chestcounter\vendor\cakephp\cakephp\src\Error\Middleware\ErrorHandlerMiddleware.php, line 119
Cake\Error\Middleware\ErrorHandlerMiddleware->process() C:\Apache24\htdocs\chestcounter\vendor\cakephp\cakephp\src\Http\Runner.php, line 82
Cake\Http\Runner->handle() C:\Apache24\htdocs\chestcounter\vendor\cakephp\cakephp\src\Http\Runner.php, line 60
Cake\Http\Runner->run() C:\Apache24\htdocs\chestcounter\vendor\cakephp\cakephp\src\Http\Server.php, line 104
Cake\Http\Server->run() C:\Apache24\htdocs\chestcounter\webroot\index.php, line 37
[main]

2025-11-16 21:43:56 warning: Undefined variable $action
Request URL: /admin/bank/deposit
Referer URL: http://127.0.0.1/chestcounter/admin/bank/correct/9
Client IP: 127.0.0.1
Trace:
Cake\Error\ErrorTrap->handleError() C:\Apache24\htdocs\chestcounter\vendor\cakephp\cakephp\templates\Error\missing_action.php, line 67
C:\Apache24\htdocs\chestcounter\vendor\cakephp\cakephp\src\View\View.php C:\Apache24\htdocs\chestcounter\vendor\cakephp\cakephp\src\View\View.php, line 1188
Cake\View\View->_evaluate() C:\Apache24\htdocs\chestcounter\vendor\cakephp\cakephp\src\View\View.php, line 1145
Cake\View\View->_render() C:\Apache24\htdocs\chestcounter\vendor\cakephp\cakephp\src\View\View.php, line 785
Cake\View\View->render() C:\Apache24\htdocs\chestcounter\vendor\cakephp\cakephp\src\Controller\Controller.php, line 712
Cake\Controller\Controller->render() C:\Apache24\htdocs\chestcounter\vendor\cakephp\cakephp\src\Error\Renderer\WebExceptionRenderer.php, line 419
Cake\Error\Renderer\WebExceptionRenderer->_outputMessage() C:\Apache24\htdocs\chestcounter\vendor\cakephp\cakephp\src\Error\Renderer\WebExceptionRenderer.php, line 290
Cake\Error\Renderer\WebExceptionRenderer->render() C:\Apache24\htdocs\chestcounter\vendor\cakephp\cakephp\src\Error\Middleware\ErrorHandlerMiddleware.php, line 149
Cake\Error\Middleware\ErrorHandlerMiddleware->handleException() C:\Apache24\htdocs\chestcounter\vendor\cakephp\cakephp\src\Error\Middleware\ErrorHandlerMiddleware.php, line 119
Cake\Error\Middleware\ErrorHandlerMiddleware->process() C:\Apache24\htdocs\chestcounter\vendor\cakephp\cakephp\src\Http\Runner.php, line 82
Cake\Http\Runner->handle() C:\Apache24\htdocs\chestcounter\vendor\cakephp\cakephp\src\Http\Runner.php, line 60
Cake\Http\Runner->run() C:\Apache24\htdocs\chestcounter\vendor\cakephp\cakephp\src\Http\Server.php, line 104
Cake\Http\Server->run() C:\Apache24\htdocs\chestcounter\webroot\index.php, line 37
[main]

2025-11-16 21:43:56 warning: Undefined variable $type
Request URL: /admin/bank/deposit
Referer URL: http://127.0.0.1/chestcounter/admin/bank/correct/9
Client IP: 127.0.0.1
Trace:
Cake\Error\ErrorTrap->handleError() C:\Apache24\htdocs\chestcounter\vendor\cakephp\cakephp\templates\Error\missing_action.php, line 73
C:\Apache24\htdocs\chestcounter\vendor\cakephp\cakephp\src\View\View.php C:\Apache24\htdocs\chestcounter\vendor\cakephp\cakephp\src\View\View.php, line 1188
Cake\View\View->_evaluate() C:\Apache24\htdocs\chestcounter\vendor\cakephp\cakephp\src\View\View.php, line 1145
Cake\View\View->_render() C:\Apache24\htdocs\chestcounter\vendor\cakephp\cakephp\src\View\View.php, line 785
Cake\View\View->render() C:\Apache24\htdocs\chestcounter\vendor\cakephp\cakephp\src\Controller\Controller.php, line 712
Cake\Controller\Controller->render() C:\Apache24\htdocs\chestcounter\vendor\cakephp\cakephp\src\Error\Renderer\WebExceptionRenderer.php, line 419
Cake\Error\Renderer\WebExceptionRenderer->_outputMessage() C:\Apache24\htdocs\chestcounter\vendor\cakephp\cakephp\src\Error\Renderer\WebExceptionRenderer.php, line 290
Cake\Error\Renderer\WebExceptionRenderer->render() C:\Apache24\htdocs\chestcounter\vendor\cakephp\cakephp\src\Error\Middleware\ErrorHandlerMiddleware.php, line 149
Cake\Error\Middleware\ErrorHandlerMiddleware->handleException() C:\Apache24\htdocs\chestcounter\vendor\cakephp\cakephp\src\Error\Middleware\ErrorHandlerMiddleware.php, line 119
Cake\Error\Middleware\ErrorHandlerMiddleware->process() C:\Apache24\htdocs\chestcounter\vendor\cakephp\cakephp\src\Http\Runner.php, line 82
Cake\Http\Runner->handle() C:\Apache24\htdocs\chestcounter\vendor\cakephp\cakephp\src\Http\Runner.php, line 60
Cake\Http\Runner->run() C:\Apache24\htdocs\chestcounter\vendor\cakephp\cakephp\src\Http\Server.php, line 104
Cake\Http\Server->run() C:\Apache24\htdocs\chestcounter\webroot\index.php, line 37
[main]

2025-11-16 21:43:56 warning: Undefined variable $baseClass
Request URL: /admin/bank/deposit
Referer URL: http://127.0.0.1/chestcounter/admin/bank/correct/9
Client IP: 127.0.0.1
Trace:
Cake\Error\ErrorTrap->handleError() C:\Apache24\htdocs\chestcounter\vendor\cakephp\cakephp\templates\Error\missing_action.php, line 75
C:\Apache24\htdocs\chestcounter\vendor\cakephp\cakephp\src\View\View.php C:\Apache24\htdocs\chestcounter\vendor\cakephp\cakephp\src\View\View.php, line 1188
Cake\View\View->_evaluate() C:\Apache24\htdocs\chestcounter\vendor\cakephp\cakephp\src\View\View.php, line 1145
Cake\View\View->_render() C:\Apache24\htdocs\chestcounter\vendor\cakephp\cakephp\src\View\View.php, line 785
Cake\View\View->render() C:\Apache24\htdocs\chestcounter\vendor\cakephp\cakephp\src\Controller\Controller.php, line 712
Cake\Controller\Controller->render() C:\Apache24\htdocs\chestcounter\vendor\cakephp\cakephp\src\Error\Renderer\WebExceptionRenderer.php, line 419
Cake\Error\Renderer\WebExceptionRenderer->_outputMessage() C:\Apache24\htdocs\chestcounter\vendor\cakephp\cakephp\src\Error\Renderer\WebExceptionRenderer.php, line 290
Cake\Error\Renderer\WebExceptionRenderer->render() C:\Apache24\htdocs\chestcounter\vendor\cakephp\cakephp\src\Error\Middleware\ErrorHandlerMiddleware.php, line 149
Cake\Error\Middleware\ErrorHandlerMiddleware->handleException() C:\Apache24\htdocs\chestcounter\vendor\cakephp\cakephp\src\Error\Middleware\ErrorHandlerMiddleware.php, line 119
Cake\Error\Middleware\ErrorHandlerMiddleware->process() C:\Apache24\htdocs\chestcounter\vendor\cakephp\cakephp\src\Http\Runner.php, line 82
Cake\Http\Runner->handle() C:\Apache24\htdocs\chestcounter\vendor\cakephp\cakephp\src\Http\Runner.php, line 60
Cake\Http\Runner->run() C:\Apache24\htdocs\chestcounter\vendor\cakephp\cakephp\src\Http\Server.php, line 104
Cake\Http\Server->run() C:\Apache24\htdocs\chestcounter\webroot\index.php, line 37
[main]

2025-11-16 21:43:56 warning: Undefined variable $class
Request URL: /admin/bank/deposit
Referer URL: http://127.0.0.1/chestcounter/admin/bank/correct/9
Client IP: 127.0.0.1
Trace:
Cake\Error\ErrorTrap->handleError() C:\Apache24\htdocs\chestcounter\vendor\cakephp\cakephp\templates\Error\missing_action.php, line 77
C:\Apache24\htdocs\chestcounter\vendor\cakephp\cakephp\src\View\View.php C:\Apache24\htdocs\chestcounter\vendor\cakephp\cakephp\src\View\View.php, line 1188
Cake\View\View->_evaluate() C:\Apache24\htdocs\chestcounter\vendor\cakephp\cakephp\src\View\View.php, line 1145
Cake\View\View->_render() C:\Apache24\htdocs\chestcounter\vendor\cakephp\cakephp\src\View\View.php, line 785
Cake\View\View->render() C:\Apache24\htdocs\chestcounter\vendor\cakephp\cakephp\src\Controller\Controller.php, line 712
Cake\Controller\Controller->render() C:\Apache24\htdocs\chestcounter\vendor\cakephp\cakephp\src\Error\Renderer\WebExceptionRenderer.php, line 419
Cake\Error\Renderer\WebExceptionRenderer->_outputMessage() C:\Apache24\htdocs\chestcounter\vendor\cakephp\cakephp\src\Error\Renderer\WebExceptionRenderer.php, line 290
Cake\Error\Renderer\WebExceptionRenderer->render() C:\Apache24\htdocs\chestcounter\vendor\cakephp\cakephp\src\Error\Middleware\ErrorHandlerMiddleware.php, line 149
Cake\Error\Middleware\ErrorHandlerMiddleware->handleException() C:\Apache24\htdocs\chestcounter\vendor\cakephp\cakephp\src\Error\Middleware\ErrorHandlerMiddleware.php, line 119
Cake\Error\Middleware\ErrorHandlerMiddleware->process() C:\Apache24\htdocs\chestcounter\vendor\cakephp\cakephp\src\Http\Runner.php, line 82
Cake\Http\Runner->handle() C:\Apache24\htdocs\chestcounter\vendor\cakephp\cakephp\src\Http\Runner.php, line 60
Cake\Http\Runner->run() C:\Apache24\htdocs\chestcounter\vendor\cakephp\cakephp\src\Http\Server.php, line 104
Cake\Http\Server->run() C:\Apache24\htdocs\chestcounter\webroot\index.php, line 37
[main]

2025-11-16 21:43:56 warning: Undefined variable $extends
Request URL: /admin/bank/deposit
Referer URL: http://127.0.0.1/chestcounter/admin/bank/correct/9
Client IP: 127.0.0.1
Trace:
Cake\Error\ErrorTrap->handleError() C:\Apache24\htdocs\chestcounter\vendor\cakephp\cakephp\templates\Error\missing_action.php, line 77
C:\Apache24\htdocs\chestcounter\vendor\cakephp\cakephp\src\View\View.php C:\Apache24\htdocs\chestcounter\vendor\cakephp\cakephp\src\View\View.php, line 1188
Cake\View\View->_evaluate() C:\Apache24\htdocs\chestcounter\vendor\cakephp\cakephp\src\View\View.php, line 1145
Cake\View\View->_render() C:\Apache24\htdocs\chestcounter\vendor\cakephp\cakephp\src\View\View.php, line 785
Cake\View\View->render() C:\Apache24\htdocs\chestcounter\vendor\cakephp\cakephp\src\Controller\Controller.php, line 712
Cake\Controller\Controller->render() C:\Apache24\htdocs\chestcounter\vendor\cakephp\cakephp\src\Error\Renderer\WebExceptionRenderer.php, line 419
Cake\Error\Renderer\WebExceptionRenderer->_outputMessage() C:\Apache24\htdocs\chestcounter\vendor\cakephp\cakephp\src\Error\Renderer\WebExceptionRenderer.php, line 290
Cake\Error\Renderer\WebExceptionRenderer->render() C:\Apache24\htdocs\chestcounter\vendor\cakephp\cakephp\src\Error\Middleware\ErrorHandlerMiddleware.php, line 149
Cake\Error\Middleware\ErrorHandlerMiddleware->handleException() C:\Apache24\htdocs\chestcounter\vendor\cakephp\cakephp\src\Error\Middleware\ErrorHandlerMiddleware.php, line 119
Cake\Error\Middleware\ErrorHandlerMiddleware->process() C:\Apache24\htdocs\chestcounter\vendor\cakephp\cakephp\src\Http\Runner.php, line 82
Cake\Http\Runner->handle() C:\Apache24\htdocs\chestcounter\vendor\cakephp\cakephp\src\Http\Runner.php, line 60
Cake\Http\Runner->run() C:\Apache24\htdocs\chestcounter\vendor\cakephp\cakephp\src\Http\Server.php, line 104
Cake\Http\Server->run() C:\Apache24\htdocs\chestcounter\webroot\index.php, line 37
[main]

2025-11-16 21:43:56 warning: Undefined variable $action
Request URL: /admin/bank/deposit
Referer URL: http://127.0.0.1/chestcounter/admin/bank/correct/9
Client IP: 127.0.0.1
Trace:
Cake\Error\ErrorTrap->handleError() C:\Apache24\htdocs\chestcounter\vendor\cakephp\cakephp\templates\Error\missing_action.php, line 80
C:\Apache24\htdocs\chestcounter\vendor\cakephp\cakephp\src\View\View.php C:\Apache24\htdocs\chestcounter\vendor\cakephp\cakephp\src\View\View.php, line 1188
Cake\View\View->_evaluate() C:\Apache24\htdocs\chestcounter\vendor\cakephp\cakephp\src\View\View.php, line 1145
Cake\View\View->_render() C:\Apache24\htdocs\chestcounter\vendor\cakephp\cakephp\src\View\View.php, line 785
Cake\View\View->render() C:\Apache24\htdocs\chestcounter\vendor\cakephp\cakephp\src\Controller\Controller.php, line 712
Cake\Controller\Controller->render() C:\Apache24\htdocs\chestcounter\vendor\cakephp\cakephp\src\Error\Renderer\WebExceptionRenderer.php, line 419
Cake\Error\Renderer\WebExceptionRenderer->_outputMessage() C:\Apache24\htdocs\chestcounter\vendor\cakephp\cakephp\src\Error\Renderer\WebExceptionRenderer.php, line 290
Cake\Error\Renderer\WebExceptionRenderer->render() C:\Apache24\htdocs\chestcounter\vendor\cakephp\cakephp\src\Error\Middleware\ErrorHandlerMiddleware.php, line 149
Cake\Error\Middleware\ErrorHandlerMiddleware->handleException() C:\Apache24\htdocs\chestcounter\vendor\cakephp\cakephp\src\Error\Middleware\ErrorHandlerMiddleware.php, line 119
Cake\Error\Middleware\ErrorHandlerMiddleware->process() C:\Apache24\htdocs\chestcounter\vendor\cakephp\cakephp\src\Http\Runner.php, line 82
Cake\Http\Runner->handle() C:\Apache24\htdocs\chestcounter\vendor\cakephp\cakephp\src\Http\Runner.php, line 60
Cake\Http\Runner->run() C:\Apache24\htdocs\chestcounter\vendor\cakephp\cakephp\src\Http\Server.php, line 104
Cake\Http\Server->run() C:\Apache24\htdocs\chestcounter\webroot\index.php, line 37
[main]

2025-11-16 21:44:03 error: [Cake\Controller\Exception\MissingActionException] Action `Admin/BankController::deposit()` could not be found, or is not accessible. in C:\Apache24\htdocs\chestcounter\vendor\cakephp\cakephp\src\Controller\Controller.php on line 487
Exception Attributes: array (
  0 => 'Admin/BankController',
  1 => 'deposit',
)
Stack Trace:
- CORE\src\Controller\ControllerFactory.php:161
- CORE\src\Controller\ControllerFactory.php:141
- CORE\src\Http\BaseApplication.php:362
- CORE\src\Http\Runner.php:86
- CORE\src\Http\Middleware\CsrfProtectionMiddleware.php:169
- CORE\src\Http\Runner.php:82
- ROOT\vendor\cakephp\authentication\src\Middleware\AuthenticationMiddleware.php:106
- CORE\src\Http\Runner.php:82
- CORE\src\Http\Middleware\BodyParserMiddleware.php:157
- CORE\src\Http\Runner.php:82
- CORE\src\Routing\Middleware\RoutingMiddleware.php:118
- CORE\src\Http\Runner.php:82
- CORE\src\Routing\Middleware\AssetMiddleware.php:69
- CORE\src\Http\Runner.php:82
- CORE\src\Error\Middleware\ErrorHandlerMiddleware.php:115
- CORE\src\Http\Runner.php:82
- CORE\src\Http\Runner.php:60
- CORE\src\Http\Server.php:104
- ROOT\webroot\index.php:37
- [main]:

Request URL: /admin/bank/deposit
Referer URL: http://127.0.0.1/chestcounter/admin/bank
Client IP: 127.0.0.1
2025-11-16 21:44:03 warning: Undefined variable $type
Request URL: /admin/bank/deposit
Referer URL: http://127.0.0.1/chestcounter/admin/bank
Client IP: 127.0.0.1
Trace:
Cake\Error\ErrorTrap->handleError() C:\Apache24\htdocs\chestcounter\vendor\cakephp\cakephp\templates\Error\missing_action.php, line 49
C:\Apache24\htdocs\chestcounter\vendor\cakephp\cakephp\src\View\View.php C:\Apache24\htdocs\chestcounter\vendor\cakephp\cakephp\src\View\View.php, line 1188
Cake\View\View->_evaluate() C:\Apache24\htdocs\chestcounter\vendor\cakephp\cakephp\src\View\View.php, line 1145
Cake\View\View->_render() C:\Apache24\htdocs\chestcounter\vendor\cakephp\cakephp\src\View\View.php, line 785
Cake\View\View->render() C:\Apache24\htdocs\chestcounter\vendor\cakephp\cakephp\src\Controller\Controller.php, line 712
Cake\Controller\Controller->render() C:\Apache24\htdocs\chestcounter\vendor\cakephp\cakephp\src\Error\Renderer\WebExceptionRenderer.php, line 419
Cake\Error\Renderer\WebExceptionRenderer->_outputMessage() C:\Apache24\htdocs\chestcounter\vendor\cakephp\cakephp\src\Error\Renderer\WebExceptionRenderer.php, line 290
Cake\Error\Renderer\WebExceptionRenderer->render() C:\Apache24\htdocs\chestcounter\vendor\cakephp\cakephp\src\Error\Middleware\ErrorHandlerMiddleware.php, line 149
Cake\Error\Middleware\ErrorHandlerMiddleware->handleException() C:\Apache24\htdocs\chestcounter\vendor\cakephp\cakephp\src\Error\Middleware\ErrorHandlerMiddleware.php, line 119
Cake\Error\Middleware\ErrorHandlerMiddleware->process() C:\Apache24\htdocs\chestcounter\vendor\cakephp\cakephp\src\Http\Runner.php, line 82
Cake\Http\Runner->handle() C:\Apache24\htdocs\chestcounter\vendor\cakephp\cakephp\src\Http\Runner.php, line 60
Cake\Http\Runner->run() C:\Apache24\htdocs\chestcounter\vendor\cakephp\cakephp\src\Http\Server.php, line 104
Cake\Http\Server->run() C:\Apache24\htdocs\chestcounter\webroot\index.php, line 37
[main]

2025-11-16 21:44:03 warning: Undefined variable $class
Request URL: /admin/bank/deposit
Referer URL: http://127.0.0.1/chestcounter/admin/bank
Client IP: 127.0.0.1
Trace:
Cake\Error\ErrorTrap->handleError() C:\Apache24\htdocs\chestcounter\vendor\cakephp\cakephp\templates\Error\missing_action.php, line 49
C:\Apache24\htdocs\chestcounter\vendor\cakephp\cakephp\src\View\View.php C:\Apache24\htdocs\chestcounter\vendor\cakephp\cakephp\src\View\View.php, line 1188
Cake\View\View->_evaluate() C:\Apache24\htdocs\chestcounter\vendor\cakephp\cakephp\src\View\View.php, line 1145
Cake\View\View->_render() C:\Apache24\htdocs\chestcounter\vendor\cakephp\cakephp\src\View\View.php, line 785
Cake\View\View->render() C:\Apache24\htdocs\chestcounter\vendor\cakephp\cakephp\src\Controller\Controller.php, line 712
Cake\Controller\Controller->render() C:\Apache24\htdocs\chestcounter\vendor\cakephp\cakephp\src\Error\Renderer\WebExceptionRenderer.php, line 419
Cake\Error\Renderer\WebExceptionRenderer->_outputMessage() C:\Apache24\htdocs\chestcounter\vendor\cakephp\cakephp\src\Error\Renderer\WebExceptionRenderer.php, line 290
Cake\Error\Renderer\WebExceptionRenderer->render() C:\Apache24\htdocs\chestcounter\vendor\cakephp\cakephp\src\Error\Middleware\ErrorHandlerMiddleware.php, line 149
Cake\Error\Middleware\ErrorHandlerMiddleware->handleException() C:\Apache24\htdocs\chestcounter\vendor\cakephp\cakephp\src\Error\Middleware\ErrorHandlerMiddleware.php, line 119
Cake\Error\Middleware\ErrorHandlerMiddleware->process() C:\Apache24\htdocs\chestcounter\vendor\cakephp\cakephp\src\Http\Runner.php, line 82
Cake\Http\Runner->handle() C:\Apache24\htdocs\chestcounter\vendor\cakephp\cakephp\src\Http\Runner.php, line 60
Cake\Http\Runner->run() C:\Apache24\htdocs\chestcounter\vendor\cakephp\cakephp\src\Http\Server.php, line 104
Cake\Http\Server->run() C:\Apache24\htdocs\chestcounter\webroot\index.php, line 37
[main]

2025-11-16 21:44:03 warning: Undefined variable $class
Request URL: /admin/bank/deposit
Referer URL: http://127.0.0.1/chestcounter/admin/bank
Client IP: 127.0.0.1
Trace:
Cake\Error\ErrorTrap->handleError() C:\Apache24\htdocs\chestcounter\vendor\cakephp\cakephp\templates\Error\missing_action.php, line 56
C:\Apache24\htdocs\chestcounter\vendor\cakephp\cakephp\src\View\View.php C:\Apache24\htdocs\chestcounter\vendor\cakephp\cakephp\src\View\View.php, line 1188
Cake\View\View->_evaluate() C:\Apache24\htdocs\chestcounter\vendor\cakephp\cakephp\src\View\View.php, line 1145
Cake\View\View->_render() C:\Apache24\htdocs\chestcounter\vendor\cakephp\cakephp\src\View\View.php, line 785
Cake\View\View->render() C:\Apache24\htdocs\chestcounter\vendor\cakephp\cakephp\src\Controller\Controller.php, line 712
Cake\Controller\Controller->render() C:\Apache24\htdocs\chestcounter\vendor\cakephp\cakephp\src\Error\Renderer\WebExceptionRenderer.php, line 419
Cake\Error\Renderer\WebExceptionRenderer->_outputMessage() C:\Apache24\htdocs\chestcounter\vendor\cakephp\cakephp\src\Error\Renderer\WebExceptionRenderer.php, line 290
Cake\Error\Renderer\WebExceptionRenderer->render() C:\Apache24\htdocs\chestcounter\vendor\cakephp\cakephp\src\Error\Middleware\ErrorHandlerMiddleware.php, line 149
Cake\Error\Middleware\ErrorHandlerMiddleware->handleException() C:\Apache24\htdocs\chestcounter\vendor\cakephp\cakephp\src\Error\Middleware\ErrorHandlerMiddleware.php, line 119
Cake\Error\Middleware\ErrorHandlerMiddleware->process() C:\Apache24\htdocs\chestcounter\vendor\cakephp\cakephp\src\Http\Runner.php, line 82
Cake\Http\Runner->handle() C:\Apache24\htdocs\chestcounter\vendor\cakephp\cakephp\src\Http\Runner.php, line 60
Cake\Http\Runner->run() C:\Apache24\htdocs\chestcounter\vendor\cakephp\cakephp\src\Http\Server.php, line 104
Cake\Http\Server->run() C:\Apache24\htdocs\chestcounter\webroot\index.php, line 37
[main]

2025-11-16 21:44:03 warning: Undefined variable $action
Request URL: /admin/bank/deposit
Referer URL: http://127.0.0.1/chestcounter/admin/bank
Client IP: 127.0.0.1
Trace:
Cake\Error\ErrorTrap->handleError() C:\Apache24\htdocs\chestcounter\vendor\cakephp\cakephp\templates\Error\missing_action.php, line 59
C:\Apache24\htdocs\chestcounter\vendor\cakephp\cakephp\src\View\View.php C:\Apache24\htdocs\chestcounter\vendor\cakephp\cakephp\src\View\View.php, line 1188
Cake\View\View->_evaluate() C:\Apache24\htdocs\chestcounter\vendor\cakephp\cakephp\src\View\View.php, line 1145
Cake\View\View->_render() C:\Apache24\htdocs\chestcounter\vendor\cakephp\cakephp\src\View\View.php, line 785
Cake\View\View->render() C:\Apache24\htdocs\chestcounter\vendor\cakephp\cakephp\src\Controller\Controller.php, line 712
Cake\Controller\Controller->render() C:\Apache24\htdocs\chestcounter\vendor\cakephp\cakephp\src\Error\Renderer\WebExceptionRenderer.php, line 419
Cake\Error\Renderer\WebExceptionRenderer->_outputMessage() C:\Apache24\htdocs\chestcounter\vendor\cakephp\cakephp\src\Error\Renderer\WebExceptionRenderer.php, line 290
Cake\Error\Renderer\WebExceptionRenderer->render() C:\Apache24\htdocs\chestcounter\vendor\cakephp\cakephp\src\Error\Middleware\ErrorHandlerMiddleware.php, line 149
Cake\Error\Middleware\ErrorHandlerMiddleware->handleException() C:\Apache24\htdocs\chestcounter\vendor\cakephp\cakephp\src\Error\Middleware\ErrorHandlerMiddleware.php, line 119
Cake\Error\Middleware\ErrorHandlerMiddleware->process() C:\Apache24\htdocs\chestcounter\vendor\cakephp\cakephp\src\Http\Runner.php, line 82
Cake\Http\Runner->handle() C:\Apache24\htdocs\chestcounter\vendor\cakephp\cakephp\src\Http\Runner.php, line 60
Cake\Http\Runner->run() C:\Apache24\htdocs\chestcounter\vendor\cakephp\cakephp\src\Http\Server.php, line 104
Cake\Http\Server->run() C:\Apache24\htdocs\chestcounter\webroot\index.php, line 37
[main]

2025-11-16 21:44:03 warning: Undefined variable $class
Request URL: /admin/bank/deposit
Referer URL: http://127.0.0.1/chestcounter/admin/bank
Client IP: 127.0.0.1
Trace:
Cake\Error\ErrorTrap->handleError() C:\Apache24\htdocs\chestcounter\vendor\cakephp\cakephp\templates\Error\missing_action.php, line 59
C:\Apache24\htdocs\chestcounter\vendor\cakephp\cakephp\src\View\View.php C:\Apache24\htdocs\chestcounter\vendor\cakephp\cakephp\src\View\View.php, line 1188
Cake\View\View->_evaluate() C:\Apache24\htdocs\chestcounter\vendor\cakephp\cakephp\src\View\View.php, line 1145
Cake\View\View->_render() C:\Apache24\htdocs\chestcounter\vendor\cakephp\cakephp\src\View\View.php, line 785
Cake\View\View->render() C:\Apache24\htdocs\chestcounter\vendor\cakephp\cakephp\src\Controller\Controller.php, line 712
Cake\Controller\Controller->render() C:\Apache24\htdocs\chestcounter\vendor\cakephp\cakephp\src\Error\Renderer\WebExceptionRenderer.php, line 419
Cake\Error\Renderer\WebExceptionRenderer->_outputMessage() C:\Apache24\htdocs\chestcounter\vendor\cakephp\cakephp\src\Error\Renderer\WebExceptionRenderer.php, line 290
Cake\Error\Renderer\WebExceptionRenderer->render() C:\Apache24\htdocs\chestcounter\vendor\cakephp\cakephp\src\Error\Middleware\ErrorHandlerMiddleware.php, line 149
Cake\Error\Middleware\ErrorHandlerMiddleware->handleException() C:\Apache24\htdocs\chestcounter\vendor\cakephp\cakephp\src\Error\Middleware\ErrorHandlerMiddleware.php, line 119
Cake\Error\Middleware\ErrorHandlerMiddleware->process() C:\Apache24\htdocs\chestcounter\vendor\cakephp\cakephp\src\Http\Runner.php, line 82
Cake\Http\Runner->handle() C:\Apache24\htdocs\chestcounter\vendor\cakephp\cakephp\src\Http\Runner.php, line 60
Cake\Http\Runner->run() C:\Apache24\htdocs\chestcounter\vendor\cakephp\cakephp\src\Http\Server.php, line 104
Cake\Http\Server->run() C:\Apache24\htdocs\chestcounter\webroot\index.php, line 37
[main]

2025-11-16 21:44:03 warning: Undefined variable $class
Request URL: /admin/bank/deposit
Referer URL: http://127.0.0.1/chestcounter/admin/bank
Client IP: 127.0.0.1
Trace:
Cake\Error\ErrorTrap->handleError() C:\Apache24\htdocs\chestcounter\vendor\cakephp\cakephp\templates\Error\missing_action.php, line 67
C:\Apache24\htdocs\chestcounter\vendor\cakephp\cakephp\src\View\View.php C:\Apache24\htdocs\chestcounter\vendor\cakephp\cakephp\src\View\View.php, line 1188
Cake\View\View->_evaluate() C:\Apache24\htdocs\chestcounter\vendor\cakephp\cakephp\src\View\View.php, line 1145
Cake\View\View->_render() C:\Apache24\htdocs\chestcounter\vendor\cakephp\cakephp\src\View\View.php, line 785
Cake\View\View->render() C:\Apache24\htdocs\chestcounter\vendor\cakephp\cakephp\src\Controller\Controller.php, line 712
Cake\Controller\Controller->render() C:\Apache24\htdocs\chestcounter\vendor\cakephp\cakephp\src\Error\Renderer\WebExceptionRenderer.php, line 419
Cake\Error\Renderer\WebExceptionRenderer->_outputMessage() C:\Apache24\htdocs\chestcounter\vendor\cakephp\cakephp\src\Error\Renderer\WebExceptionRenderer.php, line 290
Cake\Error\Renderer\WebExceptionRenderer->render() C:\Apache24\htdocs\chestcounter\vendor\cakephp\cakephp\src\Error\Middleware\ErrorHandlerMiddleware.php, line 149
Cake\Error\Middleware\ErrorHandlerMiddleware->handleException() C:\Apache24\htdocs\chestcounter\vendor\cakephp\cakephp\src\Error\Middleware\ErrorHandlerMiddleware.php, line 119
Cake\Error\Middleware\ErrorHandlerMiddleware->process() C:\Apache24\htdocs\chestcounter\vendor\cakephp\cakephp\src\Http\Runner.php, line 82
Cake\Http\Runner->handle() C:\Apache24\htdocs\chestcounter\vendor\cakephp\cakephp\src\Http\Runner.php, line 60
Cake\Http\Runner->run() C:\Apache24\htdocs\chestcounter\vendor\cakephp\cakephp\src\Http\Server.php, line 104
Cake\Http\Server->run() C:\Apache24\htdocs\chestcounter\webroot\index.php, line 37
[main]

2025-11-16 21:44:03 warning: Undefined variable $action
Request URL: /admin/bank/deposit
Referer URL: http://127.0.0.1/chestcounter/admin/bank
Client IP: 127.0.0.1
Trace:
Cake\Error\ErrorTrap->handleError() C:\Apache24\htdocs\chestcounter\vendor\cakephp\cakephp\templates\Error\missing_action.php, line 67
C:\Apache24\htdocs\chestcounter\vendor\cakephp\cakephp\src\View\View.php C:\Apache24\htdocs\chestcounter\vendor\cakephp\cakephp\src\View\View.php, line 1188
Cake\View\View->_evaluate() C:\Apache24\htdocs\chestcounter\vendor\cakephp\cakephp\src\View\View.php, line 1145
Cake\View\View->_render() C:\Apache24\htdocs\chestcounter\vendor\cakephp\cakephp\src\View\View.php, line 785
Cake\View\View->render() C:\Apache24\htdocs\chestcounter\vendor\cakephp\cakephp\src\Controller\Controller.php, line 712
Cake\Controller\Controller->render() C:\Apache24\htdocs\chestcounter\vendor\cakephp\cakephp\src\Error\Renderer\WebExceptionRenderer.php, line 419
Cake\Error\Renderer\WebExceptionRenderer->_outputMessage() C:\Apache24\htdocs\chestcounter\vendor\cakephp\cakephp\src\Error\Renderer\WebExceptionRenderer.php, line 290
Cake\Error\Renderer\WebExceptionRenderer->render() C:\Apache24\htdocs\chestcounter\vendor\cakephp\cakephp\src\Error\Middleware\ErrorHandlerMiddleware.php, line 149
Cake\Error\Middleware\ErrorHandlerMiddleware->handleException() C:\Apache24\htdocs\chestcounter\vendor\cakephp\cakephp\src\Error\Middleware\ErrorHandlerMiddleware.php, line 119
Cake\Error\Middleware\ErrorHandlerMiddleware->process() C:\Apache24\htdocs\chestcounter\vendor\cakephp\cakephp\src\Http\Runner.php, line 82
Cake\Http\Runner->handle() C:\Apache24\htdocs\chestcounter\vendor\cakephp\cakephp\src\Http\Runner.php, line 60
Cake\Http\Runner->run() C:\Apache24\htdocs\chestcounter\vendor\cakephp\cakephp\src\Http\Server.php, line 104
Cake\Http\Server->run() C:\Apache24\htdocs\chestcounter\webroot\index.php, line 37
[main]

2025-11-16 21:44:03 warning: Undefined variable $type
Request URL: /admin/bank/deposit
Referer URL: http://127.0.0.1/chestcounter/admin/bank
Client IP: 127.0.0.1
Trace:
Cake\Error\ErrorTrap->handleError() C:\Apache24\htdocs\chestcounter\vendor\cakephp\cakephp\templates\Error\missing_action.php, line 73
C:\Apache24\htdocs\chestcounter\vendor\cakephp\cakephp\src\View\View.php C:\Apache24\htdocs\chestcounter\vendor\cakephp\cakephp\src\View\View.php, line 1188
Cake\View\View->_evaluate() C:\Apache24\htdocs\chestcounter\vendor\cakephp\cakephp\src\View\View.php, line 1145
Cake\View\View->_render() C:\Apache24\htdocs\chestcounter\vendor\cakephp\cakephp\src\View\View.php, line 785
Cake\View\View->render() C:\Apache24\htdocs\chestcounter\vendor\cakephp\cakephp\src\Controller\Controller.php, line 712
Cake\Controller\Controller->render() C:\Apache24\htdocs\chestcounter\vendor\cakephp\cakephp\src\Error\Renderer\WebExceptionRenderer.php, line 419
Cake\Error\Renderer\WebExceptionRenderer->_outputMessage() C:\Apache24\htdocs\chestcounter\vendor\cakephp\cakephp\src\Error\Renderer\WebExceptionRenderer.php, line 290
Cake\Error\Renderer\WebExceptionRenderer->render() C:\Apache24\htdocs\chestcounter\vendor\cakephp\cakephp\src\Error\Middleware\ErrorHandlerMiddleware.php, line 149
Cake\Error\Middleware\ErrorHandlerMiddleware->handleException() C:\Apache24\htdocs\chestcounter\vendor\cakephp\cakephp\src\Error\Middleware\ErrorHandlerMiddleware.php, line 119
Cake\Error\Middleware\ErrorHandlerMiddleware->process() C:\Apache24\htdocs\chestcounter\vendor\cakephp\cakephp\src\Http\Runner.php, line 82
Cake\Http\Runner->handle() C:\Apache24\htdocs\chestcounter\vendor\cakephp\cakephp\src\Http\Runner.php, line 60
Cake\Http\Runner->run() C:\Apache24\htdocs\chestcounter\vendor\cakephp\cakephp\src\Http\Server.php, line 104
Cake\Http\Server->run() C:\Apache24\htdocs\chestcounter\webroot\index.php, line 37
[main]

2025-11-16 21:44:03 warning: Undefined variable $baseClass
Request URL: /admin/bank/deposit
Referer URL: http://127.0.0.1/chestcounter/admin/bank
Client IP: 127.0.0.1
Trace:
Cake\Error\ErrorTrap->handleError() C:\Apache24\htdocs\chestcounter\vendor\cakephp\cakephp\templates\Error\missing_action.php, line 75
C:\Apache24\htdocs\chestcounter\vendor\cakephp\cakephp\src\View\View.php C:\Apache24\htdocs\chestcounter\vendor\cakephp\cakephp\src\View\View.php, line 1188
Cake\View\View->_evaluate() C:\Apache24\htdocs\chestcounter\vendor\cakephp\cakephp\src\View\View.php, line 1145
Cake\View\View->_render() C:\Apache24\htdocs\chestcounter\vendor\cakephp\cakephp\src\View\View.php, line 785
Cake\View\View->render() C:\Apache24\htdocs\chestcounter\vendor\cakephp\cakephp\src\Controller\Controller.php, line 712
Cake\Controller\Controller->render() C:\Apache24\htdocs\chestcounter\vendor\cakephp\cakephp\src\Error\Renderer\WebExceptionRenderer.php, line 419
Cake\Error\Renderer\WebExceptionRenderer->_outputMessage() C:\Apache24\htdocs\chestcounter\vendor\cakephp\cakephp\src\Error\Renderer\WebExceptionRenderer.php, line 290
Cake\Error\Renderer\WebExceptionRenderer->render() C:\Apache24\htdocs\chestcounter\vendor\cakephp\cakephp\src\Error\Middleware\ErrorHandlerMiddleware.php, line 149
Cake\Error\Middleware\ErrorHandlerMiddleware->handleException() C:\Apache24\htdocs\chestcounter\vendor\cakephp\cakephp\src\Error\Middleware\ErrorHandlerMiddleware.php, line 119
Cake\Error\Middleware\ErrorHandlerMiddleware->process() C:\Apache24\htdocs\chestcounter\vendor\cakephp\cakephp\src\Http\Runner.php, line 82
Cake\Http\Runner->handle() C:\Apache24\htdocs\chestcounter\vendor\cakephp\cakephp\src\Http\Runner.php, line 60
Cake\Http\Runner->run() C:\Apache24\htdocs\chestcounter\vendor\cakephp\cakephp\src\Http\Server.php, line 104
Cake\Http\Server->run() C:\Apache24\htdocs\chestcounter\webroot\index.php, line 37
[main]

2025-11-16 21:44:03 warning: Undefined variable $class
Request URL: /admin/bank/deposit
Referer URL: http://127.0.0.1/chestcounter/admin/bank
Client IP: 127.0.0.1
Trace:
Cake\Error\ErrorTrap->handleError() C:\Apache24\htdocs\chestcounter\vendor\cakephp\cakephp\templates\Error\missing_action.php, line 77
C:\Apache24\htdocs\chestcounter\vendor\cakephp\cakephp\src\View\View.php C:\Apache24\htdocs\chestcounter\vendor\cakephp\cakephp\src\View\View.php, line 1188
Cake\View\View->_evaluate() C:\Apache24\htdocs\chestcounter\vendor\cakephp\cakephp\src\View\View.php, line 1145
Cake\View\View->_render() C:\Apache24\htdocs\chestcounter\vendor\cakephp\cakephp\src\View\View.php, line 785
Cake\View\View->render() C:\Apache24\htdocs\chestcounter\vendor\cakephp\cakephp\src\Controller\Controller.php, line 712
Cake\Controller\Controller->render() C:\Apache24\htdocs\chestcounter\vendor\cakephp\cakephp\src\Error\Renderer\WebExceptionRenderer.php, line 419
Cake\Error\Renderer\WebExceptionRenderer->_outputMessage() C:\Apache24\htdocs\chestcounter\vendor\cakephp\cakephp\src\Error\Renderer\WebExceptionRenderer.php, line 290
Cake\Error\Renderer\WebExceptionRenderer->render() C:\Apache24\htdocs\chestcounter\vendor\cakephp\cakephp\src\Error\Middleware\ErrorHandlerMiddleware.php, line 149
Cake\Error\Middleware\ErrorHandlerMiddleware->handleException() C:\Apache24\htdocs\chestcounter\vendor\cakephp\cakephp\src\Error\Middleware\ErrorHandlerMiddleware.php, line 119
Cake\Error\Middleware\ErrorHandlerMiddleware->process() C:\Apache24\htdocs\chestcounter\vendor\cakephp\cakephp\src\Http\Runner.php, line 82
Cake\Http\Runner->handle() C:\Apache24\htdocs\chestcounter\vendor\cakephp\cakephp\src\Http\Runner.php, line 60
Cake\Http\Runner->run() C:\Apache24\htdocs\chestcounter\vendor\cakephp\cakephp\src\Http\Server.php, line 104
Cake\Http\Server->run() C:\Apache24\htdocs\chestcounter\webroot\index.php, line 37
[main]

2025-11-16 21:44:03 warning: Undefined variable $extends
Request URL: /admin/bank/deposit
Referer URL: http://127.0.0.1/chestcounter/admin/bank
Client IP: 127.0.0.1
Trace:
Cake\Error\ErrorTrap->handleError() C:\Apache24\htdocs\chestcounter\vendor\cakephp\cakephp\templates\Error\missing_action.php, line 77
C:\Apache24\htdocs\chestcounter\vendor\cakephp\cakephp\src\View\View.php C:\Apache24\htdocs\chestcounter\vendor\cakephp\cakephp\src\View\View.php, line 1188
Cake\View\View->_evaluate() C:\Apache24\htdocs\chestcounter\vendor\cakephp\cakephp\src\View\View.php, line 1145
Cake\View\View->_render() C:\Apache24\htdocs\chestcounter\vendor\cakephp\cakephp\src\View\View.php, line 785
Cake\View\View->render() C:\Apache24\htdocs\chestcounter\vendor\cakephp\cakephp\src\Controller\Controller.php, line 712
Cake\Controller\Controller->render() C:\Apache24\htdocs\chestcounter\vendor\cakephp\cakephp\src\Error\Renderer\WebExceptionRenderer.php, line 419
Cake\Error\Renderer\WebExceptionRenderer->_outputMessage() C:\Apache24\htdocs\chestcounter\vendor\cakephp\cakephp\src\Error\Renderer\WebExceptionRenderer.php, line 290
Cake\Error\Renderer\WebExceptionRenderer->render() C:\Apache24\htdocs\chestcounter\vendor\cakephp\cakephp\src\Error\Middleware\ErrorHandlerMiddleware.php, line 149
Cake\Error\Middleware\ErrorHandlerMiddleware->handleException() C:\Apache24\htdocs\chestcounter\vendor\cakephp\cakephp\src\Error\Middleware\ErrorHandlerMiddleware.php, line 119
Cake\Error\Middleware\ErrorHandlerMiddleware->process() C:\Apache24\htdocs\chestcounter\vendor\cakephp\cakephp\src\Http\Runner.php, line 82
Cake\Http\Runner->handle() C:\Apache24\htdocs\chestcounter\vendor\cakephp\cakephp\src\Http\Runner.php, line 60
Cake\Http\Runner->run() C:\Apache24\htdocs\chestcounter\vendor\cakephp\cakephp\src\Http\Server.php, line 104
Cake\Http\Server->run() C:\Apache24\htdocs\chestcounter\webroot\index.php, line 37
[main]

2025-11-16 21:44:03 warning: Undefined variable $action
Request URL: /admin/bank/deposit
Referer URL: http://127.0.0.1/chestcounter/admin/bank
Client IP: 127.0.0.1
Trace:
Cake\Error\ErrorTrap->handleError() C:\Apache24\htdocs\chestcounter\vendor\cakephp\cakephp\templates\Error\missing_action.php, line 80
C:\Apache24\htdocs\chestcounter\vendor\cakephp\cakephp\src\View\View.php C:\Apache24\htdocs\chestcounter\vendor\cakephp\cakephp\src\View\View.php, line 1188
Cake\View\View->_evaluate() C:\Apache24\htdocs\chestcounter\vendor\cakephp\cakephp\src\View\View.php, line 1145
Cake\View\View->_render() C:\Apache24\htdocs\chestcounter\vendor\cakephp\cakephp\src\View\View.php, line 785
Cake\View\View->render() C:\Apache24\htdocs\chestcounter\vendor\cakephp\cakephp\src\Controller\Controller.php, line 712
Cake\Controller\Controller->render() C:\Apache24\htdocs\chestcounter\vendor\cakephp\cakephp\src\Error\Renderer\WebExceptionRenderer.php, line 419
Cake\Error\Renderer\WebExceptionRenderer->_outputMessage() C:\Apache24\htdocs\chestcounter\vendor\cakephp\cakephp\src\Error\Renderer\WebExceptionRenderer.php, line 290
Cake\Error\Renderer\WebExceptionRenderer->render() C:\Apache24\htdocs\chestcounter\vendor\cakephp\cakephp\src\Error\Middleware\ErrorHandlerMiddleware.php, line 149
Cake\Error\Middleware\ErrorHandlerMiddleware->handleException() C:\Apache24\htdocs\chestcounter\vendor\cakephp\cakephp\src\Error\Middleware\ErrorHandlerMiddleware.php, line 119
Cake\Error\Middleware\ErrorHandlerMiddleware->process() C:\Apache24\htdocs\chestcounter\vendor\cakephp\cakephp\src\Http\Runner.php, line 82
Cake\Http\Runner->handle() C:\Apache24\htdocs\chestcounter\vendor\cakephp\cakephp\src\Http\Runner.php, line 60
Cake\Http\Runner->run() C:\Apache24\htdocs\chestcounter\vendor\cakephp\cakephp\src\Http\Server.php, line 104
Cake\Http\Server->run() C:\Apache24\htdocs\chestcounter\webroot\index.php, line 37
[main]

2025-11-16 22:32:53 error: [Cake\Controller\Exception\MissingActionException] Action `Admin/BankController::statement()` could not be found, or is not accessible. in C:\Apache24\htdocs\chestcounter\vendor\cakephp\cakephp\src\Controller\Controller.php on line 487
Exception Attributes: array (
  0 => 'Admin/BankController',
  1 => 'statement',
)
Stack Trace:
- CORE\src\Controller\ControllerFactory.php:161
- CORE\src\Controller\ControllerFactory.php:141
- CORE\src\Http\BaseApplication.php:362
- CORE\src\Http\Runner.php:86
- CORE\src\Http\Middleware\CsrfProtectionMiddleware.php:169
- CORE\src\Http\Runner.php:82
- ROOT\vendor\cakephp\authentication\src\Middleware\AuthenticationMiddleware.php:106
- CORE\src\Http\Runner.php:82
- CORE\src\Http\Middleware\BodyParserMiddleware.php:157
- CORE\src\Http\Runner.php:82
- CORE\src\Routing\Middleware\RoutingMiddleware.php:118
- CORE\src\Http\Runner.php:82
- CORE\src\Routing\Middleware\AssetMiddleware.php:69
- CORE\src\Http\Runner.php:82
- CORE\src\Error\Middleware\ErrorHandlerMiddleware.php:115
- CORE\src\Http\Runner.php:82
- CORE\src\Http\Runner.php:60
- CORE\src\Http\Server.php:104
- ROOT\webroot\index.php:37
- [main]:

Request URL: /admin/bank/statement
Referer URL: http://127.0.0.1/chestcounter/admin/bank
Client IP: 127.0.0.1
2025-11-16 22:32:54 warning: Undefined variable $type
Request URL: /admin/bank/statement
Referer URL: http://127.0.0.1/chestcounter/admin/bank
Client IP: 127.0.0.1
Trace:
Cake\Error\ErrorTrap->handleError() C:\Apache24\htdocs\chestcounter\vendor\cakephp\cakephp\templates\Error\missing_action.php, line 49
C:\Apache24\htdocs\chestcounter\vendor\cakephp\cakephp\src\View\View.php C:\Apache24\htdocs\chestcounter\vendor\cakephp\cakephp\src\View\View.php, line 1188
Cake\View\View->_evaluate() C:\Apache24\htdocs\chestcounter\vendor\cakephp\cakephp\src\View\View.php, line 1145
Cake\View\View->_render() C:\Apache24\htdocs\chestcounter\vendor\cakephp\cakephp\src\View\View.php, line 785
Cake\View\View->render() C:\Apache24\htdocs\chestcounter\vendor\cakephp\cakephp\src\Controller\Controller.php, line 712
Cake\Controller\Controller->render() C:\Apache24\htdocs\chestcounter\vendor\cakephp\cakephp\src\Error\Renderer\WebExceptionRenderer.php, line 419
Cake\Error\Renderer\WebExceptionRenderer->_outputMessage() C:\Apache24\htdocs\chestcounter\vendor\cakephp\cakephp\src\Error\Renderer\WebExceptionRenderer.php, line 290
Cake\Error\Renderer\WebExceptionRenderer->render() C:\Apache24\htdocs\chestcounter\vendor\cakephp\cakephp\src\Error\Middleware\ErrorHandlerMiddleware.php, line 149
Cake\Error\Middleware\ErrorHandlerMiddleware->handleException() C:\Apache24\htdocs\chestcounter\vendor\cakephp\cakephp\src\Error\Middleware\ErrorHandlerMiddleware.php, line 119
Cake\Error\Middleware\ErrorHandlerMiddleware->process() C:\Apache24\htdocs\chestcounter\vendor\cakephp\cakephp\src\Http\Runner.php, line 82
Cake\Http\Runner->handle() C:\Apache24\htdocs\chestcounter\vendor\cakephp\cakephp\src\Http\Runner.php, line 60
Cake\Http\Runner->run() C:\Apache24\htdocs\chestcounter\vendor\cakephp\cakephp\src\Http\Server.php, line 104
Cake\Http\Server->run() C:\Apache24\htdocs\chestcounter\webroot\index.php, line 37
[main]

2025-11-16 22:32:54 warning: Undefined variable $class
Request URL: /admin/bank/statement
Referer URL: http://127.0.0.1/chestcounter/admin/bank
Client IP: 127.0.0.1
Trace:
Cake\Error\ErrorTrap->handleError() C:\Apache24\htdocs\chestcounter\vendor\cakephp\cakephp\templates\Error\missing_action.php, line 49
C:\Apache24\htdocs\chestcounter\vendor\cakephp\cakephp\src\View\View.php C:\Apache24\htdocs\chestcounter\vendor\cakephp\cakephp\src\View\View.php, line 1188
Cake\View\View->_evaluate() C:\Apache24\htdocs\chestcounter\vendor\cakephp\cakephp\src\View\View.php, line 1145
Cake\View\View->_render() C:\Apache24\htdocs\chestcounter\vendor\cakephp\cakephp\src\View\View.php, line 785
Cake\View\View->render() C:\Apache24\htdocs\chestcounter\vendor\cakephp\cakephp\src\Controller\Controller.php, line 712
Cake\Controller\Controller->render() C:\Apache24\htdocs\chestcounter\vendor\cakephp\cakephp\src\Error\Renderer\WebExceptionRenderer.php, line 419
Cake\Error\Renderer\WebExceptionRenderer->_outputMessage() C:\Apache24\htdocs\chestcounter\vendor\cakephp\cakephp\src\Error\Renderer\WebExceptionRenderer.php, line 290
Cake\Error\Renderer\WebExceptionRenderer->render() C:\Apache24\htdocs\chestcounter\vendor\cakephp\cakephp\src\Error\Middleware\ErrorHandlerMiddleware.php, line 149
Cake\Error\Middleware\ErrorHandlerMiddleware->handleException() C:\Apache24\htdocs\chestcounter\vendor\cakephp\cakephp\src\Error\Middleware\ErrorHandlerMiddleware.php, line 119
Cake\Error\Middleware\ErrorHandlerMiddleware->process() C:\Apache24\htdocs\chestcounter\vendor\cakephp\cakephp\src\Http\Runner.php, line 82
Cake\Http\Runner->handle() C:\Apache24\htdocs\chestcounter\vendor\cakephp\cakephp\src\Http\Runner.php, line 60
Cake\Http\Runner->run() C:\Apache24\htdocs\chestcounter\vendor\cakephp\cakephp\src\Http\Server.php, line 104
Cake\Http\Server->run() C:\Apache24\htdocs\chestcounter\webroot\index.php, line 37
[main]

2025-11-16 22:32:54 warning: Undefined variable $class
Request URL: /admin/bank/statement
Referer URL: http://127.0.0.1/chestcounter/admin/bank
Client IP: 127.0.0.1
Trace:
Cake\Error\ErrorTrap->handleError() C:\Apache24\htdocs\chestcounter\vendor\cakephp\cakephp\templates\Error\missing_action.php, line 56
C:\Apache24\htdocs\chestcounter\vendor\cakephp\cakephp\src\View\View.php C:\Apache24\htdocs\chestcounter\vendor\cakephp\cakephp\src\View\View.php, line 1188
Cake\View\View->_evaluate() C:\Apache24\htdocs\chestcounter\vendor\cakephp\cakephp\src\View\View.php, line 1145
Cake\View\View->_render() C:\Apache24\htdocs\chestcounter\vendor\cakephp\cakephp\src\View\View.php, line 785
Cake\View\View->render() C:\Apache24\htdocs\chestcounter\vendor\cakephp\cakephp\src\Controller\Controller.php, line 712
Cake\Controller\Controller->render() C:\Apache24\htdocs\chestcounter\vendor\cakephp\cakephp\src\Error\Renderer\WebExceptionRenderer.php, line 419
Cake\Error\Renderer\WebExceptionRenderer->_outputMessage() C:\Apache24\htdocs\chestcounter\vendor\cakephp\cakephp\src\Error\Renderer\WebExceptionRenderer.php, line 290
Cake\Error\Renderer\WebExceptionRenderer->render() C:\Apache24\htdocs\chestcounter\vendor\cakephp\cakephp\src\Error\Middleware\ErrorHandlerMiddleware.php, line 149
Cake\Error\Middleware\ErrorHandlerMiddleware->handleException() C:\Apache24\htdocs\chestcounter\vendor\cakephp\cakephp\src\Error\Middleware\ErrorHandlerMiddleware.php, line 119
Cake\Error\Middleware\ErrorHandlerMiddleware->process() C:\Apache24\htdocs\chestcounter\vendor\cakephp\cakephp\src\Http\Runner.php, line 82
Cake\Http\Runner->handle() C:\Apache24\htdocs\chestcounter\vendor\cakephp\cakephp\src\Http\Runner.php, line 60
Cake\Http\Runner->run() C:\Apache24\htdocs\chestcounter\vendor\cakephp\cakephp\src\Http\Server.php, line 104
Cake\Http\Server->run() C:\Apache24\htdocs\chestcounter\webroot\index.php, line 37
[main]

2025-11-16 22:32:54 warning: Undefined variable $action
Request URL: /admin/bank/statement
Referer URL: http://127.0.0.1/chestcounter/admin/bank
Client IP: 127.0.0.1
Trace:
Cake\Error\ErrorTrap->handleError() C:\Apache24\htdocs\chestcounter\vendor\cakephp\cakephp\templates\Error\missing_action.php, line 59
C:\Apache24\htdocs\chestcounter\vendor\cakephp\cakephp\src\View\View.php C:\Apache24\htdocs\chestcounter\vendor\cakephp\cakephp\src\View\View.php, line 1188
Cake\View\View->_evaluate() C:\Apache24\htdocs\chestcounter\vendor\cakephp\cakephp\src\View\View.php, line 1145
Cake\View\View->_render() C:\Apache24\htdocs\chestcounter\vendor\cakephp\cakephp\src\View\View.php, line 785
Cake\View\View->render() C:\Apache24\htdocs\chestcounter\vendor\cakephp\cakephp\src\Controller\Controller.php, line 712
Cake\Controller\Controller->render() C:\Apache24\htdocs\chestcounter\vendor\cakephp\cakephp\src\Error\Renderer\WebExceptionRenderer.php, line 419
Cake\Error\Renderer\WebExceptionRenderer->_outputMessage() C:\Apache24\htdocs\chestcounter\vendor\cakephp\cakephp\src\Error\Renderer\WebExceptionRenderer.php, line 290
Cake\Error\Renderer\WebExceptionRenderer->render() C:\Apache24\htdocs\chestcounter\vendor\cakephp\cakephp\src\Error\Middleware\ErrorHandlerMiddleware.php, line 149
Cake\Error\Middleware\ErrorHandlerMiddleware->handleException() C:\Apache24\htdocs\chestcounter\vendor\cakephp\cakephp\src\Error\Middleware\ErrorHandlerMiddleware.php, line 119
Cake\Error\Middleware\ErrorHandlerMiddleware->process() C:\Apache24\htdocs\chestcounter\vendor\cakephp\cakephp\src\Http\Runner.php, line 82
Cake\Http\Runner->handle() C:\Apache24\htdocs\chestcounter\vendor\cakephp\cakephp\src\Http\Runner.php, line 60
Cake\Http\Runner->run() C:\Apache24\htdocs\chestcounter\vendor\cakephp\cakephp\src\Http\Server.php, line 104
Cake\Http\Server->run() C:\Apache24\htdocs\chestcounter\webroot\index.php, line 37
[main]

2025-11-16 22:32:54 warning: Undefined variable $class
Request URL: /admin/bank/statement
Referer URL: http://127.0.0.1/chestcounter/admin/bank
Client IP: 127.0.0.1
Trace:
Cake\Error\ErrorTrap->handleError() C:\Apache24\htdocs\chestcounter\vendor\cakephp\cakephp\templates\Error\missing_action.php, line 59
C:\Apache24\htdocs\chestcounter\vendor\cakephp\cakephp\src\View\View.php C:\Apache24\htdocs\chestcounter\vendor\cakephp\cakephp\src\View\View.php, line 1188
Cake\View\View->_evaluate() C:\Apache24\htdocs\chestcounter\vendor\cakephp\cakephp\src\View\View.php, line 1145
Cake\View\View->_render() C:\Apache24\htdocs\chestcounter\vendor\cakephp\cakephp\src\View\View.php, line 785
Cake\View\View->render() C:\Apache24\htdocs\chestcounter\vendor\cakephp\cakephp\src\Controller\Controller.php, line 712
Cake\Controller\Controller->render() C:\Apache24\htdocs\chestcounter\vendor\cakephp\cakephp\src\Error\Renderer\WebExceptionRenderer.php, line 419
Cake\Error\Renderer\WebExceptionRenderer->_outputMessage() C:\Apache24\htdocs\chestcounter\vendor\cakephp\cakephp\src\Error\Renderer\WebExceptionRenderer.php, line 290
Cake\Error\Renderer\WebExceptionRenderer->render() C:\Apache24\htdocs\chestcounter\vendor\cakephp\cakephp\src\Error\Middleware\ErrorHandlerMiddleware.php, line 149
Cake\Error\Middleware\ErrorHandlerMiddleware->handleException() C:\Apache24\htdocs\chestcounter\vendor\cakephp\cakephp\src\Error\Middleware\ErrorHandlerMiddleware.php, line 119
Cake\Error\Middleware\ErrorHandlerMiddleware->process() C:\Apache24\htdocs\chestcounter\vendor\cakephp\cakephp\src\Http\Runner.php, line 82
Cake\Http\Runner->handle() C:\Apache24\htdocs\chestcounter\vendor\cakephp\cakephp\src\Http\Runner.php, line 60
Cake\Http\Runner->run() C:\Apache24\htdocs\chestcounter\vendor\cakephp\cakephp\src\Http\Server.php, line 104
Cake\Http\Server->run() C:\Apache24\htdocs\chestcounter\webroot\index.php, line 37
[main]

2025-11-16 22:32:54 warning: Undefined variable $class
Request URL: /admin/bank/statement
Referer URL: http://127.0.0.1/chestcounter/admin/bank
Client IP: 127.0.0.1
Trace:
Cake\Error\ErrorTrap->handleError() C:\Apache24\htdocs\chestcounter\vendor\cakephp\cakephp\templates\Error\missing_action.php, line 67
C:\Apache24\htdocs\chestcounter\vendor\cakephp\cakephp\src\View\View.php C:\Apache24\htdocs\chestcounter\vendor\cakephp\cakephp\src\View\View.php, line 1188
Cake\View\View->_evaluate() C:\Apache24\htdocs\chestcounter\vendor\cakephp\cakephp\src\View\View.php, line 1145
Cake\View\View->_render() C:\Apache24\htdocs\chestcounter\vendor\cakephp\cakephp\src\View\View.php, line 785
Cake\View\View->render() C:\Apache24\htdocs\chestcounter\vendor\cakephp\cakephp\src\Controller\Controller.php, line 712
Cake\Controller\Controller->render() C:\Apache24\htdocs\chestcounter\vendor\cakephp\cakephp\src\Error\Renderer\WebExceptionRenderer.php, line 419
Cake\Error\Renderer\WebExceptionRenderer->_outputMessage() C:\Apache24\htdocs\chestcounter\vendor\cakephp\cakephp\src\Error\Renderer\WebExceptionRenderer.php, line 290
Cake\Error\Renderer\WebExceptionRenderer->render() C:\Apache24\htdocs\chestcounter\vendor\cakephp\cakephp\src\Error\Middleware\ErrorHandlerMiddleware.php, line 149
Cake\Error\Middleware\ErrorHandlerMiddleware->handleException() C:\Apache24\htdocs\chestcounter\vendor\cakephp\cakephp\src\Error\Middleware\ErrorHandlerMiddleware.php, line 119
Cake\Error\Middleware\ErrorHandlerMiddleware->process() C:\Apache24\htdocs\chestcounter\vendor\cakephp\cakephp\src\Http\Runner.php, line 82
Cake\Http\Runner->handle() C:\Apache24\htdocs\chestcounter\vendor\cakephp\cakephp\src\Http\Runner.php, line 60
Cake\Http\Runner->run() C:\Apache24\htdocs\chestcounter\vendor\cakephp\cakephp\src\Http\Server.php, line 104
Cake\Http\Server->run() C:\Apache24\htdocs\chestcounter\webroot\index.php, line 37
[main]

2025-11-16 22:32:54 warning: Undefined variable $action
Request URL: /admin/bank/statement
Referer URL: http://127.0.0.1/chestcounter/admin/bank
Client IP: 127.0.0.1
Trace:
Cake\Error\ErrorTrap->handleError() C:\Apache24\htdocs\chestcounter\vendor\cakephp\cakephp\templates\Error\missing_action.php, line 67
C:\Apache24\htdocs\chestcounter\vendor\cakephp\cakephp\src\View\View.php C:\Apache24\htdocs\chestcounter\vendor\cakephp\cakephp\src\View\View.php, line 1188
Cake\View\View->_evaluate() C:\Apache24\htdocs\chestcounter\vendor\cakephp\cakephp\src\View\View.php, line 1145
Cake\View\View->_render() C:\Apache24\htdocs\chestcounter\vendor\cakephp\cakephp\src\View\View.php, line 785
Cake\View\View->render() C:\Apache24\htdocs\chestcounter\vendor\cakephp\cakephp\src\Controller\Controller.php, line 712
Cake\Controller\Controller->render() C:\Apache24\htdocs\chestcounter\vendor\cakephp\cakephp\src\Error\Renderer\WebExceptionRenderer.php, line 419
Cake\Error\Renderer\WebExceptionRenderer->_outputMessage() C:\Apache24\htdocs\chestcounter\vendor\cakephp\cakephp\src\Error\Renderer\WebExceptionRenderer.php, line 290
Cake\Error\Renderer\WebExceptionRenderer->render() C:\Apache24\htdocs\chestcounter\vendor\cakephp\cakephp\src\Error\Middleware\ErrorHandlerMiddleware.php, line 149
Cake\Error\Middleware\ErrorHandlerMiddleware->handleException() C:\Apache24\htdocs\chestcounter\vendor\cakephp\cakephp\src\Error\Middleware\ErrorHandlerMiddleware.php, line 119
Cake\Error\Middleware\ErrorHandlerMiddleware->process() C:\Apache24\htdocs\chestcounter\vendor\cakephp\cakephp\src\Http\Runner.php, line 82
Cake\Http\Runner->handle() C:\Apache24\htdocs\chestcounter\vendor\cakephp\cakephp\src\Http\Runner.php, line 60
Cake\Http\Runner->run() C:\Apache24\htdocs\chestcounter\vendor\cakephp\cakephp\src\Http\Server.php, line 104
Cake\Http\Server->run() C:\Apache24\htdocs\chestcounter\webroot\index.php, line 37
[main]

2025-11-16 22:32:54 warning: Undefined variable $type
Request URL: /admin/bank/statement
Referer URL: http://127.0.0.1/chestcounter/admin/bank
Client IP: 127.0.0.1
Trace:
Cake\Error\ErrorTrap->handleError() C:\Apache24\htdocs\chestcounter\vendor\cakephp\cakephp\templates\Error\missing_action.php, line 73
C:\Apache24\htdocs\chestcounter\vendor\cakephp\cakephp\src\View\View.php C:\Apache24\htdocs\chestcounter\vendor\cakephp\cakephp\src\View\View.php, line 1188
Cake\View\View->_evaluate() C:\Apache24\htdocs\chestcounter\vendor\cakephp\cakephp\src\View\View.php, line 1145
Cake\View\View->_render() C:\Apache24\htdocs\chestcounter\vendor\cakephp\cakephp\src\View\View.php, line 785
Cake\View\View->render() C:\Apache24\htdocs\chestcounter\vendor\cakephp\cakephp\src\Controller\Controller.php, line 712
Cake\Controller\Controller->render() C:\Apache24\htdocs\chestcounter\vendor\cakephp\cakephp\src\Error\Renderer\WebExceptionRenderer.php, line 419
Cake\Error\Renderer\WebExceptionRenderer->_outputMessage() C:\Apache24\htdocs\chestcounter\vendor\cakephp\cakephp\src\Error\Renderer\WebExceptionRenderer.php, line 290
Cake\Error\Renderer\WebExceptionRenderer->render() C:\Apache24\htdocs\chestcounter\vendor\cakephp\cakephp\src\Error\Middleware\ErrorHandlerMiddleware.php, line 149
Cake\Error\Middleware\ErrorHandlerMiddleware->handleException() C:\Apache24\htdocs\chestcounter\vendor\cakephp\cakephp\src\Error\Middleware\ErrorHandlerMiddleware.php, line 119
Cake\Error\Middleware\ErrorHandlerMiddleware->process() C:\Apache24\htdocs\chestcounter\vendor\cakephp\cakephp\src\Http\Runner.php, line 82
Cake\Http\Runner->handle() C:\Apache24\htdocs\chestcounter\vendor\cakephp\cakephp\src\Http\Runner.php, line 60
Cake\Http\Runner->run() C:\Apache24\htdocs\chestcounter\vendor\cakephp\cakephp\src\Http\Server.php, line 104
Cake\Http\Server->run() C:\Apache24\htdocs\chestcounter\webroot\index.php, line 37
[main]

2025-11-16 22:32:54 warning: Undefined variable $baseClass
Request URL: /admin/bank/statement
Referer URL: http://127.0.0.1/chestcounter/admin/bank
Client IP: 127.0.0.1
Trace:
Cake\Error\ErrorTrap->handleError() C:\Apache24\htdocs\chestcounter\vendor\cakephp\cakephp\templates\Error\missing_action.php, line 75
C:\Apache24\htdocs\chestcounter\vendor\cakephp\cakephp\src\View\View.php C:\Apache24\htdocs\chestcounter\vendor\cakephp\cakephp\src\View\View.php, line 1188
Cake\View\View->_evaluate() C:\Apache24\htdocs\chestcounter\vendor\cakephp\cakephp\src\View\View.php, line 1145
Cake\View\View->_render() C:\Apache24\htdocs\chestcounter\vendor\cakephp\cakephp\src\View\View.php, line 785
Cake\View\View->render() C:\Apache24\htdocs\chestcounter\vendor\cakephp\cakephp\src\Controller\Controller.php, line 712
Cake\Controller\Controller->render() C:\Apache24\htdocs\chestcounter\vendor\cakephp\cakephp\src\Error\Renderer\WebExceptionRenderer.php, line 419
Cake\Error\Renderer\WebExceptionRenderer->_outputMessage() C:\Apache24\htdocs\chestcounter\vendor\cakephp\cakephp\src\Error\Renderer\WebExceptionRenderer.php, line 290
Cake\Error\Renderer\WebExceptionRenderer->render() C:\Apache24\htdocs\chestcounter\vendor\cakephp\cakephp\src\Error\Middleware\ErrorHandlerMiddleware.php, line 149
Cake\Error\Middleware\ErrorHandlerMiddleware->handleException() C:\Apache24\htdocs\chestcounter\vendor\cakephp\cakephp\src\Error\Middleware\ErrorHandlerMiddleware.php, line 119
Cake\Error\Middleware\ErrorHandlerMiddleware->process() C:\Apache24\htdocs\chestcounter\vendor\cakephp\cakephp\src\Http\Runner.php, line 82
Cake\Http\Runner->handle() C:\Apache24\htdocs\chestcounter\vendor\cakephp\cakephp\src\Http\Runner.php, line 60
Cake\Http\Runner->run() C:\Apache24\htdocs\chestcounter\vendor\cakephp\cakephp\src\Http\Server.php, line 104
Cake\Http\Server->run() C:\Apache24\htdocs\chestcounter\webroot\index.php, line 37
[main]

2025-11-16 22:32:54 warning: Undefined variable $class
Request URL: /admin/bank/statement
Referer URL: http://127.0.0.1/chestcounter/admin/bank
Client IP: 127.0.0.1
Trace:
Cake\Error\ErrorTrap->handleError() C:\Apache24\htdocs\chestcounter\vendor\cakephp\cakephp\templates\Error\missing_action.php, line 77
C:\Apache24\htdocs\chestcounter\vendor\cakephp\cakephp\src\View\View.php C:\Apache24\htdocs\chestcounter\vendor\cakephp\cakephp\src\View\View.php, line 1188
Cake\View\View->_evaluate() C:\Apache24\htdocs\chestcounter\vendor\cakephp\cakephp\src\View\View.php, line 1145
Cake\View\View->_render() C:\Apache24\htdocs\chestcounter\vendor\cakephp\cakephp\src\View\View.php, line 785
Cake\View\View->render() C:\Apache24\htdocs\chestcounter\vendor\cakephp\cakephp\src\Controller\Controller.php, line 712
Cake\Controller\Controller->render() C:\Apache24\htdocs\chestcounter\vendor\cakephp\cakephp\src\Error\Renderer\WebExceptionRenderer.php, line 419
Cake\Error\Renderer\WebExceptionRenderer->_outputMessage() C:\Apache24\htdocs\chestcounter\vendor\cakephp\cakephp\src\Error\Renderer\WebExceptionRenderer.php, line 290
Cake\Error\Renderer\WebExceptionRenderer->render() C:\Apache24\htdocs\chestcounter\vendor\cakephp\cakephp\src\Error\Middleware\ErrorHandlerMiddleware.php, line 149
Cake\Error\Middleware\ErrorHandlerMiddleware->handleException() C:\Apache24\htdocs\chestcounter\vendor\cakephp\cakephp\src\Error\Middleware\ErrorHandlerMiddleware.php, line 119
Cake\Error\Middleware\ErrorHandlerMiddleware->process() C:\Apache24\htdocs\chestcounter\vendor\cakephp\cakephp\src\Http\Runner.php, line 82
Cake\Http\Runner->handle() C:\Apache24\htdocs\chestcounter\vendor\cakephp\cakephp\src\Http\Runner.php, line 60
Cake\Http\Runner->run() C:\Apache24\htdocs\chestcounter\vendor\cakephp\cakephp\src\Http\Server.php, line 104
Cake\Http\Server->run() C:\Apache24\htdocs\chestcounter\webroot\index.php, line 37
[main]

2025-11-16 22:32:54 warning: Undefined variable $extends
Request URL: /admin/bank/statement
Referer URL: http://127.0.0.1/chestcounter/admin/bank
Client IP: 127.0.0.1
Trace:
Cake\Error\ErrorTrap->handleError() C:\Apache24\htdocs\chestcounter\vendor\cakephp\cakephp\templates\Error\missing_action.php, line 77
C:\Apache24\htdocs\chestcounter\vendor\cakephp\cakephp\src\View\View.php C:\Apache24\htdocs\chestcounter\vendor\cakephp\cakephp\src\View\View.php, line 1188
Cake\View\View->_evaluate() C:\Apache24\htdocs\chestcounter\vendor\cakephp\cakephp\src\View\View.php, line 1145
Cake\View\View->_render() C:\Apache24\htdocs\chestcounter\vendor\cakephp\cakephp\src\View\View.php, line 785
Cake\View\View->render() C:\Apache24\htdocs\chestcounter\vendor\cakephp\cakephp\src\Controller\Controller.php, line 712
Cake\Controller\Controller->render() C:\Apache24\htdocs\chestcounter\vendor\cakephp\cakephp\src\Error\Renderer\WebExceptionRenderer.php, line 419
Cake\Error\Renderer\WebExceptionRenderer->_outputMessage() C:\Apache24\htdocs\chestcounter\vendor\cakephp\cakephp\src\Error\Renderer\WebExceptionRenderer.php, line 290
Cake\Error\Renderer\WebExceptionRenderer->render() C:\Apache24\htdocs\chestcounter\vendor\cakephp\cakephp\src\Error\Middleware\ErrorHandlerMiddleware.php, line 149
Cake\Error\Middleware\ErrorHandlerMiddleware->handleException() C:\Apache24\htdocs\chestcounter\vendor\cakephp\cakephp\src\Error\Middleware\ErrorHandlerMiddleware.php, line 119
Cake\Error\Middleware\ErrorHandlerMiddleware->process() C:\Apache24\htdocs\chestcounter\vendor\cakephp\cakephp\src\Http\Runner.php, line 82
Cake\Http\Runner->handle() C:\Apache24\htdocs\chestcounter\vendor\cakephp\cakephp\src\Http\Runner.php, line 60
Cake\Http\Runner->run() C:\Apache24\htdocs\chestcounter\vendor\cakephp\cakephp\src\Http\Server.php, line 104
Cake\Http\Server->run() C:\Apache24\htdocs\chestcounter\webroot\index.php, line 37
[main]

2025-11-16 22:32:54 warning: Undefined variable $action
Request URL: /admin/bank/statement
Referer URL: http://127.0.0.1/chestcounter/admin/bank
Client IP: 127.0.0.1
Trace:
Cake\Error\ErrorTrap->handleError() C:\Apache24\htdocs\chestcounter\vendor\cakephp\cakephp\templates\Error\missing_action.php, line 80
C:\Apache24\htdocs\chestcounter\vendor\cakephp\cakephp\src\View\View.php C:\Apache24\htdocs\chestcounter\vendor\cakephp\cakephp\src\View\View.php, line 1188
Cake\View\View->_evaluate() C:\Apache24\htdocs\chestcounter\vendor\cakephp\cakephp\src\View\View.php, line 1145
Cake\View\View->_render() C:\Apache24\htdocs\chestcounter\vendor\cakephp\cakephp\src\View\View.php, line 785
Cake\View\View->render() C:\Apache24\htdocs\chestcounter\vendor\cakephp\cakephp\src\Controller\Controller.php, line 712
Cake\Controller\Controller->render() C:\Apache24\htdocs\chestcounter\vendor\cakephp\cakephp\src\Error\Renderer\WebExceptionRenderer.php, line 419
Cake\Error\Renderer\WebExceptionRenderer->_outputMessage() C:\Apache24\htdocs\chestcounter\vendor\cakephp\cakephp\src\Error\Renderer\WebExceptionRenderer.php, line 290
Cake\Error\Renderer\WebExceptionRenderer->render() C:\Apache24\htdocs\chestcounter\vendor\cakephp\cakephp\src\Error\Middleware\ErrorHandlerMiddleware.php, line 149
Cake\Error\Middleware\ErrorHandlerMiddleware->handleException() C:\Apache24\htdocs\chestcounter\vendor\cakephp\cakephp\src\Error\Middleware\ErrorHandlerMiddleware.php, line 119
Cake\Error\Middleware\ErrorHandlerMiddleware->process() C:\Apache24\htdocs\chestcounter\vendor\cakephp\cakephp\src\Http\Runner.php, line 82
Cake\Http\Runner->handle() C:\Apache24\htdocs\chestcounter\vendor\cakephp\cakephp\src\Http\Runner.php, line 60
Cake\Http\Runner->run() C:\Apache24\htdocs\chestcounter\vendor\cakephp\cakephp\src\Http\Server.php, line 104
Cake\Http\Server->run() C:\Apache24\htdocs\chestcounter\webroot\index.php, line 37
[main]

2025-11-16 22:33:24 warning: Unable to emit headers. Headers sent in file=C:\Apache24\htdocs\chestcounter\vendor\cakephp\cakephp\src\Error\Renderer\HtmlErrorRenderer.php line=37
Request URL: /score
Referer URL: http://127.0.0.1/chestcounter/bank/statement
Client IP: 127.0.0.1
Trace:
Cake\Error\ErrorTrap->handleError() [internal], line ??
C:\Apache24\htdocs\chestcounter\vendor\cakephp\cakephp\src\Http\ResponseEmitter.php C:\Apache24\htdocs\chestcounter\vendor\cakephp\cakephp\src\Http\ResponseEmitter.php, line 65
Cake\Http\ResponseEmitter->emit() C:\Apache24\htdocs\chestcounter\vendor\cakephp\cakephp\src\Http\Server.php, line 148
Cake\Http\Server->emit() C:\Apache24\htdocs\chestcounter\webroot\index.php, line 37
[main]

2025-11-16 22:33:24 warning: Cannot modify header information - headers already sent by (output started at C:\Apache24\htdocs\chestcounter\vendor\cakephp\cakephp\src\Error\Renderer\HtmlErrorRenderer.php:37)
Request URL: /score
Referer URL: http://127.0.0.1/chestcounter/bank/statement
Client IP: 127.0.0.1
Trace:
Cake\Error\ErrorTrap->handleError() [internal], line ??
C:\Apache24\htdocs\chestcounter\vendor\cakephp\cakephp\src\Http\ResponseEmitter.php C:\Apache24\htdocs\chestcounter\vendor\cakephp\cakephp\src\Http\ResponseEmitter.php, line 159
Cake\Http\ResponseEmitter->emitStatusLine() C:\Apache24\htdocs\chestcounter\vendor\cakephp\cakephp\src\Http\ResponseEmitter.php, line 68
Cake\Http\ResponseEmitter->emit() C:\Apache24\htdocs\chestcounter\vendor\cakephp\cakephp\src\Http\Server.php, line 148
Cake\Http\Server->emit() C:\Apache24\htdocs\chestcounter\webroot\index.php, line 37
[main]

2025-11-16 22:33:24 warning: Cannot modify header information - headers already sent by (output started at C:\Apache24\htdocs\chestcounter\vendor\cakephp\cakephp\src\Error\Renderer\HtmlErrorRenderer.php:37)
Request URL: /score
Referer URL: http://127.0.0.1/chestcounter/bank/statement
Client IP: 127.0.0.1
Trace:
Cake\Error\ErrorTrap->handleError() [internal], line ??
C:\Apache24\htdocs\chestcounter\vendor\cakephp\cakephp\src\Http\ResponseEmitter.php C:\Apache24\htdocs\chestcounter\vendor\cakephp\cakephp\src\Http\ResponseEmitter.php, line 192
Cake\Http\ResponseEmitter->emitHeaders() C:\Apache24\htdocs\chestcounter\vendor\cakephp\cakephp\src\Http\ResponseEmitter.php, line 69
Cake\Http\ResponseEmitter->emit() C:\Apache24\htdocs\chestcounter\vendor\cakephp\cakephp\src\Http\Server.php, line 148
Cake\Http\Server->emit() C:\Apache24\htdocs\chestcounter\webroot\index.php, line 37
[main]

2025-11-16 22:33:32 warning: Unable to emit headers. Headers sent in file=C:\Apache24\htdocs\chestcounter\vendor\cakephp\cakephp\src\Error\Renderer\HtmlErrorRenderer.php line=37
Request URL: /score
Referer URL: http://127.0.0.1/chestcounter/users/login
Client IP: 127.0.0.1
Trace:
Cake\Error\ErrorTrap->handleError() [internal], line ??
C:\Apache24\htdocs\chestcounter\vendor\cakephp\cakephp\src\Http\ResponseEmitter.php C:\Apache24\htdocs\chestcounter\vendor\cakephp\cakephp\src\Http\ResponseEmitter.php, line 65
Cake\Http\ResponseEmitter->emit() C:\Apache24\htdocs\chestcounter\vendor\cakephp\cakephp\src\Http\Server.php, line 148
Cake\Http\Server->emit() C:\Apache24\htdocs\chestcounter\webroot\index.php, line 37
[main]

2025-11-16 22:33:32 warning: Cannot modify header information - headers already sent by (output started at C:\Apache24\htdocs\chestcounter\vendor\cakephp\cakephp\src\Error\Renderer\HtmlErrorRenderer.php:37)
Request URL: /score
Referer URL: http://127.0.0.1/chestcounter/users/login
Client IP: 127.0.0.1
Trace:
Cake\Error\ErrorTrap->handleError() [internal], line ??
C:\Apache24\htdocs\chestcounter\vendor\cakephp\cakephp\src\Http\ResponseEmitter.php C:\Apache24\htdocs\chestcounter\vendor\cakephp\cakephp\src\Http\ResponseEmitter.php, line 159
Cake\Http\ResponseEmitter->emitStatusLine() C:\Apache24\htdocs\chestcounter\vendor\cakephp\cakephp\src\Http\ResponseEmitter.php, line 68
Cake\Http\ResponseEmitter->emit() C:\Apache24\htdocs\chestcounter\vendor\cakephp\cakephp\src\Http\Server.php, line 148
Cake\Http\Server->emit() C:\Apache24\htdocs\chestcounter\webroot\index.php, line 37
[main]

2025-11-16 22:33:32 warning: Cannot modify header information - headers already sent by (output started at C:\Apache24\htdocs\chestcounter\vendor\cakephp\cakephp\src\Error\Renderer\HtmlErrorRenderer.php:37)
Request URL: /score
Referer URL: http://127.0.0.1/chestcounter/users/login
Client IP: 127.0.0.1
Trace:
Cake\Error\ErrorTrap->handleError() [internal], line ??
C:\Apache24\htdocs\chestcounter\vendor\cakephp\cakephp\src\Http\ResponseEmitter.php C:\Apache24\htdocs\chestcounter\vendor\cakephp\cakephp\src\Http\ResponseEmitter.php, line 192
Cake\Http\ResponseEmitter->emitHeaders() C:\Apache24\htdocs\chestcounter\vendor\cakephp\cakephp\src\Http\ResponseEmitter.php, line 69
Cake\Http\ResponseEmitter->emit() C:\Apache24\htdocs\chestcounter\vendor\cakephp\cakephp\src\Http\Server.php, line 148
Cake\Http\Server->emit() C:\Apache24\htdocs\chestcounter\webroot\index.php, line 37
[main]

2025-11-16 22:44:14 error: [Cake\Controller\Exception\MissingActionException] Action `Admin/BankController::statement()` could not be found, or is not accessible. in C:\Apache24\htdocs\chestcounter\vendor\cakephp\cakephp\src\Controller\Controller.php on line 487
Exception Attributes: array (
  0 => 'Admin/BankController',
  1 => 'statement',
)
Stack Trace:
- CORE\src\Controller\ControllerFactory.php:161
- CORE\src\Controller\ControllerFactory.php:141
- CORE\src\Http\BaseApplication.php:362
- CORE\src\Http\Runner.php:86
- CORE\src\Http\Middleware\CsrfProtectionMiddleware.php:169
- CORE\src\Http\Runner.php:82
- ROOT\vendor\cakephp\authentication\src\Middleware\AuthenticationMiddleware.php:106
- CORE\src\Http\Runner.php:82
- CORE\src\Http\Middleware\BodyParserMiddleware.php:157
- CORE\src\Http\Runner.php:82
- CORE\src\Routing\Middleware\RoutingMiddleware.php:118
- CORE\src\Http\Runner.php:82
- CORE\src\Routing\Middleware\AssetMiddleware.php:69
- CORE\src\Http\Runner.php:82
- CORE\src\Error\Middleware\ErrorHandlerMiddleware.php:115
- CORE\src\Http\Runner.php:82
- CORE\src\Http\Runner.php:60
- CORE\src\Http\Server.php:104
- ROOT\webroot\index.php:37
- [main]:

Request URL: /admin/bank/statement
Referer URL: http://127.0.0.1/chestcounter/admin/bank
Client IP: 127.0.0.1
2025-11-16 22:44:14 warning: Undefined variable $type
Request URL: /admin/bank/statement
Referer URL: http://127.0.0.1/chestcounter/admin/bank
Client IP: 127.0.0.1
Trace:
Cake\Error\ErrorTrap->handleError() C:\Apache24\htdocs\chestcounter\vendor\cakephp\cakephp\templates\Error\missing_action.php, line 49
C:\Apache24\htdocs\chestcounter\vendor\cakephp\cakephp\src\View\View.php C:\Apache24\htdocs\chestcounter\vendor\cakephp\cakephp\src\View\View.php, line 1188
Cake\View\View->_evaluate() C:\Apache24\htdocs\chestcounter\vendor\cakephp\cakephp\src\View\View.php, line 1145
Cake\View\View->_render() C:\Apache24\htdocs\chestcounter\vendor\cakephp\cakephp\src\View\View.php, line 785
Cake\View\View->render() C:\Apache24\htdocs\chestcounter\vendor\cakephp\cakephp\src\Controller\Controller.php, line 712
Cake\Controller\Controller->render() C:\Apache24\htdocs\chestcounter\vendor\cakephp\cakephp\src\Error\Renderer\WebExceptionRenderer.php, line 419
Cake\Error\Renderer\WebExceptionRenderer->_outputMessage() C:\Apache24\htdocs\chestcounter\vendor\cakephp\cakephp\src\Error\Renderer\WebExceptionRenderer.php, line 290
Cake\Error\Renderer\WebExceptionRenderer->render() C:\Apache24\htdocs\chestcounter\vendor\cakephp\cakephp\src\Error\Middleware\ErrorHandlerMiddleware.php, line 149
Cake\Error\Middleware\ErrorHandlerMiddleware->handleException() C:\Apache24\htdocs\chestcounter\vendor\cakephp\cakephp\src\Error\Middleware\ErrorHandlerMiddleware.php, line 119
Cake\Error\Middleware\ErrorHandlerMiddleware->process() C:\Apache24\htdocs\chestcounter\vendor\cakephp\cakephp\src\Http\Runner.php, line 82
Cake\Http\Runner->handle() C:\Apache24\htdocs\chestcounter\vendor\cakephp\cakephp\src\Http\Runner.php, line 60
Cake\Http\Runner->run() C:\Apache24\htdocs\chestcounter\vendor\cakephp\cakephp\src\Http\Server.php, line 104
Cake\Http\Server->run() C:\Apache24\htdocs\chestcounter\webroot\index.php, line 37
[main]

2025-11-16 22:44:14 warning: Undefined variable $class
Request URL: /admin/bank/statement
Referer URL: http://127.0.0.1/chestcounter/admin/bank
Client IP: 127.0.0.1
Trace:
Cake\Error\ErrorTrap->handleError() C:\Apache24\htdocs\chestcounter\vendor\cakephp\cakephp\templates\Error\missing_action.php, line 49
C:\Apache24\htdocs\chestcounter\vendor\cakephp\cakephp\src\View\View.php C:\Apache24\htdocs\chestcounter\vendor\cakephp\cakephp\src\View\View.php, line 1188
Cake\View\View->_evaluate() C:\Apache24\htdocs\chestcounter\vendor\cakephp\cakephp\src\View\View.php, line 1145
Cake\View\View->_render() C:\Apache24\htdocs\chestcounter\vendor\cakephp\cakephp\src\View\View.php, line 785
Cake\View\View->render() C:\Apache24\htdocs\chestcounter\vendor\cakephp\cakephp\src\Controller\Controller.php, line 712
Cake\Controller\Controller->render() C:\Apache24\htdocs\chestcounter\vendor\cakephp\cakephp\src\Error\Renderer\WebExceptionRenderer.php, line 419
Cake\Error\Renderer\WebExceptionRenderer->_outputMessage() C:\Apache24\htdocs\chestcounter\vendor\cakephp\cakephp\src\Error\Renderer\WebExceptionRenderer.php, line 290
Cake\Error\Renderer\WebExceptionRenderer->render() C:\Apache24\htdocs\chestcounter\vendor\cakephp\cakephp\src\Error\Middleware\ErrorHandlerMiddleware.php, line 149
Cake\Error\Middleware\ErrorHandlerMiddleware->handleException() C:\Apache24\htdocs\chestcounter\vendor\cakephp\cakephp\src\Error\Middleware\ErrorHandlerMiddleware.php, line 119
Cake\Error\Middleware\ErrorHandlerMiddleware->process() C:\Apache24\htdocs\chestcounter\vendor\cakephp\cakephp\src\Http\Runner.php, line 82
Cake\Http\Runner->handle() C:\Apache24\htdocs\chestcounter\vendor\cakephp\cakephp\src\Http\Runner.php, line 60
Cake\Http\Runner->run() C:\Apache24\htdocs\chestcounter\vendor\cakephp\cakephp\src\Http\Server.php, line 104
Cake\Http\Server->run() C:\Apache24\htdocs\chestcounter\webroot\index.php, line 37
[main]

2025-11-16 22:44:14 warning: Undefined variable $class
Request URL: /admin/bank/statement
Referer URL: http://127.0.0.1/chestcounter/admin/bank
Client IP: 127.0.0.1
Trace:
Cake\Error\ErrorTrap->handleError() C:\Apache24\htdocs\chestcounter\vendor\cakephp\cakephp\templates\Error\missing_action.php, line 56
C:\Apache24\htdocs\chestcounter\vendor\cakephp\cakephp\src\View\View.php C:\Apache24\htdocs\chestcounter\vendor\cakephp\cakephp\src\View\View.php, line 1188
Cake\View\View->_evaluate() C:\Apache24\htdocs\chestcounter\vendor\cakephp\cakephp\src\View\View.php, line 1145
Cake\View\View->_render() C:\Apache24\htdocs\chestcounter\vendor\cakephp\cakephp\src\View\View.php, line 785
Cake\View\View->render() C:\Apache24\htdocs\chestcounter\vendor\cakephp\cakephp\src\Controller\Controller.php, line 712
Cake\Controller\Controller->render() C:\Apache24\htdocs\chestcounter\vendor\cakephp\cakephp\src\Error\Renderer\WebExceptionRenderer.php, line 419
Cake\Error\Renderer\WebExceptionRenderer->_outputMessage() C:\Apache24\htdocs\chestcounter\vendor\cakephp\cakephp\src\Error\Renderer\WebExceptionRenderer.php, line 290
Cake\Error\Renderer\WebExceptionRenderer->render() C:\Apache24\htdocs\chestcounter\vendor\cakephp\cakephp\src\Error\Middleware\ErrorHandlerMiddleware.php, line 149
Cake\Error\Middleware\ErrorHandlerMiddleware->handleException() C:\Apache24\htdocs\chestcounter\vendor\cakephp\cakephp\src\Error\Middleware\ErrorHandlerMiddleware.php, line 119
Cake\Error\Middleware\ErrorHandlerMiddleware->process() C:\Apache24\htdocs\chestcounter\vendor\cakephp\cakephp\src\Http\Runner.php, line 82
Cake\Http\Runner->handle() C:\Apache24\htdocs\chestcounter\vendor\cakephp\cakephp\src\Http\Runner.php, line 60
Cake\Http\Runner->run() C:\Apache24\htdocs\chestcounter\vendor\cakephp\cakephp\src\Http\Server.php, line 104
Cake\Http\Server->run() C:\Apache24\htdocs\chestcounter\webroot\index.php, line 37
[main]

2025-11-16 22:44:14 warning: Undefined variable $action
Request URL: /admin/bank/statement
Referer URL: http://127.0.0.1/chestcounter/admin/bank
Client IP: 127.0.0.1
Trace:
Cake\Error\ErrorTrap->handleError() C:\Apache24\htdocs\chestcounter\vendor\cakephp\cakephp\templates\Error\missing_action.php, line 59
C:\Apache24\htdocs\chestcounter\vendor\cakephp\cakephp\src\View\View.php C:\Apache24\htdocs\chestcounter\vendor\cakephp\cakephp\src\View\View.php, line 1188
Cake\View\View->_evaluate() C:\Apache24\htdocs\chestcounter\vendor\cakephp\cakephp\src\View\View.php, line 1145
Cake\View\View->_render() C:\Apache24\htdocs\chestcounter\vendor\cakephp\cakephp\src\View\View.php, line 785
Cake\View\View->render() C:\Apache24\htdocs\chestcounter\vendor\cakephp\cakephp\src\Controller\Controller.php, line 712
Cake\Controller\Controller->render() C:\Apache24\htdocs\chestcounter\vendor\cakephp\cakephp\src\Error\Renderer\WebExceptionRenderer.php, line 419
Cake\Error\Renderer\WebExceptionRenderer->_outputMessage() C:\Apache24\htdocs\chestcounter\vendor\cakephp\cakephp\src\Error\Renderer\WebExceptionRenderer.php, line 290
Cake\Error\Renderer\WebExceptionRenderer->render() C:\Apache24\htdocs\chestcounter\vendor\cakephp\cakephp\src\Error\Middleware\ErrorHandlerMiddleware.php, line 149
Cake\Error\Middleware\ErrorHandlerMiddleware->handleException() C:\Apache24\htdocs\chestcounter\vendor\cakephp\cakephp\src\Error\Middleware\ErrorHandlerMiddleware.php, line 119
Cake\Error\Middleware\ErrorHandlerMiddleware->process() C:\Apache24\htdocs\chestcounter\vendor\cakephp\cakephp\src\Http\Runner.php, line 82
Cake\Http\Runner->handle() C:\Apache24\htdocs\chestcounter\vendor\cakephp\cakephp\src\Http\Runner.php, line 60
Cake\Http\Runner->run() C:\Apache24\htdocs\chestcounter\vendor\cakephp\cakephp\src\Http\Server.php, line 104
Cake\Http\Server->run() C:\Apache24\htdocs\chestcounter\webroot\index.php, line 37
[main]

2025-11-16 22:44:14 warning: Undefined variable $class
Request URL: /admin/bank/statement
Referer URL: http://127.0.0.1/chestcounter/admin/bank
Client IP: 127.0.0.1
Trace:
Cake\Error\ErrorTrap->handleError() C:\Apache24\htdocs\chestcounter\vendor\cakephp\cakephp\templates\Error\missing_action.php, line 59
C:\Apache24\htdocs\chestcounter\vendor\cakephp\cakephp\src\View\View.php C:\Apache24\htdocs\chestcounter\vendor\cakephp\cakephp\src\View\View.php, line 1188
Cake\View\View->_evaluate() C:\Apache24\htdocs\chestcounter\vendor\cakephp\cakephp\src\View\View.php, line 1145
Cake\View\View->_render() C:\Apache24\htdocs\chestcounter\vendor\cakephp\cakephp\src\View\View.php, line 785
Cake\View\View->render() C:\Apache24\htdocs\chestcounter\vendor\cakephp\cakephp\src\Controller\Controller.php, line 712
Cake\Controller\Controller->render() C:\Apache24\htdocs\chestcounter\vendor\cakephp\cakephp\src\Error\Renderer\WebExceptionRenderer.php, line 419
Cake\Error\Renderer\WebExceptionRenderer->_outputMessage() C:\Apache24\htdocs\chestcounter\vendor\cakephp\cakephp\src\Error\Renderer\WebExceptionRenderer.php, line 290
Cake\Error\Renderer\WebExceptionRenderer->render() C:\Apache24\htdocs\chestcounter\vendor\cakephp\cakephp\src\Error\Middleware\ErrorHandlerMiddleware.php, line 149
Cake\Error\Middleware\ErrorHandlerMiddleware->handleException() C:\Apache24\htdocs\chestcounter\vendor\cakephp\cakephp\src\Error\Middleware\ErrorHandlerMiddleware.php, line 119
Cake\Error\Middleware\ErrorHandlerMiddleware->process() C:\Apache24\htdocs\chestcounter\vendor\cakephp\cakephp\src\Http\Runner.php, line 82
Cake\Http\Runner->handle() C:\Apache24\htdocs\chestcounter\vendor\cakephp\cakephp\src\Http\Runner.php, line 60
Cake\Http\Runner->run() C:\Apache24\htdocs\chestcounter\vendor\cakephp\cakephp\src\Http\Server.php, line 104
Cake\Http\Server->run() C:\Apache24\htdocs\chestcounter\webroot\index.php, line 37
[main]

2025-11-16 22:44:14 warning: Undefined variable $class
Request URL: /admin/bank/statement
Referer URL: http://127.0.0.1/chestcounter/admin/bank
Client IP: 127.0.0.1
Trace:
Cake\Error\ErrorTrap->handleError() C:\Apache24\htdocs\chestcounter\vendor\cakephp\cakephp\templates\Error\missing_action.php, line 67
C:\Apache24\htdocs\chestcounter\vendor\cakephp\cakephp\src\View\View.php C:\Apache24\htdocs\chestcounter\vendor\cakephp\cakephp\src\View\View.php, line 1188
Cake\View\View->_evaluate() C:\Apache24\htdocs\chestcounter\vendor\cakephp\cakephp\src\View\View.php, line 1145
Cake\View\View->_render() C:\Apache24\htdocs\chestcounter\vendor\cakephp\cakephp\src\View\View.php, line 785
Cake\View\View->render() C:\Apache24\htdocs\chestcounter\vendor\cakephp\cakephp\src\Controller\Controller.php, line 712
Cake\Controller\Controller->render() C:\Apache24\htdocs\chestcounter\vendor\cakephp\cakephp\src\Error\Renderer\WebExceptionRenderer.php, line 419
Cake\Error\Renderer\WebExceptionRenderer->_outputMessage() C:\Apache24\htdocs\chestcounter\vendor\cakephp\cakephp\src\Error\Renderer\WebExceptionRenderer.php, line 290
Cake\Error\Renderer\WebExceptionRenderer->render() C:\Apache24\htdocs\chestcounter\vendor\cakephp\cakephp\src\Error\Middleware\ErrorHandlerMiddleware.php, line 149
Cake\Error\Middleware\ErrorHandlerMiddleware->handleException() C:\Apache24\htdocs\chestcounter\vendor\cakephp\cakephp\src\Error\Middleware\ErrorHandlerMiddleware.php, line 119
Cake\Error\Middleware\ErrorHandlerMiddleware->process() C:\Apache24\htdocs\chestcounter\vendor\cakephp\cakephp\src\Http\Runner.php, line 82
Cake\Http\Runner->handle() C:\Apache24\htdocs\chestcounter\vendor\cakephp\cakephp\src\Http\Runner.php, line 60
Cake\Http\Runner->run() C:\Apache24\htdocs\chestcounter\vendor\cakephp\cakephp\src\Http\Server.php, line 104
Cake\Http\Server->run() C:\Apache24\htdocs\chestcounter\webroot\index.php, line 37
[main]

2025-11-16 22:44:14 warning: Undefined variable $action
Request URL: /admin/bank/statement
Referer URL: http://127.0.0.1/chestcounter/admin/bank
Client IP: 127.0.0.1
Trace:
Cake\Error\ErrorTrap->handleError() C:\Apache24\htdocs\chestcounter\vendor\cakephp\cakephp\templates\Error\missing_action.php, line 67
C:\Apache24\htdocs\chestcounter\vendor\cakephp\cakephp\src\View\View.php C:\Apache24\htdocs\chestcounter\vendor\cakephp\cakephp\src\View\View.php, line 1188
Cake\View\View->_evaluate() C:\Apache24\htdocs\chestcounter\vendor\cakephp\cakephp\src\View\View.php, line 1145
Cake\View\View->_render() C:\Apache24\htdocs\chestcounter\vendor\cakephp\cakephp\src\View\View.php, line 785
Cake\View\View->render() C:\Apache24\htdocs\chestcounter\vendor\cakephp\cakephp\src\Controller\Controller.php, line 712
Cake\Controller\Controller->render() C:\Apache24\htdocs\chestcounter\vendor\cakephp\cakephp\src\Error\Renderer\WebExceptionRenderer.php, line 419
Cake\Error\Renderer\WebExceptionRenderer->_outputMessage() C:\Apache24\htdocs\chestcounter\vendor\cakephp\cakephp\src\Error\Renderer\WebExceptionRenderer.php, line 290
Cake\Error\Renderer\WebExceptionRenderer->render() C:\Apache24\htdocs\chestcounter\vendor\cakephp\cakephp\src\Error\Middleware\ErrorHandlerMiddleware.php, line 149
Cake\Error\Middleware\ErrorHandlerMiddleware->handleException() C:\Apache24\htdocs\chestcounter\vendor\cakephp\cakephp\src\Error\Middleware\ErrorHandlerMiddleware.php, line 119
Cake\Error\Middleware\ErrorHandlerMiddleware->process() C:\Apache24\htdocs\chestcounter\vendor\cakephp\cakephp\src\Http\Runner.php, line 82
Cake\Http\Runner->handle() C:\Apache24\htdocs\chestcounter\vendor\cakephp\cakephp\src\Http\Runner.php, line 60
Cake\Http\Runner->run() C:\Apache24\htdocs\chestcounter\vendor\cakephp\cakephp\src\Http\Server.php, line 104
Cake\Http\Server->run() C:\Apache24\htdocs\chestcounter\webroot\index.php, line 37
[main]

2025-11-16 22:44:14 warning: Undefined variable $type
Request URL: /admin/bank/statement
Referer URL: http://127.0.0.1/chestcounter/admin/bank
Client IP: 127.0.0.1
Trace:
Cake\Error\ErrorTrap->handleError() C:\Apache24\htdocs\chestcounter\vendor\cakephp\cakephp\templates\Error\missing_action.php, line 73
C:\Apache24\htdocs\chestcounter\vendor\cakephp\cakephp\src\View\View.php C:\Apache24\htdocs\chestcounter\vendor\cakephp\cakephp\src\View\View.php, line 1188
Cake\View\View->_evaluate() C:\Apache24\htdocs\chestcounter\vendor\cakephp\cakephp\src\View\View.php, line 1145
Cake\View\View->_render() C:\Apache24\htdocs\chestcounter\vendor\cakephp\cakephp\src\View\View.php, line 785
Cake\View\View->render() C:\Apache24\htdocs\chestcounter\vendor\cakephp\cakephp\src\Controller\Controller.php, line 712
Cake\Controller\Controller->render() C:\Apache24\htdocs\chestcounter\vendor\cakephp\cakephp\src\Error\Renderer\WebExceptionRenderer.php, line 419
Cake\Error\Renderer\WebExceptionRenderer->_outputMessage() C:\Apache24\htdocs\chestcounter\vendor\cakephp\cakephp\src\Error\Renderer\WebExceptionRenderer.php, line 290
Cake\Error\Renderer\WebExceptionRenderer->render() C:\Apache24\htdocs\chestcounter\vendor\cakephp\cakephp\src\Error\Middleware\ErrorHandlerMiddleware.php, line 149
Cake\Error\Middleware\ErrorHandlerMiddleware->handleException() C:\Apache24\htdocs\chestcounter\vendor\cakephp\cakephp\src\Error\Middleware\ErrorHandlerMiddleware.php, line 119
Cake\Error\Middleware\ErrorHandlerMiddleware->process() C:\Apache24\htdocs\chestcounter\vendor\cakephp\cakephp\src\Http\Runner.php, line 82
Cake\Http\Runner->handle() C:\Apache24\htdocs\chestcounter\vendor\cakephp\cakephp\src\Http\Runner.php, line 60
Cake\Http\Runner->run() C:\Apache24\htdocs\chestcounter\vendor\cakephp\cakephp\src\Http\Server.php, line 104
Cake\Http\Server->run() C:\Apache24\htdocs\chestcounter\webroot\index.php, line 37
[main]

2025-11-16 22:44:14 warning: Undefined variable $baseClass
Request URL: /admin/bank/statement
Referer URL: http://127.0.0.1/chestcounter/admin/bank
Client IP: 127.0.0.1
Trace:
Cake\Error\ErrorTrap->handleError() C:\Apache24\htdocs\chestcounter\vendor\cakephp\cakephp\templates\Error\missing_action.php, line 75
C:\Apache24\htdocs\chestcounter\vendor\cakephp\cakephp\src\View\View.php C:\Apache24\htdocs\chestcounter\vendor\cakephp\cakephp\src\View\View.php, line 1188
Cake\View\View->_evaluate() C:\Apache24\htdocs\chestcounter\vendor\cakephp\cakephp\src\View\View.php, line 1145
Cake\View\View->_render() C:\Apache24\htdocs\chestcounter\vendor\cakephp\cakephp\src\View\View.php, line 785
Cake\View\View->render() C:\Apache24\htdocs\chestcounter\vendor\cakephp\cakephp\src\Controller\Controller.php, line 712
Cake\Controller\Controller->render() C:\Apache24\htdocs\chestcounter\vendor\cakephp\cakephp\src\Error\Renderer\WebExceptionRenderer.php, line 419
Cake\Error\Renderer\WebExceptionRenderer->_outputMessage() C:\Apache24\htdocs\chestcounter\vendor\cakephp\cakephp\src\Error\Renderer\WebExceptionRenderer.php, line 290
Cake\Error\Renderer\WebExceptionRenderer->render() C:\Apache24\htdocs\chestcounter\vendor\cakephp\cakephp\src\Error\Middleware\ErrorHandlerMiddleware.php, line 149
Cake\Error\Middleware\ErrorHandlerMiddleware->handleException() C:\Apache24\htdocs\chestcounter\vendor\cakephp\cakephp\src\Error\Middleware\ErrorHandlerMiddleware.php, line 119
Cake\Error\Middleware\ErrorHandlerMiddleware->process() C:\Apache24\htdocs\chestcounter\vendor\cakephp\cakephp\src\Http\Runner.php, line 82
Cake\Http\Runner->handle() C:\Apache24\htdocs\chestcounter\vendor\cakephp\cakephp\src\Http\Runner.php, line 60
Cake\Http\Runner->run() C:\Apache24\htdocs\chestcounter\vendor\cakephp\cakephp\src\Http\Server.php, line 104
Cake\Http\Server->run() C:\Apache24\htdocs\chestcounter\webroot\index.php, line 37
[main]

2025-11-16 22:44:14 warning: Undefined variable $class
Request URL: /admin/bank/statement
Referer URL: http://127.0.0.1/chestcounter/admin/bank
Client IP: 127.0.0.1
Trace:
Cake\Error\ErrorTrap->handleError() C:\Apache24\htdocs\chestcounter\vendor\cakephp\cakephp\templates\Error\missing_action.php, line 77
C:\Apache24\htdocs\chestcounter\vendor\cakephp\cakephp\src\View\View.php C:\Apache24\htdocs\chestcounter\vendor\cakephp\cakephp\src\View\View.php, line 1188
Cake\View\View->_evaluate() C:\Apache24\htdocs\chestcounter\vendor\cakephp\cakephp\src\View\View.php, line 1145
Cake\View\View->_render() C:\Apache24\htdocs\chestcounter\vendor\cakephp\cakephp\src\View\View.php, line 785
Cake\View\View->render() C:\Apache24\htdocs\chestcounter\vendor\cakephp\cakephp\src\Controller\Controller.php, line 712
Cake\Controller\Controller->render() C:\Apache24\htdocs\chestcounter\vendor\cakephp\cakephp\src\Error\Renderer\WebExceptionRenderer.php, line 419
Cake\Error\Renderer\WebExceptionRenderer->_outputMessage() C:\Apache24\htdocs\chestcounter\vendor\cakephp\cakephp\src\Error\Renderer\WebExceptionRenderer.php, line 290
Cake\Error\Renderer\WebExceptionRenderer->render() C:\Apache24\htdocs\chestcounter\vendor\cakephp\cakephp\src\Error\Middleware\ErrorHandlerMiddleware.php, line 149
Cake\Error\Middleware\ErrorHandlerMiddleware->handleException() C:\Apache24\htdocs\chestcounter\vendor\cakephp\cakephp\src\Error\Middleware\ErrorHandlerMiddleware.php, line 119
Cake\Error\Middleware\ErrorHandlerMiddleware->process() C:\Apache24\htdocs\chestcounter\vendor\cakephp\cakephp\src\Http\Runner.php, line 82
Cake\Http\Runner->handle() C:\Apache24\htdocs\chestcounter\vendor\cakephp\cakephp\src\Http\Runner.php, line 60
Cake\Http\Runner->run() C:\Apache24\htdocs\chestcounter\vendor\cakephp\cakephp\src\Http\Server.php, line 104
Cake\Http\Server->run() C:\Apache24\htdocs\chestcounter\webroot\index.php, line 37
[main]

2025-11-16 22:44:14 warning: Undefined variable $extends
Request URL: /admin/bank/statement
Referer URL: http://127.0.0.1/chestcounter/admin/bank
Client IP: 127.0.0.1
Trace:
Cake\Error\ErrorTrap->handleError() C:\Apache24\htdocs\chestcounter\vendor\cakephp\cakephp\templates\Error\missing_action.php, line 77
C:\Apache24\htdocs\chestcounter\vendor\cakephp\cakephp\src\View\View.php C:\Apache24\htdocs\chestcounter\vendor\cakephp\cakephp\src\View\View.php, line 1188
Cake\View\View->_evaluate() C:\Apache24\htdocs\chestcounter\vendor\cakephp\cakephp\src\View\View.php, line 1145
Cake\View\View->_render() C:\Apache24\htdocs\chestcounter\vendor\cakephp\cakephp\src\View\View.php, line 785
Cake\View\View->render() C:\Apache24\htdocs\chestcounter\vendor\cakephp\cakephp\src\Controller\Controller.php, line 712
Cake\Controller\Controller->render() C:\Apache24\htdocs\chestcounter\vendor\cakephp\cakephp\src\Error\Renderer\WebExceptionRenderer.php, line 419
Cake\Error\Renderer\WebExceptionRenderer->_outputMessage() C:\Apache24\htdocs\chestcounter\vendor\cakephp\cakephp\src\Error\Renderer\WebExceptionRenderer.php, line 290
Cake\Error\Renderer\WebExceptionRenderer->render() C:\Apache24\htdocs\chestcounter\vendor\cakephp\cakephp\src\Error\Middleware\ErrorHandlerMiddleware.php, line 149
Cake\Error\Middleware\ErrorHandlerMiddleware->handleException() C:\Apache24\htdocs\chestcounter\vendor\cakephp\cakephp\src\Error\Middleware\ErrorHandlerMiddleware.php, line 119
Cake\Error\Middleware\ErrorHandlerMiddleware->process() C:\Apache24\htdocs\chestcounter\vendor\cakephp\cakephp\src\Http\Runner.php, line 82
Cake\Http\Runner->handle() C:\Apache24\htdocs\chestcounter\vendor\cakephp\cakephp\src\Http\Runner.php, line 60
Cake\Http\Runner->run() C:\Apache24\htdocs\chestcounter\vendor\cakephp\cakephp\src\Http\Server.php, line 104
Cake\Http\Server->run() C:\Apache24\htdocs\chestcounter\webroot\index.php, line 37
[main]

2025-11-16 22:44:14 warning: Undefined variable $action
Request URL: /admin/bank/statement
Referer URL: http://127.0.0.1/chestcounter/admin/bank
Client IP: 127.0.0.1
Trace:
Cake\Error\ErrorTrap->handleError() C:\Apache24\htdocs\chestcounter\vendor\cakephp\cakephp\templates\Error\missing_action.php, line 80
C:\Apache24\htdocs\chestcounter\vendor\cakephp\cakephp\src\View\View.php C:\Apache24\htdocs\chestcounter\vendor\cakephp\cakephp\src\View\View.php, line 1188
Cake\View\View->_evaluate() C:\Apache24\htdocs\chestcounter\vendor\cakephp\cakephp\src\View\View.php, line 1145
Cake\View\View->_render() C:\Apache24\htdocs\chestcounter\vendor\cakephp\cakephp\src\View\View.php, line 785
Cake\View\View->render() C:\Apache24\htdocs\chestcounter\vendor\cakephp\cakephp\src\Controller\Controller.php, line 712
Cake\Controller\Controller->render() C:\Apache24\htdocs\chestcounter\vendor\cakephp\cakephp\src\Error\Renderer\WebExceptionRenderer.php, line 419
Cake\Error\Renderer\WebExceptionRenderer->_outputMessage() C:\Apache24\htdocs\chestcounter\vendor\cakephp\cakephp\src\Error\Renderer\WebExceptionRenderer.php, line 290
Cake\Error\Renderer\WebExceptionRenderer->render() C:\Apache24\htdocs\chestcounter\vendor\cakephp\cakephp\src\Error\Middleware\ErrorHandlerMiddleware.php, line 149
Cake\Error\Middleware\ErrorHandlerMiddleware->handleException() C:\Apache24\htdocs\chestcounter\vendor\cakephp\cakephp\src\Error\Middleware\ErrorHandlerMiddleware.php, line 119
Cake\Error\Middleware\ErrorHandlerMiddleware->process() C:\Apache24\htdocs\chestcounter\vendor\cakephp\cakephp\src\Http\Runner.php, line 82
Cake\Http\Runner->handle() C:\Apache24\htdocs\chestcounter\vendor\cakephp\cakephp\src\Http\Runner.php, line 60
Cake\Http\Runner->run() C:\Apache24\htdocs\chestcounter\vendor\cakephp\cakephp\src\Http\Server.php, line 104
Cake\Http\Server->run() C:\Apache24\htdocs\chestcounter\webroot\index.php, line 37
[main]

2025-11-16 22:56:07 error: [Cake\Http\Exception\ForbiddenException] Only administrators can view transaction history. in C:\Apache24\htdocs\chestcounter\src\Controller\BankController.php on line 111
Stack Trace:
- CORE\src\Controller\Controller.php:505
- CORE\src\Controller\ControllerFactory.php:166
- CORE\src\Controller\ControllerFactory.php:141
- CORE\src\Http\BaseApplication.php:362
- CORE\src\Http\Runner.php:86
- CORE\src\Http\Middleware\CsrfProtectionMiddleware.php:169
- CORE\src\Http\Runner.php:82
- ROOT\vendor\cakephp\authentication\src\Middleware\AuthenticationMiddleware.php:106
- CORE\src\Http\Runner.php:82
- CORE\src\Http\Middleware\BodyParserMiddleware.php:157
- CORE\src\Http\Runner.php:82
- CORE\src\Routing\Middleware\RoutingMiddleware.php:118
- CORE\src\Http\Runner.php:82
- CORE\src\Routing\Middleware\AssetMiddleware.php:69
- CORE\src\Http\Runner.php:82
- CORE\src\Error\Middleware\ErrorHandlerMiddleware.php:115
- CORE\src\Http\Runner.php:82
- CORE\src\Http\Runner.php:60
- CORE\src\Http\Server.php:104
- ROOT\webroot\index.php:37
- [main]:

Request URL: /bank/history/1
Client IP: 127.0.0.1
2025-11-16 23:03:46 error: [Cake\Http\Exception\MissingControllerException] Controller class `Roles` could not be found. in C:\Apache24\htdocs\chestcounter\vendor\cakephp\cakephp\src\Controller\ControllerFactory.php on line 335
Exception Attributes: array (
  'controller' => 'Roles',
  'plugin' => NULL,
  'prefix' => 'Admin',
  '_ext' => NULL,
)
Stack Trace:
- CORE\src\Controller\ControllerFactory.php:77
- CORE\src\Http\BaseApplication.php:360
- CORE\src\Http\Runner.php:86
- CORE\src\Http\Middleware\CsrfProtectionMiddleware.php:169
- CORE\src\Http\Runner.php:82
- ROOT\vendor\cakephp\authentication\src\Middleware\AuthenticationMiddleware.php:106
- CORE\src\Http\Runner.php:82
- CORE\src\Http\Middleware\BodyParserMiddleware.php:157
- CORE\src\Http\Runner.php:82
- CORE\src\Routing\Middleware\RoutingMiddleware.php:118
- CORE\src\Http\Runner.php:82
- CORE\src\Routing\Middleware\AssetMiddleware.php:69
- CORE\src\Http\Runner.php:82
- CORE\src\Error\Middleware\ErrorHandlerMiddleware.php:115
- CORE\src\Http\Runner.php:82
- CORE\src\Http\Runner.php:60
- CORE\src\Http\Server.php:104
- ROOT\webroot\index.php:37
- [main]:

Request URL: /admin/roles
Referer URL: http://127.0.0.1/chestcounter/admin/bank
Client IP: 127.0.0.1
2025-11-16 23:08:07 error: [Cake\Http\Exception\MissingControllerException] Controller class `Users` could not be found. in C:\Apache24\htdocs\chestcounter\vendor\cakephp\cakephp\src\Controller\ControllerFactory.php on line 335
Exception Attributes: array (
  'controller' => 'Users',
  'plugin' => NULL,
  'prefix' => 'Admin',
  '_ext' => NULL,
)
Stack Trace:
- CORE\src\Controller\ControllerFactory.php:77
- CORE\src\Http\BaseApplication.php:360
- CORE\src\Http\Runner.php:86
- CORE\src\Http\Middleware\CsrfProtectionMiddleware.php:169
- CORE\src\Http\Runner.php:82
- ROOT\vendor\cakephp\authentication\src\Middleware\AuthenticationMiddleware.php:106
- CORE\src\Http\Runner.php:82
- CORE\src\Http\Middleware\BodyParserMiddleware.php:157
- CORE\src\Http\Runner.php:82
- CORE\src\Routing\Middleware\RoutingMiddleware.php:118
- CORE\src\Http\Runner.php:82
- CORE\src\Routing\Middleware\AssetMiddleware.php:69
- CORE\src\Http\Runner.php:82
- CORE\src\Error\Middleware\ErrorHandlerMiddleware.php:115
- CORE\src\Http\Runner.php:82
- CORE\src\Http\Runner.php:60
- CORE\src\Http\Server.php:104
- ROOT\webroot\index.php:37
- [main]:

Request URL: /admin/users
Referer URL: http://127.0.0.1/chestcounter/admin/bank
Client IP: 127.0.0.1
2025-11-16 23:12:21 error: [Cake\Controller\Exception\MissingActionException] Action `Admin/BankController::index()` could not be found, or is not accessible. in C:\Apache24\htdocs\chestcounter\vendor\cakephp\cakephp\src\Controller\Controller.php on line 487
Exception Attributes: array (
  0 => 'Admin/BankController',
  1 => 'index',
)
Stack Trace:
- CORE\src\Controller\ControllerFactory.php:161
- CORE\src\Controller\ControllerFactory.php:141
- CORE\src\Http\BaseApplication.php:362
- CORE\src\Http\Runner.php:86
- CORE\src\Http\Middleware\CsrfProtectionMiddleware.php:169
- CORE\src\Http\Runner.php:82
- ROOT\vendor\cakephp\authentication\src\Middleware\AuthenticationMiddleware.php:106
- CORE\src\Http\Runner.php:82
- CORE\src\Http\Middleware\BodyParserMiddleware.php:157
- CORE\src\Http\Runner.php:82
- CORE\src\Routing\Middleware\RoutingMiddleware.php:118
- CORE\src\Http\Runner.php:82
- CORE\src\Routing\Middleware\AssetMiddleware.php:69
- CORE\src\Http\Runner.php:82
- CORE\src\Error\Middleware\ErrorHandlerMiddleware.php:115
- CORE\src\Http\Runner.php:82
- CORE\src\Http\Runner.php:60
- CORE\src\Http\Server.php:104
- ROOT\webroot\index.php:37
- [main]:

Request URL: /admin/bank
Referer URL: http://127.0.0.1/chestcounter/admin/bank
Client IP: 127.0.0.1
2025-11-16 23:12:21 warning: Undefined variable $type
Request URL: /admin/bank
Referer URL: http://127.0.0.1/chestcounter/admin/bank
Client IP: 127.0.0.1
Trace:
Cake\Error\ErrorTrap->handleError() C:\Apache24\htdocs\chestcounter\vendor\cakephp\cakephp\templates\Error\missing_action.php, line 49
C:\Apache24\htdocs\chestcounter\vendor\cakephp\cakephp\src\View\View.php C:\Apache24\htdocs\chestcounter\vendor\cakephp\cakephp\src\View\View.php, line 1188
Cake\View\View->_evaluate() C:\Apache24\htdocs\chestcounter\vendor\cakephp\cakephp\src\View\View.php, line 1145
Cake\View\View->_render() C:\Apache24\htdocs\chestcounter\vendor\cakephp\cakephp\src\View\View.php, line 785
Cake\View\View->render() C:\Apache24\htdocs\chestcounter\vendor\cakephp\cakephp\src\Controller\Controller.php, line 712
Cake\Controller\Controller->render() C:\Apache24\htdocs\chestcounter\vendor\cakephp\cakephp\src\Error\Renderer\WebExceptionRenderer.php, line 419
Cake\Error\Renderer\WebExceptionRenderer->_outputMessage() C:\Apache24\htdocs\chestcounter\vendor\cakephp\cakephp\src\Error\Renderer\WebExceptionRenderer.php, line 290
Cake\Error\Renderer\WebExceptionRenderer->render() C:\Apache24\htdocs\chestcounter\vendor\cakephp\cakephp\src\Error\Middleware\ErrorHandlerMiddleware.php, line 149
Cake\Error\Middleware\ErrorHandlerMiddleware->handleException() C:\Apache24\htdocs\chestcounter\vendor\cakephp\cakephp\src\Error\Middleware\ErrorHandlerMiddleware.php, line 119
Cake\Error\Middleware\ErrorHandlerMiddleware->process() C:\Apache24\htdocs\chestcounter\vendor\cakephp\cakephp\src\Http\Runner.php, line 82
Cake\Http\Runner->handle() C:\Apache24\htdocs\chestcounter\vendor\cakephp\cakephp\src\Http\Runner.php, line 60
Cake\Http\Runner->run() C:\Apache24\htdocs\chestcounter\vendor\cakephp\cakephp\src\Http\Server.php, line 104
Cake\Http\Server->run() C:\Apache24\htdocs\chestcounter\webroot\index.php, line 37
[main]

2025-11-16 23:12:21 warning: Undefined variable $class
Request URL: /admin/bank
Referer URL: http://127.0.0.1/chestcounter/admin/bank
Client IP: 127.0.0.1
Trace:
Cake\Error\ErrorTrap->handleError() C:\Apache24\htdocs\chestcounter\vendor\cakephp\cakephp\templates\Error\missing_action.php, line 49
C:\Apache24\htdocs\chestcounter\vendor\cakephp\cakephp\src\View\View.php C:\Apache24\htdocs\chestcounter\vendor\cakephp\cakephp\src\View\View.php, line 1188
Cake\View\View->_evaluate() C:\Apache24\htdocs\chestcounter\vendor\cakephp\cakephp\src\View\View.php, line 1145
Cake\View\View->_render() C:\Apache24\htdocs\chestcounter\vendor\cakephp\cakephp\src\View\View.php, line 785
Cake\View\View->render() C:\Apache24\htdocs\chestcounter\vendor\cakephp\cakephp\src\Controller\Controller.php, line 712
Cake\Controller\Controller->render() C:\Apache24\htdocs\chestcounter\vendor\cakephp\cakephp\src\Error\Renderer\WebExceptionRenderer.php, line 419
Cake\Error\Renderer\WebExceptionRenderer->_outputMessage() C:\Apache24\htdocs\chestcounter\vendor\cakephp\cakephp\src\Error\Renderer\WebExceptionRenderer.php, line 290
Cake\Error\Renderer\WebExceptionRenderer->render() C:\Apache24\htdocs\chestcounter\vendor\cakephp\cakephp\src\Error\Middleware\ErrorHandlerMiddleware.php, line 149
Cake\Error\Middleware\ErrorHandlerMiddleware->handleException() C:\Apache24\htdocs\chestcounter\vendor\cakephp\cakephp\src\Error\Middleware\ErrorHandlerMiddleware.php, line 119
Cake\Error\Middleware\ErrorHandlerMiddleware->process() C:\Apache24\htdocs\chestcounter\vendor\cakephp\cakephp\src\Http\Runner.php, line 82
Cake\Http\Runner->handle() C:\Apache24\htdocs\chestcounter\vendor\cakephp\cakephp\src\Http\Runner.php, line 60
Cake\Http\Runner->run() C:\Apache24\htdocs\chestcounter\vendor\cakephp\cakephp\src\Http\Server.php, line 104
Cake\Http\Server->run() C:\Apache24\htdocs\chestcounter\webroot\index.php, line 37
[main]

2025-11-16 23:12:21 warning: Undefined variable $class
Request URL: /admin/bank
Referer URL: http://127.0.0.1/chestcounter/admin/bank
Client IP: 127.0.0.1
Trace:
Cake\Error\ErrorTrap->handleError() C:\Apache24\htdocs\chestcounter\vendor\cakephp\cakephp\templates\Error\missing_action.php, line 56
C:\Apache24\htdocs\chestcounter\vendor\cakephp\cakephp\src\View\View.php C:\Apache24\htdocs\chestcounter\vendor\cakephp\cakephp\src\View\View.php, line 1188
Cake\View\View->_evaluate() C:\Apache24\htdocs\chestcounter\vendor\cakephp\cakephp\src\View\View.php, line 1145
Cake\View\View->_render() C:\Apache24\htdocs\chestcounter\vendor\cakephp\cakephp\src\View\View.php, line 785
Cake\View\View->render() C:\Apache24\htdocs\chestcounter\vendor\cakephp\cakephp\src\Controller\Controller.php, line 712
Cake\Controller\Controller->render() C:\Apache24\htdocs\chestcounter\vendor\cakephp\cakephp\src\Error\Renderer\WebExceptionRenderer.php, line 419
Cake\Error\Renderer\WebExceptionRenderer->_outputMessage() C:\Apache24\htdocs\chestcounter\vendor\cakephp\cakephp\src\Error\Renderer\WebExceptionRenderer.php, line 290
Cake\Error\Renderer\WebExceptionRenderer->render() C:\Apache24\htdocs\chestcounter\vendor\cakephp\cakephp\src\Error\Middleware\ErrorHandlerMiddleware.php, line 149
Cake\Error\Middleware\ErrorHandlerMiddleware->handleException() C:\Apache24\htdocs\chestcounter\vendor\cakephp\cakephp\src\Error\Middleware\ErrorHandlerMiddleware.php, line 119
Cake\Error\Middleware\ErrorHandlerMiddleware->process() C:\Apache24\htdocs\chestcounter\vendor\cakephp\cakephp\src\Http\Runner.php, line 82
Cake\Http\Runner->handle() C:\Apache24\htdocs\chestcounter\vendor\cakephp\cakephp\src\Http\Runner.php, line 60
Cake\Http\Runner->run() C:\Apache24\htdocs\chestcounter\vendor\cakephp\cakephp\src\Http\Server.php, line 104
Cake\Http\Server->run() C:\Apache24\htdocs\chestcounter\webroot\index.php, line 37
[main]

2025-11-16 23:12:21 warning: Undefined variable $action
Request URL: /admin/bank
Referer URL: http://127.0.0.1/chestcounter/admin/bank
Client IP: 127.0.0.1
Trace:
Cake\Error\ErrorTrap->handleError() C:\Apache24\htdocs\chestcounter\vendor\cakephp\cakephp\templates\Error\missing_action.php, line 59
C:\Apache24\htdocs\chestcounter\vendor\cakephp\cakephp\src\View\View.php C:\Apache24\htdocs\chestcounter\vendor\cakephp\cakephp\src\View\View.php, line 1188
Cake\View\View->_evaluate() C:\Apache24\htdocs\chestcounter\vendor\cakephp\cakephp\src\View\View.php, line 1145
Cake\View\View->_render() C:\Apache24\htdocs\chestcounter\vendor\cakephp\cakephp\src\View\View.php, line 785
Cake\View\View->render() C:\Apache24\htdocs\chestcounter\vendor\cakephp\cakephp\src\Controller\Controller.php, line 712
Cake\Controller\Controller->render() C:\Apache24\htdocs\chestcounter\vendor\cakephp\cakephp\src\Error\Renderer\WebExceptionRenderer.php, line 419
Cake\Error\Renderer\WebExceptionRenderer->_outputMessage() C:\Apache24\htdocs\chestcounter\vendor\cakephp\cakephp\src\Error\Renderer\WebExceptionRenderer.php, line 290
Cake\Error\Renderer\WebExceptionRenderer->render() C:\Apache24\htdocs\chestcounter\vendor\cakephp\cakephp\src\Error\Middleware\ErrorHandlerMiddleware.php, line 149
Cake\Error\Middleware\ErrorHandlerMiddleware->handleException() C:\Apache24\htdocs\chestcounter\vendor\cakephp\cakephp\src\Error\Middleware\ErrorHandlerMiddleware.php, line 119
Cake\Error\Middleware\ErrorHandlerMiddleware->process() C:\Apache24\htdocs\chestcounter\vendor\cakephp\cakephp\src\Http\Runner.php, line 82
Cake\Http\Runner->handle() C:\Apache24\htdocs\chestcounter\vendor\cakephp\cakephp\src\Http\Runner.php, line 60
Cake\Http\Runner->run() C:\Apache24\htdocs\chestcounter\vendor\cakephp\cakephp\src\Http\Server.php, line 104
Cake\Http\Server->run() C:\Apache24\htdocs\chestcounter\webroot\index.php, line 37
[main]

2025-11-16 23:12:21 warning: Undefined variable $class
Request URL: /admin/bank
Referer URL: http://127.0.0.1/chestcounter/admin/bank
Client IP: 127.0.0.1
Trace:
Cake\Error\ErrorTrap->handleError() C:\Apache24\htdocs\chestcounter\vendor\cakephp\cakephp\templates\Error\missing_action.php, line 59
C:\Apache24\htdocs\chestcounter\vendor\cakephp\cakephp\src\View\View.php C:\Apache24\htdocs\chestcounter\vendor\cakephp\cakephp\src\View\View.php, line 1188
Cake\View\View->_evaluate() C:\Apache24\htdocs\chestcounter\vendor\cakephp\cakephp\src\View\View.php, line 1145
Cake\View\View->_render() C:\Apache24\htdocs\chestcounter\vendor\cakephp\cakephp\src\View\View.php, line 785
Cake\View\View->render() C:\Apache24\htdocs\chestcounter\vendor\cakephp\cakephp\src\Controller\Controller.php, line 712
Cake\Controller\Controller->render() C:\Apache24\htdocs\chestcounter\vendor\cakephp\cakephp\src\Error\Renderer\WebExceptionRenderer.php, line 419
Cake\Error\Renderer\WebExceptionRenderer->_outputMessage() C:\Apache24\htdocs\chestcounter\vendor\cakephp\cakephp\src\Error\Renderer\WebExceptionRenderer.php, line 290
Cake\Error\Renderer\WebExceptionRenderer->render() C:\Apache24\htdocs\chestcounter\vendor\cakephp\cakephp\src\Error\Middleware\ErrorHandlerMiddleware.php, line 149
Cake\Error\Middleware\ErrorHandlerMiddleware->handleException() C:\Apache24\htdocs\chestcounter\vendor\cakephp\cakephp\src\Error\Middleware\ErrorHandlerMiddleware.php, line 119
Cake\Error\Middleware\ErrorHandlerMiddleware->process() C:\Apache24\htdocs\chestcounter\vendor\cakephp\cakephp\src\Http\Runner.php, line 82
Cake\Http\Runner->handle() C:\Apache24\htdocs\chestcounter\vendor\cakephp\cakephp\src\Http\Runner.php, line 60
Cake\Http\Runner->run() C:\Apache24\htdocs\chestcounter\vendor\cakephp\cakephp\src\Http\Server.php, line 104
Cake\Http\Server->run() C:\Apache24\htdocs\chestcounter\webroot\index.php, line 37
[main]

2025-11-16 23:12:21 warning: Undefined variable $class
Request URL: /admin/bank
Referer URL: http://127.0.0.1/chestcounter/admin/bank
Client IP: 127.0.0.1
Trace:
Cake\Error\ErrorTrap->handleError() C:\Apache24\htdocs\chestcounter\vendor\cakephp\cakephp\templates\Error\missing_action.php, line 67
C:\Apache24\htdocs\chestcounter\vendor\cakephp\cakephp\src\View\View.php C:\Apache24\htdocs\chestcounter\vendor\cakephp\cakephp\src\View\View.php, line 1188
Cake\View\View->_evaluate() C:\Apache24\htdocs\chestcounter\vendor\cakephp\cakephp\src\View\View.php, line 1145
Cake\View\View->_render() C:\Apache24\htdocs\chestcounter\vendor\cakephp\cakephp\src\View\View.php, line 785
Cake\View\View->render() C:\Apache24\htdocs\chestcounter\vendor\cakephp\cakephp\src\Controller\Controller.php, line 712
Cake\Controller\Controller->render() C:\Apache24\htdocs\chestcounter\vendor\cakephp\cakephp\src\Error\Renderer\WebExceptionRenderer.php, line 419
Cake\Error\Renderer\WebExceptionRenderer->_outputMessage() C:\Apache24\htdocs\chestcounter\vendor\cakephp\cakephp\src\Error\Renderer\WebExceptionRenderer.php, line 290
Cake\Error\Renderer\WebExceptionRenderer->render() C:\Apache24\htdocs\chestcounter\vendor\cakephp\cakephp\src\Error\Middleware\ErrorHandlerMiddleware.php, line 149
Cake\Error\Middleware\ErrorHandlerMiddleware->handleException() C:\Apache24\htdocs\chestcounter\vendor\cakephp\cakephp\src\Error\Middleware\ErrorHandlerMiddleware.php, line 119
Cake\Error\Middleware\ErrorHandlerMiddleware->process() C:\Apache24\htdocs\chestcounter\vendor\cakephp\cakephp\src\Http\Runner.php, line 82
Cake\Http\Runner->handle() C:\Apache24\htdocs\chestcounter\vendor\cakephp\cakephp\src\Http\Runner.php, line 60
Cake\Http\Runner->run() C:\Apache24\htdocs\chestcounter\vendor\cakephp\cakephp\src\Http\Server.php, line 104
Cake\Http\Server->run() C:\Apache24\htdocs\chestcounter\webroot\index.php, line 37
[main]

2025-11-16 23:12:21 warning: Undefined variable $action
Request URL: /admin/bank
Referer URL: http://127.0.0.1/chestcounter/admin/bank
Client IP: 127.0.0.1
Trace:
Cake\Error\ErrorTrap->handleError() C:\Apache24\htdocs\chestcounter\vendor\cakephp\cakephp\templates\Error\missing_action.php, line 67
C:\Apache24\htdocs\chestcounter\vendor\cakephp\cakephp\src\View\View.php C:\Apache24\htdocs\chestcounter\vendor\cakephp\cakephp\src\View\View.php, line 1188
Cake\View\View->_evaluate() C:\Apache24\htdocs\chestcounter\vendor\cakephp\cakephp\src\View\View.php, line 1145
Cake\View\View->_render() C:\Apache24\htdocs\chestcounter\vendor\cakephp\cakephp\src\View\View.php, line 785
Cake\View\View->render() C:\Apache24\htdocs\chestcounter\vendor\cakephp\cakephp\src\Controller\Controller.php, line 712
Cake\Controller\Controller->render() C:\Apache24\htdocs\chestcounter\vendor\cakephp\cakephp\src\Error\Renderer\WebExceptionRenderer.php, line 419
Cake\Error\Renderer\WebExceptionRenderer->_outputMessage() C:\Apache24\htdocs\chestcounter\vendor\cakephp\cakephp\src\Error\Renderer\WebExceptionRenderer.php, line 290
Cake\Error\Renderer\WebExceptionRenderer->render() C:\Apache24\htdocs\chestcounter\vendor\cakephp\cakephp\src\Error\Middleware\ErrorHandlerMiddleware.php, line 149
Cake\Error\Middleware\ErrorHandlerMiddleware->handleException() C:\Apache24\htdocs\chestcounter\vendor\cakephp\cakephp\src\Error\Middleware\ErrorHandlerMiddleware.php, line 119
Cake\Error\Middleware\ErrorHandlerMiddleware->process() C:\Apache24\htdocs\chestcounter\vendor\cakephp\cakephp\src\Http\Runner.php, line 82
Cake\Http\Runner->handle() C:\Apache24\htdocs\chestcounter\vendor\cakephp\cakephp\src\Http\Runner.php, line 60
Cake\Http\Runner->run() C:\Apache24\htdocs\chestcounter\vendor\cakephp\cakephp\src\Http\Server.php, line 104
Cake\Http\Server->run() C:\Apache24\htdocs\chestcounter\webroot\index.php, line 37
[main]

2025-11-16 23:12:21 warning: Undefined variable $type
Request URL: /admin/bank
Referer URL: http://127.0.0.1/chestcounter/admin/bank
Client IP: 127.0.0.1
Trace:
Cake\Error\ErrorTrap->handleError() C:\Apache24\htdocs\chestcounter\vendor\cakephp\cakephp\templates\Error\missing_action.php, line 73
C:\Apache24\htdocs\chestcounter\vendor\cakephp\cakephp\src\View\View.php C:\Apache24\htdocs\chestcounter\vendor\cakephp\cakephp\src\View\View.php, line 1188
Cake\View\View->_evaluate() C:\Apache24\htdocs\chestcounter\vendor\cakephp\cakephp\src\View\View.php, line 1145
Cake\View\View->_render() C:\Apache24\htdocs\chestcounter\vendor\cakephp\cakephp\src\View\View.php, line 785
Cake\View\View->render() C:\Apache24\htdocs\chestcounter\vendor\cakephp\cakephp\src\Controller\Controller.php, line 712
Cake\Controller\Controller->render() C:\Apache24\htdocs\chestcounter\vendor\cakephp\cakephp\src\Error\Renderer\WebExceptionRenderer.php, line 419
Cake\Error\Renderer\WebExceptionRenderer->_outputMessage() C:\Apache24\htdocs\chestcounter\vendor\cakephp\cakephp\src\Error\Renderer\WebExceptionRenderer.php, line 290
Cake\Error\Renderer\WebExceptionRenderer->render() C:\Apache24\htdocs\chestcounter\vendor\cakephp\cakephp\src\Error\Middleware\ErrorHandlerMiddleware.php, line 149
Cake\Error\Middleware\ErrorHandlerMiddleware->handleException() C:\Apache24\htdocs\chestcounter\vendor\cakephp\cakephp\src\Error\Middleware\ErrorHandlerMiddleware.php, line 119
Cake\Error\Middleware\ErrorHandlerMiddleware->process() C:\Apache24\htdocs\chestcounter\vendor\cakephp\cakephp\src\Http\Runner.php, line 82
Cake\Http\Runner->handle() C:\Apache24\htdocs\chestcounter\vendor\cakephp\cakephp\src\Http\Runner.php, line 60
Cake\Http\Runner->run() C:\Apache24\htdocs\chestcounter\vendor\cakephp\cakephp\src\Http\Server.php, line 104
Cake\Http\Server->run() C:\Apache24\htdocs\chestcounter\webroot\index.php, line 37
[main]

2025-11-16 23:12:21 warning: Undefined variable $baseClass
Request URL: /admin/bank
Referer URL: http://127.0.0.1/chestcounter/admin/bank
Client IP: 127.0.0.1
Trace:
Cake\Error\ErrorTrap->handleError() C:\Apache24\htdocs\chestcounter\vendor\cakephp\cakephp\templates\Error\missing_action.php, line 75
C:\Apache24\htdocs\chestcounter\vendor\cakephp\cakephp\src\View\View.php C:\Apache24\htdocs\chestcounter\vendor\cakephp\cakephp\src\View\View.php, line 1188
Cake\View\View->_evaluate() C:\Apache24\htdocs\chestcounter\vendor\cakephp\cakephp\src\View\View.php, line 1145
Cake\View\View->_render() C:\Apache24\htdocs\chestcounter\vendor\cakephp\cakephp\src\View\View.php, line 785
Cake\View\View->render() C:\Apache24\htdocs\chestcounter\vendor\cakephp\cakephp\src\Controller\Controller.php, line 712
Cake\Controller\Controller->render() C:\Apache24\htdocs\chestcounter\vendor\cakephp\cakephp\src\Error\Renderer\WebExceptionRenderer.php, line 419
Cake\Error\Renderer\WebExceptionRenderer->_outputMessage() C:\Apache24\htdocs\chestcounter\vendor\cakephp\cakephp\src\Error\Renderer\WebExceptionRenderer.php, line 290
Cake\Error\Renderer\WebExceptionRenderer->render() C:\Apache24\htdocs\chestcounter\vendor\cakephp\cakephp\src\Error\Middleware\ErrorHandlerMiddleware.php, line 149
Cake\Error\Middleware\ErrorHandlerMiddleware->handleException() C:\Apache24\htdocs\chestcounter\vendor\cakephp\cakephp\src\Error\Middleware\ErrorHandlerMiddleware.php, line 119
Cake\Error\Middleware\ErrorHandlerMiddleware->process() C:\Apache24\htdocs\chestcounter\vendor\cakephp\cakephp\src\Http\Runner.php, line 82
Cake\Http\Runner->handle() C:\Apache24\htdocs\chestcounter\vendor\cakephp\cakephp\src\Http\Runner.php, line 60
Cake\Http\Runner->run() C:\Apache24\htdocs\chestcounter\vendor\cakephp\cakephp\src\Http\Server.php, line 104
Cake\Http\Server->run() C:\Apache24\htdocs\chestcounter\webroot\index.php, line 37
[main]

2025-11-16 23:12:21 warning: Undefined variable $class
Request URL: /admin/bank
Referer URL: http://127.0.0.1/chestcounter/admin/bank
Client IP: 127.0.0.1
Trace:
Cake\Error\ErrorTrap->handleError() C:\Apache24\htdocs\chestcounter\vendor\cakephp\cakephp\templates\Error\missing_action.php, line 77
C:\Apache24\htdocs\chestcounter\vendor\cakephp\cakephp\src\View\View.php C:\Apache24\htdocs\chestcounter\vendor\cakephp\cakephp\src\View\View.php, line 1188
Cake\View\View->_evaluate() C:\Apache24\htdocs\chestcounter\vendor\cakephp\cakephp\src\View\View.php, line 1145
Cake\View\View->_render() C:\Apache24\htdocs\chestcounter\vendor\cakephp\cakephp\src\View\View.php, line 785
Cake\View\View->render() C:\Apache24\htdocs\chestcounter\vendor\cakephp\cakephp\src\Controller\Controller.php, line 712
Cake\Controller\Controller->render() C:\Apache24\htdocs\chestcounter\vendor\cakephp\cakephp\src\Error\Renderer\WebExceptionRenderer.php, line 419
Cake\Error\Renderer\WebExceptionRenderer->_outputMessage() C:\Apache24\htdocs\chestcounter\vendor\cakephp\cakephp\src\Error\Renderer\WebExceptionRenderer.php, line 290
Cake\Error\Renderer\WebExceptionRenderer->render() C:\Apache24\htdocs\chestcounter\vendor\cakephp\cakephp\src\Error\Middleware\ErrorHandlerMiddleware.php, line 149
Cake\Error\Middleware\ErrorHandlerMiddleware->handleException() C:\Apache24\htdocs\chestcounter\vendor\cakephp\cakephp\src\Error\Middleware\ErrorHandlerMiddleware.php, line 119
Cake\Error\Middleware\ErrorHandlerMiddleware->process() C:\Apache24\htdocs\chestcounter\vendor\cakephp\cakephp\src\Http\Runner.php, line 82
Cake\Http\Runner->handle() C:\Apache24\htdocs\chestcounter\vendor\cakephp\cakephp\src\Http\Runner.php, line 60
Cake\Http\Runner->run() C:\Apache24\htdocs\chestcounter\vendor\cakephp\cakephp\src\Http\Server.php, line 104
Cake\Http\Server->run() C:\Apache24\htdocs\chestcounter\webroot\index.php, line 37
[main]

2025-11-16 23:12:21 warning: Undefined variable $extends
Request URL: /admin/bank
Referer URL: http://127.0.0.1/chestcounter/admin/bank
Client IP: 127.0.0.1
Trace:
Cake\Error\ErrorTrap->handleError() C:\Apache24\htdocs\chestcounter\vendor\cakephp\cakephp\templates\Error\missing_action.php, line 77
C:\Apache24\htdocs\chestcounter\vendor\cakephp\cakephp\src\View\View.php C:\Apache24\htdocs\chestcounter\vendor\cakephp\cakephp\src\View\View.php, line 1188
Cake\View\View->_evaluate() C:\Apache24\htdocs\chestcounter\vendor\cakephp\cakephp\src\View\View.php, line 1145
Cake\View\View->_render() C:\Apache24\htdocs\chestcounter\vendor\cakephp\cakephp\src\View\View.php, line 785
Cake\View\View->render() C:\Apache24\htdocs\chestcounter\vendor\cakephp\cakephp\src\Controller\Controller.php, line 712
Cake\Controller\Controller->render() C:\Apache24\htdocs\chestcounter\vendor\cakephp\cakephp\src\Error\Renderer\WebExceptionRenderer.php, line 419
Cake\Error\Renderer\WebExceptionRenderer->_outputMessage() C:\Apache24\htdocs\chestcounter\vendor\cakephp\cakephp\src\Error\Renderer\WebExceptionRenderer.php, line 290
Cake\Error\Renderer\WebExceptionRenderer->render() C:\Apache24\htdocs\chestcounter\vendor\cakephp\cakephp\src\Error\Middleware\ErrorHandlerMiddleware.php, line 149
Cake\Error\Middleware\ErrorHandlerMiddleware->handleException() C:\Apache24\htdocs\chestcounter\vendor\cakephp\cakephp\src\Error\Middleware\ErrorHandlerMiddleware.php, line 119
Cake\Error\Middleware\ErrorHandlerMiddleware->process() C:\Apache24\htdocs\chestcounter\vendor\cakephp\cakephp\src\Http\Runner.php, line 82
Cake\Http\Runner->handle() C:\Apache24\htdocs\chestcounter\vendor\cakephp\cakephp\src\Http\Runner.php, line 60
Cake\Http\Runner->run() C:\Apache24\htdocs\chestcounter\vendor\cakephp\cakephp\src\Http\Server.php, line 104
Cake\Http\Server->run() C:\Apache24\htdocs\chestcounter\webroot\index.php, line 37
[main]

2025-11-16 23:12:21 warning: Undefined variable $action
Request URL: /admin/bank
Referer URL: http://127.0.0.1/chestcounter/admin/bank
Client IP: 127.0.0.1
Trace:
Cake\Error\ErrorTrap->handleError() C:\Apache24\htdocs\chestcounter\vendor\cakephp\cakephp\templates\Error\missing_action.php, line 80
C:\Apache24\htdocs\chestcounter\vendor\cakephp\cakephp\src\View\View.php C:\Apache24\htdocs\chestcounter\vendor\cakephp\cakephp\src\View\View.php, line 1188
Cake\View\View->_evaluate() C:\Apache24\htdocs\chestcounter\vendor\cakephp\cakephp\src\View\View.php, line 1145
Cake\View\View->_render() C:\Apache24\htdocs\chestcounter\vendor\cakephp\cakephp\src\View\View.php, line 785
Cake\View\View->render() C:\Apache24\htdocs\chestcounter\vendor\cakephp\cakephp\src\Controller\Controller.php, line 712
Cake\Controller\Controller->render() C:\Apache24\htdocs\chestcounter\vendor\cakephp\cakephp\src\Error\Renderer\WebExceptionRenderer.php, line 419
Cake\Error\Renderer\WebExceptionRenderer->_outputMessage() C:\Apache24\htdocs\chestcounter\vendor\cakephp\cakephp\src\Error\Renderer\WebExceptionRenderer.php, line 290
Cake\Error\Renderer\WebExceptionRenderer->render() C:\Apache24\htdocs\chestcounter\vendor\cakephp\cakephp\src\Error\Middleware\ErrorHandlerMiddleware.php, line 149
Cake\Error\Middleware\ErrorHandlerMiddleware->handleException() C:\Apache24\htdocs\chestcounter\vendor\cakephp\cakephp\src\Error\Middleware\ErrorHandlerMiddleware.php, line 119
Cake\Error\Middleware\ErrorHandlerMiddleware->process() C:\Apache24\htdocs\chestcounter\vendor\cakephp\cakephp\src\Http\Runner.php, line 82
Cake\Http\Runner->handle() C:\Apache24\htdocs\chestcounter\vendor\cakephp\cakephp\src\Http\Runner.php, line 60
Cake\Http\Runner->run() C:\Apache24\htdocs\chestcounter\vendor\cakephp\cakephp\src\Http\Server.php, line 104
Cake\Http\Server->run() C:\Apache24\htdocs\chestcounter\webroot\index.php, line 37
[main]

2025-11-16 23:12:24 error: [Cake\Controller\Exception\MissingActionException] Action `Admin/BankController::index()` could not be found, or is not accessible. in C:\Apache24\htdocs\chestcounter\vendor\cakephp\cakephp\src\Controller\Controller.php on line 487
Exception Attributes: array (
  0 => 'Admin/BankController',
  1 => 'index',
)
Stack Trace:
- CORE\src\Controller\ControllerFactory.php:161
- CORE\src\Controller\ControllerFactory.php:141
- CORE\src\Http\BaseApplication.php:362
- CORE\src\Http\Runner.php:86
- CORE\src\Http\Middleware\CsrfProtectionMiddleware.php:169
- CORE\src\Http\Runner.php:82
- ROOT\vendor\cakephp\authentication\src\Middleware\AuthenticationMiddleware.php:106
- CORE\src\Http\Runner.php:82
- CORE\src\Http\Middleware\BodyParserMiddleware.php:157
- CORE\src\Http\Runner.php:82
- CORE\src\Routing\Middleware\RoutingMiddleware.php:118
- CORE\src\Http\Runner.php:82
- CORE\src\Routing\Middleware\AssetMiddleware.php:69
- CORE\src\Http\Runner.php:82
- CORE\src\Error\Middleware\ErrorHandlerMiddleware.php:115
- CORE\src\Http\Runner.php:82
- CORE\src\Http\Runner.php:60
- CORE\src\Http\Server.php:104
- ROOT\webroot\index.php:37
- [main]:

Request URL: /admin/bank
Referer URL: http://127.0.0.1/chestcounter/bank/statement
Client IP: 127.0.0.1
2025-11-16 23:12:24 warning: Undefined variable $type
Request URL: /admin/bank
Referer URL: http://127.0.0.1/chestcounter/bank/statement
Client IP: 127.0.0.1
Trace:
Cake\Error\ErrorTrap->handleError() C:\Apache24\htdocs\chestcounter\vendor\cakephp\cakephp\templates\Error\missing_action.php, line 49
C:\Apache24\htdocs\chestcounter\vendor\cakephp\cakephp\src\View\View.php C:\Apache24\htdocs\chestcounter\vendor\cakephp\cakephp\src\View\View.php, line 1188
Cake\View\View->_evaluate() C:\Apache24\htdocs\chestcounter\vendor\cakephp\cakephp\src\View\View.php, line 1145
Cake\View\View->_render() C:\Apache24\htdocs\chestcounter\vendor\cakephp\cakephp\src\View\View.php, line 785
Cake\View\View->render() C:\Apache24\htdocs\chestcounter\vendor\cakephp\cakephp\src\Controller\Controller.php, line 712
Cake\Controller\Controller->render() C:\Apache24\htdocs\chestcounter\vendor\cakephp\cakephp\src\Error\Renderer\WebExceptionRenderer.php, line 419
Cake\Error\Renderer\WebExceptionRenderer->_outputMessage() C:\Apache24\htdocs\chestcounter\vendor\cakephp\cakephp\src\Error\Renderer\WebExceptionRenderer.php, line 290
Cake\Error\Renderer\WebExceptionRenderer->render() C:\Apache24\htdocs\chestcounter\vendor\cakephp\cakephp\src\Error\Middleware\ErrorHandlerMiddleware.php, line 149
Cake\Error\Middleware\ErrorHandlerMiddleware->handleException() C:\Apache24\htdocs\chestcounter\vendor\cakephp\cakephp\src\Error\Middleware\ErrorHandlerMiddleware.php, line 119
Cake\Error\Middleware\ErrorHandlerMiddleware->process() C:\Apache24\htdocs\chestcounter\vendor\cakephp\cakephp\src\Http\Runner.php, line 82
Cake\Http\Runner->handle() C:\Apache24\htdocs\chestcounter\vendor\cakephp\cakephp\src\Http\Runner.php, line 60
Cake\Http\Runner->run() C:\Apache24\htdocs\chestcounter\vendor\cakephp\cakephp\src\Http\Server.php, line 104
Cake\Http\Server->run() C:\Apache24\htdocs\chestcounter\webroot\index.php, line 37
[main]

2025-11-16 23:12:24 warning: Undefined variable $class
Request URL: /admin/bank
Referer URL: http://127.0.0.1/chestcounter/bank/statement
Client IP: 127.0.0.1
Trace:
Cake\Error\ErrorTrap->handleError() C:\Apache24\htdocs\chestcounter\vendor\cakephp\cakephp\templates\Error\missing_action.php, line 49
C:\Apache24\htdocs\chestcounter\vendor\cakephp\cakephp\src\View\View.php C:\Apache24\htdocs\chestcounter\vendor\cakephp\cakephp\src\View\View.php, line 1188
Cake\View\View->_evaluate() C:\Apache24\htdocs\chestcounter\vendor\cakephp\cakephp\src\View\View.php, line 1145
Cake\View\View->_render() C:\Apache24\htdocs\chestcounter\vendor\cakephp\cakephp\src\View\View.php, line 785
Cake\View\View->render() C:\Apache24\htdocs\chestcounter\vendor\cakephp\cakephp\src\Controller\Controller.php, line 712
Cake\Controller\Controller->render() C:\Apache24\htdocs\chestcounter\vendor\cakephp\cakephp\src\Error\Renderer\WebExceptionRenderer.php, line 419
Cake\Error\Renderer\WebExceptionRenderer->_outputMessage() C:\Apache24\htdocs\chestcounter\vendor\cakephp\cakephp\src\Error\Renderer\WebExceptionRenderer.php, line 290
Cake\Error\Renderer\WebExceptionRenderer->render() C:\Apache24\htdocs\chestcounter\vendor\cakephp\cakephp\src\Error\Middleware\ErrorHandlerMiddleware.php, line 149
Cake\Error\Middleware\ErrorHandlerMiddleware->handleException() C:\Apache24\htdocs\chestcounter\vendor\cakephp\cakephp\src\Error\Middleware\ErrorHandlerMiddleware.php, line 119
Cake\Error\Middleware\ErrorHandlerMiddleware->process() C:\Apache24\htdocs\chestcounter\vendor\cakephp\cakephp\src\Http\Runner.php, line 82
Cake\Http\Runner->handle() C:\Apache24\htdocs\chestcounter\vendor\cakephp\cakephp\src\Http\Runner.php, line 60
Cake\Http\Runner->run() C:\Apache24\htdocs\chestcounter\vendor\cakephp\cakephp\src\Http\Server.php, line 104
Cake\Http\Server->run() C:\Apache24\htdocs\chestcounter\webroot\index.php, line 37
[main]

2025-11-16 23:12:24 warning: Undefined variable $class
Request URL: /admin/bank
Referer URL: http://127.0.0.1/chestcounter/bank/statement
Client IP: 127.0.0.1
Trace:
Cake\Error\ErrorTrap->handleError() C:\Apache24\htdocs\chestcounter\vendor\cakephp\cakephp\templates\Error\missing_action.php, line 56
C:\Apache24\htdocs\chestcounter\vendor\cakephp\cakephp\src\View\View.php C:\Apache24\htdocs\chestcounter\vendor\cakephp\cakephp\src\View\View.php, line 1188
Cake\View\View->_evaluate() C:\Apache24\htdocs\chestcounter\vendor\cakephp\cakephp\src\View\View.php, line 1145
Cake\View\View->_render() C:\Apache24\htdocs\chestcounter\vendor\cakephp\cakephp\src\View\View.php, line 785
Cake\View\View->render() C:\Apache24\htdocs\chestcounter\vendor\cakephp\cakephp\src\Controller\Controller.php, line 712
Cake\Controller\Controller->render() C:\Apache24\htdocs\chestcounter\vendor\cakephp\cakephp\src\Error\Renderer\WebExceptionRenderer.php, line 419
Cake\Error\Renderer\WebExceptionRenderer->_outputMessage() C:\Apache24\htdocs\chestcounter\vendor\cakephp\cakephp\src\Error\Renderer\WebExceptionRenderer.php, line 290
Cake\Error\Renderer\WebExceptionRenderer->render() C:\Apache24\htdocs\chestcounter\vendor\cakephp\cakephp\src\Error\Middleware\ErrorHandlerMiddleware.php, line 149
Cake\Error\Middleware\ErrorHandlerMiddleware->handleException() C:\Apache24\htdocs\chestcounter\vendor\cakephp\cakephp\src\Error\Middleware\ErrorHandlerMiddleware.php, line 119
Cake\Error\Middleware\ErrorHandlerMiddleware->process() C:\Apache24\htdocs\chestcounter\vendor\cakephp\cakephp\src\Http\Runner.php, line 82
Cake\Http\Runner->handle() C:\Apache24\htdocs\chestcounter\vendor\cakephp\cakephp\src\Http\Runner.php, line 60
Cake\Http\Runner->run() C:\Apache24\htdocs\chestcounter\vendor\cakephp\cakephp\src\Http\Server.php, line 104
Cake\Http\Server->run() C:\Apache24\htdocs\chestcounter\webroot\index.php, line 37
[main]

2025-11-16 23:12:24 warning: Undefined variable $action
Request URL: /admin/bank
Referer URL: http://127.0.0.1/chestcounter/bank/statement
Client IP: 127.0.0.1
Trace:
Cake\Error\ErrorTrap->handleError() C:\Apache24\htdocs\chestcounter\vendor\cakephp\cakephp\templates\Error\missing_action.php, line 59
C:\Apache24\htdocs\chestcounter\vendor\cakephp\cakephp\src\View\View.php C:\Apache24\htdocs\chestcounter\vendor\cakephp\cakephp\src\View\View.php, line 1188
Cake\View\View->_evaluate() C:\Apache24\htdocs\chestcounter\vendor\cakephp\cakephp\src\View\View.php, line 1145
Cake\View\View->_render() C:\Apache24\htdocs\chestcounter\vendor\cakephp\cakephp\src\View\View.php, line 785
Cake\View\View->render() C:\Apache24\htdocs\chestcounter\vendor\cakephp\cakephp\src\Controller\Controller.php, line 712
Cake\Controller\Controller->render() C:\Apache24\htdocs\chestcounter\vendor\cakephp\cakephp\src\Error\Renderer\WebExceptionRenderer.php, line 419
Cake\Error\Renderer\WebExceptionRenderer->_outputMessage() C:\Apache24\htdocs\chestcounter\vendor\cakephp\cakephp\src\Error\Renderer\WebExceptionRenderer.php, line 290
Cake\Error\Renderer\WebExceptionRenderer->render() C:\Apache24\htdocs\chestcounter\vendor\cakephp\cakephp\src\Error\Middleware\ErrorHandlerMiddleware.php, line 149
Cake\Error\Middleware\ErrorHandlerMiddleware->handleException() C:\Apache24\htdocs\chestcounter\vendor\cakephp\cakephp\src\Error\Middleware\ErrorHandlerMiddleware.php, line 119
Cake\Error\Middleware\ErrorHandlerMiddleware->process() C:\Apache24\htdocs\chestcounter\vendor\cakephp\cakephp\src\Http\Runner.php, line 82
Cake\Http\Runner->handle() C:\Apache24\htdocs\chestcounter\vendor\cakephp\cakephp\src\Http\Runner.php, line 60
Cake\Http\Runner->run() C:\Apache24\htdocs\chestcounter\vendor\cakephp\cakephp\src\Http\Server.php, line 104
Cake\Http\Server->run() C:\Apache24\htdocs\chestcounter\webroot\index.php, line 37
[main]

2025-11-16 23:12:24 warning: Undefined variable $class
Request URL: /admin/bank
Referer URL: http://127.0.0.1/chestcounter/bank/statement
Client IP: 127.0.0.1
Trace:
Cake\Error\ErrorTrap->handleError() C:\Apache24\htdocs\chestcounter\vendor\cakephp\cakephp\templates\Error\missing_action.php, line 59
C:\Apache24\htdocs\chestcounter\vendor\cakephp\cakephp\src\View\View.php C:\Apache24\htdocs\chestcounter\vendor\cakephp\cakephp\src\View\View.php, line 1188
Cake\View\View->_evaluate() C:\Apache24\htdocs\chestcounter\vendor\cakephp\cakephp\src\View\View.php, line 1145
Cake\View\View->_render() C:\Apache24\htdocs\chestcounter\vendor\cakephp\cakephp\src\View\View.php, line 785
Cake\View\View->render() C:\Apache24\htdocs\chestcounter\vendor\cakephp\cakephp\src\Controller\Controller.php, line 712
Cake\Controller\Controller->render() C:\Apache24\htdocs\chestcounter\vendor\cakephp\cakephp\src\Error\Renderer\WebExceptionRenderer.php, line 419
Cake\Error\Renderer\WebExceptionRenderer->_outputMessage() C:\Apache24\htdocs\chestcounter\vendor\cakephp\cakephp\src\Error\Renderer\WebExceptionRenderer.php, line 290
Cake\Error\Renderer\WebExceptionRenderer->render() C:\Apache24\htdocs\chestcounter\vendor\cakephp\cakephp\src\Error\Middleware\ErrorHandlerMiddleware.php, line 149
Cake\Error\Middleware\ErrorHandlerMiddleware->handleException() C:\Apache24\htdocs\chestcounter\vendor\cakephp\cakephp\src\Error\Middleware\ErrorHandlerMiddleware.php, line 119
Cake\Error\Middleware\ErrorHandlerMiddleware->process() C:\Apache24\htdocs\chestcounter\vendor\cakephp\cakephp\src\Http\Runner.php, line 82
Cake\Http\Runner->handle() C:\Apache24\htdocs\chestcounter\vendor\cakephp\cakephp\src\Http\Runner.php, line 60
Cake\Http\Runner->run() C:\Apache24\htdocs\chestcounter\vendor\cakephp\cakephp\src\Http\Server.php, line 104
Cake\Http\Server->run() C:\Apache24\htdocs\chestcounter\webroot\index.php, line 37
[main]

2025-11-16 23:12:24 warning: Undefined variable $class
Request URL: /admin/bank
Referer URL: http://127.0.0.1/chestcounter/bank/statement
Client IP: 127.0.0.1
Trace:
Cake\Error\ErrorTrap->handleError() C:\Apache24\htdocs\chestcounter\vendor\cakephp\cakephp\templates\Error\missing_action.php, line 67
C:\Apache24\htdocs\chestcounter\vendor\cakephp\cakephp\src\View\View.php C:\Apache24\htdocs\chestcounter\vendor\cakephp\cakephp\src\View\View.php, line 1188
Cake\View\View->_evaluate() C:\Apache24\htdocs\chestcounter\vendor\cakephp\cakephp\src\View\View.php, line 1145
Cake\View\View->_render() C:\Apache24\htdocs\chestcounter\vendor\cakephp\cakephp\src\View\View.php, line 785
Cake\View\View->render() C:\Apache24\htdocs\chestcounter\vendor\cakephp\cakephp\src\Controller\Controller.php, line 712
Cake\Controller\Controller->render() C:\Apache24\htdocs\chestcounter\vendor\cakephp\cakephp\src\Error\Renderer\WebExceptionRenderer.php, line 419
Cake\Error\Renderer\WebExceptionRenderer->_outputMessage() C:\Apache24\htdocs\chestcounter\vendor\cakephp\cakephp\src\Error\Renderer\WebExceptionRenderer.php, line 290
Cake\Error\Renderer\WebExceptionRenderer->render() C:\Apache24\htdocs\chestcounter\vendor\cakephp\cakephp\src\Error\Middleware\ErrorHandlerMiddleware.php, line 149
Cake\Error\Middleware\ErrorHandlerMiddleware->handleException() C:\Apache24\htdocs\chestcounter\vendor\cakephp\cakephp\src\Error\Middleware\ErrorHandlerMiddleware.php, line 119
Cake\Error\Middleware\ErrorHandlerMiddleware->process() C:\Apache24\htdocs\chestcounter\vendor\cakephp\cakephp\src\Http\Runner.php, line 82
Cake\Http\Runner->handle() C:\Apache24\htdocs\chestcounter\vendor\cakephp\cakephp\src\Http\Runner.php, line 60
Cake\Http\Runner->run() C:\Apache24\htdocs\chestcounter\vendor\cakephp\cakephp\src\Http\Server.php, line 104
Cake\Http\Server->run() C:\Apache24\htdocs\chestcounter\webroot\index.php, line 37
[main]

2025-11-16 23:12:24 warning: Undefined variable $action
Request URL: /admin/bank
Referer URL: http://127.0.0.1/chestcounter/bank/statement
Client IP: 127.0.0.1
Trace:
Cake\Error\ErrorTrap->handleError() C:\Apache24\htdocs\chestcounter\vendor\cakephp\cakephp\templates\Error\missing_action.php, line 67
C:\Apache24\htdocs\chestcounter\vendor\cakephp\cakephp\src\View\View.php C:\Apache24\htdocs\chestcounter\vendor\cakephp\cakephp\src\View\View.php, line 1188
Cake\View\View->_evaluate() C:\Apache24\htdocs\chestcounter\vendor\cakephp\cakephp\src\View\View.php, line 1145
Cake\View\View->_render() C:\Apache24\htdocs\chestcounter\vendor\cakephp\cakephp\src\View\View.php, line 785
Cake\View\View->render() C:\Apache24\htdocs\chestcounter\vendor\cakephp\cakephp\src\Controller\Controller.php, line 712
Cake\Controller\Controller->render() C:\Apache24\htdocs\chestcounter\vendor\cakephp\cakephp\src\Error\Renderer\WebExceptionRenderer.php, line 419
Cake\Error\Renderer\WebExceptionRenderer->_outputMessage() C:\Apache24\htdocs\chestcounter\vendor\cakephp\cakephp\src\Error\Renderer\WebExceptionRenderer.php, line 290
Cake\Error\Renderer\WebExceptionRenderer->render() C:\Apache24\htdocs\chestcounter\vendor\cakephp\cakephp\src\Error\Middleware\ErrorHandlerMiddleware.php, line 149
Cake\Error\Middleware\ErrorHandlerMiddleware->handleException() C:\Apache24\htdocs\chestcounter\vendor\cakephp\cakephp\src\Error\Middleware\ErrorHandlerMiddleware.php, line 119
Cake\Error\Middleware\ErrorHandlerMiddleware->process() C:\Apache24\htdocs\chestcounter\vendor\cakephp\cakephp\src\Http\Runner.php, line 82
Cake\Http\Runner->handle() C:\Apache24\htdocs\chestcounter\vendor\cakephp\cakephp\src\Http\Runner.php, line 60
Cake\Http\Runner->run() C:\Apache24\htdocs\chestcounter\vendor\cakephp\cakephp\src\Http\Server.php, line 104
Cake\Http\Server->run() C:\Apache24\htdocs\chestcounter\webroot\index.php, line 37
[main]

2025-11-16 23:12:24 warning: Undefined variable $type
Request URL: /admin/bank
Referer URL: http://127.0.0.1/chestcounter/bank/statement
Client IP: 127.0.0.1
Trace:
Cake\Error\ErrorTrap->handleError() C:\Apache24\htdocs\chestcounter\vendor\cakephp\cakephp\templates\Error\missing_action.php, line 73
C:\Apache24\htdocs\chestcounter\vendor\cakephp\cakephp\src\View\View.php C:\Apache24\htdocs\chestcounter\vendor\cakephp\cakephp\src\View\View.php, line 1188
Cake\View\View->_evaluate() C:\Apache24\htdocs\chestcounter\vendor\cakephp\cakephp\src\View\View.php, line 1145
Cake\View\View->_render() C:\Apache24\htdocs\chestcounter\vendor\cakephp\cakephp\src\View\View.php, line 785
Cake\View\View->render() C:\Apache24\htdocs\chestcounter\vendor\cakephp\cakephp\src\Controller\Controller.php, line 712
Cake\Controller\Controller->render() C:\Apache24\htdocs\chestcounter\vendor\cakephp\cakephp\src\Error\Renderer\WebExceptionRenderer.php, line 419
Cake\Error\Renderer\WebExceptionRenderer->_outputMessage() C:\Apache24\htdocs\chestcounter\vendor\cakephp\cakephp\src\Error\Renderer\WebExceptionRenderer.php, line 290
Cake\Error\Renderer\WebExceptionRenderer->render() C:\Apache24\htdocs\chestcounter\vendor\cakephp\cakephp\src\Error\Middleware\ErrorHandlerMiddleware.php, line 149
Cake\Error\Middleware\ErrorHandlerMiddleware->handleException() C:\Apache24\htdocs\chestcounter\vendor\cakephp\cakephp\src\Error\Middleware\ErrorHandlerMiddleware.php, line 119
Cake\Error\Middleware\ErrorHandlerMiddleware->process() C:\Apache24\htdocs\chestcounter\vendor\cakephp\cakephp\src\Http\Runner.php, line 82
Cake\Http\Runner->handle() C:\Apache24\htdocs\chestcounter\vendor\cakephp\cakephp\src\Http\Runner.php, line 60
Cake\Http\Runner->run() C:\Apache24\htdocs\chestcounter\vendor\cakephp\cakephp\src\Http\Server.php, line 104
Cake\Http\Server->run() C:\Apache24\htdocs\chestcounter\webroot\index.php, line 37
[main]

2025-11-16 23:12:24 warning: Undefined variable $baseClass
Request URL: /admin/bank
Referer URL: http://127.0.0.1/chestcounter/bank/statement
Client IP: 127.0.0.1
Trace:
Cake\Error\ErrorTrap->handleError() C:\Apache24\htdocs\chestcounter\vendor\cakephp\cakephp\templates\Error\missing_action.php, line 75
C:\Apache24\htdocs\chestcounter\vendor\cakephp\cakephp\src\View\View.php C:\Apache24\htdocs\chestcounter\vendor\cakephp\cakephp\src\View\View.php, line 1188
Cake\View\View->_evaluate() C:\Apache24\htdocs\chestcounter\vendor\cakephp\cakephp\src\View\View.php, line 1145
Cake\View\View->_render() C:\Apache24\htdocs\chestcounter\vendor\cakephp\cakephp\src\View\View.php, line 785
Cake\View\View->render() C:\Apache24\htdocs\chestcounter\vendor\cakephp\cakephp\src\Controller\Controller.php, line 712
Cake\Controller\Controller->render() C:\Apache24\htdocs\chestcounter\vendor\cakephp\cakephp\src\Error\Renderer\WebExceptionRenderer.php, line 419
Cake\Error\Renderer\WebExceptionRenderer->_outputMessage() C:\Apache24\htdocs\chestcounter\vendor\cakephp\cakephp\src\Error\Renderer\WebExceptionRenderer.php, line 290
Cake\Error\Renderer\WebExceptionRenderer->render() C:\Apache24\htdocs\chestcounter\vendor\cakephp\cakephp\src\Error\Middleware\ErrorHandlerMiddleware.php, line 149
Cake\Error\Middleware\ErrorHandlerMiddleware->handleException() C:\Apache24\htdocs\chestcounter\vendor\cakephp\cakephp\src\Error\Middleware\ErrorHandlerMiddleware.php, line 119
Cake\Error\Middleware\ErrorHandlerMiddleware->process() C:\Apache24\htdocs\chestcounter\vendor\cakephp\cakephp\src\Http\Runner.php, line 82
Cake\Http\Runner->handle() C:\Apache24\htdocs\chestcounter\vendor\cakephp\cakephp\src\Http\Runner.php, line 60
Cake\Http\Runner->run() C:\Apache24\htdocs\chestcounter\vendor\cakephp\cakephp\src\Http\Server.php, line 104
Cake\Http\Server->run() C:\Apache24\htdocs\chestcounter\webroot\index.php, line 37
[main]

2025-11-16 23:12:24 warning: Undefined variable $class
Request URL: /admin/bank
Referer URL: http://127.0.0.1/chestcounter/bank/statement
Client IP: 127.0.0.1
Trace:
Cake\Error\ErrorTrap->handleError() C:\Apache24\htdocs\chestcounter\vendor\cakephp\cakephp\templates\Error\missing_action.php, line 77
C:\Apache24\htdocs\chestcounter\vendor\cakephp\cakephp\src\View\View.php C:\Apache24\htdocs\chestcounter\vendor\cakephp\cakephp\src\View\View.php, line 1188
Cake\View\View->_evaluate() C:\Apache24\htdocs\chestcounter\vendor\cakephp\cakephp\src\View\View.php, line 1145
Cake\View\View->_render() C:\Apache24\htdocs\chestcounter\vendor\cakephp\cakephp\src\View\View.php, line 785
Cake\View\View->render() C:\Apache24\htdocs\chestcounter\vendor\cakephp\cakephp\src\Controller\Controller.php, line 712
Cake\Controller\Controller->render() C:\Apache24\htdocs\chestcounter\vendor\cakephp\cakephp\src\Error\Renderer\WebExceptionRenderer.php, line 419
Cake\Error\Renderer\WebExceptionRenderer->_outputMessage() C:\Apache24\htdocs\chestcounter\vendor\cakephp\cakephp\src\Error\Renderer\WebExceptionRenderer.php, line 290
Cake\Error\Renderer\WebExceptionRenderer->render() C:\Apache24\htdocs\chestcounter\vendor\cakephp\cakephp\src\Error\Middleware\ErrorHandlerMiddleware.php, line 149
Cake\Error\Middleware\ErrorHandlerMiddleware->handleException() C:\Apache24\htdocs\chestcounter\vendor\cakephp\cakephp\src\Error\Middleware\ErrorHandlerMiddleware.php, line 119
Cake\Error\Middleware\ErrorHandlerMiddleware->process() C:\Apache24\htdocs\chestcounter\vendor\cakephp\cakephp\src\Http\Runner.php, line 82
Cake\Http\Runner->handle() C:\Apache24\htdocs\chestcounter\vendor\cakephp\cakephp\src\Http\Runner.php, line 60
Cake\Http\Runner->run() C:\Apache24\htdocs\chestcounter\vendor\cakephp\cakephp\src\Http\Server.php, line 104
Cake\Http\Server->run() C:\Apache24\htdocs\chestcounter\webroot\index.php, line 37
[main]

2025-11-16 23:12:24 warning: Undefined variable $extends
Request URL: /admin/bank
Referer URL: http://127.0.0.1/chestcounter/bank/statement
Client IP: 127.0.0.1
Trace:
Cake\Error\ErrorTrap->handleError() C:\Apache24\htdocs\chestcounter\vendor\cakephp\cakephp\templates\Error\missing_action.php, line 77
C:\Apache24\htdocs\chestcounter\vendor\cakephp\cakephp\src\View\View.php C:\Apache24\htdocs\chestcounter\vendor\cakephp\cakephp\src\View\View.php, line 1188
Cake\View\View->_evaluate() C:\Apache24\htdocs\chestcounter\vendor\cakephp\cakephp\src\View\View.php, line 1145
Cake\View\View->_render() C:\Apache24\htdocs\chestcounter\vendor\cakephp\cakephp\src\View\View.php, line 785
Cake\View\View->render() C:\Apache24\htdocs\chestcounter\vendor\cakephp\cakephp\src\Controller\Controller.php, line 712
Cake\Controller\Controller->render() C:\Apache24\htdocs\chestcounter\vendor\cakephp\cakephp\src\Error\Renderer\WebExceptionRenderer.php, line 419
Cake\Error\Renderer\WebExceptionRenderer->_outputMessage() C:\Apache24\htdocs\chestcounter\vendor\cakephp\cakephp\src\Error\Renderer\WebExceptionRenderer.php, line 290
Cake\Error\Renderer\WebExceptionRenderer->render() C:\Apache24\htdocs\chestcounter\vendor\cakephp\cakephp\src\Error\Middleware\ErrorHandlerMiddleware.php, line 149
Cake\Error\Middleware\ErrorHandlerMiddleware->handleException() C:\Apache24\htdocs\chestcounter\vendor\cakephp\cakephp\src\Error\Middleware\ErrorHandlerMiddleware.php, line 119
Cake\Error\Middleware\ErrorHandlerMiddleware->process() C:\Apache24\htdocs\chestcounter\vendor\cakephp\cakephp\src\Http\Runner.php, line 82
Cake\Http\Runner->handle() C:\Apache24\htdocs\chestcounter\vendor\cakephp\cakephp\src\Http\Runner.php, line 60
Cake\Http\Runner->run() C:\Apache24\htdocs\chestcounter\vendor\cakephp\cakephp\src\Http\Server.php, line 104
Cake\Http\Server->run() C:\Apache24\htdocs\chestcounter\webroot\index.php, line 37
[main]

2025-11-16 23:12:24 warning: Undefined variable $action
Request URL: /admin/bank
Referer URL: http://127.0.0.1/chestcounter/bank/statement
Client IP: 127.0.0.1
Trace:
Cake\Error\ErrorTrap->handleError() C:\Apache24\htdocs\chestcounter\vendor\cakephp\cakephp\templates\Error\missing_action.php, line 80
C:\Apache24\htdocs\chestcounter\vendor\cakephp\cakephp\src\View\View.php C:\Apache24\htdocs\chestcounter\vendor\cakephp\cakephp\src\View\View.php, line 1188
Cake\View\View->_evaluate() C:\Apache24\htdocs\chestcounter\vendor\cakephp\cakephp\src\View\View.php, line 1145
Cake\View\View->_render() C:\Apache24\htdocs\chestcounter\vendor\cakephp\cakephp\src\View\View.php, line 785
Cake\View\View->render() C:\Apache24\htdocs\chestcounter\vendor\cakephp\cakephp\src\Controller\Controller.php, line 712
Cake\Controller\Controller->render() C:\Apache24\htdocs\chestcounter\vendor\cakephp\cakephp\src\Error\Renderer\WebExceptionRenderer.php, line 419
Cake\Error\Renderer\WebExceptionRenderer->_outputMessage() C:\Apache24\htdocs\chestcounter\vendor\cakephp\cakephp\src\Error\Renderer\WebExceptionRenderer.php, line 290
Cake\Error\Renderer\WebExceptionRenderer->render() C:\Apache24\htdocs\chestcounter\vendor\cakephp\cakephp\src\Error\Middleware\ErrorHandlerMiddleware.php, line 149
Cake\Error\Middleware\ErrorHandlerMiddleware->handleException() C:\Apache24\htdocs\chestcounter\vendor\cakephp\cakephp\src\Error\Middleware\ErrorHandlerMiddleware.php, line 119
Cake\Error\Middleware\ErrorHandlerMiddleware->process() C:\Apache24\htdocs\chestcounter\vendor\cakephp\cakephp\src\Http\Runner.php, line 82
Cake\Http\Runner->handle() C:\Apache24\htdocs\chestcounter\vendor\cakephp\cakephp\src\Http\Runner.php, line 60
Cake\Http\Runner->run() C:\Apache24\htdocs\chestcounter\vendor\cakephp\cakephp\src\Http\Server.php, line 104
Cake\Http\Server->run() C:\Apache24\htdocs\chestcounter\webroot\index.php, line 37
[main]

2025-11-16 23:12:29 warning: Unable to emit headers. Headers sent in file=C:\Apache24\htdocs\chestcounter\vendor\cakephp\cakephp\src\Error\Renderer\HtmlErrorRenderer.php line=37
Request URL: /
Client IP: 127.0.0.1
Trace:
Cake\Error\ErrorTrap->handleError() [internal], line ??
C:\Apache24\htdocs\chestcounter\vendor\cakephp\cakephp\src\Http\ResponseEmitter.php C:\Apache24\htdocs\chestcounter\vendor\cakephp\cakephp\src\Http\ResponseEmitter.php, line 65
Cake\Http\ResponseEmitter->emit() C:\Apache24\htdocs\chestcounter\vendor\cakephp\cakephp\src\Http\Server.php, line 148
Cake\Http\Server->emit() C:\Apache24\htdocs\chestcounter\webroot\index.php, line 37
[main]

2025-11-16 23:12:29 warning: Cannot modify header information - headers already sent by (output started at C:\Apache24\htdocs\chestcounter\vendor\cakephp\cakephp\src\Error\Renderer\HtmlErrorRenderer.php:37)
Request URL: /
Client IP: 127.0.0.1
Trace:
Cake\Error\ErrorTrap->handleError() [internal], line ??
C:\Apache24\htdocs\chestcounter\vendor\cakephp\cakephp\src\Http\ResponseEmitter.php C:\Apache24\htdocs\chestcounter\vendor\cakephp\cakephp\src\Http\ResponseEmitter.php, line 159
Cake\Http\ResponseEmitter->emitStatusLine() C:\Apache24\htdocs\chestcounter\vendor\cakephp\cakephp\src\Http\ResponseEmitter.php, line 68
Cake\Http\ResponseEmitter->emit() C:\Apache24\htdocs\chestcounter\vendor\cakephp\cakephp\src\Http\Server.php, line 148
Cake\Http\Server->emit() C:\Apache24\htdocs\chestcounter\webroot\index.php, line 37
[main]

2025-11-16 23:12:29 warning: Cannot modify header information - headers already sent by (output started at C:\Apache24\htdocs\chestcounter\vendor\cakephp\cakephp\src\Error\Renderer\HtmlErrorRenderer.php:37)
Request URL: /
Client IP: 127.0.0.1
Trace:
Cake\Error\ErrorTrap->handleError() [internal], line ??
C:\Apache24\htdocs\chestcounter\vendor\cakephp\cakephp\src\Http\ResponseEmitter.php C:\Apache24\htdocs\chestcounter\vendor\cakephp\cakephp\src\Http\ResponseEmitter.php, line 192
Cake\Http\ResponseEmitter->emitHeaders() C:\Apache24\htdocs\chestcounter\vendor\cakephp\cakephp\src\Http\ResponseEmitter.php, line 69
Cake\Http\ResponseEmitter->emit() C:\Apache24\htdocs\chestcounter\vendor\cakephp\cakephp\src\Http\Server.php, line 148
Cake\Http\Server->emit() C:\Apache24\htdocs\chestcounter\webroot\index.php, line 37
[main]

2025-11-16 23:12:43 error: [Cake\Http\Exception\ForbiddenException] Only administrators can access the banking approvals. in C:\Apache24\htdocs\chestcounter\src\Controller\BankController.php on line 619
Stack Trace:
- CORE\src\Controller\Controller.php:505
- CORE\src\Controller\ControllerFactory.php:166
- CORE\src\Controller\ControllerFactory.php:141
- CORE\src\Http\BaseApplication.php:362
- CORE\src\Http\Runner.php:86
- CORE\src\Http\Middleware\CsrfProtectionMiddleware.php:169
- CORE\src\Http\Runner.php:82
- ROOT\vendor\cakephp\authentication\src\Middleware\AuthenticationMiddleware.php:106
- CORE\src\Http\Runner.php:82
- CORE\src\Http\Middleware\BodyParserMiddleware.php:157
- CORE\src\Http\Runner.php:82
- CORE\src\Routing\Middleware\RoutingMiddleware.php:118
- CORE\src\Http\Runner.php:82
- CORE\src\Routing\Middleware\AssetMiddleware.php:69
- CORE\src\Http\Runner.php:82
- CORE\src\Error\Middleware\ErrorHandlerMiddleware.php:115
- CORE\src\Http\Runner.php:82
- CORE\src\Http\Runner.php:60
- CORE\src\Http\Server.php:104
- ROOT\webroot\index.php:37
- [main]:

Request URL: /bank/approvals
Client IP: 127.0.0.1
2025-11-16 23:46:09 warning: Unable to emit headers. Headers sent in file=C:\Apache24\htdocs\chestcounter\vendor\cakephp\cakephp\src\Error\Renderer\HtmlErrorRenderer.php line=37
Request URL: /score
Referer URL: http://127.0.0.1/chestcounter/users/edit/7
Client IP: 127.0.0.1
Trace:
Cake\Error\ErrorTrap->handleError() [internal], line ??
C:\Apache24\htdocs\chestcounter\vendor\cakephp\cakephp\src\Http\ResponseEmitter.php C:\Apache24\htdocs\chestcounter\vendor\cakephp\cakephp\src\Http\ResponseEmitter.php, line 65
Cake\Http\ResponseEmitter->emit() C:\Apache24\htdocs\chestcounter\vendor\cakephp\cakephp\src\Http\Server.php, line 148
Cake\Http\Server->emit() C:\Apache24\htdocs\chestcounter\webroot\index.php, line 37
[main]

2025-11-16 23:46:09 warning: Cannot modify header information - headers already sent by (output started at C:\Apache24\htdocs\chestcounter\vendor\cakephp\cakephp\src\Error\Renderer\HtmlErrorRenderer.php:37)
Request URL: /score
Referer URL: http://127.0.0.1/chestcounter/users/edit/7
Client IP: 127.0.0.1
Trace:
Cake\Error\ErrorTrap->handleError() [internal], line ??
C:\Apache24\htdocs\chestcounter\vendor\cakephp\cakephp\src\Http\ResponseEmitter.php C:\Apache24\htdocs\chestcounter\vendor\cakephp\cakephp\src\Http\ResponseEmitter.php, line 159
Cake\Http\ResponseEmitter->emitStatusLine() C:\Apache24\htdocs\chestcounter\vendor\cakephp\cakephp\src\Http\ResponseEmitter.php, line 68
Cake\Http\ResponseEmitter->emit() C:\Apache24\htdocs\chestcounter\vendor\cakephp\cakephp\src\Http\Server.php, line 148
Cake\Http\Server->emit() C:\Apache24\htdocs\chestcounter\webroot\index.php, line 37
[main]

2025-11-16 23:46:09 warning: Cannot modify header information - headers already sent by (output started at C:\Apache24\htdocs\chestcounter\vendor\cakephp\cakephp\src\Error\Renderer\HtmlErrorRenderer.php:37)
Request URL: /score
Referer URL: http://127.0.0.1/chestcounter/users/edit/7
Client IP: 127.0.0.1
Trace:
Cake\Error\ErrorTrap->handleError() [internal], line ??
C:\Apache24\htdocs\chestcounter\vendor\cakephp\cakephp\src\Http\ResponseEmitter.php C:\Apache24\htdocs\chestcounter\vendor\cakephp\cakephp\src\Http\ResponseEmitter.php, line 192
Cake\Http\ResponseEmitter->emitHeaders() C:\Apache24\htdocs\chestcounter\vendor\cakephp\cakephp\src\Http\ResponseEmitter.php, line 69
Cake\Http\ResponseEmitter->emit() C:\Apache24\htdocs\chestcounter\vendor\cakephp\cakephp\src\Http\Server.php, line 148
Cake\Http\Server->emit() C:\Apache24\htdocs\chestcounter\webroot\index.php, line 37
[main]

2025-11-16 23:46:34 warning: Unable to emit headers. Headers sent in file=C:\Apache24\htdocs\chestcounter\vendor\cakephp\cakephp\src\Error\Renderer\HtmlErrorRenderer.php line=37
Request URL: /history
Referer URL: http://127.0.0.1/chestcounter/standard-chests/weights
Client IP: 127.0.0.1
Trace:
Cake\Error\ErrorTrap->handleError() [internal], line ??
C:\Apache24\htdocs\chestcounter\vendor\cakephp\cakephp\src\Http\ResponseEmitter.php C:\Apache24\htdocs\chestcounter\vendor\cakephp\cakephp\src\Http\ResponseEmitter.php, line 65
Cake\Http\ResponseEmitter->emit() C:\Apache24\htdocs\chestcounter\vendor\cakephp\cakephp\src\Http\Server.php, line 148
Cake\Http\Server->emit() C:\Apache24\htdocs\chestcounter\webroot\index.php, line 37
[main]

2025-11-16 23:46:34 warning: Cannot modify header information - headers already sent by (output started at C:\Apache24\htdocs\chestcounter\vendor\cakephp\cakephp\src\Error\Renderer\HtmlErrorRenderer.php:37)
Request URL: /history
Referer URL: http://127.0.0.1/chestcounter/standard-chests/weights
Client IP: 127.0.0.1
Trace:
Cake\Error\ErrorTrap->handleError() [internal], line ??
C:\Apache24\htdocs\chestcounter\vendor\cakephp\cakephp\src\Http\ResponseEmitter.php C:\Apache24\htdocs\chestcounter\vendor\cakephp\cakephp\src\Http\ResponseEmitter.php, line 159
Cake\Http\ResponseEmitter->emitStatusLine() C:\Apache24\htdocs\chestcounter\vendor\cakephp\cakephp\src\Http\ResponseEmitter.php, line 68
Cake\Http\ResponseEmitter->emit() C:\Apache24\htdocs\chestcounter\vendor\cakephp\cakephp\src\Http\Server.php, line 148
Cake\Http\Server->emit() C:\Apache24\htdocs\chestcounter\webroot\index.php, line 37
[main]

2025-11-16 23:46:34 warning: Cannot modify header information - headers already sent by (output started at C:\Apache24\htdocs\chestcounter\vendor\cakephp\cakephp\src\Error\Renderer\HtmlErrorRenderer.php:37)
Request URL: /history
Referer URL: http://127.0.0.1/chestcounter/standard-chests/weights
Client IP: 127.0.0.1
Trace:
Cake\Error\ErrorTrap->handleError() [internal], line ??
C:\Apache24\htdocs\chestcounter\vendor\cakephp\cakephp\src\Http\ResponseEmitter.php C:\Apache24\htdocs\chestcounter\vendor\cakephp\cakephp\src\Http\ResponseEmitter.php, line 192
Cake\Http\ResponseEmitter->emitHeaders() C:\Apache24\htdocs\chestcounter\vendor\cakephp\cakephp\src\Http\ResponseEmitter.php, line 69
Cake\Http\ResponseEmitter->emit() C:\Apache24\htdocs\chestcounter\vendor\cakephp\cakephp\src\Http\Server.php, line 148
Cake\Http\Server->emit() C:\Apache24\htdocs\chestcounter\webroot\index.php, line 37
[main]

2025-11-16 23:49:18 warning: Unable to emit headers. Headers sent in file=C:\Apache24\htdocs\chestcounter\vendor\cakephp\cakephp\src\Error\Renderer\HtmlErrorRenderer.php line=37
Request URL: /score
Referer URL: http://127.0.0.1/chestcounter/history
Client IP: 127.0.0.1
Trace:
Cake\Error\ErrorTrap->handleError() [internal], line ??
C:\Apache24\htdocs\chestcounter\vendor\cakephp\cakephp\src\Http\ResponseEmitter.php C:\Apache24\htdocs\chestcounter\vendor\cakephp\cakephp\src\Http\ResponseEmitter.php, line 65
Cake\Http\ResponseEmitter->emit() C:\Apache24\htdocs\chestcounter\vendor\cakephp\cakephp\src\Http\Server.php, line 148
Cake\Http\Server->emit() C:\Apache24\htdocs\chestcounter\webroot\index.php, line 37
[main]

2025-11-16 23:49:18 warning: Cannot modify header information - headers already sent by (output started at C:\Apache24\htdocs\chestcounter\vendor\cakephp\cakephp\src\Error\Renderer\HtmlErrorRenderer.php:37)
Request URL: /score
Referer URL: http://127.0.0.1/chestcounter/history
Client IP: 127.0.0.1
Trace:
Cake\Error\ErrorTrap->handleError() [internal], line ??
C:\Apache24\htdocs\chestcounter\vendor\cakephp\cakephp\src\Http\ResponseEmitter.php C:\Apache24\htdocs\chestcounter\vendor\cakephp\cakephp\src\Http\ResponseEmitter.php, line 159
Cake\Http\ResponseEmitter->emitStatusLine() C:\Apache24\htdocs\chestcounter\vendor\cakephp\cakephp\src\Http\ResponseEmitter.php, line 68
Cake\Http\ResponseEmitter->emit() C:\Apache24\htdocs\chestcounter\vendor\cakephp\cakephp\src\Http\Server.php, line 148
Cake\Http\Server->emit() C:\Apache24\htdocs\chestcounter\webroot\index.php, line 37
[main]

2025-11-16 23:49:18 warning: Cannot modify header information - headers already sent by (output started at C:\Apache24\htdocs\chestcounter\vendor\cakephp\cakephp\src\Error\Renderer\HtmlErrorRenderer.php:37)
Request URL: /score
Referer URL: http://127.0.0.1/chestcounter/history
Client IP: 127.0.0.1
Trace:
Cake\Error\ErrorTrap->handleError() [internal], line ??
C:\Apache24\htdocs\chestcounter\vendor\cakephp\cakephp\src\Http\ResponseEmitter.php C:\Apache24\htdocs\chestcounter\vendor\cakephp\cakephp\src\Http\ResponseEmitter.php, line 192
Cake\Http\ResponseEmitter->emitHeaders() C:\Apache24\htdocs\chestcounter\vendor\cakephp\cakephp\src\Http\ResponseEmitter.php, line 69
Cake\Http\ResponseEmitter->emit() C:\Apache24\htdocs\chestcounter\vendor\cakephp\cakephp\src\Http\Server.php, line 148
Cake\Http\Server->emit() C:\Apache24\htdocs\chestcounter\webroot\index.php, line 37
[main]

2025-11-17 00:02:16 error: [Cake\Http\Exception\ForbiddenException] Only administrators can access this page. in C:\Apache24\htdocs\chestcounter\src\Controller\AppController.php on line 176
Stack Trace:
- APP/Controller\UsersController.php:57
- CORE\src\Controller\Controller.php:505
- CORE\src\Controller\ControllerFactory.php:166
- CORE\src\Controller\ControllerFactory.php:141
- CORE\src\Http\BaseApplication.php:362
- CORE\src\Http\Runner.php:86
- CORE\src\Http\Middleware\CsrfProtectionMiddleware.php:169
- CORE\src\Http\Runner.php:82
- ROOT\vendor\cakephp\authentication\src\Middleware\AuthenticationMiddleware.php:106
- CORE\src\Http\Runner.php:82
- CORE\src\Http\Middleware\BodyParserMiddleware.php:157
- CORE\src\Http\Runner.php:82
- CORE\src\Routing\Middleware\RoutingMiddleware.php:118
- CORE\src\Http\Runner.php:82
- CORE\src\Routing\Middleware\AssetMiddleware.php:69
- CORE\src\Http\Runner.php:82
- CORE\src\Error\Middleware\ErrorHandlerMiddleware.php:115
- CORE\src\Http\Runner.php:82
- CORE\src\Http\Runner.php:60
- CORE\src\Http\Server.php:104
- ROOT\webroot\index.php:37
- [main]:

Request URL: /users/add
Client IP: 127.0.0.1
2025-11-17 00:02:26 warning: Unable to emit headers. Headers sent in file=C:\Apache24\htdocs\chestcounter\vendor\cakephp\cakephp\src\Error\Renderer\HtmlErrorRenderer.php line=37
Request URL: /score
Referer URL: http://127.0.0.1/chestcounter/bank/statement?member_id=1
Client IP: 127.0.0.1
Trace:
Cake\Error\ErrorTrap->handleError() [internal], line ??
C:\Apache24\htdocs\chestcounter\vendor\cakephp\cakephp\src\Http\ResponseEmitter.php C:\Apache24\htdocs\chestcounter\vendor\cakephp\cakephp\src\Http\ResponseEmitter.php, line 65
Cake\Http\ResponseEmitter->emit() C:\Apache24\htdocs\chestcounter\vendor\cakephp\cakephp\src\Http\Server.php, line 148
Cake\Http\Server->emit() C:\Apache24\htdocs\chestcounter\webroot\index.php, line 37
[main]

2025-11-17 00:02:26 warning: Cannot modify header information - headers already sent by (output started at C:\Apache24\htdocs\chestcounter\vendor\cakephp\cakephp\src\Error\Renderer\HtmlErrorRenderer.php:37)
Request URL: /score
Referer URL: http://127.0.0.1/chestcounter/bank/statement?member_id=1
Client IP: 127.0.0.1
Trace:
Cake\Error\ErrorTrap->handleError() [internal], line ??
C:\Apache24\htdocs\chestcounter\vendor\cakephp\cakephp\src\Http\ResponseEmitter.php C:\Apache24\htdocs\chestcounter\vendor\cakephp\cakephp\src\Http\ResponseEmitter.php, line 159
Cake\Http\ResponseEmitter->emitStatusLine() C:\Apache24\htdocs\chestcounter\vendor\cakephp\cakephp\src\Http\ResponseEmitter.php, line 68
Cake\Http\ResponseEmitter->emit() C:\Apache24\htdocs\chestcounter\vendor\cakephp\cakephp\src\Http\Server.php, line 148
Cake\Http\Server->emit() C:\Apache24\htdocs\chestcounter\webroot\index.php, line 37
[main]

2025-11-17 00:02:26 warning: Cannot modify header information - headers already sent by (output started at C:\Apache24\htdocs\chestcounter\vendor\cakephp\cakephp\src\Error\Renderer\HtmlErrorRenderer.php:37)
Request URL: /score
Referer URL: http://127.0.0.1/chestcounter/bank/statement?member_id=1
Client IP: 127.0.0.1
Trace:
Cake\Error\ErrorTrap->handleError() [internal], line ??
C:\Apache24\htdocs\chestcounter\vendor\cakephp\cakephp\src\Http\ResponseEmitter.php C:\Apache24\htdocs\chestcounter\vendor\cakephp\cakephp\src\Http\ResponseEmitter.php, line 192
Cake\Http\ResponseEmitter->emitHeaders() C:\Apache24\htdocs\chestcounter\vendor\cakephp\cakephp\src\Http\ResponseEmitter.php, line 69
Cake\Http\ResponseEmitter->emit() C:\Apache24\htdocs\chestcounter\vendor\cakephp\cakephp\src\Http\Server.php, line 148
Cake\Http\Server->emit() C:\Apache24\htdocs\chestcounter\webroot\index.php, line 37
[main]

2025-11-17 00:02:33 warning: Unable to emit headers. Headers sent in file=C:\Apache24\htdocs\chestcounter\vendor\cakephp\cakephp\src\Error\Renderer\HtmlErrorRenderer.php line=37
Request URL: /history
Referer URL: http://127.0.0.1/chestcounter/bank/statement?member_id=1
Client IP: 127.0.0.1
Trace:
Cake\Error\ErrorTrap->handleError() [internal], line ??
C:\Apache24\htdocs\chestcounter\vendor\cakephp\cakephp\src\Http\ResponseEmitter.php C:\Apache24\htdocs\chestcounter\vendor\cakephp\cakephp\src\Http\ResponseEmitter.php, line 65
Cake\Http\ResponseEmitter->emit() C:\Apache24\htdocs\chestcounter\vendor\cakephp\cakephp\src\Http\Server.php, line 148
Cake\Http\Server->emit() C:\Apache24\htdocs\chestcounter\webroot\index.php, line 37
[main]

2025-11-17 00:02:33 warning: Cannot modify header information - headers already sent by (output started at C:\Apache24\htdocs\chestcounter\vendor\cakephp\cakephp\src\Error\Renderer\HtmlErrorRenderer.php:37)
Request URL: /history
Referer URL: http://127.0.0.1/chestcounter/bank/statement?member_id=1
Client IP: 127.0.0.1
Trace:
Cake\Error\ErrorTrap->handleError() [internal], line ??
C:\Apache24\htdocs\chestcounter\vendor\cakephp\cakephp\src\Http\ResponseEmitter.php C:\Apache24\htdocs\chestcounter\vendor\cakephp\cakephp\src\Http\ResponseEmitter.php, line 159
Cake\Http\ResponseEmitter->emitStatusLine() C:\Apache24\htdocs\chestcounter\vendor\cakephp\cakephp\src\Http\ResponseEmitter.php, line 68
Cake\Http\ResponseEmitter->emit() C:\Apache24\htdocs\chestcounter\vendor\cakephp\cakephp\src\Http\Server.php, line 148
Cake\Http\Server->emit() C:\Apache24\htdocs\chestcounter\webroot\index.php, line 37
[main]

2025-11-17 00:02:33 warning: Cannot modify header information - headers already sent by (output started at C:\Apache24\htdocs\chestcounter\vendor\cakephp\cakephp\src\Error\Renderer\HtmlErrorRenderer.php:37)
Request URL: /history
Referer URL: http://127.0.0.1/chestcounter/bank/statement?member_id=1
Client IP: 127.0.0.1
Trace:
Cake\Error\ErrorTrap->handleError() [internal], line ??
C:\Apache24\htdocs\chestcounter\vendor\cakephp\cakephp\src\Http\ResponseEmitter.php C:\Apache24\htdocs\chestcounter\vendor\cakephp\cakephp\src\Http\ResponseEmitter.php, line 192
Cake\Http\ResponseEmitter->emitHeaders() C:\Apache24\htdocs\chestcounter\vendor\cakephp\cakephp\src\Http\ResponseEmitter.php, line 69
Cake\Http\ResponseEmitter->emit() C:\Apache24\htdocs\chestcounter\vendor\cakephp\cakephp\src\Http\Server.php, line 148
Cake\Http\Server->emit() C:\Apache24\htdocs\chestcounter\webroot\index.php, line 37
[main]

2025-11-17 00:03:15 error: [Cake\Http\Exception\ForbiddenException] Only administrators can access the banking approvals. in C:\Apache24\htdocs\chestcounter\src\Controller\BankController.php on line 619
Stack Trace:
- CORE\src\Controller\Controller.php:505
- CORE\src\Controller\ControllerFactory.php:166
- CORE\src\Controller\ControllerFactory.php:141
- CORE\src\Http\BaseApplication.php:362
- CORE\src\Http\Runner.php:86
- CORE\src\Http\Middleware\CsrfProtectionMiddleware.php:169
- CORE\src\Http\Runner.php:82
- ROOT\vendor\cakephp\authentication\src\Middleware\AuthenticationMiddleware.php:106
- CORE\src\Http\Runner.php:82
- CORE\src\Http\Middleware\BodyParserMiddleware.php:157
- CORE\src\Http\Runner.php:82
- CORE\src\Routing\Middleware\RoutingMiddleware.php:118
- CORE\src\Http\Runner.php:82
- CORE\src\Routing\Middleware\AssetMiddleware.php:69
- CORE\src\Http\Runner.php:82
- CORE\src\Error\Middleware\ErrorHandlerMiddleware.php:115
- CORE\src\Http\Runner.php:82
- CORE\src\Http\Runner.php:60
- CORE\src\Http\Server.php:104
- ROOT\webroot\index.php:37
- [main]:

Request URL: /bank/approvals
Client IP: 127.0.0.1
2025-11-17 00:03:35 error: [Cake\Http\Exception\ForbiddenException] Only administrators can access this page. in C:\Apache24\htdocs\chestcounter\src\Controller\AppController.php on line 176
Stack Trace:
- APP/Controller\UsersController.php:29
- CORE\src\Controller\Controller.php:505
- CORE\src\Controller\ControllerFactory.php:166
- CORE\src\Controller\ControllerFactory.php:141
- CORE\src\Http\BaseApplication.php:362
- CORE\src\Http\Runner.php:86
- CORE\src\Http\Middleware\CsrfProtectionMiddleware.php:169
- CORE\src\Http\Runner.php:82
- ROOT\vendor\cakephp\authentication\src\Middleware\AuthenticationMiddleware.php:106
- CORE\src\Http\Runner.php:82
- CORE\src\Http\Middleware\BodyParserMiddleware.php:157
- CORE\src\Http\Runner.php:82
- CORE\src\Routing\Middleware\RoutingMiddleware.php:118
- CORE\src\Http\Runner.php:82
- CORE\src\Routing\Middleware\AssetMiddleware.php:69
- CORE\src\Http\Runner.php:82
- CORE\src\Error\Middleware\ErrorHandlerMiddleware.php:115
- CORE\src\Http\Runner.php:82
- CORE\src\Http\Runner.php:60
- CORE\src\Http\Server.php:104
- ROOT\webroot\index.php:37
- [main]:

Request URL: /users
Client IP: 127.0.0.1
2025-11-17 00:03:40 error: [Cake\Http\Exception\ForbiddenException] Only administrators can access this page. in C:\Apache24\htdocs\chestcounter\src\Controller\AppController.php on line 176
Stack Trace:
- APP/Controller\UsersController.php:109
- CORE\src\Controller\Controller.php:505
- CORE\src\Controller\ControllerFactory.php:166
- CORE\src\Controller\ControllerFactory.php:141
- CORE\src\Http\BaseApplication.php:362
- CORE\src\Http\Runner.php:86
- CORE\src\Http\Middleware\CsrfProtectionMiddleware.php:169
- CORE\src\Http\Runner.php:82
- ROOT\vendor\cakephp\authentication\src\Middleware\AuthenticationMiddleware.php:106
- CORE\src\Http\Runner.php:82
- CORE\src\Http\Middleware\BodyParserMiddleware.php:157
- CORE\src\Http\Runner.php:82
- CORE\src\Routing\Middleware\RoutingMiddleware.php:118
- CORE\src\Http\Runner.php:82
- CORE\src\Routing\Middleware\AssetMiddleware.php:69
- CORE\src\Http\Runner.php:82
- CORE\src\Error\Middleware\ErrorHandlerMiddleware.php:115
- CORE\src\Http\Runner.php:82
- CORE\src\Http\Runner.php:60
- CORE\src\Http\Server.php:104
- ROOT\webroot\index.php:37
- [main]:

Request URL: /users/edit/3
Client IP: 127.0.0.1
2025-11-17 00:03:50 error: [Cake\Http\Exception\ForbiddenException] Only administrators can access this page. in C:\Apache24\htdocs\chestcounter\src\Controller\AppController.php on line 176
Stack Trace:
- APP/Controller\PlayerNameMappingsController.php:32
- CORE\src\Controller\Controller.php:505
- CORE\src\Controller\ControllerFactory.php:166
- CORE\src\Controller\ControllerFactory.php:141
- CORE\src\Http\BaseApplication.php:362
- CORE\src\Http\Runner.php:86
- CORE\src\Http\Middleware\CsrfProtectionMiddleware.php:169
- CORE\src\Http\Runner.php:82
- ROOT\vendor\cakephp\authentication\src\Middleware\AuthenticationMiddleware.php:106
- CORE\src\Http\Runner.php:82
- CORE\src\Http\Middleware\BodyParserMiddleware.php:157
- CORE\src\Http\Runner.php:82
- CORE\src\Routing\Middleware\RoutingMiddleware.php:118
- CORE\src\Http\Runner.php:82
- CORE\src\Routing\Middleware\AssetMiddleware.php:69
- CORE\src\Http\Runner.php:82
- CORE\src\Error\Middleware\ErrorHandlerMiddleware.php:115
- CORE\src\Http\Runner.php:82
- CORE\src\Http\Runner.php:60
- CORE\src\Http\Server.php:104
- ROOT\webroot\index.php:37
- [main]:

Request URL: /player-name-mappings
Client IP: 127.0.0.1
2025-11-17 00:05:40 warning: Unable to emit headers. Headers sent in file=C:\Apache24\htdocs\chestcounter\vendor\cakephp\cakephp\src\Error\Renderer\HtmlErrorRenderer.php line=37
Request URL: /score
Referer URL: http://127.0.0.1/chestcounter/members
Client IP: 127.0.0.1
Trace:
Cake\Error\ErrorTrap->handleError() [internal], line ??
C:\Apache24\htdocs\chestcounter\vendor\cakephp\cakephp\src\Http\ResponseEmitter.php C:\Apache24\htdocs\chestcounter\vendor\cakephp\cakephp\src\Http\ResponseEmitter.php, line 65
Cake\Http\ResponseEmitter->emit() C:\Apache24\htdocs\chestcounter\vendor\cakephp\cakephp\src\Http\Server.php, line 148
Cake\Http\Server->emit() C:\Apache24\htdocs\chestcounter\webroot\index.php, line 37
[main]

2025-11-17 00:05:40 warning: Cannot modify header information - headers already sent by (output started at C:\Apache24\htdocs\chestcounter\vendor\cakephp\cakephp\src\Error\Renderer\HtmlErrorRenderer.php:37)
Request URL: /score
Referer URL: http://127.0.0.1/chestcounter/members
Client IP: 127.0.0.1
Trace:
Cake\Error\ErrorTrap->handleError() [internal], line ??
C:\Apache24\htdocs\chestcounter\vendor\cakephp\cakephp\src\Http\ResponseEmitter.php C:\Apache24\htdocs\chestcounter\vendor\cakephp\cakephp\src\Http\ResponseEmitter.php, line 159
Cake\Http\ResponseEmitter->emitStatusLine() C:\Apache24\htdocs\chestcounter\vendor\cakephp\cakephp\src\Http\ResponseEmitter.php, line 68
Cake\Http\ResponseEmitter->emit() C:\Apache24\htdocs\chestcounter\vendor\cakephp\cakephp\src\Http\Server.php, line 148
Cake\Http\Server->emit() C:\Apache24\htdocs\chestcounter\webroot\index.php, line 37
[main]

2025-11-17 00:05:40 warning: Cannot modify header information - headers already sent by (output started at C:\Apache24\htdocs\chestcounter\vendor\cakephp\cakephp\src\Error\Renderer\HtmlErrorRenderer.php:37)
Request URL: /score
Referer URL: http://127.0.0.1/chestcounter/members
Client IP: 127.0.0.1
Trace:
Cake\Error\ErrorTrap->handleError() [internal], line ??
C:\Apache24\htdocs\chestcounter\vendor\cakephp\cakephp\src\Http\ResponseEmitter.php C:\Apache24\htdocs\chestcounter\vendor\cakephp\cakephp\src\Http\ResponseEmitter.php, line 192
Cake\Http\ResponseEmitter->emitHeaders() C:\Apache24\htdocs\chestcounter\vendor\cakephp\cakephp\src\Http\ResponseEmitter.php, line 69
Cake\Http\ResponseEmitter->emit() C:\Apache24\htdocs\chestcounter\vendor\cakephp\cakephp\src\Http\Server.php, line 148
Cake\Http\Server->emit() C:\Apache24\htdocs\chestcounter\webroot\index.php, line 37
[main]

2025-11-17 00:05:47 warning: Unable to emit headers. Headers sent in file=C:\Apache24\htdocs\chestcounter\vendor\cakephp\cakephp\src\Error\Renderer\HtmlErrorRenderer.php line=37
Request URL: /score
Referer URL: http://127.0.0.1/chestcounter/members
Client IP: 127.0.0.1
Trace:
Cake\Error\ErrorTrap->handleError() [internal], line ??
C:\Apache24\htdocs\chestcounter\vendor\cakephp\cakephp\src\Http\ResponseEmitter.php C:\Apache24\htdocs\chestcounter\vendor\cakephp\cakephp\src\Http\ResponseEmitter.php, line 65
Cake\Http\ResponseEmitter->emit() C:\Apache24\htdocs\chestcounter\vendor\cakephp\cakephp\src\Http\Server.php, line 148
Cake\Http\Server->emit() C:\Apache24\htdocs\chestcounter\webroot\index.php, line 37
[main]

2025-11-17 00:05:47 warning: Cannot modify header information - headers already sent by (output started at C:\Apache24\htdocs\chestcounter\vendor\cakephp\cakephp\src\Error\Renderer\HtmlErrorRenderer.php:37)
Request URL: /score
Referer URL: http://127.0.0.1/chestcounter/members
Client IP: 127.0.0.1
Trace:
Cake\Error\ErrorTrap->handleError() [internal], line ??
C:\Apache24\htdocs\chestcounter\vendor\cakephp\cakephp\src\Http\ResponseEmitter.php C:\Apache24\htdocs\chestcounter\vendor\cakephp\cakephp\src\Http\ResponseEmitter.php, line 159
Cake\Http\ResponseEmitter->emitStatusLine() C:\Apache24\htdocs\chestcounter\vendor\cakephp\cakephp\src\Http\ResponseEmitter.php, line 68
Cake\Http\ResponseEmitter->emit() C:\Apache24\htdocs\chestcounter\vendor\cakephp\cakephp\src\Http\Server.php, line 148
Cake\Http\Server->emit() C:\Apache24\htdocs\chestcounter\webroot\index.php, line 37
[main]

2025-11-17 00:05:47 warning: Cannot modify header information - headers already sent by (output started at C:\Apache24\htdocs\chestcounter\vendor\cakephp\cakephp\src\Error\Renderer\HtmlErrorRenderer.php:37)
Request URL: /score
Referer URL: http://127.0.0.1/chestcounter/members
Client IP: 127.0.0.1
Trace:
Cake\Error\ErrorTrap->handleError() [internal], line ??
C:\Apache24\htdocs\chestcounter\vendor\cakephp\cakephp\src\Http\ResponseEmitter.php C:\Apache24\htdocs\chestcounter\vendor\cakephp\cakephp\src\Http\ResponseEmitter.php, line 192
Cake\Http\ResponseEmitter->emitHeaders() C:\Apache24\htdocs\chestcounter\vendor\cakephp\cakephp\src\Http\ResponseEmitter.php, line 69
Cake\Http\ResponseEmitter->emit() C:\Apache24\htdocs\chestcounter\vendor\cakephp\cakephp\src\Http\Server.php, line 148
Cake\Http\Server->emit() C:\Apache24\htdocs\chestcounter\webroot\index.php, line 37
[main]

2025-11-17 00:06:07 error: [Cake\Http\Exception\ForbiddenException] Only administrators can access this page. in C:\Apache24\htdocs\chestcounter\src\Controller\AppController.php on line 176
Stack Trace:
- APP/Controller\CollectedChestsController.php:281
- CORE\src\Controller\Controller.php:505
- CORE\src\Controller\ControllerFactory.php:166
- CORE\src\Controller\ControllerFactory.php:141
- CORE\src\Http\BaseApplication.php:362
- CORE\src\Http\Runner.php:86
- CORE\src\Http\Middleware\CsrfProtectionMiddleware.php:169
- CORE\src\Http\Runner.php:82
- ROOT\vendor\cakephp\authentication\src\Middleware\AuthenticationMiddleware.php:106
- CORE\src\Http\Runner.php:82
- CORE\src\Http\Middleware\BodyParserMiddleware.php:157
- CORE\src\Http\Runner.php:82
- CORE\src\Routing\Middleware\RoutingMiddleware.php:118
- CORE\src\Http\Runner.php:82
- CORE\src\Routing\Middleware\AssetMiddleware.php:69
- CORE\src\Http\Runner.php:82
- CORE\src\Error\Middleware\ErrorHandlerMiddleware.php:115
- CORE\src\Http\Runner.php:82
- CORE\src\Http\Runner.php:60
- CORE\src\Http\Server.php:104
- ROOT\webroot\index.php:37
- [main]:

Request URL: /collected-chests/merge-players
Client IP: 127.0.0.1
2025-11-17 00:06:29 error: [Cake\Http\Exception\ForbiddenException] Only administrators can access this page. in C:\Apache24\htdocs\chestcounter\src\Controller\AppController.php on line 176
Stack Trace:
- APP/Controller\ConfigController.php:20
- CORE\src\Controller\Controller.php:505
- CORE\src\Controller\ControllerFactory.php:166
- CORE\src\Controller\ControllerFactory.php:141
- CORE\src\Http\BaseApplication.php:362
- CORE\src\Http\Runner.php:86
- CORE\src\Http\Middleware\CsrfProtectionMiddleware.php:169
- CORE\src\Http\Runner.php:82
- ROOT\vendor\cakephp\authentication\src\Middleware\AuthenticationMiddleware.php:106
- CORE\src\Http\Runner.php:82
- CORE\src\Http\Middleware\BodyParserMiddleware.php:157
- CORE\src\Http\Runner.php:82
- CORE\src\Routing\Middleware\RoutingMiddleware.php:118
- CORE\src\Http\Runner.php:82
- CORE\src\Routing\Middleware\AssetMiddleware.php:69
- CORE\src\Http\Runner.php:82
- CORE\src\Error\Middleware\ErrorHandlerMiddleware.php:115
- CORE\src\Http\Runner.php:82
- CORE\src\Http\Runner.php:60
- CORE\src\Http\Server.php:104
- ROOT\webroot\index.php:37
- [main]:

Request URL: /config/
Client IP: 127.0.0.1
2025-11-17 01:02:57 error: [ParseError] syntax error, unexpected token "use", expecting "elseif" or "else" or "endif" in C:\Apache24\htdocs\chestcounter\templates\plugin\CakeLte\element\header\rightmenu.php on line 62
Stack Trace:
- CORE\src\View\View.php:1145
- CORE\src\View\View.php:1690
- CORE\src\View\View.php:676
- ROOT\templates\layout\CakeLte\layout\default.php:56
- CORE\src\View\View.php:1188
- CORE\src\View\View.php:1145
- CORE\src\View\View.php:837
- CORE\src\View\View.php:796
- CORE\src\Controller\Controller.php:712
- CORE\src\Controller\Controller.php:516
- CORE\src\Controller\ControllerFactory.php:166
- CORE\src\Controller\ControllerFactory.php:141
- CORE\src\Http\BaseApplication.php:362
- CORE\src\Http\Runner.php:86
- CORE\src\Http\Middleware\CsrfProtectionMiddleware.php:169
- CORE\src\Http\Runner.php:82
- ROOT\vendor\cakephp\authentication\src\Middleware\AuthenticationMiddleware.php:106
- CORE\src\Http\Runner.php:82
- CORE\src\Http\Middleware\BodyParserMiddleware.php:157
- CORE\src\Http\Runner.php:82
- CORE\src\Routing\Middleware\RoutingMiddleware.php:118
- CORE\src\Http\Runner.php:82
- CORE\src\Routing\Middleware\AssetMiddleware.php:69
- CORE\src\Http\Runner.php:82
- CORE\src\Error\Middleware\ErrorHandlerMiddleware.php:115
- CORE\src\Http\Runner.php:82
- CORE\src\Http\Runner.php:60
- CORE\src\Http\Server.php:104
- ROOT\webroot\index.php:37
- [main]:

Request URL: /config/
Referer URL: http://127.0.0.1/chestcounter/config/add
Client IP: 127.0.0.1
